"Relative Time (Process)","slope: 2 - _step","slope: 2 - _step__MIN","slope: 2 - _step__MAX","slope: 2 - test/returns_stat/mean","slope: 2 - test/returns_stat/mean__MIN","slope: 2 - test/returns_stat/mean__MAX","slope: 50 - _step","slope: 50 - _step__MIN","slope: 50 - _step__MAX","slope: 50 - test/returns_stat/mean","slope: 50 - test/returns_stat/mean__MIN","slope: 50 - test/returns_stat/mean__MAX","slope: 1 - _step","slope: 1 - _step__MIN","slope: 1 - _step__MAX","slope: 1 - test/returns_stat/mean","slope: 1 - test/returns_stat/mean__MIN","slope: 1 - test/returns_stat/mean__MAX","slope: 100 - _step","slope: 100 - _step__MIN","slope: 100 - _step__MAX","slope: 100 - test/returns_stat/mean","slope: 100 - test/returns_stat/mean__MIN","slope: 100 - test/returns_stat/mean__MAX","slope: 10 - _step","slope: 10 - _step__MIN","slope: 10 - _step__MAX","slope: 10 - test/returns_stat/mean","slope: 10 - test/returns_stat/mean__MIN","slope: 10 - test/returns_stat/mean__MAX"
"5.786645174026489","1","1","1","36.37081527709961","36.37081527709961","36.37081527709961","","","","","","","","","","","","","","","","","","","","","","","",""
"5.800209999084473","1","1","1","36.37081527709961","36.37081527709961","36.37081527709961","","","","","","","","","","","","","","","","","","","","","","","",""
"5.8043248653411865","1","1","1","38.02908706665039","38.02908706665039","38.02908706665039","","","","","","","","","","","","","","","","","","","","","","","",""
"5.808027982711792","2255","2255","2255","27.11969566345215","27.11969566345215","27.11969566345215","","","","","","","","","","","","","","","","","","","","","","","",""
"5.910966157913208","","","","","","","","","","","","","1","1","1","43.85435104370117","43.85435104370117","43.85435104370117","","","","","","","","","","","",""
"5.941705942153931","","","","","","","1","1","1","38.02908706665039","38.02908706665039","38.02908706665039","","","","","","","","","","","","","","","","","",""
"5.989315986633301","","","","","","","","","","","","","","","","","","","1","1","1","38.02908706665039","38.02908706665039","38.02908706665039","","","","","",""
"5.989881753921509","1","1","1","36.37081527709961","36.37081527709961","36.37081527709961","","","","","","","","","","","","","","","","","","","","","","","",""
"6.005475044250488","","","","","","","","","","","","","1","1","1","38.02908706665039","38.02908706665039","38.02908706665039","","","","","","","","","","","",""
"6.013323068618774","","","","","","","1","1","1","36.37081527709961","36.37081527709961","36.37081527709961","","","","","","","","","","","","","","","","","",""
"6.036614179611206","","","","","","","","","","","","","","","","","","","1","1","1","36.37081527709961","36.37081527709961","36.37081527709961","","","","","",""
"6.041234970092773","","","","","","","1","1","1","43.85435104370117","43.85435104370117","43.85435104370117","","","","","","","","","","","","","","","","","",""
"6.052939176559448","0","0","0","19.331756591796875","19.331756591796875","19.331756591796875","","","","","","","","","","","","","","","","","","","","","","","",""
"6.105982065200806","","","","","","","","","","","","","1","1","1","36.37081527709961","36.37081527709961","36.37081527709961","","","","","","","","","","","",""
"6.214504957199097","","","","","","","","","","","","","","","","","","","","","","","","","1","1","1","43.85435104370117","43.85435104370117","43.85435104370117"
"10.57548","1839","1839","1839","27.119696","27.119696","27.119696","","","","","","","","","","","","","","","","","","","","","","","",""
"10.648926","5","5","5","27.119696","27.119696","27.119696","","","","","","","","","","","","","","","","","","","","","","","",""
"10.666492","5","5","5","27.119696","27.119696","27.119696","","","","","","","","","","","","","","","","","","","","","","","",""
"10.666536","5","5","5","27.119696","27.119696","27.119696","","","","","","","","","","","","","","","","","","","","","","","",""
"10.73334","5","5","5","27.119696","27.119696","27.119696","","","","","","","","","","","","","","","","","","","","","","","",""
"10.741938","1861","1861","1861","27.119696","27.119696","27.119696","","","","","","","","","","","","","","","","","","","","","","","",""
"10.786078","1775","1775","1775","27.119696","27.119696","27.119696","","","","","","","","","","","","","","","","","","","","","","","",""
"10.872657","1741","1741","1741","27.119696","27.119696","27.119696","","","","","","","","","","","","","","","","","","","","","","","",""
"10.87333","1879","1879","1879","27.119696","27.119696","27.119696","","","","","","","","","","","","","","","","","","","","","","","",""
"10.890688","1351","1351","1351","27.119696","27.119696","27.119696","","","","","","","","","","","","","","","","","","","","","","","",""
"10.919944","1839","1839","1839","34.450787","34.450787","34.450787","","","","","","","","","","","","","","","","","","","","","","","",""
"10.940464","5","5","5","27.119696","27.119696","27.119696","","","","","","","","","","","","","","","","","","","","","","","",""
"11.098132","1656","1656","1656","34.450787","34.450787","34.450787","","","","","","","","","","","","","","","","","","","","","","","",""
"11.183572999999999","1843","1843","1843","27.119696","27.119696","27.119696","","","","","","","","","","","","","","","","","","","","","","","",""
"11.47139","5","5","5","27.119696","27.119696","27.119696","","","","","","","","","","","","","","","","","","","","","","","",""
"11.729195","1439","1439","1439","27.119696","27.119696","27.119696","","","","","","","","","","","","","","","","","","","","","","","",""
"11.811738","1540","1540","1540","27.119696","27.119696","27.119696","","","","","","","","","","","","","","","","","","","","","","","",""
"11.900592","1610","1610","1610","34.450787","34.450787","34.450787","","","","","","","","","","","","","","","","","","","","","","","",""
"12.195608","5","5","5","27.119696","27.119696","27.119696","","","","","","","","","","","","","","","","","","","","","","","",""
"36.21497917175293","2","2","2","19.331756591796875","19.331756591796875","19.331756591796875","","","","","","","","","","","","","","","","","","","","","","","",""
"76.500643","250","250","250","38.551178","38.551178","38.551178","","","","","","","","","","","","","","","","","","","","","","","",""
"80.710022","250","250","250","39.06955","39.06955","39.06955","","","","","","","","","","","","","","","","","","","","","","","",""
"80.712035","250","250","250","37.574528","37.574528","37.574528","","","","","","","","","","","","","","","","","","","","","","","",""
"80.772729","250","250","250","39.52848","39.52848","39.52848","","","","","","","","","","","","","","","","","","","","","","","",""
"80.937332","21014","21014","21014","33.815685","33.815685","33.815685","","","","","","","","","","","","","","","","","","","","","","","",""
"82.229963","250","250","250","40.92695","40.92695","40.92695","","","","","","","","","","","","","","","","","","","","","","","",""
"85.59854","21277","21277","21277","39.085033","39.085033","39.085033","","","","","","","","","","","","","","","","","","","","","","","",""
"85.897992","20984","20984","20984","39.798653","39.798653","39.798653","","","","","","","","","","","","","","","","","","","","","","","",""
"86.204534","21908","21908","21908","40.38506","40.38506","40.38506","","","","","","","","","","","","","","","","","","","","","","","",""
"86.836329","20830","20830","20830","36.234753","36.234753","36.234753","","","","","","","","","","","","","","","","","","","","","","","",""
"86.920287","21124","21124","21124","35.794296","35.794296","35.794296","","","","","","","","","","","","","","","","","","","","","","","",""
"90.680197","250","250","250","37.224724","37.224724","37.224724","","","","","","","","","","","","","","","","","","","","","","","",""
"90.77159","21252","21252","21252","41.467365","41.467365","41.467365","","","","","","","","","","","","","","","","","","","","","","","",""
"90.816196","21041","21041","21041","40.982258","40.982258","40.982258","","","","","","","","","","","","","","","","","","","","","","","",""
"90.896782","21792","21792","21792","38.628452","38.628452","38.628452","","","","","","","","","","","","","","","","","","","","","","","",""
"90.914923","20901","20901","20901","37.32328","37.32328","37.32328","","","","","","","","","","","","","","","","","","","","","","","",""
"90.982301","250","250","250","37.844177","37.844177","37.844177","","","","","","","","","","","","","","","","","","","","","","","",""
"91.749343","20991","20991","20991","39.65999","39.65999","39.65999","","","","","","","","","","","","","","","","","","","","","","","",""
"96.123428","21579","21579","21579","33.463707","33.463707","33.463707","","","","","","","","","","","","","","","","","","","","","","","",""
"128.00246500968933","11","11","11","31.969900131225586","31.969900131225586","31.969900131225586","","","","","","","","","","","","","","","","","","","","","","","",""
"134.42066502571106","","","","","","","","","","","","","11","11","11","34.12968826293945","34.12968826293945","34.12968826293945","","","","","","","","","","","",""
"134.4235818386078","","","","","","","12","12","12","31.382322311401367","31.382322311401367","31.382322311401367","","","","","","","","","","","","","","","","","",""
"136.30521297454834","","","","","","","","","","","","","12","12","12","27.797502517700195","27.797502517700195","27.797502517700195","","","","","","","","","","","",""
"136.3922040462494","","","","","","","11","11","11","32.565189361572266","32.565189361572266","32.565189361572266","","","","","","","","","","","","","","","","","",""
"136.6501269340515","12","12","12","34.20384216308594","34.20384216308594","34.20384216308594","","","","","","","","","","","","","","","","","","","","","","","",""
"137.0784091949463","","","","","","","","","","","","","11","11","11","35.0724983215332","35.0724983215332","35.0724983215332","","","","","","","","","","","",""
"139.5656018257141","20963","20963","20963","40.41610336303711","40.41610336303711","40.41610336303711","","","","","","","","","","","","","","","","","","","","","","","",""
"139.74001598358154","11","11","11","34.116172790527344","34.116172790527344","34.116172790527344","","","","","","","","","","","","","","","","","","","","","","","",""
"140.02313017845154","","","","","","","","","","","","","","","","","","","","","","","","","11","11","11","28.025623321533203","28.025623321533203","28.025623321533203"
"140.99769806861877","","","","","","","","","","","","","","","","","","","11","11","11","32.26289749145508","32.26289749145508","32.26289749145508","","","","","",""
"141.37176084518433","12","12","12","33.57054138183594","33.57054138183594","33.57054138183594","","","","","","","","","","","","","","","","","","","","","","","",""
"142.78589010238647","","","","","","","12","12","12","26.295623779296875","26.295623779296875","26.295623779296875","","","","","","","","","","","","","","","","","",""
"146.19059300422668","","","","","","","","","","","","","","","","","","","11","11","11","33.23167419433594","33.23167419433594","33.23167419433594","","","","","",""
"155.74915","539","539","539","33.234497","33.234497","33.234497","","","","","","","","","","","","","","","","","","","","","","","",""
"155.756688","539","539","539","36.577026","36.577026","36.577026","","","","","","","","","","","","","","","","","","","","","","","",""
"155.819807","539","539","539","36.856857","36.856857","36.856857","","","","","","","","","","","","","","","","","","","","","","","",""
"156.537151","539","539","539","31.299507","31.299507","31.299507","","","","","","","","","","","","","","","","","","","","","","","",""
"157.27621","539","539","539","27.12802","27.12802","27.12802","","","","","","","","","","","","","","","","","","","","","","","",""
"160.967008","42664","42664","42664","33.63531","33.63531","33.63531","","","","","","","","","","","","","","","","","","","","","","","",""
"166.228232","42842","42842","42842","26.213903","26.213903","26.213903","","","","","","","","","","","","","","","","","","","","","","","",""
"170.627047","42182","42182","42182","36.785236","36.785236","36.785236","","","","","","","","","","","","","","","","","","","","","","","",""
"170.925992","42171","42171","42171","44.544666","44.544666","44.544666","","","","","","","","","","","","","","","","","","","","","","","",""
"171.078212","539","539","539","38.67598","38.67598","38.67598","","","","","","","","","","","","","","","","","","","","","","","",""
"171.337925","42730","42730","42730","32.630356","32.630356","32.630356","","","","","","","","","","","","","","","","","","","","","","","",""
"171.948932","42004","42004","42004","36.058865","36.058865","36.058865","","","","","","","","","","","","","","","","","","","","","","","",""
"176.156464","42227","42227","42227","36.087017","36.087017","36.087017","","","","","","","","","","","","","","","","","","","","","","","",""
"176.240204","42071","42071","42071","34.64862","34.64862","34.64862","","","","","","","","","","","","","","","","","","","","","","","",""
"176.44686","539","539","539","32.753376","32.753376","32.753376","","","","","","","","","","","","","","","","","","","","","","","",""
"176.771307","42504","42504","42504","32.18595","32.18595","32.18595","","","","","","","","","","","","","","","","","","","","","","","",""
"176.862176","42404","42404","42404","41.79608","41.79608","41.79608","","","","","","","","","","","","","","","","","","","","","","","",""
"180.845348","42032","42032","42032","30.95276","30.95276","30.95276","","","","","","","","","","","","","","","","","","","","","","","",""
"181.257349","42564","42564","42564","30.144659","30.144659","30.144659","","","","","","","","","","","","","","","","","","","","","","","",""
"199.9833710193634","11","11","11","14.074298858642578","14.074298858642578","14.074298858642578","","","","","","","","","","","","","","","","","","","","","","","",""
"226.567878","828","828","828","39.783966","39.783966","39.783966","","","","","","","","","","","","","","","","","","","","","","","",""
"230.79477","828","828","828","34.90143","34.90143","34.90143","","","","","","","","","","","","","","","","","","","","","","","",""
"230.798344","828","828","828","36.046234","36.046234","36.046234","","","","","","","","","","","","","","","","","","","","","","","",""
"232.322531","828","828","828","34.982197","34.982197","34.982197","","","","","","","","","","","","","","","","","","","","","","","",""
"235.864787","828","828","828","35.880978","35.880978","35.880978","","","","","","","","","","","","","","","","","","","","","","","",""
"235.988649","62590","62590","62590","41.12203","41.12203","41.12203","","","","","","","","","","","","","","","","","","","","","","","",""
"246.251216","63240","63240","63240","40.058617","40.058617","40.058617","","","","","","","","","","","","","","","","","","","","","","","",""
"251.361246","63183","63183","63183","36.297035","36.297035","36.297035","","","","","","","","","","","","","","","","","","","","","","","",""
"251.73899388313293","22","22","22","31.97209358215332","31.97209358215332","31.97209358215332","","","","","","","","","","","","","","","","","","","","","","","",""
"251.98876214027405","","","","","","","","","","","","","22","22","22","38.63067626953125","38.63067626953125","38.63067626953125","","","","","","","","","","","",""
"255.662307","62538","62538","62538","29.752169","29.752169","29.752169","","","","","","","","","","","","","","","","","","","","","","","",""
"255.954325","63199","63199","63199","35.058186","35.058186","35.058186","","","","","","","","","","","","","","","","","","","","","","","",""
"256.114926","828","828","828","31.511911","31.511911","31.511911","","","","","","","","","","","","","","","","","","","","","","","",""
"256.179905","62389","62389","62389","37.501835","37.501835","37.501835","","","","","","","","","","","","","","","","","","","","","","","",""
"256.791201","62613","62613","62613","34.62847","34.62847","34.62847","","","","","","","","","","","","","","","","","","","","","","","",""
"261.270419","62705","62705","62705","30.859003","30.859003","30.859003","","","","","","","","","","","","","","","","","","","","","","","",""
"261.49581","828","828","828","34.90601","34.90601","34.90601","","","","","","","","","","","","","","","","","","","","","","","",""
"261.887611","63518","63518","63518","29.109926","29.109926","29.109926","","","","","","","","","","","","","","","","","","","","","","","",""
"261.974988","63429","63429","63429","31.457308","31.457308","31.457308","","","","","","","","","","","","","","","","","","","","","","","",""
"265.18999099731445","","","","","","","","","","","","","22","22","22","36.29570007324219","36.29570007324219","36.29570007324219","","","","","","","","","","","",""
"265.6740930080414","","","","","","","","","","","","","23","23","23","38.50581359863281","38.50581359863281","38.50581359863281","","","","","","","","","","","",""
"267.0212490558624","22","22","22","33.84892272949219","33.84892272949219","33.84892272949219","","","","","","","","","","","","","","","","","","","","","","","",""
"268.1132872104645","","","","","","","23","23","23","38.08466720581055","38.08466720581055","38.08466720581055","","","","","","","","","","","","","","","","","",""
"271.293379","62399","62399","62399","35.08244","35.08244","35.08244","","","","","","","","","","","","","","","","","","","","","","","",""
"272.00282096862793","23","23","23","36.11903381347656","36.11903381347656","36.11903381347656","","","","","","","","","","","","","","","","","","","","","","","",""
"272.4392240047455","23","23","23","30.43675994873047","30.43675994873047","30.43675994873047","","","","","","","","","","","","","","","","","","","","","","","",""
"272.57111406326294","","","","","","","22","22","22","38.48824691772461","38.48824691772461","38.48824691772461","","","","","","","","","","","","","","","","","",""
"275.21352219581604","","","","","","","","","","","","","","","","","","","22","22","22","34.368953704833984","34.368953704833984","34.368953704833984","","","","","",""
"276.16741704940796","","","","","","","","","","","","","","","","","","","22","22","22","38.95085525512695","38.95085525512695","38.95085525512695","","","","","",""
"276.288941","62876","62876","62876","34.108288","34.108288","34.108288","","","","","","","","","","","","","","","","","","","","","","","",""
"278.3476438522339","42136","42136","42136","36.03373336791992","36.03373336791992","36.03373336791992","","","","","","","","","","","","","","","","","","","","","","","",""
"283.15744614601135","","","","","","","","","","","","","","","","","","","","","","","","","22","22","22","34.73567581176758","34.73567581176758","34.73567581176758"
"286.3516149520874","","","","","","","23","23","23","32.76902770996094","32.76902770996094","32.76902770996094","","","","","","","","","","","","","","","","","",""
"301.962269","1117","1117","1117","37.814594","37.814594","37.814594","","","","","","","","","","","","","","","","","","","","","","","",""
"305.845631","1117","1117","1117","38.566467","38.566467","38.566467","","","","","","","","","","","","","","","","","","","","","","","",""
"310.84244","1117","1117","1117","33.235306","33.235306","33.235306","","","","","","","","","","","","","","","","","","","","","","","",""
"312.369848","1117","1117","1117","34.368687","34.368687","34.368687","","","","","","","","","","","","","","","","","","","","","","","",""
"315.912094","1117","1117","1117","41.875957","41.875957","41.875957","","","","","","","","","","","","","","","","","","","","","","","",""
"321.014148","83424","83424","83424","34.97804","34.97804","34.97804","","","","","","","","","","","","","","","","","","","","","","","",""
"331.385472","83478","83478","83478","27.986399","27.986399","27.986399","","","","","","","","","","","","","","","","","","","","","","","",""
"331.615008","83891","83891","83891","35.411877","35.411877","35.411877","","","","","","","","","","","","","","","","","","","","","","","",""
"340.98276","84332","84332","84332","34.44827","34.44827","34.44827","","","","","","","","","","","","","","","","","","","","","","","",""
"341.545315","1117","1117","1117","38.061737","38.061737","38.061737","","","","","","","","","","","","","","","","","","","","","","","",""
"342.294641","83181","83181","83181","32.53048","32.53048","32.53048","","","","","","","","","","","","","","","","","","","","","","","",""
"345.931058","83705","83705","83705","37.371864","37.371864","37.371864","","","","","","","","","","","","","","","","","","","","","","","",""
"346.185493","1117","1117","1117","37.36646","37.36646","37.36646","","","","","","","","","","","","","","","","","","","","","","","",""
"346.387074","84185","84185","84185","31.764673","31.764673","31.764673","","","","","","","","","","","","","","","","","","","","","","","",""
"347.301649","83951","83951","83951","28.202898","28.202898","28.202898","","","","","","","","","","","","","","","","","","","","","","","",""
"351.998998","84138","84138","84138","31.838211","31.838211","31.838211","","","","","","","","","","","","","","","","","","","","","","","",""
"356.310451","83791","83791","83791","30.33124","30.33124","30.33124","","","","","","","","","","","","","","","","","","","","","","","",""
"364.7390441894531","22","22","22","17.438282012939453","17.438282012939453","17.438282012939453","","","","","","","","","","","","","","","","","","","","","","","",""
"366.329084","84199","84199","84199","32.700436","32.700436","32.700436","","","","","","","","","","","","","","","","","","","","","","","",""
"371.596153","83536","83536","83536","34.389343","34.389343","34.389343","","","","","","","","","","","","","","","","","","","","","","","",""
"373.37796092033386","33","33","33","36.66575241088867","36.66575241088867","36.66575241088867","","","","","","","","","","","","","","","","","","","","","","","",""
"373.66475319862366","","","","","","","","","","","","","33","33","33","37.45966339111328","37.45966339111328","37.45966339111328","","","","","","","","","","","",""
"385.89079","1406","1406","1406","34.77686","34.77686","34.77686","","","","","","","","","","","","","","","","","","","","","","","",""
"387.009605","1406","1406","1406","29.99272","29.99272","29.99272","","","","","","","","","","","","","","","","","","","","","","","",""
"387.418275","1377","1377","1377","32.690487","32.690487","32.690487","","","","","","","","","","","","","","","","","","","","","","","",""
"391.074621","1406","1406","1406","24.82205","24.82205","24.82205","","","","","","","","","","","","","","","","","","","","","","","",""
"394.1722128391266","","","","","","","","","","","","","33","33","33","32.27656173706055","32.27656173706055","32.27656173706055","","","","","","","","","","","",""
"394.7172951698303","33","33","33","33.06048583984375","33.06048583984375","33.06048583984375","","","","","","","","","","","","","","","","","","","","","","","",""
"395.95614","1406","1406","1406","37.0129","37.0129","37.0129","","","","","","","","","","","","","","","","","","","","","","","",""
"396.3758418560028","","","","","","","","","","","","","34","34","34","34.741817474365234","34.741817474365234","34.741817474365234","","","","","","","","","","","",""
"397.5437309741974","34","34","34","32.908164978027344","32.908164978027344","32.908164978027344","","","","","","","","","","","","","","","","","","","","","","","",""
"403.448783159256","","","","","","","","","","","","","","","","","","","33","33","33","39.21677017211914","39.21677017211914","39.21677017211914","","","","","",""
"404.80489110946655","","","","","","","34","34","34","33.43706512451172","33.43706512451172","33.43706512451172","","","","","","","","","","","","","","","","","",""
"407.3162651062012","34","34","34","33.68125915527344","33.68125915527344","33.68125915527344","","","","","","","","","","","","","","","","","","","","","","","",""
"408.2363750934601","","","","","","","","","","","","","","","","","","","32","32","32","31.516130447387695","31.516130447387695","31.516130447387695","","","","","",""
"411.066954","104682","104682","104682","34.32847","34.32847","34.32847","","","","","","","","","","","","","","","","","","","","","","","",""
"412.2162790298462","","","","","","","33","33","33","43.994781494140625","43.994781494140625","43.994781494140625","","","","","","","","","","","","","","","","","",""
"416.412627","104222","104222","104222","35.57983","35.57983","35.57983","","","","","","","","","","","","","","","","","","","","","","","",""
"420.28783798217773","63186","63186","63186","39.58638381958008","39.58638381958008","39.58638381958008","","","","","","","","","","","","","","","","","","","","","","","",""
"421.921335","104493","104493","104493","36.77601","36.77601","36.77601","","","","","","","","","","","","","","","","","","","","","","","",""
"424.67093205451965","","","","","","","","","","","","","","","","","","","","","","","","","33","33","33","45.982112884521484","45.982112884521484","45.982112884521484"
"426.013404","104436","104436","104436","38.634224","38.634224","38.634224","","","","","","","","","","","","","","","","","","","","","","","",""
"431.567868","104311","104311","104311","36.506325","36.506325","36.506325","","","","","","","","","","","","","","","","","","","","","","","",""
"431.600974","1406","1406","1406","32.47898","32.47898","32.47898","","","","","","","","","","","","","","","","","","","","","","","",""
"432.325013","104083","104083","104083","32.147594","32.147594","32.147594","","","","","","","","","","","","","","","","","","","","","","","",""
"432.458694","104055","104055","104055","33.493614","33.493614","33.493614","","","","","","","","","","","","","","","","","","","","","","","",""
"433.0472369194031","","","","","","","34","34","34","31.487110137939453","31.487110137939453","31.487110137939453","","","","","","","","","","","","","","","","","",""
"435.970316","104565","104565","104565","32.68236","32.68236","32.68236","","","","","","","","","","","","","","","","","","","","","","","",""
"436.233536","1406","1406","1406","37.074993","37.074993","37.074993","","","","","","","","","","","","","","","","","","","","","","","",""
"442.027796","104457","104457","104457","41.65931","41.65931","41.65931","","","","","","","","","","","","","","","","","","","","","","","",""
"456.355617","104836","104836","104836","34.811047","34.811047","34.811047","","","","","","","","","","","","","","","","","","","","","","","",""
"456.363851","105024","105024","105024","33.179157","33.179157","33.179157","","","","","","","","","","","","","","","","","","","","","","","",""
"465.93718","1695","1695","1695","34.37983","34.37983","34.37983","","","","","","","","","","","","","","","","","","","","","","","",""
"467.059603","1695","1695","1695","32.4978","32.4978","32.4978","","","","","","","","","","","","","","","","","","","","","","","",""
"467.472639","1666","1666","1666","33.422333","33.422333","33.422333","","","","","","","","","","","","","","","","","","","","","","","",""
"471.121162","1666","1666","1666","39.121834","39.121834","39.121834","","","","","","","","","","","","","","","","","","","","","","","",""
"471.625651","104833","104833","104833","33.1167","33.1167","33.1167","","","","","","","","","","","","","","","","","","","","","","","",""
"476.004793","1666","1666","1666","45.674057","45.674057","45.674057","","","","","","","","","","","","","","","","","","","","","","","",""
"500.1365728378296","44","44","44","35.35902404785156","35.35902404785156","35.35902404785156","","","","","","","","","","","","","","","","","","","","","","","",""
"501.10774","125228","125228","125228","45.24011","45.24011","45.24011","","","","","","","","","","","","","","","","","","","","","","","",""
"501.435779","125038","125038","125038","40.542744","40.542744","40.542744","","","","","","","","","","","","","","","","","","","","","","","",""
"501.81767225265503","","","","","","","","","","","","","43","43","43","39.953224182128906","39.953224182128906","39.953224182128906","","","","","","","","","","","",""
"516.048454","124989","124989","124989","32.04875","32.04875","32.04875","","","","","","","","","","","","","","","","","","","","","","","",""
"516.952965","125046","125046","125046","36.178097","36.178097","36.178097","","","","","","","","","","","","","","","","","","","","","","","",""
"521.638225","124732","124732","124732","25.192139","25.192139","25.192139","","","","","","","","","","","","","","","","","","","","","","","",""
"521.660067","1695","1695","1695","43.09965","43.09965","43.09965","","","","","","","","","","","","","","","","","","","","","","","",""
"524.0975260734558","","","","","","","","","","","","","44","44","44","34.651519775390625","34.651519775390625","34.651519775390625","","","","","","","","","","","",""
"525.1543390750885","","","","","","","","","","","","","44","44","44","33.34279251098633","33.34279251098633","33.34279251098633","","","","","","","","","","","",""
"526.002258","125218","125218","125218","36.871002","36.871002","36.871002","","","","","","","","","","","","","","","","","","","","","","","",""
"527.495225","125507","125507","125507","38.385166","38.385166","38.385166","","","","","","","","","","","","","","","","","","","","","","","",""
"527.629164","125541","125541","125541","29.420761","29.420761","29.420761","","","","","","","","","","","","","","","","","","","","","","","",""
"528.0876891613007","44","44","44","33.07974624633789","33.07974624633789","33.07974624633789","","","","","","","","","","","","","","","","","","","","","","","",""
"528.6161072254181","33","33","33","22.852638244628906","22.852638244628906","22.852638244628906","","","","","","","","","","","","","","","","","","","","","","","",""
"529.107677936554","45","45","45","41.27996063232422","41.27996063232422","41.27996063232422","","","","","","","","","","","","","","","","","","","","","","","",""
"531.284481","1666","1666","1666","31.435085","31.435085","31.435085","","","","","","","","","","","","","","","","","","","","","","","",""
"535.84410405159","","","","","","","","","","","","","","","","","","","44","44","44","39.91341018676758","39.91341018676758","39.91341018676758","","","","","",""
"537.054191","125476","125476","125476","37.463264","37.463264","37.463264","","","","","","","","","","","","","","","","","","","","","","","",""
"541.6465580463409","45","45","45","34.51249313354492","34.51249313354492","34.51249313354492","","","","","","","","","","","","","","","","","","","","","","","",""
"541.7860729694366","","","","","","","45","45","45","38.96806716918945","38.96806716918945","38.96806716918945","","","","","","","","","","","","","","","","","",""
"545.5141382217407","","","","","","","","","","","","","","","","","","","42","42","42","40.440921783447266","40.440921783447266","40.440921783447266","","","","","",""
"545.985678","1955","1955","1955","34.570507","34.570507","34.570507","","","","","","","","","","","","","","","","","","","","","","","",""
"546.393817","125240","125240","125240","30.786345","30.786345","30.786345","","","","","","","","","","","","","","","","","","","","","","","",""
"552.2639873027802","","","","","","","44","44","44","23.389360427856445","23.389360427856445","23.389360427856445","","","","","","","","","","","","","","","","","",""
"552.527598","1955","1955","1955","43.33087","43.33087","43.33087","","","","","","","","","","","","","","","","","","","","","","","",""
"556.166652","1955","1955","1955","40.67509","40.67509","40.67509","","","","","","","","","","","","","","","","","","","","","","","",""
"556.391464","125262","125262","125262","28.561972","28.561972","28.561972","","","","","","","","","","","","","","","","","","","","","","","",""
"557.112597","1955","1955","1955","40.32293","40.32293","40.32293","","","","","","","","","","","","","","","","","","","","","","","",""
"561.056482","1955","1955","1955","38.988754","38.988754","38.988754","","","","","","","","","","","","","","","","","","","","","","","",""
"564.7975497245789","84157","84157","84157","31.685216903686523","31.685216903686523","31.685216903686523","","","","","","","","","","","","","","","","","","","","","","","",""
"566.3999569416046","","","","","","","","","","","","","","","","","","","","","","","","","43","43","43","35.86437225341797","35.86437225341797","35.86437225341797"
"571.660104","124941","124941","124941","35.714424","35.714424","35.714424","","","","","","","","","","","","","","","","","","","","","","","",""
"580.4083540439606","","","","","","","45","45","45","39.39159393310547","39.39159393310547","39.39159393310547","","","","","","","","","","","","","","","","","",""
"591.459518","146302","146302","146302","28.307503","28.307503","28.307503","","","","","","","","","","","","","","","","","","","","","","","",""
"596.136939","146050","146050","146050","37.745174","37.745174","37.745174","","","","","","","","","","","","","","","","","","","","","","","",""
"611.722559","1984","1984","1984","36.279613","36.279613","36.279613","","","","","","","","","","","","","","","","","","","","","","","",""
"616.079804","146013","146013","146013","43.354023","43.354023","43.354023","","","","","","","","","","","","","","","","","","","","","","","",""
"616.669062","145481","145481","145481","35.144695","35.144695","35.144695","","","","","","","","","","","","","","","","","","","","","","","",""
"616.978623","145487","145487","145487","32.91228","32.91228","32.91228","","","","","","","","","","","","","","","","","","","","","","","",""
"621.039959","146377","146377","146377","38.24532","38.24532","38.24532","","","","","","","","","","","","","","","","","","","","","","","",""
"622.52984","146112","146112","146112","32.8047","32.8047","32.8047","","","","","","","","","","","","","","","","","","","","","","","",""
"622.658033","146367","146367","146367","27.819975","27.819975","27.819975","","","","","","","","","","","","","","","","","","","","","","","",""
"626.334958","1955","1955","1955","44.194767","44.194767","44.194767","","","","","","","","","","","","","","","","","","","","","","","",""
"631.0016708374023","54","54","54","34.392398834228516","34.392398834228516","34.392398834228516","","","","","","","","","","","","","","","","","","","","","","","",""
"631.043356","2244","2244","2244","44.706615","44.706615","44.706615","","","","","","","","","","","","","","","","","","","","","","","",""
"632.098831","145706","145706","145706","34.617817","34.617817","34.617817","","","","","","","","","","","","","","","","","","","","","","","",""
"634.0913310050964","","","","","","","","","","","","","53","53","53","27.910369873046875","27.910369873046875","27.910369873046875","","","","","","","","","","","",""
"637.584361","2244","2244","2244","26.454315","26.454315","26.454315","","","","","","","","","","","","","","","","","","","","","","","",""
"641.221573","2244","2244","2244","35.380276","35.380276","35.380276","","","","","","","","","","","","","","","","","","","","","","","",""
"641.432929","145868","145868","145868","38.131554","38.131554","38.131554","","","","","","","","","","","","","","","","","","","","","","","",""
"647.171953","2244","2244","2244","39.91251","39.91251","39.91251","","","","","","","","","","","","","","","","","","","","","","","",""
"651.111862","2244","2244","2244","39.623383","39.623383","39.623383","","","","","","","","","","","","","","","","","","","","","","","",""
"656.9373710155487","","","","","","","","","","","","","54","54","54","33.56510925292969","33.56510925292969","33.56510925292969","","","","","","","","","","","",""
"661.43608","146168","146168","146168","35.366573","35.366573","35.366573","","","","","","","","","","","","","","","","","","","","","","","",""
"663.06427693367","","","","","","","","","","","","","54","54","54","29.11707305908203","29.11707305908203","29.11707305908203","","","","","","","","","","","",""
"665.8968501091003","54","54","54","27.690824508666992","27.690824508666992","27.690824508666992","","","","","","","","","","","","","","","","","","","","","","","",""
"666.6296241283417","55","55","55","30.567428588867188","30.567428588867188","30.567428588867188","","","","","","","","","","","","","","","","","","","","","","","",""
"671.694542","145698","145698","145698","33.606968","33.606968","33.606968","","","","","","","","","","","","","","","","","","","","","","","",""
"672.9947490692139","","","","","","","56","56","56","33.35903549194336","33.35903549194336","33.35903549194336","","","","","","","","","","","","","","","","","",""
"673.410982131958","","","","","","","","","","","","","","","","","","","54","54","54","38.544864654541016","38.544864654541016","38.544864654541016","","","","","",""
"681.483112","166794","166794","166794","31.545986","31.545986","31.545986","","","","","","","","","","","","","","","","","","","","","","","",""
"687.2065949440002","","","","","","","54","54","54","45.497230529785156","45.497230529785156","45.497230529785156","","","","","","","","","","","","","","","","","",""
"688.0703480243683","","","","","","","","","","","","","","","","","","","52","52","52","34.592430114746094","34.592430114746094","34.592430114746094","","","","","",""
"690.6605153083801","44","44","44","20.019184112548828","20.019184112548828","20.019184112548828","","","","","","","","","","","","","","","","","","","","","","","",""
"690.699371099472","55","55","55","38.67308807373047","38.67308807373047","38.67308807373047","","","","","","","","","","","","","","","","","","","","","","","",""
"691.166419","166376","166376","166376","31.795546","31.795546","31.795546","","","","","","","","","","","","","","","","","","","","","","","",""
"705.1897721290588","","","","","","","","","","","","","","","","","","","","","","","","","53","53","53","38.904178619384766","38.904178619384766","38.904178619384766"
"706.763735","2244","2244","2244","41.406315","41.406315","41.406315","","","","","","","","","","","","","","","","","","","","","","","",""
"712.0959477424622","104668","104668","104668","30.159103393554688","30.159103393554688","30.159103393554688","","","","","","","","","","","","","","","","","","","","","","","",""
"716.109395","167265","167265","167265","31.388077","31.388077","31.388077","","","","","","","","","","","","","","","","","","","","","","","",""
"716.205373","2533","2533","2533","30.610962","30.610962","30.610962","","","","","","","","","","","","","","","","","","","","","","","",""
"716.343427","166767","166767","166767","36.248363","36.248363","36.248363","","","","","","","","","","","","","","","","","","","","","","","",""
"716.377004","2244","2244","2244","41.630726","41.630726","41.630726","","","","","","","","","","","","","","","","","","","","","","","",""
"716.700088","166527","166527","166527","35.853107","35.853107","35.853107","","","","","","","","","","","","","","","","","","","","","","","",""
"717.714405","166581","166581","166581","37.414986","37.414986","37.414986","","","","","","","","","","","","","","","","","","","","","","","",""
"721.6597330570221","","","","","","","56","56","56","34.16126251220703","34.16126251220703","34.16126251220703","","","","","","","","","","","","","","","","","",""
"722.566056","166786","166786","166786","34.793037","34.793037","34.793037","","","","","","","","","","","","","","","","","","","","","","","",""
"727.019507","166621","166621","166621","38.542553","38.542553","38.542553","","","","","","","","","","","","","","","","","","","","","","","",""
"727.640443","2533","2533","2533","40.70672","40.70672","40.70672","","","","","","","","","","","","","","","","","","","","","","","",""
"731.283663","2533","2533","2533","39.578545","39.578545","39.578545","","","","","","","","","","","","","","","","","","","","","","","",""
"732.135724","167287","167287","167287","35.366096","35.366096","35.366096","","","","","","","","","","","","","","","","","","","","","","","",""
"732.22997","2533","2533","2533","35.81339","35.81339","35.81339","","","","","","","","","","","","","","","","","","","","","","","",""
"736.162897","2533","2533","2533","34.835526","34.835526","34.835526","","","","","","","","","","","","","","","","","","","","","","","",""
"741.349922","166906","166906","166906","41.69051","41.69051","41.69051","","","","","","","","","","","","","","","","","","","","","","","",""
"766.1906719207764","64","64","64","39.59632110595703","39.59632110595703","39.59632110595703","","","","","","","","","","","","","","","","","","","","","","","",""
"770.1600151062012","","","","","","","","","","","","","63","63","63","30.63727378845215","30.63727378845215","30.63727378845215","","","","","","","","","","","",""
"776.485011","167116","167116","167116","35.484585","35.484585","35.484585","","","","","","","","","","","","","","","","","","","","","","","",""
"776.511869","187839","187839","187839","36.464542","36.464542","36.464542","","","","","","","","","","","","","","","","","","","","","","","",""
"776.730633","166947","166947","166947","30.07153","30.07153","30.07153","","","","","","","","","","","","","","","","","","","","","","","",""
"791.204385","187193","187193","187193","36.7755","36.7755","36.7755","","","","","","","","","","","","","","","","","","","","","","","",""
"794.4695582389832","","","","","","","","","","","","","64","64","64","37.174781799316406","37.174781799316406","37.174781799316406","","","","","","","","","","","",""
"801.82089","2533","2533","2533","32.50935","32.50935","32.50935","","","","","","","","","","","","","","","","","","","","","","","",""
"804.3833780288696","","","","","","","","","","","","","64","64","64","33.73222351074219","33.73222351074219","33.73222351074219","","","","","","","","","","","",""
"806.141877","187153","187153","187153","34.87285","34.87285","34.87285","","","","","","","","","","","","","","","","","","","","","","","",""
"806.252603","2822","2822","2822","33.778667","33.778667","33.778667","","","","","","","","","","","","","","","","","","","","","","","",""
"807.8656330108643","","","","","","","66","66","66","35.96074676513672","35.96074676513672","35.96074676513672","","","","","","","","","","","","","","","","","",""
"808.7409300804138","65","65","65","38.88045883178711","38.88045883178711","38.88045883178711","","","","","","","","","","","","","","","","","","","","","","","",""
"809.4265820980072","64","64","64","40.838409423828125","40.838409423828125","40.838409423828125","","","","","","","","","","","","","","","","","","","","","","","",""
"811.420191","2533","2533","2533","42.133965","42.133965","42.133965","","","","","","","","","","","","","","","","","","","","","","","",""
"812.743141","187037","187037","187037","35.723156","35.723156","35.723156","","","","","","","","","","","","","","","","","","","","","","","",""
"812.849042","2822","2822","2822","37.652527","37.652527","37.652527","","","","","","","","","","","","","","","","","","","","","","","",""
"816.2331130504608","","","","","","","","","","","","","","","","","","","64","64","64","41.08879089355469","41.08879089355469","41.08879089355469","","","","","",""
"816.327028","2822","2822","2822","41.013157","41.013157","41.013157","","","","","","","","","","","","","","","","","","","","","","","",""
"816.497767","187104","187104","187104","45.660946","45.660946","45.660946","","","","","","","","","","","","","","","","","","","","","","","",""
"816.733514","187070","187070","187070","38.762543","38.762543","38.762543","","","","","","","","","","","","","","","","","","","","","","","",""
"822.290883","2822","2822","2822","29.90179","29.90179","29.90179","","","","","","","","","","","","","","","","","","","","","","","",""
"822.602188","187068","187068","187068","37.01286","37.01286","37.01286","","","","","","","","","","","","","","","","","","","","","","","",""
"826.0050539970398","","","","","","","64","64","64","34.52236557006836","34.52236557006836","34.52236557006836","","","","","","","","","","","","","","","","","",""
"826.216538","2793","2793","2793","39.852894","39.852894","39.852894","","","","","","","","","","","","","","","","","","","","","","","",""
"827.174049","187474","187474","187474","29.088257","29.088257","29.088257","","","","","","","","","","","","","","","","","","","","","","","",""
"832.055042","187330","187330","187330","34.47905","34.47905","34.47905","","","","","","","","","","","","","","","","","","","","","","","",""
"832.896271944046","65","65","65","29.470867156982422","29.470867156982422","29.470867156982422","","","","","","","","","","","","","","","","","","","","","","","",""
"834.1504950523376","","","","","","","","","","","","","","","","","","","63","63","63","25.89690589904785","25.89690589904785","25.89690589904785","","","","","",""
"841.38443","187425","187425","187425","38.70572","38.70572","38.70572","","","","","","","","","","","","","","","","","","","","","","","",""
"848.1533539295197","","","","","","","","","","","","","","","","","","","","","","","","","64","64","64","38.208740234375","38.208740234375","38.208740234375"
"859.0282142162323","54","54","54","20.10808753967285","20.10808753967285","20.10808753967285","","","","","","","","","","","","","","","","","","","","","","","",""
"862.6161317825317","123404","123404","123404","40.92558288574219","40.92558288574219","40.92558288574219","","","","","","","","","","","","","","","","","","","","","","","",""
"865.3404319286346","","","","","","","66","66","66","33.85787582397461","33.85787582397461","33.85787582397461","","","","","","","","","","","","","","","","","",""
"871.538217","208404","208404","208404","37.1021","37.1021","37.1021","","","","","","","","","","","","","","","","","","","","","","","",""
"881.526906","187088","187088","187088","37.3599","37.3599","37.3599","","","","","","","","","","","","","","","","","","","","","","","",""
"891.770268","187815","187815","187815","34.002518","34.002518","34.002518","","","","","","","","","","","","","","","","","","","","","","","",""
"896.241469","208337","208337","208337","37.982605","37.982605","37.982605","","","","","","","","","","","","","","","","","","","","","","","",""
"896.300898","3111","3111","3111","37.412445","37.412445","37.412445","","","","","","","","","","","","","","","","","","","","","","","",""
"901.181103","207787","207787","207787","42.00906","42.00906","42.00906","","","","","","","","","","","","","","","","","","","","","","","",""
"901.361753","3082","3082","3082","47.60102","47.60102","47.60102","","","","","","","","","","","","","","","","","","","","","","","",""
"902.896756","3082","3082","3082","31.285349","31.285349","31.285349","","","","","","","","","","","","","","","","","","","","","","","",""
"905.3922817707062","74","74","74","37.47626876831055","37.47626876831055","37.47626876831055","","","","","","","","","","","","","","","","","","","","","","","",""
"906.882071","2822","2822","2822","40.113056","40.113056","40.113056","","","","","","","","","","","","","","","","","","","","","","","",""
"910.975841999054","","","","","","","","","","","","","74","74","74","33.21772766113281","33.21772766113281","33.21772766113281","","","","","","","","","","","",""
"911.459365","2822","2822","2822","38.6372","38.6372","38.6372","","","","","","","","","","","","","","","","","","","","","","","",""
"912.349576","3111","3111","3111","30.652584","30.652584","30.652584","","","","","","","","","","","","","","","","","","","","","","","",""
"917.78395","208217","208217","208217","39.68384","39.68384","39.68384","","","","","","","","","","","","","","","","","","","","","","","",""
"921.379108","3082","3082","3082","26.734896","26.734896","26.734896","","","","","","","","","","","","","","","","","","","","","","","",""
"921.53322","208596","208596","208596","36.90981","36.90981","36.90981","","","","","","","","","","","","","","","","","","","","","","","",""
"921.76543","208367","208367","208367","47.173775","47.173775","47.173775","","","","","","","","","","","","","","","","","","","","","","","",""
"922.861714","207859","207859","207859","39.663","39.663","39.663","","","","","","","","","","","","","","","","","","","","","","","",""
"927.215407","208016","208016","208016","35.958828","35.958828","35.958828","","","","","","","","","","","","","","","","","","","","","","","",""
"936.5358412265778","","","","","","","","","","","","","75","75","75","32.525474548339844","32.525474548339844","32.525474548339844","","","","","","","","","","","",""
"942.084883","207939","207939","207939","37.553604","37.553604","37.553604","","","","","","","","","","","","","","","","","","","","","","","",""
"946.42746","208646","208646","208646","33.06174","33.06174","33.06174","","","","","","","","","","","","","","","","","","","","","","","",""
"947.7547690868378","","","","","","","76","76","76","34.05167770385742","34.05167770385742","34.05167770385742","","","","","","","","","","","","","","","","","",""
"952.8764042854309","","","","","","","","","","","","","74","74","74","33.69278335571289","33.69278335571289","33.69278335571289","","","","","","","","","","","",""
"956.3817868232727","76","76","76","44.27109909057617","44.27109909057617","44.27109909057617","","","","","","","","","","","","","","","","","","","","","","","",""
"957.2957861423492","74","74","74","40.50044250488281","40.50044250488281","40.50044250488281","","","","","","","","","","","","","","","","","","","","","","","",""
"965.1547062397003","","","","","","","","","","","","","","","","","","","74","74","74","45.00054168701172","45.00054168701172","45.00054168701172","","","","","",""
"970.0228509902954","","","","","","","74","74","74","40.901634216308594","40.901634216308594","40.901634216308594","","","","","","","","","","","","","","","","","",""
"974.1313118934631","75","75","75","36.93880081176758","36.93880081176758","36.93880081176758","","","","","","","","","","","","","","","","","","","","","","","",""
"978.559975","224809","224809","224809","37.831093","37.831093","37.831093","","","","","","","","","","","","","","","","","","","","","","","",""
"983.6804821491241","","","","","","","","","","","","","","","","","","","74","74","74","37.065311431884766","37.065311431884766","37.065311431884766","","","","","",""
"986.361303","3400","3400","3400","37.51679","37.51679","37.51679","","","","","","","","","","","","","","","","","","","","","","","",""
"986.742748","207906","207906","207906","31.125015","31.125015","31.125015","","","","","","","","","","","","","","","","","","","","","","","",""
"991.440598","3371","3371","3371","37.483093","37.483093","37.483093","","","","","","","","","","","","","","","","","","","","","","","",""
"992.954452","3371","3371","3371","34.91566","34.91566","34.91566","","","","","","","","","","","","","","","","","","","","","","","",""
"995.7638330459595","","","","","","","","","","","","","","","","","","","","","","","","","75","75","75","36.80632400512695","36.80632400512695","36.80632400512695"
"996.269977","229501","229501","229501","31.608446","31.608446","31.608446","","","","","","","","","","","","","","","","","","","","","","","",""
"1001.543456","229520","229520","229520","39.53289","39.53289","39.53289","","","","","","","","","","","","","","","","","","","","","","","",""
"1002.404294","3400","3400","3400","37.44981","37.44981","37.44981","","","","","","","","","","","","","","","","","","","","","","","",""
"1006.517925","3111","3111","3111","44.4188","44.4188","44.4188","","","","","","","","","","","","","","","","","","","","","","","",""
"1006.807667","208151","208151","208151","34.468315","34.468315","34.468315","","","","","","","","","","","","","","","","","","","","","","","",""
"1006.946417","3111","3111","3111","28.73214","28.73214","28.73214","","","","","","","","","","","","","","","","","","","","","","","",""
"1012.813739","228624","228624","228624","41.37533","41.37533","41.37533","","","","","","","","","","","","","","","","","","","","","","","",""
"1014.2532510757446","","","","","","","76","76","76","29.307964324951172","29.307964324951172","29.307964324951172","","","","","","","","","","","","","","","","","",""
"1015.2621018886566","144581","144581","144581","37.982017517089844","37.982017517089844","37.982017517089844","","","","","","","","","","","","","","","","","","","","","","","",""
"1016.464916","3371","3371","3371","34.17121","34.17121","34.17121","","","","","","","","","","","","","","","","","","","","","","","",""
"1016.565389","228829","228829","228829","41.732513","41.732513","41.732513","","","","","","","","","","","","","","","","","","","","","","","",""
"1021.809041","229359","229359","229359","45.52337","45.52337","45.52337","","","","","","","","","","","","","","","","","","","","","","","",""
"1022.891093","229298","229298","229298","36.05284","36.05284","36.05284","","","","","","","","","","","","","","","","","","","","","","","",""
"1032.252737","229496","229496","229496","33.679935","33.679935","33.679935","","","","","","","","","","","","","","","","","","","","","","","",""
"1033.0753219127655","64","64","64","16.479726791381836","16.479726791381836","16.479726791381836","","","","","","","","","","","","","","","","","","","","","","","",""
"1046.469764","228900","228900","228900","36.117725","36.117725","36.117725","","","","","","","","","","","","","","","","","","","","","","","",""
"1047.121851","228746","228746","228746","35.277714","35.277714","35.277714","","","","","","","","","","","","","","","","","","","","","","","",""
"1049.0355439186096","85","85","85","36.332210540771484","36.332210540771484","36.332210540771484","","","","","","","","","","","","","","","","","","","","","","","",""
"1057.3618731498718","","","","","","","","","","","","","85","85","85","37.04562759399414","37.04562759399414","37.04562759399414","","","","","","","","","","","",""
"1068.592416","250181","250181","250181","35.296803","35.296803","35.296803","","","","","","","","","","","","","","","","","","","","","","","",""
"1076.486678","3660","3660","3660","43.926826","43.926826","43.926826","","","","","","","","","","","","","","","","","","","","","","","",""
"1081.413191","3660","3660","3660","36.16186","36.16186","36.16186","","","","","","","","","","","","","","","","","","","","","","","",""
"1083.011049","3660","3660","3660","33.604942","33.604942","33.604942","","","","","","","","","","","","","","","","","","","","","","","",""
"1083.3223340511322","","","","","","","","","","","","","86","86","86","32.565650939941406","32.565650939941406","32.565650939941406","","","","","","","","","","","",""
"1091.301381","249502","249502","249502","34.83654","34.83654","34.83654","","","","","","","","","","","","","","","","","","","","","","","",""
"1091.58291","249698","249698","249698","30.646646","30.646646","30.646646","","","","","","","","","","","","","","","","","","","","","","","",""
"1091.5907130241394","","","","","","","86","86","86","33.2545051574707","33.2545051574707","33.2545051574707","","","","","","","","","","","","","","","","","",""
"1091.781307","229533","229533","229533","39.31984","39.31984","39.31984","","","","","","","","","","","","","","","","","","","","","","","",""
"1092.460353","3660","3660","3660","38.99676","38.99676","38.99676","","","","","","","","","","","","","","","","","","","","","","","",""
"1096.3858869075775","","","","","","","","","","","","","84","84","84","35.13246154785156","35.13246154785156","35.13246154785156","","","","","","","","","","","",""
"1101.57879","3371","3371","3371","35.769917","35.769917","35.769917","","","","","","","","","","","","","","","","","","","","","","","",""
"1107.004053","3400","3400","3400","35.966537","35.966537","35.966537","","","","","","","","","","","","","","","","","","","","","","","",""
"1110.0247411727905","85","85","85","35.81719207763672","35.81719207763672","35.81719207763672","","","","","","","","","","","","","","","","","","","","","","","",""
"1111.2938480377197","87","87","87","30.905351638793945","30.905351638793945","30.905351638793945","","","","","","","","","","","","","","","","","","","","","","","",""
"1111.518417","3660","3660","3660","41.295452","41.295452","41.295452","","","","","","","","","","","","","","","","","","","","","","","",""
"1112.849476","249344","249344","249344","49.709347","49.709347","49.709347","","","","","","","","","","","","","","","","","","","","","","","",""
"1116.602634","249692","249692","249692","38.986324","38.986324","38.986324","","","","","","","","","","","","","","","","","","","","","","","",""
"1116.841242","228834","228834","228834","44.11338","44.11338","44.11338","","","","","","","","","","","","","","","","","","","","","","","",""
"1119.029640197754","","","","","","","85","85","85","38.391963958740234","38.391963958740234","38.391963958740234","","","","","","","","","","","","","","","","","",""
"1120.1185839176178","","","","","","","","","","","","","","","","","","","85","85","85","35.20149230957031","35.20149230957031","35.20149230957031","","","","","",""
"1121.0987300872803","86","86","86","38.11857223510742","38.11857223510742","38.11857223510742","","","","","","","","","","","","","","","","","","","","","","","",""
"1121.847922","249847","249847","249847","56.81148","56.81148","56.81148","","","","","","","","","","","","","","","","","","","","","","","",""
"1122.926357","249782","249782","249782","47.456326","47.456326","47.456326","","","","","","","","","","","","","","","","","","","","","","","",""
"1132.289388","249746","249746","249746","32.25256","32.25256","32.25256","","","","","","","","","","","","","","","","","","","","","","","",""
"1138.353089094162","","","","","","","","","","","","","","","","","","","85","85","85","39.4739875793457","39.4739875793457","39.4739875793457","","","","","",""
"1146.514285","250005","250005","250005","37.04629","37.04629","37.04629","","","","","","","","","","","","","","","","","","","","","","","",""
"1149.7569839954376","","","","","","","","","","","","","","","","","","","","","","","","","85","85","85","33.25909423828125","33.25909423828125","33.25909423828125"
"1157.188193","249706","249706","249706","37.320835","37.320835","37.320835","","","","","","","","","","","","","","","","","","","","","","","",""
"1163.623204","270746","270746","270746","31.557184","31.557184","31.557184","","","","","","","","","","","","","","","","","","","","","","","",""
"1166.535298","3949","3949","3949","37.93951","37.93951","37.93951","","","","","","","","","","","","","","","","","","","","","","","",""
"1169.6406500339508","","","","","","","86","86","86","27.65741729736328","27.65741729736328","27.65741729736328","","","","","","","","","","","","","","","","","",""
"1170.262964963913","165934","165934","165934","38.36722946166992","38.36722946166992","38.36722946166992","","","","","","","","","","","","","","","","","","","","","","","",""
"1176.494131","3949","3949","3949","39.041897","39.041897","39.041897","","","","","","","","","","","","","","","","","","","","","","","",""
"1178.107971","3949","3949","3949","42.14323","42.14323","42.14323","","","","","","","","","","","","","","","","","","","","","","","",""
"1186.615509","270615","270615","270615","39.61834","39.61834","39.61834","","","","","","","","","","","","","","","","","","","","","","","",""
"1187.522195","3949","3949","3949","33.160057","33.160057","33.160057","","","","","","","","","","","","","","","","","","","","","","","",""
"1191.816076","250190","250190","250190","35.93066","35.93066","35.93066","","","","","","","","","","","","","","","","","","","","","","","",""
"1196.336939","270731","270731","270731","37.27502","37.27502","37.27502","","","","","","","","","","","","","","","","","","","","","","","",""
"1197.7823519706726","96","96","96","39.538108825683594","39.538108825683594","39.538108825683594","","","","","","","","","","","","","","","","","","","","","","","",""
"1201.625754","3660","3660","3660","43.78473","43.78473","43.78473","","","","","","","","","","","","","","","","","","","","","","","",""
"1207.066807","3689","3689","3689","33.98265","33.98265","33.98265","","","","","","","","","","","","","","","","","","","","","","","",""
"1211.588311","3949","3949","3949","32.62928","32.62928","32.62928","","","","","","","","","","","","","","","","","","","","","","","",""
"1213.6524329185486","74","74","74","24.83028221130371","24.83028221130371","24.83028221130371","","","","","","","","","","","","","","","","","","","","","","","",""
"1214.8489298820496","","","","","","","","","","","","","96","96","96","35.680973052978516","35.680973052978516","35.680973052978516","","","","","","","","","","","",""
"1216.65226","270244","270244","270244","34.030457","34.030457","34.030457","","","","","","","","","","","","","","","","","","","","","","","",""
"1217.884567","270649","270649","270649","46.118687","46.118687","46.118687","","","","","","","","","","","","","","","","","","","","","","","",""
"1226.877852","270968","270968","270968","43.804905","43.804905","43.804905","","","","","","","","","","","","","","","","","","","","","","","",""
"1231.873801","249939","249939","249939","36.703796","36.703796","36.703796","","","","","","","","","","","","","","","","","","","","","","","",""
"1232.329729","270155","270155","270155","43.49721","43.49721","43.49721","","","","","","","","","","","","","","","","","","","","","","","",""
"1232.963901","270945","270945","270945","34.931545","34.931545","34.931545","","","","","","","","","","","","","","","","","","","","","","","",""
"1233.9367489814758","","","","","","","","","","","","","97","97","97","44.913230895996094","44.913230895996094","44.913230895996094","","","","","","","","","","","",""
"1239.4204761981964","","","","","","","97","97","97","34.45808410644531","34.45808410644531","34.45808410644531","","","","","","","","","","","","","","","","","",""
"1246.549586","270457","270457","270457","42.178192","42.178192","42.178192","","","","","","","","","","","","","","","","","","","","","","","",""
"1248.0190410614014","","","","","","","","","","","","","94","94","94","34.0344352722168","34.0344352722168","34.0344352722168","","","","","","","","","","","",""
"1256.583279","4209","4209","4209","48.891537","48.891537","48.891537","","","","","","","","","","","","","","","","","","","","","","","",""
"1263.659056","291846","291846","291846","51.38763","51.38763","51.38763","","","","","","","","","","","","","","","","","","","","","","","",""
"1266.5303201675415","96","96","96","33.594966888427734","33.594966888427734","33.594966888427734","","","","","","","","","","","","","","","","","","","","","","","",""
"1267.220097","270107","270107","270107","30.18048","30.18048","30.18048","","","","","","","","","","","","","","","","","","","","","","","",""
"1269.6754660606384","98","98","98","39.9940299987793","39.9940299987793","39.9940299987793","","","","","","","","","","","","","","","","","","","","","","","",""
"1271.548919","4238","4238","4238","30.944681","30.944681","30.944681","","","","","","","","","","","","","","","","","","","","","","","",""
"1272.8816330432892","97","97","97","35.96220016479492","35.96220016479492","35.96220016479492","","","","","","","","","","","","","","","","","","","","","","","",""
"1272.961750984192","","","","","","","96","96","96","38.84065628051758","38.84065628051758","38.84065628051758","","","","","","","","","","","","","","","","","",""
"1278.165625","4238","4238","4238","40.40774","40.40774","40.40774","","","","","","","","","","","","","","","","","","","","","","","",""
"1279.1066331863403","","","","","","","","","","","","","","","","","","","96","96","96","39.26005172729492","39.26005172729492","39.26005172729492","","","","","",""
"1281.648256","291202","291202","291202","42.228313","42.228313","42.228313","","","","","","","","","","","","","","","","","","","","","","","",""
"1282.587764","4238","4238","4238","33.041046","33.041046","33.041046","","","","","","","","","","","","","","","","","","","","","","","",""
"1296.680669","3949","3949","3949","47.508545","47.508545","47.508545","","","","","","","","","","","","","","","","","","","","","","","",""
"1296.855168","270943","270943","270943","40.132275","40.132275","40.132275","","","","","","","","","","","","","","","","","","","","","","","",""
"1296.8817200660706","","","","","","","","","","","","","","","","","","","95","95","95","35.594966888427734","35.594966888427734","35.594966888427734","","","","","",""
"1301.368421","291890","291890","291890","40.65326","40.65326","40.65326","","","","","","","","","","","","","","","","","","","","","","","",""
"1306.63782","4209","4209","4209","31.668125","31.668125","31.668125","","","","","","","","","","","","","","","","","","","","","","","",""
"1307.126131","3949","3949","3949","35.543987","35.543987","35.543987","","","","","","","","","","","","","","","","","","","","","","","",""
"1309.5418601036072","","","","","","","","","","","","","","","","","","","","","","","","","95","95","95","44.904666900634766","44.904666900634766","44.904666900634766"
"1321.685359","291017","291017","291017","50.305916","50.305916","50.305916","","","","","","","","","","","","","","","","","","","","","","","",""
"1322.917928","291383","291383","291383","42.43517","42.43517","42.43517","","","","","","","","","","","","","","","","","","","","","","","",""
"1328.0413219928741","186556","186556","186556","39.08488845825195","39.08488845825195","39.08488845825195","","","","","","","","","","","","","","","","","","","","","","","",""
"1328.9468619823456","","","","","","","97","97","97","38.67747116088867","38.67747116088867","38.67747116088867","","","","","","","","","","","","","","","","","",""
"1331.909249","291660","291660","291660","42.515522","42.515522","42.515522","","","","","","","","","","","","","","","","","","","","","","","",""
"1337.37021","291654","291654","291654","47.403122","47.403122","47.403122","","","","","","","","","","","","","","","","","","","","","","","",""
"1342.999085","291657","291657","291657","36.619297","36.619297","36.619297","","","","","","","","","","","","","","","","","","","","","","","",""
"1345.1164717674255","107","107","107","44.8899040222168","44.8899040222168","44.8899040222168","","","","","","","","","","","","","","","","","","","","","","","",""
"1346.910307","270846","270846","270846","34.925716","34.925716","34.925716","","","","","","","","","","","","","","","","","","","","","","","",""
"1351.584506","291578","291578","291578","45.837013","45.837013","45.837013","","","","","","","","","","","","","","","","","","","","","","","",""
"1351.637985","4498","4498","4498","36.02513","36.02513","36.02513","","","","","","","","","","","","","","","","","","","","","","","",""
"1358.694833","312065","312065","312065","41.9092","41.9092","41.9092","","","","","","","","","","","","","","","","","","","","","","","",""
"1362.0944201946259","","","","","","","","","","","","","107","107","107","38.000144958496094","38.000144958496094","38.000144958496094","","","","","","","","","","","",""
"1371.605175","4527","4527","4527","38.6284","38.6284","38.6284","","","","","","","","","","","","","","","","","","","","","","","",""
"1373.219916","4527","4527","4527","34.093967","34.093967","34.093967","","","","","","","","","","","","","","","","","","","","","","","",""
"1381.5630350112915","","","","","","","","","","","","","107","107","107","37.324668884277344","37.324668884277344","37.324668884277344","","","","","","","","","","","",""
"1381.686821","312314","312314","312314","40.94043","40.94043","40.94043","","","","","","","","","","","","","","","","","","","","","","","",""
"1382.258957","291151","291151","291151","39.37737","39.37737","39.37737","","","","","","","","","","","","","","","","","","","","","","","",""
"1382.659893","4527","4527","4527","40.424595","40.424595","40.424595","","","","","","","","","","","","","","","","","","","","","","","",""
"1391.072406053543","","","","","","","108","108","108","33.10749816894531","33.10749816894531","33.10749816894531","","","","","","","","","","","","","","","","","",""
"1391.741357","4238","4238","4238","43.88407","43.88407","43.88407","","","","","","","","","","","","","","","","","","","","","","","",""
"1400.8316180706024","84","84","84","24.648794174194336","24.648794174194336","24.648794174194336","","","","","","","","","","","","","","","","","","","","","","","",""
"1401.2973101139069","","","","","","","","","","","","","105","105","105","44.66630935668945","44.66630935668945","44.66630935668945","","","","","","","","","","","",""
"1406.40651","312624","312624","312624","43.51343","43.51343","43.51343","","","","","","","","","","","","","","","","","","","","","","","",""
"1406.781231","4498","4498","4498","33.37132","33.37132","33.37132","","","","","","","","","","","","","","","","","","","","","","","",""
"1406.895582","291375","291375","291375","27.328438","27.328438","27.328438","","","","","","","","","","","","","","","","","","","","","","","",""
"1412.92484","4238","4238","4238","34.226627","34.226627","34.226627","","","","","","","","","","","","","","","","","","","","","","","",""
"1424.3937141895294","107","107","107","35.04335403442383","35.04335403442383","35.04335403442383","","","","","","","","","","","","","","","","","","","","","","","",""
"1427.949198","311852","311852","311852","44.379795","44.379795","44.379795","","","","","","","","","","","","","","","","","","","","","","","",""
"1428.4926071166992","108","108","108","33.56935119628906","33.56935119628906","33.56935119628906","","","","","","","","","","","","","","","","","","","","","","","",""
"1429.299782037735","","","","","","","107","107","107","42.85576629638672","42.85576629638672","42.85576629638672","","","","","","","","","","","","","","","","","",""
"1431.725085","312535","312535","312535","41.68714","41.68714","41.68714","","","","","","","","","","","","","","","","","","","","","","","",""
"1432.1957697868347","109","109","109","46.61315155029297","46.61315155029297","46.61315155029297","","","","","","","","","","","","","","","","","","","","","","","",""
"1435.397672176361","","","","","","","","","","","","","","","","","","","106","106","106","57.84318542480469","57.84318542480469","57.84318542480469","","","","","",""
"1436.934725","311970","311970","311970","32.439533","32.439533","32.439533","","","","","","","","","","","","","","","","","","","","","","","",""
"1442.414402","312679","312679","312679","43.274006","43.274006","43.274006","","","","","","","","","","","","","","","","","","","","","","","",""
"1446.769736","4787","4787","4787","40.920837","40.920837","40.920837","","","","","","","","","","","","","","","","","","","","","","","",""
"1451.621722","311801","311801","311801","39.214474","39.214474","39.214474","","","","","","","","","","","","","","","","","","","","","","","",""
"1453.040887","311917","311917","311917","38.475845","38.475845","38.475845","","","","","","","","","","","","","","","","","","","","","","","",""
"1458.387409210205","","","","","","","","","","","","","","","","","","","106","106","106","34.557621002197266","34.557621002197266","34.557621002197266","","","","","",""
"1458.725922","332681","332681","332681","40.117256","40.117256","40.117256","","","","","","","","","","","","","","","","","","","","","","","",""
"1461.944405","291655","291655","291655","38.71022","38.71022","38.71022","","","","","","","","","","","","","","","","","","","","","","","",""
"1471.666643","4816","4816","4816","31.088707","31.088707","31.088707","","","","","","","","","","","","","","","","","","","","","","","",""
"1473.9900331497192","","","","","","","","","","","","","","","","","","","","","","","","","106","106","106","38.980621337890625","38.980621337890625","38.980621337890625"
"1478.283971","4787","4787","4787","39.476536","39.476536","39.476536","","","","","","","","","","","","","","","","","","","","","","","",""
"1481.726607","332990","332990","332990","42.102932","42.102932","42.102932","","","","","","","","","","","","","","","","","","","","","","","",""
"1482.723232","4816","4816","4816","43.769604","43.769604","43.769604","","","","","","","","","","","","","","","","","","","","","","","",""
"1484.3799858093262","117","117","117","40.137474060058594","40.137474060058594","40.137474060058594","","","","","","","","","","","","","","","","","","","","","","","",""
"1488.0431439876556","207120","207120","207120","39.07321548461914","39.07321548461914","39.07321548461914","","","","","","","","","","","","","","","","","","","","","","","",""
"1493.587401","4527","4527","4527","41.758705","41.758705","41.758705","","","","","","","","","","","","","","","","","","","","","","","",""
"1495.2873420715332","","","","","","","108","108","108","39.31038284301758","39.31038284301758","39.31038284301758","","","","","","","","","","","","","","","","","",""
"1497.293557","311802","311802","311802","41.946102","41.946102","41.946102","","","","","","","","","","","","","","","","","","","","","","","",""
"1501.4587371349335","","","","","","","","","","","","","117","117","117","36.3073844909668","36.3073844909668","36.3073844909668","","","","","","","","","","","",""
"1506.851125","4787","4787","4787","42.97938","42.97938","42.97938","","","","","","","","","","","","","","","","","","","","","","","",""
"1511.440455","332820","332820","332820","36.564667","36.564667","36.564667","","","","","","","","","","","","","","","","","","","","","","","",""
"1516.937331","312109","312109","312109","38.38583","38.38583","38.38583","","","","","","","","","","","","","","","","","","","","","","","",""
"1517.987352","4527","4527","4527","40.575","40.575","40.575","","","","","","","","","","","","","","","","","","","","","","","",""
"1520.3572371006012","","","","","","","","","","","","","117","117","117","48.2189826965332","48.2189826965332","48.2189826965332","","","","","","","","","","","",""
"1527.2458260059357","","","","","","","119","119","119","49.485748291015625","49.485748291015625","49.485748291015625","","","","","","","","","","","","","","","","","",""
"1536.761137","332872","332872","332872","43.023537","43.023537","43.023537","","","","","","","","","","","","","","","","","","","","","","","",""
"1537.982154","332789","332789","332789","45.314407","45.314407","45.314407","","","","","","","","","","","","","","","","","","","","","","","",""
"1540.412379026413","","","","","","","","","","","","","116","116","116","36.84651565551758","36.84651565551758","36.84651565551758","","","","","","","","","","","",""
"1546.829638","5076","5076","5076","52.62693","52.62693","52.62693","","","","","","","","","","","","","","","","","","","","","","","",""
"1546.970608","332914","332914","332914","52.325645","52.325645","52.325645","","","","","","","","","","","","","","","","","","","","","","","",""
"1547.451687","333128","333128","333128","43.517303","43.517303","43.517303","","","","","","","","","","","","","","","","","","","","","","","",""
"1556.657307","332888","332888","332888","42.32674","42.32674","42.32674","","","","","","","","","","","","","","","","","","","","","","","",""
"1563.76923","353940","353940","353940","39.158028","39.158028","39.158028","","","","","","","","","","","","","","","","","","","","","","","",""
"1569.5464248657227","118","118","118","38.45686340332031","38.45686340332031","38.45686340332031","","","","","","","","","","","","","","","","","","","","","","","",""
"1573.080547","332647","332647","332647","43.790264","43.790264","43.790264","","","","","","","","","","","","","","","","","","","","","","","",""
"1573.9326441287994","","","","","","","117","117","117","38.68447494506836","38.68447494506836","38.68447494506836","","","","","","","","","","","","","","","","","",""
"1575.8035581111908","117","117","117","42.259944915771484","42.259944915771484","42.259944915771484","","","","","","","","","","","","","","","","","","","","","","","",""
"1576.2542371749878","","","","","","","","","","","","","","","","","","","116","116","116","43.45001220703125","43.45001220703125","43.45001220703125","","","","","",""
"1576.725402","5105","5105","5105","46.49886","46.49886","46.49886","","","","","","","","","","","","","","","","","","","","","","","",""
"1576.981869","311918","311918","311918","44.60406","44.60406","44.60406","","","","","","","","","","","","","","","","","","","","","","","",""
"1578.348954","5076","5076","5076","30.455261","30.455261","30.455261","","","","","","","","","","","","","","","","","","","","","","","",""
"1582.785992","5076","5076","5076","41.1554","41.1554","41.1554","","","","","","","","","","","","","","","","","","","","","","","",""
"1586.772266","354144","354144","354144","45.67905","45.67905","45.67905","","","","","","","","","","","","","","","","","","","","","","","",""
"1586.9005720615387","119","119","119","41.30663299560547","41.30663299560547","41.30663299560547","","","","","","","","","","","","","","","","","","","","","","","",""
"1592.2162761688232","95","95","95","19.238059997558594","19.238059997558594","19.238059997558594","","","","","","","","","","","","","","","","","","","","","","","",""
"1593.641291","4787","4787","4787","38.528362","38.528362","38.528362","","","","","","","","","","","","","","","","","","","","","","","",""
"1606.907919","5076","5076","5076","44.009335","44.009335","44.009335","","","","","","","","","","","","","","","","","","","","","","","",""
"1617.329896","332810","332810","332810","40.20409","40.20409","40.20409","","","","","","","","","","","","","","","","","","","","","","","",""
"1617.5549230575562","","","","","","","","","","","","","","","","","","","116","116","116","37.938785552978516","37.938785552978516","37.938785552978516","","","","","",""
"1621.478507","353444","353444","353444","50.91712","50.91712","50.91712","","","","","","","","","","","","","","","","","","","","","","","",""
"1624.6110649108887","127","127","127","38.926116943359375","38.926116943359375","38.926116943359375","","","","","","","","","","","","","","","","","","","","","","","",""
"1624.8424561023712","","","","","","","","","","","","","","","","","","","","","","","","","116","116","116","42.711151123046875","42.711151123046875","42.711151123046875"
"1628.004345","4816","4816","4816","41.21068","41.21068","41.21068","","","","","","","","","","","","","","","","","","","","","","","",""
"1631.982567","332685","332685","332685","42.39221","42.39221","42.39221","","","","","","","","","","","","","","","","","","","","","","","",""
"1641.6025228500366","","","","","","","119","119","119","32.44707489013672","32.44707489013672","32.44707489013672","","","","","","","","","","","","","","","","","",""
"1648.884836","353325","353325","353325","52.141434","52.141434","52.141434","","","","","","","","","","","","","","","","","","","","","","","",""
"1650.2626659870148","226163","226163","226163","40.907466888427734","40.907466888427734","40.907466888427734","","","","","","","","","","","","","","","","","","","","","","","",""
"1651.799391","354066","354066","354066","40.742126","40.742126","40.742126","","","","","","","","","","","","","","","","","","","","","","","",""
"1651.890482","5336","5336","5336","47.00622","47.00622","47.00622","","","","","","","","","","","","","","","","","","","","","","","",""
"1652.47638","353390","353390","353390","38.06544","38.06544","38.06544","","","","","","","","","","","","","","","","","","","","","","","",""
"1652.7265210151672","","","","","","","","","","","","","127","127","127","35.01628494262695","35.01628494262695","35.01628494262695","","","","","","","","","","","",""
"1661.4120280742645","","","","","","","","","","","","","127","127","127","45.149654388427734","45.149654388427734","45.149654388427734","","","","","","","","","","","",""
"1662.013853","354224","354224","354224","56.881718","56.881718","56.881718","","","","","","","","","","","","","","","","","","","","","","","",""
"1665.4153060913086","","","","","","","129","129","129","34.49468994140625","34.49468994140625","34.49468994140625","","","","","","","","","","","","","","","","","",""
"1666.826886","353890","353890","353890","38.418156","38.418156","38.418156","","","","","","","","","","","","","","","","","","","","","","","",""
"1668.809924","374786","374786","374786","45.79005","45.79005","45.79005","","","","","","","","","","","","","","","","","","","","","","","",""
"1681.79352","5365","5365","5365","46.743423","46.743423","46.743423","","","","","","","","","","","","","","","","","","","","","","","",""
"1683.408173","5365","5365","5365","44.59004","44.59004","44.59004","","","","","","","","","","","","","","","","","","","","","","","",""
"1687.857754","5365","5365","5365","41.95592","41.95592","41.95592","","","","","","","","","","","","","","","","","","","","","","","",""
"1691.829058","374887","374887","374887","42.681965","42.681965","42.681965","","","","","","","","","","","","","","","","","","","","","","","",""
"1694.2430000305176","","","","","","","","","","","","","127","127","127","51.18902587890625","51.18902587890625","51.18902587890625","","","","","","","","","","","",""
"1697.020392","333056","333056","333056","48.457844","48.457844","48.457844","","","","","","","","","","","","","","","","","","","","","","","",""
"1698.125436","353651","353651","353651","44.540592","44.540592","44.540592","","","","","","","","","","","","","","","","","","","","","","","",""
"1698.695865","5076","5076","5076","45.713856","45.713856","45.713856","","","","","","","","","","","","","","","","","","","","","","","",""
"1711.968546","5365","5365","5365","40.39777","40.39777","40.39777","","","","","","","","","","","","","","","","","","","","","","","",""
"1713.9365570545197","128","128","128","31.18297576904297","31.18297576904297","31.18297576904297","","","","","","","","","","","","","","","","","","","","","","","",""
"1716.1944181919098","","","","","","","127","127","127","41.63416290283203","41.63416290283203","41.63416290283203","","","","","","","","","","","","","","","","","",""
"1718.7841970920563","127","127","127","42.031044006347656","42.031044006347656","42.031044006347656","","","","","","","","","","","","","","","","","","","","","","","",""
"1719.7945170402527","","","","","","","","","","","","","","","","","","","127","127","127","54.80628967285156","54.80628967285156","54.80628967285156","","","","","",""
"1730.4110391139984","129","129","129","40.39086151123047","40.39086151123047","40.39086151123047","","","","","","","","","","","","","","","","","","","","","","","",""
"1736.522682","374760","374760","374760","39.06621","39.06621","39.06621","","","","","","","","","","","","","","","","","","","","","","","",""
"1737.364782","353617","353617","353617","47.682587","47.682587","47.682587","","","","","","","","","","","","","","","","","","","","","","","",""
"1742.025777","353276","353276","353276","38.64903","38.64903","38.64903","","","","","","","","","","","","","","","","","","","","","","","",""
"1745.187049","5076","5076","5076","53.95058","53.95058","53.95058","","","","","","","","","","","","","","","","","","","","","","","",""
"1756.940788","5625","5625","5625","39.01806","39.01806","39.01806","","","","","","","","","","","","","","","","","","","","","","","",""
"1761.834843","374188","374188","374188","59.830692","59.830692","59.830692","","","","","","","","","","","","","","","","","","","","","","","",""
"1763.93206","374150","374150","374150","53.40247","53.40247","53.40247","","","","","","","","","","","","","","","","","","","","","","","",""
"1766.877818107605","","","","","","","","","","","","","","","","","","","127","127","127","38.643096923828125","38.643096923828125","38.643096923828125","","","","","",""
"1767.0478022098541","","","","","","","","","","","","","","","","","","","","","","","","","127","127","127","33.12385177612305","33.12385177612305","33.12385177612305"
"1767.520479","374913","374913","374913","52.022087","52.022087","52.022087","","","","","","","","","","","","","","","","","","","","","","","",""
"1767.7357478141785","137","137","137","45.21687316894531","45.21687316894531","45.21687316894531","","","","","","","","","","","","","","","","","","","","","","","",""
"1773.845255","395265","395265","395265","47.559895","47.559895","47.559895","","","","","","","","","","","","","","","","","","","","","","","",""
"1776.864469","374478","374478","374478","37.809464","37.809464","37.809464","","","","","","","","","","","","","","","","","","","","","","","",""
"1777.051858","375175","375175","375175","55.6208","55.6208","55.6208","","","","","","","","","","","","","","","","","","","","","","","",""
"1779.6157462596893","106","106","106","24.92568588256836","24.92568588256836","24.92568588256836","","","","","","","","","","","","","","","","","","","","","","","",""
"1783.8207700252533","","","","","","","129","129","129","28.718109130859375","28.718109130859375","28.718109130859375","","","","","","","","","","","","","","","","","",""
"1788.462146","5654","5654","5654","51.441704","51.441704","51.441704","","","","","","","","","","","","","","","","","","","","","","","",""
"1791.903757","5654","5654","5654","46.51777","46.51777","46.51777","","","","","","","","","","","","","","","","","","","","","","","",""
"1796.873186","395233","395233","395233","56.49382","56.49382","56.49382","","","","","","","","","","","","","","","","","","","","","","","",""
"1797.996975","5654","5654","5654","48.394245","48.394245","48.394245","","","","","","","","","","","","","","","","","","","","","","","",""
"1803.750958","5365","5365","5365","47.86411","47.86411","47.86411","","","","","","","","","","","","","","","","","","","","","","","",""
"1804.5289821624756","","","","","","","","","","","","","137","137","137","45.73641586303711","45.73641586303711","45.73641586303711","","","","","","","","","","","",""
"1805.151417016983","","","","","","","139","139","139","46.14080047607422","46.14080047607422","46.14080047607422","","","","","","","","","","","","","","","","","",""
"1814.8197679519653","","","","","","","","","","","","","137","137","137","37.049720764160156","37.049720764160156","37.049720764160156","","","","","","","","","","","",""
"1815.349072933197","247764","247764","247764","42.2208137512207","42.2208137512207","42.2208137512207","","","","","","","","","","","","","","","","","","","","","","","",""
"1817.036752","5654","5654","5654","38.351723","38.351723","38.351723","","","","","","","","","","","","","","","","","","","","","","","",""
"1817.057851","353287","353287","353287","43.68239","43.68239","43.68239","","","","","","","","","","","","","","","","","","","","","","","",""
"1818.173273","374177","374177","374177","44.889824","44.889824","44.889824","","","","","","","","","","","","","","","","","","","","","","","",""
"1837.2237391471863","","","","","","","","","","","","","137","137","137","32.23515701293945","32.23515701293945","32.23515701293945","","","","","","","","","","","",""
"1851.572279","395504","395504","395504","55.308514","55.308514","55.308514","","","","","","","","","","","","","","","","","","","","","","","",""
"1860.25652","5365","5365","5365","41.464188","41.464188","41.464188","","","","","","","","","","","","","","","","","","","","","","","",""
"1860.5469999313354","","","","","","","138","138","138","34.81034851074219","34.81034851074219","34.81034851074219","","","","","","","","","","","","","","","","","",""
"1862.075125","374709","374709","374709","39.24097","39.24097","39.24097","","","","","","","","","","","","","","","","","","","","","","","",""
"1863.8016002178192","138","138","138","40.78978729248047","40.78978729248047","40.78978729248047","","","","","","","","","","","","","","","","","","","","","","","",""
"1867.009552","5914","5914","5914","60.731068","60.731068","60.731068","","","","","","","","","","","","","","","","","","","","","","","",""
"1867.2650158405304","139","139","139","39.83167266845703","39.83167266845703","39.83167266845703","","","","","","","","","","","","","","","","","","","","","","","",""
"1869.276136","374752","374752","374752","46.77307","46.77307","46.77307","","","","","","","","","","","","","","","","","","","","","","","",""
"1870.3910171985626","","","","","","","","","","","","","","","","","","","138","138","138","54.94999313354492","54.94999313354492","54.94999313354492","","","","","",""
"1876.1659500598907","139","139","139","42.097320556640625","42.097320556640625","42.097320556640625","","","","","","","","","","","","","","","","","","","","","","","",""
"1877.557473","395050","395050","395050","47.231716","47.231716","47.231716","","","","","","","","","","","","","","","","","","","","","","","",""
"1881.882287","395730","395730","395730","45.110325","45.110325","45.110325","","","","","","","","","","","","","","","","","","","","","","","",""
"1883.890067","416216","416216","416216","42.364475","42.364475","42.364475","","","","","","","","","","","","","","","","","","","","","","","",""
"1883.97589","395520","395520","395520","48.44881","48.44881","48.44881","","","","","","","","","","","","","","","","","","","","","","","",""
"1891.914687","395724","395724","395724","36.371532","36.371532","36.371532","","","","","","","","","","","","","","","","","","","","","","","",""
"1892.110884","395531","395531","395531","49.81427","49.81427","49.81427","","","","","","","","","","","","","","","","","","","","","","","",""
"1898.531917","5943","5943","5943","53.05666","53.05666","53.05666","","","","","","","","","","","","","","","","","","","","","","","",""
"1901.973875","5943","5943","5943","49.733875","49.733875","49.733875","","","","","","","","","","","","","","","","","","","","","","","",""
"1903.067464","5943","5943","5943","38.877323","38.877323","38.877323","","","","","","","","","","","","","","","","","","","","","","","",""
"1906.9302","416128","416128","416128","51.50483","51.50483","51.50483","","","","","","","","","","","","","","","","","","","","","","","",""
"1912.1206350326538","","","","","","","","","","","","","","","","","","","","","","","","","138","138","138","42.53889846801758","42.53889846801758","42.53889846801758"
"1913.5434367656708","148","148","148","49.285484313964844","49.285484313964844","49.285484313964844","","","","","","","","","","","","","","","","","","","","","","","",""
"1913.815942","5654","5654","5654","50.68245","50.68245","50.68245","","","","","","","","","","","","","","","","","","","","","","","",""
"1920.7419409751892","","","","","","","","","","","","","","","","","","","138","138","138","48.823429107666016","48.823429107666016","48.823429107666016","","","","","",""
"1922.098516","5914","5914","5914","50.64147","50.64147","50.64147","","","","","","","","","","","","","","","","","","","","","","","",""
"1928.705148935318","","","","","","","139","139","139","45.11673355102539","45.11673355102539","45.11673355102539","","","","","","","","","","","","","","","","","",""
"1938.216087","394963","394963","394963","47.041725","47.041725","47.041725","","","","","","","","","","","","","","","","","","","","","","","",""
"1947.099314","374762","374762","374762","43.377514","43.377514","43.377514","","","","","","","","","","","","","","","","","","","","","","","",""
"1947.7623331546783","","","","","","","149","149","149","42.325439453125","42.325439453125","42.325439453125","","","","","","","","","","","","","","","","","",""
"1950.414948940277","","","","","","","","","","","","","148","148","148","46.48225021362305","46.48225021362305","46.48225021362305","","","","","","","","","","","",""
"1956.9238290786743","116","116","116","20.966829299926758","20.966829299926758","20.966829299926758","","","","","","","","","","","","","","","","","","","","","","","",""
"1966.626345","415857","415857","415857","63.635788","63.635788","63.635788","","","","","","","","","","","","","","","","","","","","","","","",""
"1972.1921529769897","","","","","","","","","","","","","147","147","147","39.195247650146484","39.195247650146484","39.195247650146484","","","","","","","","","","","",""
"1975.322748","5654","5654","5654","34.49412","34.49412","34.49412","","","","","","","","","","","","","","","","","","","","","","","",""
"1977.050555","6203","6203","6203","50.942375","50.942375","50.942375","","","","","","","","","","","","","","","","","","","","","","","",""
"1977.124569","395194","395194","395194","39.8778","39.8778","39.8778","","","","","","","","","","","","","","","","","","","","","","","",""
"1983.1848058700562","268660","268660","268660","45.78766632080078","45.78766632080078","45.78766632080078","","","","","","","","","","","","","","","","","","","","","","","",""
"1983.5454351902008","","","","","","","","","","","","","147","147","147","54.558738708496094","54.558738708496094","54.558738708496094","","","","","","","","","","","",""
"1989.389869","394884","394884","394884","42.47721","42.47721","42.47721","","","","","","","","","","","","","","","","","","","","","","","",""
"1992.601983","415785","415785","415785","39.197563","39.197563","39.197563","","","","","","","","","","","","","","","","","","","","","","","",""
"1993.925996","436869","436869","436869","35.791664","35.791664","35.791664","","","","","","","","","","","","","","","","","","","","","","","",""
"1996.921354","416586","416586","416586","50.396145","50.396145","50.396145","","","","","","","","","","","","","","","","","","","","","","","",""
"2004.015525","416522","416522","416522","42.647797","42.647797","42.647797","","","","","","","","","","","","","","","","","","","","","","","",""
"2006.961577","416379","416379","416379","43.25299","43.25299","43.25299","","","","","","","","","","","","","","","","","","","","","","","",""
"2007.5380640029907","","","","","","","149","149","149","45.41944885253906","45.41944885253906","45.41944885253906","","","","","","","","","","","","","","","","","",""
"2011.345864057541","149","149","149","43.823463439941406","43.823463439941406","43.823463439941406","","","","","","","","","","","","","","","","","","","","","","","",""
"2012.000903","6232","6232","6232","36.69235","36.69235","36.69235","","","","","","","","","","","","","","","","","","","","","","","",""
"2013.598934","6203","6203","6203","42.397034","42.397034","42.397034","","","","","","","","","","","","","","","","","","","","","","","",""
"2014.7473769187927","149","149","149","40.55098342895508","40.55098342895508","40.55098342895508","","","","","","","","","","","","","","","","","","","","","","","",""
"2016.98245","436617","436617","436617","51.64082","51.64082","51.64082","","","","","","","","","","","","","","","","","","","","","","","",""
"2017.105797","416760","416760","416760","48.04206","48.04206","48.04206","","","","","","","","","","","","","","","","","","","","","","","",""
"2018.146701","6232","6232","6232","41.25311","41.25311","41.25311","","","","","","","","","","","","","","","","","","","","","","","",""
"2023.89809","5914","5914","5914","74.235306","74.235306","74.235306","","","","","","","","","","","","","","","","","","","","","","","",""
"2024.3827421665192","150","150","150","38.549957275390625","38.549957275390625","38.549957275390625","","","","","","","","","","","","","","","","","","","","","","","",""
"2032.178156","6203","6203","6203","53.169697","53.169697","53.169697","","","","","","","","","","","","","","","","","","","","","","","",""
"2035.882112979889","","","","","","","","","","","","","","","","","","","148","148","148","39.24656295776367","39.24656295776367","39.24656295776367","","","","","",""
"2059.8335831165314","","","","","","","","","","","","","","","","","","","","","","","","","148","148","148","32.193416595458984","32.193416595458984","32.193416595458984"
"2062.5068879127502","159","159","159","51.03532791137695","51.03532791137695","51.03532791137695","","","","","","","","","","","","","","","","","","","","","","","",""
"2063.25624","415844","415844","415844","48.49511","48.49511","48.49511","","","","","","","","","","","","","","","","","","","","","","","",""
"2067.677042","394909","394909","394909","36.074944","36.074944","36.074944","","","","","","","","","","","","","","","","","","","","","","","",""
"2075.867506980896","","","","","","","150","150","150","41.14181900024414","41.14181900024414","41.14181900024414","","","","","","","","","","","","","","","","","",""
"2076.518846988678","","","","","","","","","","","","","","","","","","","149","149","149","33.225257873535156","33.225257873535156","33.225257873535156","","","","","",""
"2086.919778","436794","436794","436794","53.02848","53.02848","53.02848","","","","","","","","","","","","","","","","","","","","","","","",""
"2087.105436","6463","6463","6463","71.82554","71.82554","71.82554","","","","","","","","","","","","","","","","","","","","","","","",""
"2092.9905169010162","","","","","","","160","160","160","47.852725982666016","47.852725982666016","47.852725982666016","","","","","","","","","","","","","","","","","",""
"2095.389783","5943","5943","5943","52.90803","52.90803","52.90803","","","","","","","","","","","","","","","","","","","","","","","",""
"2097.168656","416146","416146","416146","47.422012","47.422012","47.422012","","","","","","","","","","","","","","","","","","","","","","","",""
"2099.2784430980682","","","","","","","","","","","","","159","159","159","38.801307678222656","38.801307678222656","38.801307678222656","","","","","","","","","","","",""
"2111.960141","436925","436925","436925","42.278263","42.278263","42.278263","","","","","","","","","","","","","","","","","","","","","","","",""
"2112.647909","436966","436966","436966","43.32544","43.32544","43.32544","","","","","","","","","","","","","","","","","","","","","","","",""
"2113.963162","457381","457381","457381","35.11928","35.11928","35.11928","","","","","","","","","","","","","","","","","","","","","","","",""
"2119.437787","416156","416156","416156","59.95442","59.95442","59.95442","","","","","","","","","","","","","","","","","","","","","","","",""
"2122.010296","436840","436840","436840","36.33195","36.33195","36.33195","","","","","","","","","","","","","","","","","","","","","","","",""
"2123.695997","6492","6492","6492","35.89201","35.89201","35.89201","","","","","","","","","","","","","","","","","","","","","","","",""
"2124.055738","437281","437281","437281","79.42969","79.42969","79.42969","","","","","","","","","","","","","","","","","","","","","","","",""
"2127.070314","6521","6521","6521","47.742367","47.742367","47.742367","","","","","","","","","","","","","","","","","","","","","","","",""
"2128.209226","6521","6521","6521","41.574005","41.574005","41.574005","","","","","","","","","","","","","","","","","","","","","","","",""
"2132.011474132538","","","","","","","","","","","","","158","158","158","38.811981201171875","38.811981201171875","38.811981201171875","","","","","","","","","","","",""
"2132.026345","457645","457645","457645","45.350468","45.350468","45.350468","","","","","","","","","","","","","","","","","","","","","","","",""
"2133.967604","6203","6203","6203","36.24639","36.24639","36.24639","","","","","","","","","","","","","","","","","","","","","","","",""
"2134.6061391830444","","","","","","","","","","","","","158","158","158","53.18455123901367","53.18455123901367","53.18455123901367","","","","","","","","","","","",""
"2135.8911230564117","126","126","126","31.88931655883789","31.88931655883789","31.88931655883789","","","","","","","","","","","","","","","","","","","","","","","",""
"2137.170544","437058","437058","437058","102.98585","102.98585","102.98585","","","","","","","","","","","","","","","","","","","","","","","",""
"2142.238309","6492","6492","6492","35.78","35.78","35.78","","","","","","","","","","","","","","","","","","","","","","","",""
"2153.182058095932","289213","289213","289213","52.400184631347656","52.400184631347656","52.400184631347656","","","","","","","","","","","","","","","","","","","","","","","",""
"2157.5890481472015","","","","","","","160","160","160","36.903812408447266","36.903812408447266","36.903812408447266","","","","","","","","","","","","","","","","","",""
"2161.310474872589","160","160","160","45.165626525878906","45.165626525878906","45.165626525878906","","","","","","","","","","","","","","","","","","","","","","","",""
"2164.510934114456","160","160","160","38.494625091552734","38.494625091552734","38.494625091552734","","","","","","","","","","","","","","","","","","","","","","","",""
"2175.48588013649","161","161","161","49.145294189453125","49.145294189453125","49.145294189453125","","","","","","","","","","","","","","","","","","","","","","","",""
"2188.296936","436872","436872","436872","66.3154","66.3154","66.3154","","","","","","","","","","","","","","","","","","","","","","","",""
"2194.9247221946716","","","","","","","","","","","","","","","","","","","158","158","158","46.00797653198242","46.00797653198242","46.00797653198242","","","","","",""
"2202.160317","6752","6752","6752","95.908554","95.908554","95.908554","","","","","","","","","","","","","","","","","","","","","","","",""
"2210.4423990249634","","","","","","","","","","","","","","","","","","","","","","","","","158","158","158","55.17338180541992","55.17338180541992","55.17338180541992"
"2212.085771","458054","458054","458054","59.633408","59.633408","59.633408","","","","","","","","","","","","","","","","","","","","","","","",""
"2213.404254","6232","6232","6232","35.634895","35.634895","35.634895","","","","","","","","","","","","","","","","","","","","","","","",""
"2214.139008998871","169","169","169","39.94975280761719","39.94975280761719","39.94975280761719","","","","","","","","","","","","","","","","","","","","","","","",""
"2217.211951","437119","437119","437119","42.725914","42.725914","42.725914","","","","","","","","","","","","","","","","","","","","","","","",""
"2225.895056962967","","","","","","","161","161","161","36.4860954284668","36.4860954284668","36.4860954284668","","","","","","","","","","","","","","","","","",""
"2230.933339","416215","416215","416215","37.221767","37.221767","37.221767","","","","","","","","","","","","","","","","","","","","","","","",""
"2232.002778","457841","457841","457841","50.21822","50.21822","50.21822","","","","","","","","","","","","","","","","","","","","","","","",""
"2232.694394","457877","457877","457877","65.642876","65.642876","65.642876","","","","","","","","","","","","","","","","","","","","","","","",""
"2233.999723","478194","478194","478194","44.930073","44.930073","44.930073","","","","","","","","","","","","","","","","","","","","","","","",""
"2235.026757001877","","","","","","","","","","","","","","","","","","","159","159","159","42.72064208984375","42.72064208984375","42.72064208984375","","","","","",""
"2238.770727","6781","6781","6781","49.08637","49.08637","49.08637","","","","","","","","","","","","","","","","","","","","","","","",""
"2241.4565539360046","","","","","","","170","170","170","52.53804016113281","52.53804016113281","52.53804016113281","","","","","","","","","","","","","","","","","",""
"2242.27327","457731","457731","457731","37.27354","37.27354","37.27354","","","","","","","","","","","","","","","","","","","","","","","",""
"2243.289273","6781","6781","6781","32.897274","32.897274","32.897274","","","","","","","","","","","","","","","","","","","","","","","",""
"2244.099889","457585","457585","457585","68.62047","68.62047","68.62047","","","","","","","","","","","","","","","","","","","","","","","",""
"2244.475162","436588","436588","436588","52.757114","52.757114","52.757114","","","","","","","","","","","","","","","","","","","","","","","",""
"2247.146191","6781","6781","6781","82.65323","82.65323","82.65323","","","","","","","","","","","","","","","","","","","","","","","",""
"2249.035181","6492","6492","6492","77.8336","77.8336","77.8336","","","","","","","","","","","","","","","","","","","","","","","",""
"2251.5989332199097","","","","","","","","","","","","","170","170","170","40.44598388671875","40.44598388671875","40.44598388671875","","","","","","","","","","","",""
"2252.086411","479074","479074","479074","55.866707","55.866707","55.866707","","","","","","","","","","","","","","","","","","","","","","","",""
"2257.310114","6781","6781","6781","48.250458","48.250458","48.250458","","","","","","","","","","","","","","","","","","","","","","","",""
"2267.217248","458554","458554","458554","65.33152","65.33152","65.33152","","","","","","","","","","","","","","","","","","","","","","","",""
"2288.3327460289","","","","","","","","","","","","","169","169","169","47.671634674072266","47.671634674072266","47.671634674072266","","","","","","","","","","","",""
"2289.4955780506134","","","","","","","","","","","","","169","169","169","42.663047790527344","42.663047790527344","42.663047790527344","","","","","","","","","","","",""
"2310.548495054245","","","","","","","171","171","171","45.2235107421875","45.2235107421875","45.2235107421875","","","","","","","","","","","","","","","","","",""
"2313.339786","457540","457540","457540","50.039307","50.039307","50.039307","","","","","","","","","","","","","","","","","","","","","","","",""
"2314.2022619247437","170","170","170","44.840965270996094","44.840965270996094","44.840965270996094","","","","","","","","","","","","","","","","","","","","","","","",""
"2317.5301163196564","136","136","136","24.947280883789062","24.947280883789062","24.947280883789062","","","","","","","","","","","","","","","","","","","","","","","",""
"2318.136449098587","170","170","170","49.14574432373047","49.14574432373047","49.14574432373047","","","","","","","","","","","","","","","","","","","","","","","",""
"2320.969484","436718","436718","436718","62.588516","62.588516","62.588516","","","","","","","","","","","","","","","","","","","","","","","",""
"2326.5466828346252","309781","309781","309781","62.26318359375","62.26318359375","62.26318359375","","","","","","","","","","","","","","","","","","","","","","","",""
"2327.208815","7041","7041","7041","65.68331","65.68331","65.68331","","","","","","","","","","","","","","","","","","","","","","","",""
"2328.475995","6521","6521","6521","39.838364","39.838364","39.838364","","","","","","","","","","","","","","","","","","","","","","","",""
"2329.6379120349884","171","171","171","69.62696838378906","69.62696838378906","69.62696838378906","","","","","","","","","","","","","","","","","","","","","","","",""
"2337.138751","478872","478872","478872","65.74684","65.74684","65.74684","","","","","","","","","","","","","","","","","","","","","","","",""
"2337.253827","457957","457957","457957","43.48226","43.48226","43.48226","","","","","","","","","","","","","","","","","","","","","","","",""
"2352.053126","478563","478563","478563","42.931774","42.931774","42.931774","","","","","","","","","","","","","","","","","","","","","","","",""
"2352.73401","478451","478451","478451","49.10238","49.10238","49.10238","","","","","","","","","","","","","","","","","","","","","","","",""
"2358.280271053314","","","","","","","","","","","","","","","","","","","169","169","169","35.57000732421875","35.57000732421875","35.57000732421875","","","","","",""
"2358.844009","7070","7070","7070","63.14158","63.14158","63.14158","","","","","","","","","","","","","","","","","","","","","","","",""
"2359.039716","499479","499479","499479","53.087635","53.087635","53.087635","","","","","","","","","","","","","","","","","","","","","","","",""
"2362.22051","7070","7070","7070","83.06262","83.06262","83.06262","","","","","","","","","","","","","","","","","","","","","","","",""
"2362.326239","478191","478191","478191","39.750397","39.750397","39.750397","","","","","","","","","","","","","","","","","","","","","","","",""
"2363.3514699935913","","","","","","","","","","","","","","","","","","","","","","","","","168","168","168","39.65321731567383","39.65321731567383","39.65321731567383"
"2363.372821","7070","7070","7070","42.797623","42.797623","42.797623","","","","","","","","","","","","","","","","","","","","","","","",""
"2364.100237","6752","6752","6752","63.862576","63.862576","63.862576","","","","","","","","","","","","","","","","","","","","","","","",""
"2367.124776","499082","499082","499082","66.8996","66.8996","66.8996","","","","","","","","","","","","","","","","","","","","","","","",""
"2369.140804","478439","478439","478439","48.26863","48.26863","48.26863","","","","","","","","","","","","","","","","","","","","","","","",""
"2369.518237","457730","457730","457730","58.789494","58.789494","58.789494","","","","","","","","","","","","","","","","","","","","","","","",""
"2369.651086807251","179","179","179","44.275211334228516","44.275211334228516","44.275211334228516","","","","","","","","","","","","","","","","","","","","","","","",""
"2372.378985","7041","7041","7041","54.930668","54.930668","54.930668","","","","","","","","","","","","","","","","","","","","","","","",""
"2379.4351890087128","","","","","","","172","172","172","44.03647232055664","44.03647232055664","44.03647232055664","","","","","","","","","","","","","","","","","",""
"2392.022602081299","","","","","","","180","180","180","39.74580764770508","39.74580764770508","39.74580764770508","","","","","","","","","","","","","","","","","",""
"2392.284391","478811","478811","478811","70.57996","70.57996","70.57996","","","","","","","","","","","","","","","","","","","","","","","",""
"2396.590683221817","","","","","","","","","","","","","","","","","","","169","169","169","46.97621536254883","46.97621536254883","46.97621536254883","","","","","",""
"2406.830505132675","","","","","","","","","","","","","180","180","180","53.56977081298828","53.56977081298828","53.56977081298828","","","","","","","","","","","",""
"2443.410035133362","","","","","","","","","","","","","180","180","180","41.374366760253906","41.374366760253906","41.374366760253906","","","","","","","","","","","",""
"2446.011156","458025","458025","458025","41.41477","41.41477","41.41477","","","","","","","","","","","","","","","","","","","","","","","",""
"2448.398625","478899","478899","478899","44.91651","44.91651","44.91651","","","","","","","","","","","","","","","","","","","","","","","",""
"2448.4710030555725","","","","","","","","","","","","","179","179","179","43.01117706298828","43.01117706298828","43.01117706298828","","","","","","","","","","","",""
"2453.576679","6781","6781","6781","49.322628","49.322628","49.322628","","","","","","","","","","","","","","","","","","","","","","","",""
"2457.266876","7301","7301","7301","48.70031","48.70031","48.70031","","","","","","","","","","","","","","","","","","","","","","","",""
"2457.300024","478363","478363","478363","54.44074","54.44074","54.44074","","","","","","","","","","","","","","","","","","","","","","","",""
"2462.1877","499329","499329","499329","55.81865","55.81865","55.81865","","","","","","","","","","","","","","","","","","","","","","","",""
"2466.572594165802","","","","","","","181","181","181","54.13484573364258","54.13484573364258","54.13484573364258","","","","","","","","","","","","","","","","","",""
"2469.446666955948","181","181","181","43.27242660522461","43.27242660522461","43.27242660522461","","","","","","","","","","","","","","","","","","","","","","","",""
"2474.379364013672","180","180","180","41.96558380126953","41.96558380126953","41.96558380126953","","","","","","","","","","","","","","","","","","","","","","","",""
"2477.798596","499310","499310","499310","48.23673","48.23673","48.23673","","","","","","","","","","","","","","","","","","","","","","","",""
"2478.905423","7330","7330","7330","43.79159","43.79159","43.79159","","","","","","","","","","","","","","","","","","","","","","","",""
"2479.100358","499754","499754","499754","63.025017","63.025017","63.025017","","","","","","","","","","","","","","","","","","","","","","","",""
"2479.169192","7041","7041","7041","67.85005","67.85005","67.85005","","","","","","","","","","","","","","","","","","","","","","","",""
"2482.290691","7359","7359","7359","51.36561","51.36561","51.36561","","","","","","","","","","","","","","","","","","","","","","","",""
"2483.452808","7359","7359","7359","38.465042","38.465042","38.465042","","","","","","","","","","","","","","","","","","","","","","","",""
"2484.083809","519767","519767","519767","44.206116","44.206116","44.206116","","","","","","","","","","","","","","","","","","","","","","","",""
"2486.712182998657","181","181","181","45.92930603027344","45.92930603027344","45.92930603027344","","","","","","","","","","","","","","","","","","","","","","","",""
"2487.377848","499047","499047","499047","46.63763","46.63763","46.63763","","","","","","","","","","","","","","","","","","","","","","","",""
"2487.46969","7330","7330","7330","51.388336","51.388336","51.388336","","","","","","","","","","","","","","","","","","","","","","","",""
"2492.170341","520650","520650","520650","44.699677","44.699677","44.699677","","","","","","","","","","","","","","","","","","","","","","","",""
"2494.559368","478657","478657","478657","55.72904","55.72904","55.72904","","","","","","","","","","","","","","","","","","","","","","","",""
"2499.185507","499708","499708","499708","40.183826","40.183826","40.183826","","","","","","","","","","","","","","","","","","","","","","","",""
"2501.473224878311","330336","330336","330336","53.219520568847656","53.219520568847656","53.219520568847656","","","","","","","","","","","","","","","","","","","","","","","",""
"2502.5151948928833","147","147","147","18.832550048828125","18.832550048828125","18.832550048828125","","","","","","","","","","","","","","","","","","","","","","","",""
"2519.756094932556","","","","","","","","","","","","","","","","","","","","","","","","","178","178","178","36.51545715332031","36.51545715332031","36.51545715332031"
"2522.2742199897766","","","","","","","","","","","","","","","","","","","179","179","179","67.13796997070312","67.13796997070312","67.13796997070312","","","","","",""
"2527.004649877548","190","190","190","37.55788803100586","37.55788803100586","37.55788803100586","","","","","","","","","","","","","","","","","","","","","","","",""
"2527.454226","500482","500482","500482","82.22477","82.22477","82.22477","","","","","","","","","","","","","","","","","","","","","","","",""
"2535.516560792923","","","","","","","182","182","182","41.545860290527344","41.545860290527344","41.545860290527344","","","","","","","","","","","","","","","","","",""
"2545.4605259895325","","","","","","","191","191","191","29.208698272705078","29.208698272705078","29.208698272705078","","","","","","","","","","","","","","","","","",""
"2560.671283006668","","","","","","","","","","","","","","","","","","","180","180","180","40.87061309814453","40.87061309814453","40.87061309814453","","","","","",""
"2564.951413154602","","","","","","","","","","","","","190","190","190","57.79031753540039","57.79031753540039","57.79031753540039","","","","","","","","","","","",""
"2569.558972","478422","478422","478422","38.033203","38.033203","38.033203","","","","","","","","","","","","","","","","","","","","","","","",""
"2573.656498","7070","7070","7070","48.49238","48.49238","48.49238","","","","","","","","","","","","","","","","","","","","","","","",""
"2577.319578","7590","7590","7590","83.32923","83.32923","83.32923","","","","","","","","","","","","","","","","","","","","","","","",""
"2578.453","499145","499145","499145","34.570053","34.570053","34.570053","","","","","","","","","","","","","","","","","","","","","","","",""
"2587.363097","499389","499389","499389","62.42102","62.42102","62.42102","","","","","","","","","","","","","","","","","","","","","","","",""
"2592.27156","520351","520351","520351","68.3273","68.3273","68.3273","","","","","","","","","","","","","","","","","","","","","","","",""
"2598.964662","7619","7619","7619","53.601013","53.601013","53.601013","","","","","","","","","","","","","","","","","","","","","","","",""
"2599.241323","7330","7330","7330","49.747444","49.747444","49.747444","","","","","","","","","","","","","","","","","","","","","","","",""
"2601.8349401950836","","","","","","","","","","","","","190","190","190","45.22962951660156","45.22962951660156","45.22962951660156","","","","","","","","","","","",""
"2602.842824","519944","519944","519944","48.207615","48.207615","48.207615","","","","","","","","","","","","","","","","","","","","","","","",""
"2603.531181","7648","7648","7648","40.50021","40.50021","40.50021","","","","","","","","","","","","","","","","","","","","","","","",""
"2604.150468","520657","520657","520657","49.229725","49.229725","49.229725","","","","","","","","","","","","","","","","","","","","","","","",""
"2607.367322","7619","7619","7619","74.60692","74.60692","74.60692","","","","","","","","","","","","","","","","","","","","","","","",""
"2607.548244","7619","7619","7619","65.45567","65.45567","65.45567","","","","","","","","","","","","","","","","","","","","","","","",""
"2613.1365790367126","","","","","","","","","","","","","189","189","189","38.23720932006836","38.23720932006836","38.23720932006836","","","","","","","","","","","",""
"2614.154394","540890","540890","540890","44.140583","44.140583","44.140583","","","","","","","","","","","","","","","","","","","","","","","",""
"2617.217369","541485","541485","541485","65.93705","65.93705","65.93705","","","","","","","","","","","","","","","","","","","","","","","",""
"2617.425588","520336","520336","520336","36.939426","36.939426","36.939426","","","","","","","","","","","","","","","","","","","","","","","",""
"2624.605442","499468","499468","499468","69.88093","69.88093","69.88093","","","","","","","","","","","","","","","","","","","","","","","",""
"2626.454866170883","","","","","","","192","192","192","39.10942077636719","39.10942077636719","39.10942077636719","","","","","","","","","","","","","","","","","",""
"2628.0083889961243","191","191","191","48.67326736450195","48.67326736450195","48.67326736450195","","","","","","","","","","","","","","","","","","","","","","","",""
"2629.237873","520559","520559","520559","49.392937","49.392937","49.392937","","","","","","","","","","","","","","","","","","","","","","","",""
"2634.723776102066","190","190","190","36.92375564575195","36.92375564575195","36.92375564575195","","","","","","","","","","","","","","","","","","","","","","","",""
"2646.3823602199554","192","192","192","60.66773986816406","60.66773986816406","60.66773986816406","","","","","","","","","","","","","","","","","","","","","","","",""
"2657.495896","521076","521076","521076","99.94765","99.94765","99.94765","","","","","","","","","","","","","","","","","","","","","","","",""
"2679.2544078826904","350860","350860","350860","48.65016555786133","48.65016555786133","48.65016555786133","","","","","","","","","","","","","","","","","","","","","","","",""
"2679.4384491443634","","","","","","","","","","","","","","","","","","","","","","","","","188","188","188","56.35865783691406","56.35865783691406","56.35865783691406"
"2680.9090189933777","","","","","","","","","","","","","","","","","","","189","189","189","65.69966888427734","65.69966888427734","65.69966888427734","","","","","",""
"2687.428552865982","201","201","201","42.74742889404297","42.74742889404297","42.74742889404297","","","","","","","","","","","","","","","","","","","","","","","",""
"2691.5040941238403","157","157","157","34.01538848876953","34.01538848876953","34.01538848876953","","","","","","","","","","","","","","","","","","","","","","","",""
"2694.9886689186096","","","","","","","192","192","192","49.24360656738281","49.24360656738281","49.24360656738281","","","","","","","","","","","","","","","","","",""
"2702.373035","7850","7850","7850","74.58977","74.58977","74.58977","","","","","","","","","","","","","","","","","","","","","","","",""
"2702.4262521266937","","","","","","","202","202","202","59.792354583740234","59.792354583740234","59.792354583740234","","","","","","","","","","","","","","","","","",""
"2704.600747","499160","499160","499160","48.237457","48.237457","48.237457","","","","","","","","","","","","","","","","","","","","","","","",""
"2708.732016","7359","7359","7359","38.31114","38.31114","38.31114","","","","","","","","","","","","","","","","","","","","","","","",""
"2713.507309","520079","520079","520079","61.372124","61.372124","61.372124","","","","","","","","","","","","","","","","","","","","","","","",""
"2717.419188","519943","519943","519943","61.556534","61.556534","61.556534","","","","","","","","","","","","","","","","","","","","","","","",""
"2722.319387","540993","540993","540993","51.559124","51.559124","51.559124","","","","","","","","","","","","","","","","","","","","","","","",""
"2724.041471","7908","7908","7908","75.930626","75.930626","75.930626","","","","","","","","","","","","","","","","","","","","","","","",""
"2724.314805","7590","7590","7590","44.412895","44.412895","44.412895","","","","","","","","","","","","","","","","","","","","","","","",""
"2726.036994934082","","","","","","","","","","","","","200","200","200","79.77421569824219","79.77421569824219","79.77421569824219","","","","","","","","","","","",""
"2727.773596048355","","","","","","","","","","","","","","","","","","","190","190","190","46.976619720458984","46.976619720458984","46.976619720458984","","","","","",""
"2728.593709","7908","7908","7908","42.96927","42.96927","42.96927","","","","","","","","","","","","","","","","","","","","","","","",""
"2729.199635","541353","541353","541353","61.761806","61.761806","61.761806","","","","","","","","","","","","","","","","","","","","","","","",""
"2732.436084","7908","7908","7908","82.86064","82.86064","82.86064","","","","","","","","","","","","","","","","","","","","","","","",""
"2732.591924","7908","7908","7908","87.844055","87.844055","87.844055","","","","","","","","","","","","","","","","","","","","","","","",""
"2732.891512","541029","541029","541029","46.959316","46.959316","46.959316","","","","","","","","","","","","","","","","","","","","","","","",""
"2742.272788","561894","561894","561894","98.27497","98.27497","98.27497","","","","","","","","","","","","","","","","","","","","","","","",""
"2742.479718","540575","540575","540575","37.236485","37.236485","37.236485","","","","","","","","","","","","","","","","","","","","","","","",""
"2749.198579","561771","561771","561771","42.03993","42.03993","42.03993","","","","","","","","","","","","","","","","","","","","","","","",""
"2759.289123","541046","541046","541046","82.117134","82.117134","82.117134","","","","","","","","","","","","","","","","","","","","","","","",""
"2764.649554","520678","520678","520678","63.515663","63.515663","63.515663","","","","","","","","","","","","","","","","","","","","","","","",""
"2771.0596590042114","","","","","","","","","","","","","200","200","200","65.7591323852539","65.7591323852539","65.7591323852539","","","","","","","","","","","",""
"2781.1910860538483","","","","","","","","","","","","","199","199","199","43.502201080322266","43.502201080322266","43.502201080322266","","","","","","","","","","","",""
"2791.614772081375","202","202","202","59.32733154296875","59.32733154296875","59.32733154296875","","","","","","","","","","","","","","","","","","","","","","","",""
"2797.545466","543223","543223","543223","216.52156","216.52156","216.52156","","","","","","","","","","","","","","","","","","","","","","","",""
"2799.7340199947357","201","201","201","53.48166275024414","53.48166275024414","53.48166275024414","","","","","","","","","","","","","","","","","","","","","","","",""
"2805.2149980068207","","","","","","","202","202","202","69.58323669433594","69.58323669433594","69.58323669433594","","","","","","","","","","","","","","","","","",""
"2809.105036020279","202","202","202","63.287960052490234","63.287960052490234","63.287960052490234","","","","","","","","","","","","","","","","","","","","","","","",""
"2827.430371","8139","8139","8139","100.49779","100.49779","100.49779","","","","","","","","","","","","","","","","","","","","","","","",""
"2838.807946","7648","7648","7648","48.473026","48.473026","48.473026","","","","","","","","","","","","","","","","","","","","","","","",""
"2839.649566","520145","520145","520145","51.756775","51.756775","51.756775","","","","","","","","","","","","","","","","","","","","","","","",""
"2842.3556611537933","","","","","","","","","","","","","","","","","","","","","","","","","199","199","199","50.76358413696289","50.76358413696289","50.76358413696289"
"2843.0461180210114","","","","","","","","","","","","","","","","","","","200","200","200","36.8856201171875","36.8856201171875","36.8856201171875","","","","","",""
"2848.546665","540772","540772","540772","44.43708","44.43708","44.43708","","","","","","","","","","","","","","","","","","","","","","","",""
"2849.385887","7821","7821","7821","297.1044","297.1044","297.1044","","","","","","","","","","","","","","","","","","","","","","","",""
"2850.827031135559","211","211","211","43.346778869628906","43.346778869628906","43.346778869628906","","","","","","","","","","","","","","","","","","","","","","","",""
"2852.473788","540865","540865","540865","58.109768","58.109768","58.109768","","","","","","","","","","","","","","","","","","","","","","","",""
"2852.656363","8168","8168","8168","58.541817","58.541817","58.541817","","","","","","","","","","","","","","","","","","","","","","","",""
"2853.675524","8197","8197","8197","60.11082","60.11082","60.11082","","","","","","","","","","","","","","","","","","","","","","","",""
"2854.120588","8197","8197","8197","73.365974","73.365974","73.365974","","","","","","","","","","","","","","","","","","","","","","","",""
"2854.241681","561621","561621","561621","51.490032","51.490032","51.490032","","","","","","","","","","","","","","","","","","","","","","","",""
"2857.2104477882385","","","","","","","203","203","203","38.36967849731445","38.36967849731445","38.36967849731445","","","","","","","","","","","","","","","","","",""
"2857.775609","562183","562183","562183","55.4879","55.4879","55.4879","","","","","","","","","","","","","","","","","","","","","","","",""
"2859.1814138889313","370918","370918","370918","57.991207122802734","57.991207122802734","57.991207122802734","","","","","","","","","","","","","","","","","","","","","","","",""
"2862.496391","8168","8168","8168","56.337757","56.337757","56.337757","","","","","","","","","","","","","","","","","","","","","","","",""
"2862.6404972076416","","","","","","","213","213","213","40.93146896362305","40.93146896362305","40.93146896362305","","","","","","","","","","","","","","","","","",""
"2862.94024","561847","561847","561847","99.74988","99.74988","99.74988","","","","","","","","","","","","","","","","","","","","","","","",""
"2872.339454","582593","582593","582593","82.736664","82.736664","82.736664","","","","","","","","","","","","","","","","","","","","","","","",""
"2872.522214","561419","561419","561419","44.68089","44.68089","44.68089","","","","","","","","","","","","","","","","","","","","","","","",""
"2884.177409172058","167","167","167","26.096044540405273","26.096044540405273","26.096044540405273","","","","","","","","","","","","","","","","","","","","","","","",""
"2889.245415","582618","582618","582618","38.62739","38.62739","38.62739","","","","","","","","","","","","","","","","","","","","","","","",""
"2889.664631843567","","","","","","","","","","","","","211","211","211","46.88320541381836","46.88320541381836","46.88320541381836","","","","","","","","","","","",""
"2894.33776","562149","562149","562149","69.32457","69.32457","69.32457","","","","","","","","","","","","","","","","","","","","","","","",""
"2897.5502321720123","","","","","","","","","","","","","","","","","","","201","201","201","59.258811950683594","59.258811950683594","59.258811950683594","","","","","",""
"2899.693837","540891","540891","540891","112.4717","112.4717","112.4717","","","","","","","","","","","","","","","","","","","","","","","",""
"2932.618474","564165","564165","564165","123.623634","123.623634","123.623634","","","","","","","","","","","","","","","","","","","","","","","",""
"2948.086303949356","","","","","","","","","","","","","211","211","211","82.50909423828125","82.50909423828125","82.50909423828125","","","","","","","","","","","",""
"2955.5886690616608","","","","","","","","","","","","","210","210","210","43.0568733215332","43.0568733215332","43.0568733215332","","","","","","","","","","","",""
"2957.490868","8399","8399","8399","118.09461","118.09461","118.09461","","","","","","","","","","","","","","","","","","","","","","","",""
"2957.7506909370422","212","212","212","38.63650894165039","38.63650894165039","38.63650894165039","","","","","","","","","","","","","","","","","","","","","","","",""
"2970.757138967514","","","","","","","213","213","213","54.60533142089844","54.60533142089844","54.60533142089844","","","","","","","","","","","","","","","","","",""
"2973.89281","7937","7937","7937","56.652275","56.652275","56.652275","","","","","","","","","","","","","","","","","","","","","","","",""
"2974.459044","8081","8081","8081","422.4826","422.4826","422.4826","","","","","","","","","","","","","","","","","","","","","","","",""
"2975.0693798065186","212","212","212","63.82127380371094","63.82127380371094","63.82127380371094","","","","","","","","","","","","","","","","","","","","","","","",""
"2976.179934978485","211","211","211","41.127105712890625","41.127105712890625","41.127105712890625","","","","","","","","","","","","","","","","","","","","","","","",""
"2977.758946","8457","8457","8457","71.13902","71.13902","71.13902","","","","","","","","","","","","","","","","","","","","","","","",""
"2978.75956","8486","8486","8486","39.72601","39.72601","39.72601","","","","","","","","","","","","","","","","","","","","","","","",""
"2982.809137","535980","535980","535980","69.616196","69.616196","69.616196","","","","","","","","","","","","","","","","","","","","","","","",""
"2984.203693","8457","8457","8457","69.813675","69.813675","69.813675","","","","","","","","","","","","","","","","","","","","","","","",""
"2988.611729","561769","561769","561769","129.10593","129.10593","129.10593","","","","","","","","","","","","","","","","","","","","","","","",""
"2989.286678","583121","583121","583121","98.738556","98.738556","98.738556","","","","","","","","","","","","","","","","","","","","","","","",""
"2992.53449","562096","562096","562096","85.963715","85.963715","85.963715","","","","","","","","","","","","","","","","","","","","","","","",""
"2992.83231","583009","583009","583009","81.01553","81.01553","81.01553","","","","","","","","","","","","","","","","","","","","","","","",""
"2997.987604","583217","583217","583217","88.99155","88.99155","88.99155","","","","","","","","","","","","","","","","","","","","","","","",""
"3002.562618","8457","8457","8457","71.30781","71.30781","71.30781","","","","","","","","","","","","","","","","","","","","","","","",""
"3007.403328","604026","604026","604026","160.62656","160.62656","160.62656","","","","","","","","","","","","","","","","","","","","","","","",""
"3007.580557","582691","582691","582691","52.738117","52.738117","52.738117","","","","","","","","","","","","","","","","","","","","","","","",""
"3008.633975982666","","","","","","","","","","","","","","","","","","","","","","","","","209","209","209","65.74507141113281","65.74507141113281","65.74507141113281"
"3012.4747891426086","","","","","","","","","","","","","","","","","","","211","211","211","34.04637145996094","34.04637145996094","34.04637145996094","","","","","",""
"3017.700017929077","221","221","221","69.3278579711914","69.3278579711914","69.3278579711914","","","","","","","","","","","","","","","","","","","","","","","",""
"3022.1781799793243","","","","","","","224","224","224","53.42110824584961","53.42110824584961","53.42110824584961","","","","","","","","","","","","","","","","","",""
"3022.861757993698","","","","","","","214","214","214","43.78499221801758","43.78499221801758","43.78499221801758","","","","","","","","","","","","","","","","","",""
"3024.287884","603043","603043","603043","48.87663","48.87663","48.87663","","","","","","","","","","","","","","","","","","","","","","","",""
"3029.387456","582972","582972","582972","152.99403","152.99403","152.99403","","","","","","","","","","","","","","","","","","","","","","","",""
"3033.9550569057465","391934","391934","391934","66.00747680664062","66.00747680664062","66.00747680664062","","","","","","","","","","","","","","","","","","","","","","","",""
"3044.76986","562149","562149","562149","78.4585","78.4585","78.4585","","","","","","","","","","","","","","","","","","","","","","","",""
"3056.1081881523132","","","","","","","","","","","","","221","221","221","59.24488830566406","59.24488830566406","59.24488830566406","","","","","","","","","","","",""
"3069.6474900245667","","","","","","","","","","","","","","","","","","","211","211","211","41.85360336303711","41.85360336303711","41.85360336303711","","","","","",""
"3072.673767","585939","585939","585939","198.14064","198.14064","198.14064","","","","","","","","","","","","","","","","","","","","","","","",""
"3079.5223891735077","177","177","177","25.28700065612793","25.28700065612793","25.28700065612793","","","","","","","","","","","","","","","","","","","","","","","",""
"3092.557457","8659","8659","8659","79.596306","79.596306","79.596306","","","","","","","","","","","","","","","","","","","","","","","",""
"3102.841316","8746","8746","8746","85.663795","85.663795","85.663795","","","","","","","","","","","","","","","","","","","","","","","",""
"3104.525752","8283","8283","8283","622.3899","622.3899","622.3899","","","","","","","","","","","","","","","","","","","","","","","",""
"3108.842112","8775","8775","8775","55.406845","55.406845","55.406845","","","","","","","","","","","","","","","","","","","","","","","",""
"3113.973879","8197","8197","8197","60.139755","60.139755","60.139755","","","","","","","","","","","","","","","","","","","","","","","",""
"3119.29008","8746","8746","8746","124.27074","124.27074","124.27074","","","","","","","","","","","","","","","","","","","","","","","",""
"3119.298042","603390","603390","603390","45.695698","45.695698","45.695698","","","","","","","","","","","","","","","","","","","","","","","",""
"3121.86578","561881","561881","561881","48.274387","48.274387","48.274387","","","","","","","","","","","","","","","","","","","","","","","",""
"3126.5109810829163","222","222","222","56.019527435302734","56.019527435302734","56.019527435302734","","","","","","","","","","","","","","","","","","","","","","","",""
"3127.585192","582378","582378","582378","37.528133","37.528133","37.528133","","","","","","","","","","","","","","","","","","","","","","","",""
"3128.4118571281433","","","","","","","","","","","","","221","221","221","159.4610595703125","159.4610595703125","159.4610595703125","","","","","","","","","","","",""
"3129.606828927994","","","","","","","","","","","","","220","220","220","30.858612060546875","30.858612060546875","30.858612060546875","","","","","","","","","","","",""
"3132.896093","604227","604227","604227","62.073494","62.073494","62.073494","","","","","","","","","","","","","","","","","","","","","","","",""
"3133.036437","604065","604065","604065","53.024555","53.024555","53.024555","","","","","","","","","","","","","","","","","","","","","","","",""
"3133.679057","583320","583320","583320","73.629265","73.629265","73.629265","","","","","","","","","","","","","","","","","","","","","","","",""
"3138.301977157593","","","","","","","224","224","224","52.22032928466797","52.22032928466797","52.22032928466797","","","","","","","","","","","","","","","","","",""
"3142.477984","625479","625479","625479","109.751236","109.751236","109.751236","","","","","","","","","","","","","","","","","","","","","","","",""
"3142.645589","603369","603369","603369","40.40117","40.40117","40.40117","","","","","","","","","","","","","","","","","","","","","","","",""
"3143.958736896515","223","223","223","60.87492752075195","60.87492752075195","60.87492752075195","","","","","","","","","","","","","","","","","","","","","","","",""
"3147.623931","8746","8746","8746","73.757225","73.757225","73.757225","","","","","","","","","","","","","","","","","","","","","","","",""
"3168.2489738464355","221","221","221","50.730438232421875","50.730438232421875","50.730438232421875","","","","","","","","","","","","","","","","","","","","","","","",""
"3169.332096","623770","623770","623770","42.564133","42.564133","42.564133","","","","","","","","","","","","","","","","","","","","","","","",""
"3169.443193","604223","604223","604223","119.11365","119.11365","119.11365","","","","","","","","","","","","","","","","","","","","","","","",""
"3177.6227691173553","","","","","","","","","","","","","","","","","","","","","","","","","219","219","219","78.46892547607422","78.46892547607422","78.46892547607422"
"3180.841849088669","","","","","","","","","","","","","","","","","","","221","221","221","65.35074615478516","65.35074615478516","65.35074615478516","","","","","",""
"3182.791209936142","","","","","","","234","234","234","45.36581802368164","45.36581802368164","45.36581802368164","","","","","","","","","","","","","","","","","",""
"3188.858006954193","232","232","232","97.45750427246094","97.45750427246094","97.45750427246094","","","","","","","","","","","","","","","","","","","","","","","",""
"3189.81673","583498","583498","583498","898.03973","898.03973","898.03973","","","","","","","","","","","","","","","","","","","","","","","",""
"3190.8329310417175","","","","","","","224","224","224","47.80839538574219","47.80839538574219","47.80839538574219","","","","","","","","","","","","","","","","","",""
"3207.2352600097656","412538","412538","412538","47.14176559448242","47.14176559448242","47.14176559448242","","","","","","","","","","","","","","","","","","","","","","","",""
"3212.875744","607432","607432","607432","268.14","268.14","268.14","","","","","","","","","","","","","","","","","","","","","","","",""
"3226.522348880768","","","","","","","","","","","","","231","231","231","100.59556579589844","100.59556579589844","100.59556579589844","","","","","","","","","","","",""
"3227.619661","8919","8919","8919","205.19771","205.19771","205.19771","","","","","","","","","","","","","","","","","","","","","","","",""
"3232.92316","9006","9006","9006","243.02734","243.02734","243.02734","","","","","","","","","","","","","","","","","","","","","","","",""
"3234.602332","8514","8514","8514","265.51764","265.51764","265.51764","","","","","","","","","","","","","","","","","","","","","","","",""
"3243.931916","9035","9035","9035","51.191875","51.191875","51.191875","","","","","","","","","","","","","","","","","","","","","","","",""
"3245.1213891506195","","","","","","","","","","","","","","","","","","","221","221","221","39.0076789855957","39.0076789855957","39.0076789855957","","","","","",""
"3249.054018","8486","8486","8486","78.98279","78.98279","78.98279","","","","","","","","","","","","","","","","","","","","","","","",""
"3249.36974","9006","9006","9006","53.832527","53.832527","53.832527","","","","","","","","","","","","","","","","","","","","","","","",""
"3254.361203","624501","624501","624501","74.25317","74.25317","74.25317","","","","","","","","","","","","","","","","","","","","","","","",""
"3261.913098","582440","582440","582440","66.909065","66.909065","66.909065","","","","","","","","","","","","","","","","","","","","","","","",""
"3268.089383","624760","624760","624760","124.98928","124.98928","124.98928","","","","","","","","","","","","","","","","","","","","","","","",""
"3272.635655","603776","603776","603776","68.32928","68.32928","68.32928","","","","","","","","","","","","","","","","","","","","","","","",""
"3272.987014","625388","625388","625388","205.55162","205.55162","205.55162","","","","","","","","","","","","","","","","","","","","","","","",""
"3277.542854","646754","646754","646754","437.2397","437.2397","437.2397","","","","","","","","","","","","","","","","","","","","","","","",""
"3277.810151","624019","624019","624019","41.26102","41.26102","41.26102","","","","","","","","","","","","","","","","","","","","","","","",""
"3279.680866241455","188","188","188","26.850292205810547","26.850292205810547","26.850292205810547","","","","","","","","","","","","","","","","","","","","","","","",""
"3282.687169","9006","9006","9006","80.69824","80.69824","80.69824","","","","","","","","","","","","","","","","","","","","","","","",""
"3288.753208","604307","604307","604307","101.859764","101.859764","101.859764","","","","","","","","","","","","","","","","","","","","","","","",""
"3299.11638712883","232","232","232","49.29951095581055","49.29951095581055","49.29951095581055","","","","","","","","","","","","","","","","","","","","","","","",""
"3300.7133491039276","","","","","","","","","","","","","231","231","231","48.905426025390625","48.905426025390625","48.905426025390625","","","","","","","","","","","",""
"3309.496671","625575","625575","625575","150.19148","150.19148","150.19148","","","","","","","","","","","","","","","","","","","","","","","",""
"3309.6614241600037","","","","","","","234","234","234","60.7131462097168","60.7131462097168","60.7131462097168","","","","","","","","","","","","","","","","","",""
"3311.8813989162445","","","","","","","","","","","","","232","232","232","87.57664489746094","87.57664489746094","87.57664489746094","","","","","","","","","","","",""
"3317.3845829963684","235","235","235","60.3192024230957","60.3192024230957","60.3192024230957","","","","","","","","","","","","","","","","","","","","","","","",""
"3324.371052","644685","644685","644685","51.35072","51.35072","51.35072","","","","","","","","","","","","","","","","","","","","","","","",""
"3334.87241","605155","605155","605155","615.6402","615.6402","615.6402","","","","","","","","","","","","","","","","","","","","","","","",""
"3346.525531053543","","","","","","","245","245","245","49.66193389892578","49.66193389892578","49.66193389892578","","","","","","","","","","","","","","","","","",""
"3350.159602165222","","","","","","","","","","","","","","","","","","","","","","","","","230","230","230","76.60877990722656","76.60877990722656","76.60877990722656"
"3352.205682039261","","","","","","","","","","","","","","","","","","","232","232","232","59.18394088745117","59.18394088745117","59.18394088745117","","","","","",""
"3353.410952091217","231","231","231","32.09487533569336","32.09487533569336","32.09487533569336","","","","","","","","","","","","","","","","","","","","","","","",""
"3357.928564","629249","629249","629249","415.15024","415.15024","415.15024","","","","","","","","","","","","","","","","","","","","","","","",""
"3362.598134994507","243","243","243","74.3542709350586","74.3542709350586","74.3542709350586","","","","","","","","","","","","","","","","","","","","","","","",""
"3362.998001","9295","9295","9295","165.44606","165.44606","165.44606","","","","","","","","","","","","","","","","","","","","","","","",""
"3363.1038839817047","","","","","","","234","234","234","58.64936828613281","58.64936828613281","58.64936828613281","","","","","","","","","","","","","","","","","",""
"3364.684435","8745","8745","8745","323.74246","323.74246","323.74246","","","","","","","","","","","","","","","","","","","","","","","",""
"3367.680202","9121","9121","9121","272.9554","272.9554","272.9554","","","","","","","","","","","","","","","","","","","","","","","",""
"3379.020753","9324","9324","9324","70.938354","70.938354","70.938354","","","","","","","","","","","","","","","","","","","","","","","",""
"3383.10010099411","431503","431503","431503","62.11859893798828","62.11859893798828","62.11859893798828","","","","","","","","","","","","","","","","","","","","","","","",""
"3384.449835","9295","9295","9295","84.92112","84.92112","84.92112","","","","","","","","","","","","","","","","","","","","","","","",""
"3394.16056","8746","8746","8746","117.34227","117.34227","117.34227","","","","","","","","","","","","","","","","","","","","","","","",""
"3399.0222630500793","","","","","","","","","","","","","242","242","242","83.88461303710938","83.88461303710938","83.88461303710938","","","","","","","","","","","",""
"3399.403838","646238","646238","646238","186.32213","186.32213","186.32213","","","","","","","","","","","","","","","","","","","","","","","",""
"3408.149914","646095","646095","646095","129.79756","129.79756","129.79756","","","","","","","","","","","","","","","","","","","","","","","",""
"3412.694254","624646","624646","624646","79.39113","79.39113","79.39113","","","","","","","","","","","","","","","","","","","","","","","",""
"3412.864561","644386","644386","644386","46.136364","46.136364","46.136364","","","","","","","","","","","","","","","","","","","","","","","",""
"3413.045127","646605","646605","646605","492.90536","492.90536","492.90536","","","","","","","","","","","","","","","","","","","","","","","",""
"3417.601149","667917","667917","667917","82.02188","82.02188","82.02188","","","","","","","","","","","","","","","","","","","","","","","",""
"3417.747447","9295","9295","9295","91.49432","91.49432","91.49432","","","","","","","","","","","","","","","","","","","","","","","",""
"3421.970298","603585","603585","603585","120.771","120.771","120.771","","","","","","","","","","","","","","","","","","","","","","","",""
"3423.634593963623","","","","","","","","","","","","","","","","","","","232","232","232","54.63473892211914","54.63473892211914","54.63473892211914","","","","","",""
"3454.566531","646823","646823","646823","52.12525","52.12525","52.12525","","","","","","","","","","","","","","","","","","","","","","","",""
"3472.177477","622446","622446","622446","138.36328","138.36328","138.36328","","","","","","","","","","","","","","","","","","","","","","","",""
"3474.419646","665708","665708","665708","54.381977","54.381977","54.381977","","","","","","","","","","","","","","","","","","","","","","","",""
"3475.6661360263824","243","243","243","102.37081146240234","102.37081146240234","102.37081146240234","","","","","","","","","","","","","","","","","","","","","","","",""
"3479.922923","627229","627229","627229","620.4775","620.4775","620.4775","","","","","","","","","","","","","","","","","","","","","","","",""
"3483.025763273239","199","199","199","34.728271484375","34.728271484375","34.728271484375","","","","","","","","","","","","","","","","","","","","","","","",""
"3484.6490910053253","","","","","","","","","","","","","241","241","241","66.7189712524414","66.7189712524414","66.7189712524414","","","","","","","","","","","",""
"3484.776251077652","","","","","","","245","245","245","59.58928298950195","59.58928298950195","59.58928298950195","","","","","","","","","","","","","","","","","",""
"3487.5106971263885","","","","","","","","","","","","","242","242","242","275.3488464355469","275.3488464355469","275.3488464355469","","","","","","","","","","","",""
"3493.4658608436584","245","245","245","108.55660247802734","108.55660247802734","108.55660247802734","","","","","","","","","","","","","","","","","","","","","","","",""
"3498.080191","9584","9584","9584","123.664185","123.664185","123.664185","","","","","","","","","","","","","","","","","","","","","","","",""
"3499.763625","8947","8947","8947","318.73926","318.73926","318.73926","","","","","","","","","","","","","","","","","","","","","","","",""
"3502.982126","650891","650891","650891","495.14673","495.14673","495.14673","","","","","","","","","","","","","","","","","","","","","","","",""
"3512.028178215027","","","","","","","255","255","255","66.80575561523438","66.80575561523438","66.80575561523438","","","","","","","","","","","","","","","","","",""
"3512.742309","9352","9352","9352","162.06854","162.06854","162.06854","","","","","","","","","","","","","","","","","","","","","","","",""
"3514.112983","9613","9613","9613","68.15338","68.15338","68.15338","","","","","","","","","","","","","","","","","","","","","","","",""
"3519.531017","9555","9555","9555","100.275444","100.275444","100.275444","","","","","","","","","","","","","","","","","","","","","","","",""
"3525.5031530857086","","","","","","","","","","","","","","","","","","","","","","","","","240","240","240","81.50455474853516","81.50455474853516","81.50455474853516"
"3526.1820130348206","","","","","","","","","","","","","","","","","","","243","243","243","50.09090805053711","50.09090805053711","50.09090805053711","","","","","",""
"3534.242474","9035","9035","9035","61.903748","61.903748","61.903748","","","","","","","","","","","","","","","","","","","","","","","",""
"3538.0784010887146","","","","","","","245","245","245","70.23804473876953","70.23804473876953","70.23804473876953","","","","","","","","","","","","","","","","","",""
"3539.2876529693604","253","253","253","120.33043670654297","120.33043670654297","120.33043670654297","","","","","","","","","","","","","","","","","","","","","","","",""
"3541.137094974518","241","241","241","56.771156311035156","56.771156311035156","56.771156311035156","","","","","","","","","","","","","","","","","","","","","","","",""
"3548.204036","667340","667340","667340","325.5238","325.5238","325.5238","","","","","","","","","","","","","","","","","","","","","","","",""
"3549.460884","666626","666626","666626","43.870502","43.870502","43.870502","","","","","","","","","","","","","","","","","","","","","","","",""
"3552.750793","645377","645377","645377","68.50807","68.50807","68.50807","","","","","","","","","","","","","","","","","","","","","","","",""
"3557.969149","665614","665614","665614","46.859608","46.859608","46.859608","","","","","","","","","","","","","","","","","","","","","","","",""
"3562.674815","690030","690030","690030","425.05667","425.05667","425.05667","","","","","","","","","","","","","","","","","","","","","","","",""
"3562.839814","9526","9526","9526","323.47952","323.47952","323.47952","","","","","","","","","","","","","","","","","","","","","","","",""
"3563.0244739055634","453912","453912","453912","92.78239440917969","92.78239440917969","92.78239440917969","","","","","","","","","","","","","","","","","","","","","","","",""
"3563.101747","668349","668349","668349","140.34668","140.34668","140.34668","","","","","","","","","","","","","","","","","","","","","","","",""
"3575.00647687912","","","","","","","","","","","","","252","252","252","112.68620300292969","112.68620300292969","112.68620300292969","","","","","","","","","","","",""
"3593.013745","625088","625088","625088","341.89258","341.89258","341.89258","","","","","","","","","","","","","","","","","","","","","","","",""
"3599.617743","667761","667761","667761","120.806076","120.806076","120.806076","","","","","","","","","","","","","","","","","","","","","","","",""
"3605.057184934616","","","","","","","","","","","","","","","","","","","243","243","243","45.50960159301758","45.50960159301758","45.50960159301758","","","","","",""
"3622.232935","646120","646120","646120","88.013115","88.013115","88.013115","","","","","","","","","","","","","","","","","","","","","","","",""
"3624.471096","686427","686427","686427","73.03615","73.03615","73.03615","","","","","","","","","","","","","","","","","","","","","","","",""
"3624.968739","649013","649013","649013","517.2755","517.2755","517.2755","","","","","","","","","","","","","","","","","","","","","","","",""
"3633.159775","9873","9873","9873","43.021015","43.021015","43.021015","","","","","","","","","","","","","","","","","","","","","","","",""
"3639.842692","9178","9178","9178","151.00165","151.00165","151.00165","","","","","","","","","","","","","","","","","","","","","","","",""
"3648.046756","672188","672188","672188","329.14435","329.14435","329.14435","","","","","","","","","","","","","","","","","","","","","","","",""
"3654.228664","9873","9873","9873","53.958202","53.958202","53.958202","","","","","","","","","","","","","","","","","","","","","","","",""
"3654.3397369384766","253","253","253","76.64073944091797","76.64073944091797","76.64073944091797","","","","","","","","","","","","","","","","","","","","","","","",""
"3659.61734","9844","9844","9844","67.59816","67.59816","67.59816","","","","","","","","","","","","","","","","","","","","","","","",""
"3662.441071033478","","","","","","","255","255","255","50.25727462768555","50.25727462768555","50.25727462768555","","","","","","","","","","","","","","","","","",""
"3662.811844","9583","9583","9583","512.6267","512.6267","512.6267","","","","","","","","","","","","","","","","","","","","","","","",""
"3665.3867139816284","","","","","","","","","","","","","252","252","252","149.09547424316406","149.09547424316406","149.09547424316406","","","","","","","","","","","",""
"3672.717663049698","256","256","256","41.01041030883789","41.01041030883789","41.01041030883789","","","","","","","","","","","","","","","","","","","","","","","",""
"3679.324016","9324","9324","9324","46.111794","46.111794","46.111794","","","","","","","","","","","","","","","","","","","","","","","",""
"3684.451852083206","","","","","","","265","265","265","85.63603973388672","85.63603973388672","85.63603973388672","","","","","","","","","","","","","","","","","",""
"3685.6010138988495","","","","","","","","","","","","","252","252","252","74.36768341064453","74.36768341064453","74.36768341064453","","","","","","","","","","","",""
"3690.3059532642365","209","209","209","71.82444763183594","71.82444763183594","71.82444763183594","","","","","","","","","","","","","","","","","","","","","","","",""
"3692.801275","666149","666149","666149","80.52021","80.52021","80.52021","","","","","","","","","","","","","","","","","","","","","","","",""
"3698.034229","685985","685985","685985","64.99081","64.99081","64.99081","","","","","","","","","","","","","","","","","","","","","","","",""
"3698.262551","689631","689631","689631","799.4016","799.4016","799.4016","","","","","","","","","","","","","","","","","","","","","","","",""
"3704.253667116165","","","","","","","","","","","","","","","","","","","","","","","","","250","250","250","245.66770935058594","245.66770935058594","245.66770935058594"
"3704.848486185074","","","","","","","","","","","","","","","","","","","253","253","253","58.60755157470703","58.60755157470703","58.60755157470703","","","","","",""
"3707.74757","711655","711655","711655","579.5535","579.5535","579.5535","","","","","","","","","","","","","","","","","","","","","","","",""
"3707.911976","9786","9786","9786","380.94092","380.94092","380.94092","","","","","","","","","","","","","","","","","","","","","","","",""
"3709.521136","688157","688157","688157","84.206314","84.206314","84.206314","","","","","","","","","","","","","","","","","","","","","","","",""
"3713.162566","690141","690141","690141","432.8105","432.8105","432.8105","","","","","","","","","","","","","","","","","","","","","","","",""
"3714.9018609523773","","","","","","","256","256","256","58.15178680419922","58.15178680419922","58.15178680419922","","","","","","","","","","","","","","","","","",""
"3719.239837884903","264","264","264","68.50908660888672","68.50908660888672","68.50908660888672","","","","","","","","","","","","","","","","","","","","","","","",""
"3729.252233982086","252","252","252","50.60110855102539","50.60110855102539","50.60110855102539","","","","","","","","","","","","","","","","","","","","","","","",""
"3740.2302248477936","473560","473560","473560","56.86336135864258","56.86336135864258","56.86336135864258","","","","","","","","","","","","","","","","","","","","","","","",""
"3744.673495","688173","688173","688173","90.457466","90.457466","90.457466","","","","","","","","","","","","","","","","","","","","","","","",""
"3755.267056941986","","","","","","","","","","","","","263","263","263","152.12850952148438","152.12850952148438","152.12850952148438","","","","","","","","","","","",""
"3769.515705","707372","707372","707372","79.81311","79.81311","79.81311","","","","","","","","","","","","","","","","","","","","","","","",""
"3770.0233","670454","670454","670454","703.4372","703.4372","703.4372","","","","","","","","","","","","","","","","","","","","","","","",""
"3773.115976","646861","646861","646861","448.6505","448.6505","448.6505","","","","","","","","","","","","","","","","","","","","","","","",""
"3773.241393","10133","10133","10133","97.07211","97.07211","97.07211","","","","","","","","","","","","","","","","","","","","","","","",""
"3779.933508","9467","9467","9467","409.42203","409.42203","409.42203","","","","","","","","","","","","","","","","","","","","","","","",""
"3782.289163","666858","666858","666858","81.81616","81.81616","81.81616","","","","","","","","","","","","","","","","","","","","","","","",""
"3789.870173931122","","","","","","","","","","","","","","","","","","","253","253","253","67.76704406738281","67.76704406738281","67.76704406738281","","","","","",""
"3794.314044","10162","10162","10162","73.33322","73.33322","73.33322","","","","","","","","","","","","","","","","","","","","","","","",""
"3799.70112","10133","10133","10133","120.9977","120.9977","120.9977","","","","","","","","","","","","","","","","","","","","","","","",""
"3803.096758","694431","694431","694431","136.87083","136.87083","136.87083","","","","","","","","","","","","","","","","","","","","","","","",""
"3807.869266","9756","9756","9756","512.6808","512.6808","512.6808","","","","","","","","","","","","","","","","","","","","","","","",""
"3819.409477","9584","9584","9584","76.43162","76.43162","76.43162","","","","","","","","","","","","","","","","","","","","","","","",""
"3836.4660341739655","264","264","264","60.549461364746094","60.549461364746094","60.549461364746094","","","","","","","","","","","","","","","","","","","","","","","",""
"3837.875785","687351","687351","687351","58.35197","58.35197","58.35197","","","","","","","","","","","","","","","","","","","","","","","",""
"3843.1315009593964","","","","","","","265","265","265","64.82624053955078","64.82624053955078","64.82624053955078","","","","","","","","","","","","","","","","","",""
"3843.317546","710895","710895","710895","517.15784","517.15784","517.15784","","","","","","","","","","","","","","","","","","","","","","","",""
"3846.735514163971","","","","","","","","","","","","","262","262","262","125.3126220703125","125.3126220703125","125.3126220703125","","","","","","","","","","","",""
"3848.098541","707403","707403","707403","46.318867","46.318867","46.318867","","","","","","","","","","","","","","","","","","","","","","","",""
"3852.81527","732248","732248","732248","67.96863","67.96863","67.96863","","","","","","","","","","","","","","","","","","","","","","","",""
"3856.386212825775","266","266","266","103.2932357788086","103.2932357788086","103.2932357788086","","","","","","","","","","","","","","","","","","","","","","","",""
"3863.0447","10017","10017","10017","510.3069","510.3069","510.3069","","","","","","","","","","","","","","","","","","","","","","","",""
"3863.219313","711694","711694","711694","444.16953","444.16953","444.16953","","","","","","","","","","","","","","","","","","","","","","","",""
"3864.594237","709171","709171","709171","191.50708","191.50708","191.50708","","","","","","","","","","","","","","","","","","","","","","","",""
"3867.3909821510315","","","","","","","276","276","276","106.3554916381836","106.3554916381836","106.3554916381836","","","","","","","","","","","","","","","","","",""
"3883.945918083191","","","","","","","","","","","","","","","","","","","","","","","","","261","261","261","284.5381774902344","284.5381774902344","284.5381774902344"
"3884.9832952022552","","","","","","","","","","","","","263","263","263","67.62981414794922","67.62981414794922","67.62981414794922","","","","","","","","","","","",""
"3885.685784101486","","","","","","","","","","","","","","","","","","","264","264","264","46.95212936401367","46.95212936401367","46.95212936401367","","","","","",""
"3894.700742959976","","","","","","","266","266","266","47.85905075073242","47.85905075073242","47.85905075073242","","","","","","","","","","","","","","","","","",""
"3894.735972","709219","709219","709219","61.872837","61.872837","61.872837","","","","","","","","","","","","","","","","","","","","","","","",""
"3901.6276240348816","274","274","274","68.84002685546875","68.84002685546875","68.84002685546875","","","","","","","","","","","","","","","","","","","","","","","",""
"3902.0417082309723","219","219","219","217.93426513671875","217.93426513671875","217.93426513671875","","","","","","","","","","","","","","","","","","","","","","","",""
"3913.323499","10422","10422","10422","92.04333","92.04333","92.04333","","","","","","","","","","","","","","","","","","","","","","","",""
"3914.564735","728175","728175","728175","64.47164","64.47164","64.47164","","","","","","","","","","","","","","","","","","","","","","","",""
"3920.009658","9698","9698","9698","347.72736","347.72736","347.72736","","","","","","","","","","","","","","","","","","","","","","","",""
"3920.1347007751465","495103","495103","495103","79.80975341796875","79.80975341796875","79.80975341796875","","","","","","","","","","","","","","","","","","","","","","","",""
"3924.1558549404144","263","263","263","77.37992095947266","77.37992095947266","77.37992095947266","","","","","","","","","","","","","","","","","","","","","","","",""
"3924.768198","668716","668716","668716","331.40625","331.40625","331.40625","","","","","","","","","","","","","","","","","","","","","","","",""
"3925.094107","691823","691823","691823","425.2892","425.2892","425.2892","","","","","","","","","","","","","","","","","","","","","","","",""
"3937.125123023987","","","","","","","","","","","","","273","273","273","58.50377655029297","58.50377655029297","58.50377655029297","","","","","","","","","","","",""
"3939.40449","10451","10451","10451","66.99462","66.99462","66.99462","","","","","","","","","","","","","","","","","","","","","","","",""
"3944.801096","10422","10422","10422","167.30948","167.30948","167.30948","","","","","","","","","","","","","","","","","","","","","","","",""
"3952.3481","687836","687836","687836","50.247765","50.247765","50.247765","","","","","","","","","","","","","","","","","","","","","","","",""
"3952.933758","9987","9987","9987","612.5029","612.5029","612.5029","","","","","","","","","","","","","","","","","","","","","","","",""
"3953.190608","715579","715579","715579","229.6202","229.6202","229.6202","","","","","","","","","","","","","","","","","","","","","","","",""
"3964.500972","9873","9873","9873","195.83643","195.83643","195.83643","","","","","","","","","","","","","","","","","","","","","","","",""
"3977.978357076645","","","","","","","","","","","","","","","","","","","264","264","264","104.55560302734375","104.55560302734375","104.55560302734375","","","","","",""
"3982.943892","707893","707893","707893","49.93511","49.93511","49.93511","","","","","","","","","","","","","","","","","","","","","","","",""
"3993.292688","727896","727896","727896","55.94356","55.94356","55.94356","","","","","","","","","","","","","","","","","","","","","","","",""
"3993.399551","732628","732628","732628","424.32123","424.32123","424.32123","","","","","","","","","","","","","","","","","","","","","","","",""
"4002.889473","754020","754020","754020","597.1944","597.1944","597.1944","","","","","","","","","","","","","","","","","","","","","","","",""
"4013.113336","10277","10277","10277","694.2335","694.2335","694.2335","","","","","","","","","","","","","","","","","","","","","","","",""
"4018.449362","733727","733727","733727","712.7945","712.7945","712.7945","","","","","","","","","","","","","","","","","","","","","","","",""
"4021.7843260765076","274","274","274","60.49796676635742","60.49796676635742","60.49796676635742","","","","","","","","","","","","","","","","","","","","","","","",""
"4024.659082","730860","730860","730860","228.02693","228.02693","228.02693","","","","","","","","","","","","","","","","","","","","","","","",""
"4027.670557975769","","","","","","","276","276","276","59.74347686767578","59.74347686767578","59.74347686767578","","","","","","","","","","","","","","","","","",""
"4032.7020180225372","","","","","","","","","","","","","272","272","272","165.02513122558594","165.02513122558594","165.02513122558594","","","","","","","","","","","",""
"4043.874542951584","276","276","276","143.0574951171875","143.0574951171875","143.0574951171875","","","","","","","","","","","","","","","","","","","","","","","",""
"4044.792471","730261","730261","730261","234.29848","234.29848","234.29848","","","","","","","","","","","","","","","","","","","","","","","",""
"4051.885876893997","","","","","","","287","287","287","59.8975715637207","59.8975715637207","59.8975715637207","","","","","","","","","","","","","","","","","",""
"4053.405331","10682","10682","10682","95.14319","95.14319","95.14319","","","","","","","","","","","","","","","","","","","","","","","",""
"4064.623308","748874","748874","748874","59.108135","59.108135","59.108135","","","","","","","","","","","","","","","","","","","","","","","",""
"4065.094526","9987","9987","9987","571.26086","571.26086","571.26086","","","","","","","","","","","","","","","","","","","","","","","",""
"4068.312693119049","","","","","","","","","","","","","","","","","","","","","","","","","271","271","271","320.9490051269531","320.9490051269531","320.9490051269531"
"4071.1468501091003","","","","","","","","","","","","","","","","","","","274","274","274","61.21013259887695","61.21013259887695","61.21013259887695","","","","","",""
"4074.403408050537","","","","","","","","","","","","","273","273","273","68.02374267578125","68.02374267578125","68.02374267578125","","","","","","","","","","","",""
"4077.543541908264","","","","","","","277","277","277","91.95109558105469","91.95109558105469","91.95109558105469","","","","","","","","","","","","","","","","","",""
"4080.15085","713451","713451","713451","324.12866","324.12866","324.12866","","","","","","","","","","","","","","","","","","","","","","","",""
"4084.491439","10740","10740","10740","28.528915","28.528915","28.528915","","","","","","","","","","","","","","","","","","","","","","","",""
"4084.819976","690526","690526","690526","424.07678","424.07678","424.07678","","","","","","","","","","","","","","","","","","","","","","","",""
"4087.5535769462585","284","284","284","85.82456970214844","85.82456970214844","85.82456970214844","","","","","","","","","","","","","","","","","","","","","","","",""
"4089.890512","10653","10653","10653","92.83875","92.83875","92.83875","","","","","","","","","","","","","","","","","","","","","","","",""
"4103.366628885269","515760","515760","515760","100.77984619140625","100.77984619140625","100.77984619140625","","","","","","","","","","","","","","","","","","","","","","","",""
"4108.001412","10218","10218","10218","611.6693","611.6693","611.6693","","","","","","","","","","","","","","","","","","","","","","","",""
"4108.258744","737299","737299","737299","321.87216","321.87216","321.87216","","","","","","","","","","","","","","","","","","","","","","","",""
"4117.4982080459595","229","229","229","119.19124603271484","119.19124603271484","119.19124603271484","","","","","","","","","","","","","","","","","","","","","","","",""
"4119.587162","10133","10133","10133","216.77477","216.77477","216.77477","","","","","","","","","","","","","","","","","","","","","","","",""
"4122.100013971329","","","","","","","","","","","","","283","283","283","88.87801361083984","88.87801361083984","88.87801361083984","","","","","","","","","","","",""
"4132.426339","708700","708700","708700","41.15816","41.15816","41.15816","","","","","","","","","","","","","","","","","","","","","","","",""
"4138.005085","729110","729110","729110","59.29184","59.29184","59.29184","","","","","","","","","","","","","","","","","","","","","","","",""
"4143.371567","748784","748784","748784","53.993423","53.993423","53.993423","","","","","","","","","","","","","","","","","","","","","","","",""
"4143.465579","754274","754274","754274","900.0619","900.0619","900.0619","","","","","","","","","","","","","","","","","","","","","","","",""
"4152.97974","775489","775489","775489","519.6165","519.6165","519.6165","","","","","","","","","","","","","","","","","","","","","","","",""
"4168.179956","10508","10508","10508","609.69965","609.69965","609.69965","","","","","","","","","","","","","","","","","","","","","","","",""
"4168.516252","754824","754824","754824","516.992","516.992","516.992","","","","","","","","","","","","","","","","","","","","","","","",""
"4168.577172994614","","","","","","","","","","","","","","","","","","","275","275","275","69.4912338256836","69.4912338256836","69.4912338256836","","","","","",""
"4184.729664","751572","751572","751572","56.967976","56.967976","56.967976","","","","","","","","","","","","","","","","","","","","","","","",""
"4198.489839","10942","10942","10942","126.14324","126.14324","126.14324","","","","","","","","","","","","","","","","","","","","","","","",""
"4199.854265","751869","751869","751869","337.87286","337.87286","337.87286","","","","","","","","","","","","","","","","","","","","","","","",""
"4210.178129","10247","10247","10247","132.88855","132.88855","132.88855","","","","","","","","","","","","","","","","","","","","","","","",""
"4211.222990036011","285","285","285","91.17625427246094","91.17625427246094","91.17625427246094","","","","","","","","","","","","","","","","","","","","","","","",""
"4216.159049034119","","","","","","","287","287","287","58.30696105957031","58.30696105957031","58.30696105957031","","","","","","","","","","","","","","","","","",""
"4219.724674","769710","769710","769710","54.46321","54.46321","54.46321","","","","","","","","","","","","","","","","","","","","","","","",""
"4220.486519098282","","","","","","","","","","","","","283","283","283","71.36711120605469","71.36711120605469","71.36711120605469","","","","","","","","","","","",""
"4232.611320018768","286","286","286","40.55763626098633","40.55763626098633","40.55763626098633","","","","","","","","","","","","","","","","","","","","","","","",""
"4234.580722","11000","11000","11000","63.636475","63.636475","63.636475","","","","","","","","","","","","","","","","","","","","","","","",""
"4234.973729","10913","10913","10913","240.32422","240.32422","240.32422","","","","","","","","","","","","","","","","","","","","","","","",""
"4238.961615085602","","","","","","","298","298","298","94.76009368896484","94.76009368896484","94.76009368896484","","","","","","","","","","","","","","","","","",""
"4240.215516","735216","735216","735216","271.54977","271.54977","271.54977","","","","","","","","","","","","","","","","","","","","","","","",""
"4244.876479","711545","711545","711545","93.313705","93.313705","93.313705","","","","","","","","","","","","","","","","","","","","","","","",""
"4255.426126003265","","","","","","","","","","","","","","","","","","","","","","","","","282","282","282","262.88916015625","262.88916015625","262.88916015625"
"4260.11060500145","","","","","","","","","","","","","","","","","","","284","284","284","87.6115493774414","87.6115493774414","87.6115493774414","","","","","",""
"4263.066182","10420","10420","10420","428.50366","428.50366","428.50366","","","","","","","","","","","","","","","","","","","","","","","",""
"4263.35780787468","","","","","","","288","288","288","80.8416519165039","80.8416519165039","80.8416519165039","","","","","","","","","","","","","","","","","",""
"4268.326349","759336","759336","759336","606.5557","606.5557","606.5557","","","","","","","","","","","","","","","","","","","","","","","",""
"4271.254501104355","","","","","","","","","","","","","283","283","283","65.91268920898438","65.91268920898438","65.91268920898438","","","","","","","","","","","",""
"4274.648614","10335","10335","10335","147.22423","147.22423","147.22423","","","","","","","","","","","","","","","","","","","","","","","",""
"4277.5971920490265","294","294","294","136.24856567382812","136.24856567382812","136.24856567382812","","","","","","","","","","","","","","","","","","","","","","","",""
"4289.865088701248","536445","536445","536445","132.00637817382812","132.00637817382812","132.00637817382812","","","","","","","","","","","","","","","","","","","","","","","",""
"4293.070979","749721","749721","749721","60.85122","60.85122","60.85122","","","","","","","","","","","","","","","","","","","","","","","",""
"4293.443284","769797","769797","769797","129.77791","129.77791","129.77791","","","","","","","","","","","","","","","","","","","","","","","",""
"4298.485013","776028","776028","776028","529.435","529.435","529.435","","","","","","","","","","","","","","","","","","","","","","","",""
"4307.500267","729444","729444","729444","58.70188","58.70188","58.70188","","","","","","","","","","","","","","","","","","","","","","","",""
"4308.047605","797433","797433","797433","345.7744","345.7744","345.7744","","","","","","","","","","","","","","","","","","","","","","","",""
"4310.091444015503","","","","","","","","","","","","","294","294","294","157.78712463378906","157.78712463378906","157.78712463378906","","","","","","","","","","","",""
"4318.251311","10739","10739","10739","260.31384","260.31384","260.31384","","","","","","","","","","","","","","","","","","","","","","","",""
"4328.581961","776979","776979","776979","723.46204","723.46204","723.46204","","","","","","","","","","","","","","","","","","","","","","","",""
"4338.756901979446","239","239","239","289.6714172363281","289.6714172363281","289.6714172363281","","","","","","","","","","","","","","","","","","","","","","","",""
"4343.543899","11173","11173","11173","48.006844","48.006844","48.006844","","","","","","","","","","","","","","","","","","","","","","","",""
"4349.800418","772729","772729","772729","91.756226","91.756226","91.756226","","","","","","","","","","","","","","","","","","","","","","","",""
"4355.254408","10507","10507","10507","109.13527","109.13527","109.13527","","","","","","","","","","","","","","","","","","","","","","","",""
"4359.918567","774036","774036","774036","632.16254","632.16254","632.16254","","","","","","","","","","","","","","","","","","","","","","","",""
"4361.861886024475","","","","","","","","","","","","","","","","","","","285","285","285","82.56048583984375","82.56048583984375","82.56048583984375","","","","","",""
"4369.781983","791394","791394","791394","187.39766","187.39766","187.39766","","","","","","","","","","","","","","","","","","","","","","","",""
"4379.672838","11289","11289","11289","53.55676","53.55676","53.55676","","","","","","","","","","","","","","","","","","","","","","","",""
"4385.069444","11173","11173","11173","342.40414","342.40414","342.40414","","","","","","","","","","","","","","","","","","","","","","","",""
"4400.273951","756750","756750","756750","518.67645","518.67645","518.67645","","","","","","","","","","","","","","","","","","","","","","","",""
"4404.170625925064","295","295","295","180.68409729003906","180.68409729003906","180.68409729003906","","","","","","","","","","","","","","","","","","","","","","","",""
"4407.406130075455","","","","","","","297","297","297","97.00082397460938","97.00082397460938","97.00082397460938","","","","","","","","","","","","","","","","","",""
"4409.937365","732432","732432","732432","102.53479","102.53479","102.53479","","","","","","","","","","","","","","","","","","","","","","","",""
"4411.35549902916","","","","","","","","","","","","","293","293","293","59.44915008544922","59.44915008544922","59.44915008544922","","","","","","","","","","","",""
"4418.135413","10622","10622","10622","220.26477","220.26477","220.26477","","","","","","","","","","","","","","","","","","","","","","","",""
"4425.532694101334","296","296","296","366.9571533203125","366.9571533203125","366.9571533203125","","","","","","","","","","","","","","","","","","","","","","","",""
"4428.393258","781070","781070","781070","423.21967","423.21967","423.21967","","","","","","","","","","","","","","","","","","","","","","","",""
"4429.737965","10566","10566","10566","620.8411","620.8411","620.8411","","","","","","","","","","","","","","","","","","","","","","","",""
"4432.902928113937","","","","","","","308","308","308","120.78545379638672","120.78545379638672","120.78545379638672","","","","","","","","","","","","","","","","","",""
"4445.6618909835815","","","","","","","","","","","","","","","","","","","","","","","","","292","292","292","203.64344787597656","203.64344787597656","203.64344787597656"
"4448.248299","791029","791029","791029","119.73939","119.73939","119.73939","","","","","","","","","","","","","","","","","","","","","","","",""
"4451.625715970993","","","","","","","298","298","298","92.71131896972656","92.71131896972656","92.71131896972656","","","","","","","","","","","","","","","","","",""
"4452.505509138107","","","","","","","","","","","","","","","","","","","295","295","295","96.41326141357422","96.41326141357422","96.41326141357422","","","","","",""
"4453.139138","770364","770364","770364","46.287025","46.287025","46.287025","","","","","","","","","","","","","","","","","","","","","","","",""
"4453.544912","797541","797541","797541","509.56445","509.56445","509.56445","","","","","","","","","","","","","","","","","","","","","","","",""
"4463.114917","818641","818641","818641","177.44617","177.44617","177.44617","","","","","","","","","","","","","","","","","","","","","","","",""
"4471.588919878006","304","304","304","224.2801971435547","224.2801971435547","224.2801971435547","","","","","","","","","","","","","","","","","","","","","","","",""
"4473.323689","10999","10999","10999","688.4979","688.4979","688.4979","","","","","","","","","","","","","","","","","","","","","","","",""
"4476.631551265717","","","","","","","","","","","","","294","294","294","57.896358489990234","57.896358489990234","57.896358489990234","","","","","","","","","","","",""
"4478.706243753433","557294","557294","557294","123.59905242919922","123.59905242919922","123.59905242919922","","","","","","","","","","","","","","","","","","","","","","","",""
"4483.724793","798612","798612","798612","244.55327","244.55327","244.55327","","","","","","","","","","","","","","","","","","","","","","","",""
"4487.539097","750263","750263","750263","75.262726","75.262726","75.262726","","","","","","","","","","","","","","","","","","","","","","","",""
"4488.626073","11433","11433","11433","201.8111","201.8111","201.8111","","","","","","","","","","","","","","","","","","","","","","","",""
"4500.547935247421","","","","","","","","","","","","","305","305","305","84.20133209228516","84.20133209228516","84.20133209228516","","","","","","","","","","","",""
"4505.341251","10738","10738","10738","100.65855","100.65855","100.65855","","","","","","","","","","","","","","","","","","","","","","","",""
"4509.973991","794882","794882","794882","156.28265","156.28265","156.28265","","","","","","","","","","","","","","","","","","","","","","","",""
"4514.86333","793414","793414","793414","87.79683","87.79683","87.79683","","","","","","","","","","","","","","","","","","","","","","","",""
"4519.837749","812522","812522","812522","144.63335","144.63335","144.63335","","","","","","","","","","","","","","","","","","","","","","","",""
"4529.785582","11578","11578","11578","77.58484","77.58484","77.58484","","","","","","","","","","","","","","","","","","","","","","","",""
"4535.164114","11433","11433","11433","286.0748","286.0748","286.0748","","","","","","","","","","","","","","","","","","","","","","","",""
"4556.9163591861725","","","","","","","","","","","","","","","","","","","296","296","296","110.35869598388672","110.35869598388672","110.35869598388672","","","","","",""
"4560.340244","777905","777905","777905","164.9928","164.9928","164.9928","","","","","","","","","","","","","","","","","","","","","","","",""
"4562.738589048386","249","249","249","224.33489990234375","224.33489990234375","224.33489990234375","","","","","","","","","","","","","","","","","","","","","","","",""
"4569.994479","753636","753636","753636","519.83655","519.83655","519.83655","","","","","","","","","","","","","","","","","","","","","","","",""
"4573.201857","10824","10824","10824","322.501","322.501","322.501","","","","","","","","","","","","","","","","","","","","","","","",""
"4588.494064","802589","802589","802589","515.1935","515.1935","515.1935","","","","","","","","","","","","","","","","","","","","","","","",""
"4589.834122","10826","10826","10826","797.53107","797.53107","797.53107","","","","","","","","","","","","","","","","","","","","","","","",""
"4599.067780971527","306","306","306","84.76856994628906","84.76856994628906","84.76856994628906","","","","","","","","","","","","","","","","","","","","","","","",""
"4602.120008230209","","","","","","","307","307","307","127.31122589111328","127.31122589111328","127.31122589111328","","","","","","","","","","","","","","","","","",""
"4603.310072","811730","811730","811730","37.491642","37.491642","37.491642","","","","","","","","","","","","","","","","","","","","","","","",""
"4607.485614061356","","","","","","","","","","","","","303","303","303","127.55033111572266","127.55033111572266","127.55033111572266","","","","","","","","","","","",""
"4613.609956","819493","819493","819493","514.1969","514.1969","514.1969","","","","","","","","","","","","","","","","","","","","","","","",""
"4618.187034","840185","840185","840185","468.20764","468.20764","468.20764","","","","","","","","","","","","","","","","","","","","","","","",""
"4618.208949","791630","791630","791630","70.76747","70.76747","70.76747","","","","","","","","","","","","","","","","","","","","","","","",""
"4621.3704562187195","306","306","306","191.02638244628906","191.02638244628906","191.02638244628906","","","","","","","","","","","","","","","","","","","","","","","",""
"4629.591157913208","","","","","","","319","319","319","106.59523010253906","106.59523010253906","106.59523010253906","","","","","","","","","","","","","","","","","",""
"4633.401522","11230","11230","11230","431.5639","431.5639","431.5639","","","","","","","","","","","","","","","","","","","","","","","",""
"4638.657171964645","","","","","","","","","","","","","","","","","","","","","","","","","302","302","302","156.5634765625","156.5634765625","156.5634765625"
"4638.708826","11693","11693","11693","194.50201","194.50201","194.50201","","","","","","","","","","","","","","","","","","","","","","","",""
"4638.785683","819957","819957","819957","625.1256","625.1256","625.1256","","","","","","","","","","","","","","","","","","","","","","","",""
"4643.3346910476685","","","","","","","308","308","308","81.31492614746094","81.31492614746094","81.31492614746094","","","","","","","","","","","","","","","","","",""
"4647.24177980423","","","","","","","","","","","","","","","","","","","306","306","306","143.17556762695312","143.17556762695312","143.17556762695312","","","","","",""
"4660.428585","10969","10969","10969","215.29277","215.29277","215.29277","","","","","","","","","","","","","","","","","","","","","","","",""
"4665.033297","815713","815713","815713","114.96353","114.96353","114.96353","","","","","","","","","","","","","","","","","","","","","","","",""
"4667.26651597023","314","314","314","109.82428741455078","109.82428741455078","109.82428741455078","","","","","","","","","","","","","","","","","","","","","","","",""
"4667.608662","771886","771886","771886","127.80373","127.80373","127.80373","","","","","","","","","","","","","","","","","","","","","","","",""
"4670.227780818939","578106","578106","578106","119.9414291381836","119.9414291381836","119.9414291381836","","","","","","","","","","","","","","","","","","","","","","","",""
"4674.904039","834019","834019","834019","122.12606","122.12606","122.12606","","","","","","","","","","","","","","","","","","","","","","","",""
"4679.903708","11838","11838","11838","150.23817","150.23817","150.23817","","","","","","","","","","","","","","","","","","","","","","","",""
"4684.926644","814676","814676","814676","111.61938","111.61938","111.61938","","","","","","","","","","","","","","","","","","","","","","","",""
"4690.25447","11693","11693","11693","429.2651","429.2651","429.2651","","","","","","","","","","","","","","","","","","","","","","","",""
"4694.214477062225","","","","","","","","","","","","","316","316","316","268.18780517578125","268.18780517578125","268.18780517578125","","","","","","","","","","","",""
"4697.912298202515","","","","","","","","","","","","","304","304","304","80.5301513671875","80.5301513671875","80.5301513671875","","","","","","","","","","","",""
"4725.400203","799275","799275","799275","92.82803","92.82803","92.82803","","","","","","","","","","","","","","","","","","","","","","","",""
"4728.275125","11084","11084","11084","233.56017","233.56017","233.56017","","","","","","","","","","","","","","","","","","","","","","","",""
"4735.048885","775356","775356","775356","508.889","508.889","508.889","","","","","","","","","","","","","","","","","","","","","","","",""
"4748.550994","824017","824017","824017","799.81604","799.81604","799.81604","","","","","","","","","","","","","","","","","","","","","","","",""
"4754.399836063385","","","","","","","","","","","","","","","","","","","306","306","306","89.02693939208984","89.02693939208984","89.02693939208984","","","","","",""
"4754.931027","10999","10999","10999","319.9092","319.9092","319.9092","","","","","","","","","","","","","","","","","","","","","","","",""
"4763.36723","832825","832825","832825","54.035652","54.035652","54.035652","","","","","","","","","","","","","","","","","","","","","","","",""
"4773.263927","861508","861508","861508","285.54443","285.54443","285.54443","","","","","","","","","","","","","","","","","","","","","","","",""
"4773.269073","812276","812276","812276","55.19598","55.19598","55.19598","","","","","","","","","","","","","","","","","","","","","","","",""
"4773.674933","841101","841101","841101","220.004","220.004","220.004","","","","","","","","","","","","","","","","","","","","","","","",""
"4788.791366","11953","11953","11953","150.5502","150.5502","150.5502","","","","","","","","","","","","","","","","","","","","","","","",""
"4791.047898054123","259","259","259","220.56857299804688","220.56857299804688","220.56857299804688","","","","","","","","","","","","","","","","","","","","","","","",""
"4795.655406951904","317","317","317","55.063232421875","55.063232421875","55.063232421875","","","","","","","","","","","","","","","","","","","","","","","",""
"4798.467859","11490","11490","11490","107.2459","107.2459","107.2459","","","","","","","","","","","","","","","","","","","","","","","",""
"4798.852527","841867","841867","841867","703.8141","703.8141","703.8141","","","","","","","","","","","","","","","","","","","","","","","",""
"4799.597086906433","","","","","","","317","317","317","132.96875","132.96875","132.96875","","","","","","","","","","","","","","","","","",""
"4807.840436935425","","","","","","","","","","","","","314","314","314","260.2667236328125","260.2667236328125","260.2667236328125","","","","","","","","","","","",""
"4810.505586","11258","11258","11258","106.2957","106.2957","106.2957","","","","","","","","","","","","","","","","","","","","","","","",""
"4821.108247995377","316","316","316","155.26022338867188","155.26022338867188","155.26022338867188","","","","","","","","","","","","","","","","","","","","","","","",""
"4825.099289","837490","837490","837490","343.47958","343.47958","343.47958","","","","","","","","","","","","","","","","","","","","","","","",""
"4830.522801160812","","","","","","","329","329","329","140.278564453125","140.278564453125","140.278564453125","","","","","","","","","","","","","","","","","",""
"4834.973871","855800","855800","855800","151.39267","151.39267","151.39267","","","","","","","","","","","","","","","","","","","","","","","",""
"4834.993533","12098","12098","12098","238.43149","238.43149","238.43149","","","","","","","","","","","","","","","","","","","","","","","",""
"4835.350929260254","","","","","","","","","","","","","","","","","","","","","","","","","312","312","312","290.79058837890625","290.79058837890625","290.79058837890625"
"4837.744051933289","","","","","","","319","319","319","71.85545349121094","71.85545349121094","71.85545349121094","","","","","","","","","","","","","","","","","",""
"4844.911896944046","","","","","","","","","","","","","","","","","","","316","316","316","68.25161743164062","68.25161743164062","68.25161743164062","","","","","",""
"4845.349328","11953","11953","11953","190.27005","190.27005","190.27005","","","","","","","","","","","","","","","","","","","","","","","",""
"4849.983385","835149","835149","835149","106.60428","106.60428","106.60428","","","","","","","","","","","","","","","","","","","","","","","",""
"4852.686973","792809","792809","792809","86.51004","86.51004","86.51004","","","","","","","","","","","","","","","","","","","","","","","",""
"4864.4506640434265","598932","598932","598932","166.70193481445312","166.70193481445312","166.70193481445312","","","","","","","","","","","","","","","","","","","","","","","",""
"4866.736773967743","325","325","325","222.7443084716797","222.7443084716797","222.7443084716797","","","","","","","","","","","","","","","","","","","","","","","",""
"4883.345887","11286","11286","11286","504.32422","504.32422","504.32422","","","","","","","","","","","","","","","","","","","","","","","",""
"4885.447058","820777","820777","820777","205.2448","205.2448","205.2448","","","","","","","","","","","","","","","","","","","","","","","",""
"4890.201539993286","","","","","","","","","","","","","326","326","326","359.111328125","359.111328125","359.111328125","","","","","","","","","","","",""
"4900.77313709259","","","","","","","","","","","","","314","314","314","80.91043090820312","80.91043090820312","80.91043090820312","","","","","","","","","","","",""
"4904.92056","795447","795447","795447","103.823784","103.823784","103.823784","","","","","","","","","","","","","","","","","","","","","","","",""
"4910.024495","11230","11230","11230","796.3927","796.3927","796.3927","","","","","","","","","","","","","","","","","","","","","","","",""
"4913.604845","846175","846175","846175","502.54932","502.54932","502.54932","","","","","","","","","","","","","","","","","","","","","","","",""
"4923.428023","853978","853978","853978","101.217606","101.217606","101.217606","","","","","","","","","","","","","","","","","","","","","","","",""
"4933.349939","883198","883198","883198","354.8463","354.8463","354.8463","","","","","","","","","","","","","","","","","","","","","","","",""
"4933.750853","862570","862570","862570","618.1124","618.1124","618.1124","","","","","","","","","","","","","","","","","","","","","","","",""
"4938.331595","832937","832937","832937","69.93271","69.93271","69.93271","","","","","","","","","","","","","","","","","","","","","","","",""
"4943.891174","12242","12242","12242","167.3617","167.3617","167.3617","","","","","","","","","","","","","","","","","","","","","","","",""
"4954.323537111282","","","","","","","","","","","","","","","","","","","316","316","316","318.7389221191406","318.7389221191406","318.7389221191406","","","","","",""
"4958.540238","11721","11721","11721","395.2655","395.2655","395.2655","","","","","","","","","","","","","","","","","","","","","","","",""
"4958.919121","863322","863322","863322","241.6133","241.6133","241.6133","","","","","","","","","","","","","","","","","","","","","","","",""
"4965.590767","11518","11518","11518","68.863","68.863","68.863","","","","","","","","","","","","","","","","","","","","","","","",""
"4990.157086","859406","859406","859406","418.78165","418.78165","418.78165","","","","","","","","","","","","","","","","","","","","","","","",""
"4994.924854040146","327","327","327","73.74290466308594","73.74290466308594","73.74290466308594","","","","","","","","","","","","","","","","","","","","","","","",""
"4995.044072","877575","877575","877575","152.67126","152.67126","152.67126","","","","","","","","","","","","","","","","","","","","","","","",""
"4995.082096","12329","12329","12329","545.26636","545.26636","545.26636","","","","","","","","","","","","","","","","","","","","","","","",""
"4999.402770996094","","","","","","","327","327","327","99.72077178955078","99.72077178955078","99.72077178955078","","","","","","","","","","","","","","","","","",""
"5000.434785","12213","12213","12213","46.33977","46.33977","46.33977","","","","","","","","","","","","","","","","","","","","","","","",""
"5008.771660089493","","","","","","","","","","","","","324","324","324","86.46465301513672","86.46465301513672","86.46465301513672","","","","","","","","","","","",""
"5020.058532","856161","856161","856161","92.45998","92.45998","92.45998","","","","","","","","","","","","","","","","","","","","","","","",""
"5022.963761091232","269","269","269","234.8621063232422","234.8621063232422","234.8621063232422","","","","","","","","","","","","","","","","","","","","","","","",""
"5024.089794158936","326","326","326","202.762939453125","202.762939453125","202.762939453125","","","","","","","","","","","","","","","","","","","","","","","",""
"5030.75107717514","","","","","","","339","339","339","235.1379852294922","235.1379852294922","235.1379852294922","","","","","","","","","","","","","","","","","",""
"5033.701831102371","","","","","","","","","","","","","","","","","","","","","","","","","323","323","323","303.1502380371094","303.1502380371094","303.1502380371094"
"5035.208832979202","","","","","","","330","330","330","63.46403884887695","63.46403884887695","63.46403884887695","","","","","","","","","","","","","","","","","",""
"5037.759613","813619","813619","813619","67.43321","67.43321","67.43321","","","","","","","","","","","","","","","","","","","","","","","",""
"5038.438898","11517","11517","11517","607.4416","607.4416","607.4416","","","","","","","","","","","","","","","","","","","","","","","",""
"5047.51177406311","","","","","","","","","","","","","","","","","","","326","326","326","164.80548095703125","164.80548095703125","164.80548095703125","","","","","",""
"5050.505576","842384","842384","842384","340.14178","340.14178","340.14178","","","","","","","","","","","","","","","","","","","","","","","",""
"5061.575380086899","619810","619810","619810","139.9729461669922","139.9729461669922","139.9729461669922","","","","","","","","","","","","","","","","","","","","","","","",""
"5069.246018886566","335","335","335","122.45807647705078","122.45807647705078","122.45807647705078","","","","","","","","","","","","","","","","","","","","","","","",""
"5069.981137","818372","818372","818372","153.80353","153.80353","153.80353","","","","","","","","","","","","","","","","","","","","","","","",""
"5070.11427","11490","11490","11490","513.3874","513.3874","513.3874","","","","","","","","","","","","","","","","","","","","","","","",""
"5073.660857","867452","867452","867452","400.7219","400.7219","400.7219","","","","","","","","","","","","","","","","","","","","","","","",""
"5083.501115","874745","874745","874745","96.66597","96.66597","96.66597","","","","","","","","","","","","","","","","","","","","","","","",""
"5089.8002252578735","","","","","","","","","","","","","336","336","336","424.9248352050781","424.9248352050781","424.9248352050781","","","","","","","","","","","",""
"5098.411458","905270","905270","905270","510.03867","510.03867","510.03867","","","","","","","","","","","","","","","","","","","","","","","",""
"5098.826476","884411","884411","884411","518.67566","518.67566","518.67566","","","","","","","","","","","","","","","","","","","","","","","",""
"5098.984752","12502","12502","12502","100.116554","100.116554","100.116554","","","","","","","","","","","","","","","","","","","","","","","",""
"5105.435009002686","","","","","","","","","","","","","325","325","325","156.7045135498047","156.7045135498047","156.7045135498047","","","","","","","","","","","",""
"5108.39","854120","854120","854120","96.32914","96.32914","96.32914","","","","","","","","","","","","","","","","","","","","","","","",""
"5120.676049","11807","11807","11807","81.234055","81.234055","81.234055","","","","","","","","","","","","","","","","","","","","","","","",""
"5123.597697","11952","11952","11952","531.18524","531.18524","531.18524","","","","","","","","","","","","","","","","","","","","","","","",""
"5123.971277","885233","885233","885233","218.03593","218.03593","218.03593","","","","","","","","","","","","","","","","","","","","","","","",""
"5150.094287","898170","898170","898170","57.900116","57.900116","57.900116","","","","","","","","","","","","","","","","","","","","","","","",""
"5155.174783","12589","12589","12589","230.15735","230.15735","230.15735","","","","","","","","","","","","","","","","","","","","","","","",""
"5155.229673","881016","881016","881016","421.24152","421.24152","421.24152","","","","","","","","","","","","","","","","","","","","","","","",""
"5157.151479005814","","","","","","","","","","","","","","","","","","","327","327","327","264.7253112792969","264.7253112792969","264.7253112792969","","","","","",""
"5160.517005","12502","12502","12502","278.98038","278.98038","278.98038","","","","","","","","","","","","","","","","","","","","","","","",""
"5190.180483","876975","876975","876975","88.11817","88.11817","88.11817","","","","","","","","","","","","","","","","","","","","","","","",""
"5198.6856961250305","337","337","337","274.85968017578125","274.85968017578125","274.85968017578125","","","","","","","","","","","","","","","","","","","","","","","",""
"5203.036118030548","","","","","","","338","338","338","170.92526245117188","170.92526245117188","170.92526245117188","","","","","","","","","","","","","","","","","",""
"5203.531377","11777","11777","11777","160.81517","160.81517","160.81517","","","","","","","","","","","","","","","","","","","","","","","",""
"5212.790589094162","","","","","","","","","","","","","334","334","334","110.96961212158203","110.96961212158203","110.96961212158203","","","","","","","","","","","",""
"5220.563693","863403","863403","863403","91.571365","91.571365","91.571365","","","","","","","","","","","","","","","","","","","","","","","",""
"5227.841169","834470","834470","834470","79.53899","79.53899","79.53899","","","","","","","","","","","","","","","","","","","","","","","",""
"5229.3398270606995","336","336","336","274.6356201171875","274.6356201171875","274.6356201171875","","","","","","","","","","","","","","","","","","","","","","","",""
"5235.171394","11721","11721","11721","800.15704","800.15704","800.15704","","","","","","","","","","","","","","","","","","","","","","","",""
"5235.337593078613","","","","","","","","","","","","","","","","","","","","","","","","","334","334","334","258.117919921875","258.117919921875","258.117919921875"
"5235.481379985809","","","","","","","340","340","340","77.91805267333984","77.91805267333984","77.91805267333984","","","","","","","","","","","","","","","","","",""
"5237.055011987686","","","","","","","349","349","349","93.44364929199219","93.44364929199219","93.44364929199219","","","","","","","","","","","","","","","","","",""
"5243.566673","895596","895596","895596","132.81618","132.81618","132.81618","","","","","","","","","","","","","","","","","","","","","","","",""
"5243.730214","889551","889551","889551","511.68875","511.68875","511.68875","","","","","","","","","","","","","","","","","","","","","","","",""
"5249.578867197037","","","","","","","","","","","","","","","","","","","336","336","336","156.20709228515625","156.20709228515625","156.20709228515625","","","","","",""
"5250.038462","839053","839053","839053","126.97787","126.97787","126.97787","","","","","","","","","","","","","","","","","","","","","","","",""
"5259.057005167007","279","279","279","213.9029998779297","213.9029998779297","213.9029998779297","","","","","","","","","","","","","","","","","","","","","","","",""
"5262.550177812576","640433","640433","640433","338.202880859375","338.202880859375","338.202880859375","","","","","","","","","","","","","","","","","","","","","","","",""
"5263.499521","926212","926212","926212","71.564476","71.564476","71.564476","","","","","","","","","","","","","","","","","","","","","","","",""
"5263.887927","906097","906097","906097","506.9714","506.9714","506.9714","","","","","","","","","","","","","","","","","","","","","","","",""
"5264.075856","12791","12791","12791","89.459564","89.459564","89.459564","","","","","","","","","","","","","","","","","","","","","","","",""
"5273.459179","874860","874860","874860","57.43536","57.43536","57.43536","","","","","","","","","","","","","","","","","","","","","","","",""
"5275.523164987564","345","345","345","192.0562286376953","192.0562286376953","192.0562286376953","","","","","","","","","","","","","","","","","","","","","","","",""
"5285.719209","12067","12067","12067","95.31972","95.31972","95.31972","","","","","","","","","","","","","","","","","","","","","","","",""
"5289.036565","906689","906689","906689","432.56943","432.56943","432.56943","","","","","","","","","","","","","","","","","","","","","","","",""
"5292.056368112564","","","","","","","","","","","","","346","346","346","219.52976989746094","219.52976989746094","219.52976989746094","","","","","","","","","","","",""
"5293.669509","12212","12212","12212","213.2848","213.2848","213.2848","","","","","","","","","","","","","","","","","","","","","","","",""
"5310.148573","919551","919551","919551","111.27846","111.27846","111.27846","","","","","","","","","","","","","","","","","","","","","","","",""
"5310.870913982391","","","","","","","","","","","","","335","335","335","101.14488983154297","101.14488983154297","101.14488983154297","","","","","","","","","","","",""
"5320.266088","12820","12820","12820","254.14587","254.14587","254.14587","","","","","","","","","","","","","","","","","","","","","","","",""
"5320.290101","902520","902520","902520","435.0193","435.0193","435.0193","","","","","","","","","","","","","","","","","","","","","","","",""
"5335.652886","12704","12704","12704","116.78673","116.78673","116.78673","","","","","","","","","","","","","","","","","","","","","","","",""
"5363.4427280426025","","","","","","","","","","","","","","","","","","","337","337","337","152.27867126464844","152.27867126464844","152.27867126464844","","","","","",""
"5373.628961","11950","11950","11950","266.64133","266.64133","266.64133","","","","","","","","","","","","","","","","","","","","","","","",""
"5390.624386","884415","884415","884415","151.73708","151.73708","151.73708","","","","","","","","","","","","","","","","","","","","","","","",""
"5402.826767","855557","855557","855557","127.95515","127.95515","127.95515","","","","","","","","","","","","","","","","","","","","","","","",""
"5404.663143157959","349","349","349","121.11235809326172","121.11235809326172","121.11235809326172","","","","","","","","","","","","","","","","","","","","","","","",""
"5408.753662","917480","917480","917480","207.73285","207.73285","207.73285","","","","","","","","","","","","","","","","","","","","","","","",""
"5409.419934988022","","","","","","","348","348","348","77.3281478881836","77.3281478881836","77.3281478881836","","","","","","","","","","","","","","","","","",""
"5413.863592","911077","911077","911077","520.35864","520.35864","520.35864","","","","","","","","","","","","","","","","","","","","","","","",""
"5415.280941","11981","11981","11981","692.0688","692.0688","692.0688","","","","","","","","","","","","","","","","","","","","","","","",""
"5419.2536108493805","","","","","","","","","","","","","345","345","345","146.19390869140625","146.19390869140625","146.19390869140625","","","","","","","","","","","",""
"5428.952389","927530","927530","927530","524.09753","524.09753","524.09753","","","","","","","","","","","","","","","","","","","","","","","",""
"5429.165484","13051","13051","13051","85.062164","85.062164","85.062164","","","","","","","","","","","","","","","","","","","","","","","",""
"5433.567617","947681","947681","947681","340.5052","340.5052","340.5052","","","","","","","","","","","","","","","","","","","","","","","",""
"5438.295897722244","","","","","","","350","350","350","64.49903106689453","64.49903106689453","64.49903106689453","","","","","","","","","","","","","","","","","",""
"5438.478395938873","346","346","346","121.69286346435547","121.69286346435547","121.69286346435547","","","","","","","","","","","","","","","","","","","","","","","",""
"5439.819708108902","","","","","","","","","","","","","","","","","","","","","","","","","345","345","345","218.12655639648438","218.12655639648438","218.12655639648438"
"5440.438026","860823","860823","860823","163.73738","163.73738","163.73738","","","","","","","","","","","","","","","","","","","","","","","",""
"5448.526177","895859","895859","895859","64.97413","64.97413","64.97413","","","","","","","","","","","","","","","","","","","","","","","",""
"5449.812603235245","","","","","","","359","359","359","139.2335968017578","139.2335968017578","139.2335968017578","","","","","","","","","","","","","","","","","",""
"5450.814411","12356","12356","12356","477.14658","477.14658","477.14658","","","","","","","","","","","","","","","","","","","","","","","",""
"5458.73852","12472","12472","12472","512.3368","512.3368","512.3368","","","","","","","","","","","","","","","","","","","","","","","",""
"5459.108667","928548","928548","928548","325.03745","325.03745","325.03745","","","","","","","","","","","","","","","","","","","","","","","",""
"5466.118111848831","","","","","","","","","","","","","","","","","","","348","348","348","273.09619140625","273.09619140625","273.09619140625","","","","","",""
"5467.2313396930695","662617","662617","662617","229.20498657226562","229.20498657226562","229.20498657226562","","","","","","","","","","","","","","","","","","","","","","","",""
"5480.200721","940768","940768","940768","119.86506","119.86506","119.86506","","","","","","","","","","","","","","","","","","","","","","","",""
"5484.525261878967","355","355","355","169.29689025878906","169.29689025878906","169.29689025878906","","","","","","","","","","","","","","","","","","","","","","","",""
"5490.337325","13051","13051","13051","225.3921","225.3921","225.3921","","","","","","","","","","","","","","","","","","","","","","","",""
"5490.359626","924413","924413","924413","362.52518","362.52518","362.52518","","","","","","","","","","","","","","","","","","","","","","","",""
"5498.010422945023","","","","","","","","","","","","","356","356","356","316.97601318359375","316.97601318359375","316.97601318359375","","","","","","","","","","","",""
"5498.754271030426","289","289","289","133.4215087890625","133.4215087890625","133.4215087890625","","","","","","","","","","","","","","","","","","","","","","","",""
"5505.72887","12906","12906","12906","417.1163","417.1163","417.1163","","","","","","","","","","","","","","","","","","","","","","","",""
"5520.036119937897","","","","","","","","","","","","","346","346","346","129.06654357910156","129.06654357910156","129.06654357910156","","","","","","","","","","","",""
"5543.710402","12181","12181","12181","512.4553","512.4553","512.4553","","","","","","","","","","","","","","","","","","","","","","","",""
"5560.690072","905407","905407","905407","168.1882","168.1882","168.1882","","","","","","","","","","","","","","","","","","","","","","","",""
"5572.277981996536","","","","","","","","","","","","","","","","","","","347","347","347","136.19740295410156","136.19740295410156","136.19740295410156","","","","","",""
"5577.888351","876856","876856","876856","168.13248","168.13248","168.13248","","","","","","","","","","","","","","","","","","","","","","","",""
"5578.827413","938126","938126","938126","70.06013","70.06013","70.06013","","","","","","","","","","","","","","","","","","","","","","","",""
"5583.928823","932285","932285","932285","135.39815","135.39815","135.39815","","","","","","","","","","","","","","","","","","","","","","","",""
"5594.25565","13311","13311","13311","133.4533","133.4533","133.4533","","","","","","","","","","","","","","","","","","","","","","","",""
"5595.372963","12212","12212","12212","603.2899","603.2899","603.2899","","","","","","","","","","","","","","","","","","","","","","","",""
"5599.037104","948457","948457","948457","146.93733","146.93733","146.93733","","","","","","","","","","","","","","","","","","","","","","","",""
"5608.657311","969545","969545","969545","417.43204","417.43204","417.43204","","","","","","","","","","","","","","","","","","","","","","","",""
"5613.701107263565","359","359","359","60.3896598815918","60.3896598815918","60.3896598815918","","","","","","","","","","","","","","","","","","","","","","","",""
"5618.594998","916935","916935","916935","106.6037","106.6037","106.6037","","","","","","","","","","","","","","","","","","","","","","","",""
"5619.66521692276","","","","","","","359","359","359","226.47274780273438","226.47274780273438","226.47274780273438","","","","","","","","","","","","","","","","","",""
"5620.497473","882575","882575","882575","322.9917","322.9917","322.9917","","","","","","","","","","","","","","","","","","","","","","","",""
"5620.909648","12616","12616","12616","284.85754","284.85754","284.85754","","","","","","","","","","","","","","","","","","","","","","","",""
"5628.555114030838","","","","","","","","","","","","","355","355","355","164.58453369140625","164.58453369140625","164.58453369140625","","","","","","","","","","","",""
"5634.184604","949948","949948","949948","512.7283","512.7283","512.7283","","","","","","","","","","","","","","","","","","","","","","","",""
"5638.820018","12703","12703","12703","509.8006","509.8006","509.8006","","","","","","","","","","","","","","","","","","","","","","","",""
"5644.141091108322","","","","","","","361","361","361","32.52336502075195","32.52336502075195","32.52336502075195","","","","","","","","","","","","","","","","","",""
"5650.260604","961769","961769","961769","132.1737","132.1737","132.1737","","","","","","","","","","","","","","","","","","","","","","","",""
"5650.837717056274","356","356","356","278.9335021972656","278.9335021972656","278.9335021972656","","","","","","","","","","","","","","","","","","","","","","","",""
"5650.877081155777","","","","","","","","","","","","","","","","","","","","","","","","","355","355","355","264.0764465332031","264.0764465332031","264.0764465332031"
"5659.3518488407135","","","","","","","369","369","369","143.2629852294922","143.2629852294922","143.2629852294922","","","","","","","","","","","","","","","","","",""
"5660.435855","13195","13195","13195","611.1329","611.1329","611.1329","","","","","","","","","","","","","","","","","","","","","","","",""
"5665.446457","945997","945997","945997","444.9629","444.9629","444.9629","","","","","","","","","","","","","","","","","","","","","","","",""
"5674.953493833542","684060","684060","684060","335.33184814453125","335.33184814453125","335.33184814453125","","","","","","","","","","","","","","","","","","","","","","","",""
"5675.799347","13166","13166","13166","196.5837","196.5837","196.5837","","","","","","","","","","","","","","","","","","","","","","","",""
"5681.8237228393555","","","","","","","","","","","","","","","","","","","358","358","358","189.62615966796875","189.62615966796875","189.62615966796875","","","","","",""
"5696.830563783646","366","366","366","185.67434692382812","185.67434692382812","185.67434692382812","","","","","","","","","","","","","","","","","","","","","","","",""
"5706.562584877014","","","","","","","","","","","","","366","366","366","184.2843780517578","184.2843780517578","184.2843780517578","","","","","","","","","","","",""
"5713.808314","12412","12412","12412","114.833305","114.833305","114.833305","","","","","","","","","","","","","","","","","","","","","","","",""
"5733.316011190414","","","","","","","","","","","","","356","356","356","116.31797790527344","116.31797790527344","116.31797790527344","","","","","","","","","","","",""
"5735.758695","926802","926802","926802","220.08345","220.08345","220.08345","","","","","","","","","","","","","","","","","","","","","","","",""
"5742.265239238739","299","299","299","131.96163940429688","131.96163940429688","131.96163940429688","","","","","","","","","","","","","","","","","","","","","","","",""
"5753.931789","959273","959273","959273","88.42829","88.42829","88.42829","","","","","","","","","","","","","","","","","","","","","","","",""
"5757.976543","898431","898431","898431","401.62894","401.62894","401.62894","","","","","","","","","","","","","","","","","","","","","","","",""
"5759.344374","13600","13600","13600","70.87551","70.87551","70.87551","","","","","","","","","","","","","","","","","","","","","","","",""
"5769.03743","954418","954418","954418","330.27374","330.27374","330.27374","","","","","","","","","","","","","","","","","","","","","","","",""
"5774.11062","970102","970102","970102","337.8984","337.8984","337.8984","","","","","","","","","","","","","","","","","","","","","","","",""
"5775.474858","12443","12443","12443","790.98486","790.98486","790.98486","","","","","","","","","","","","","","","","","","","","","","","",""
"5783.747543","991049","991049","991049","403.86996","403.86996","403.86996","","","","","","","","","","","","","","","","","","","","","","","",""
"5784.5567400455475","","","","","","","","","","","","","","","","","","","357","357","357","288.52349853515625","288.52349853515625","288.52349853515625","","","","","",""
"5791.004171","12876","12876","12876","325.31796","325.31796","325.31796","","","","","","","","","","","","","","","","","","","","","","","",""
"5800.600237","903724","903724","903724","106.530754","106.530754","106.530754","","","","","","","","","","","","","","","","","","","","","","","",""
"5803.670877","938288","938288","938288","64.63657","64.63657","64.63657","","","","","","","","","","","","","","","","","","","","","","","",""
"5814.257934","971633","971633","971633","360.32727","360.32727","360.32727","","","","","","","","","","","","","","","","","","","","","","","",""
"5825.314489","983208","983208","983208","122.5795","122.5795","122.5795","","","","","","","","","","","","","","","","","","","","","","","",""
"5826.640109062195","369","369","369","147.25421142578125","147.25421142578125","147.25421142578125","","","","","","","","","","","","","","","","","","","","","","","",""
"5828.898222","12963","12963","12963","710.4715","710.4715","710.4715","","","","","","","","","","","","","","","","","","","","","","","",""
"5830.54186","13484","13484","13484","248.65741","248.65741","248.65741","","","","","","","","","","","","","","","","","","","","","","","",""
"5832.563889026642","","","","","","","369","369","369","156.31268310546875","156.31268310546875","156.31268310546875","","","","","","","","","","","","","","","","","",""
"5840.523982","967227","967227","967227","402.2424","402.2424","402.2424","","","","","","","","","","","","","","","","","","","","","","","",""
"5841.965299129486","","","","","","","","","","","","","366","366","366","78.7865982055664","78.7865982055664","78.7865982055664","","","","","","","","","","","",""
"5845.896315","13426","13426","13426","373.90158","373.90158","373.90158","","","","","","","","","","","","","","","","","","","","","","","",""
"5853.4034078121185","","","","","","","371","371","371","177.1151123046875","177.1151123046875","177.1151123046875","","","","","","","","","","","","","","","","","",""
"5860.455142259598","","","","","","","","","","","","","","","","","","","","","","","","","366","366","366","265.36676025390625","265.36676025390625","265.36676025390625"
"5866.143881082535","367","367","367","401.4350891113281","401.4350891113281","401.4350891113281","","","","","","","","","","","","","","","","","","","","","","","",""
"5868.973345994949","","","","","","","381","381","381","275.12591552734375","275.12591552734375","275.12591552734375","","","","","","","","","","","","","","","","","",""
"5886.220549821854","705490","705490","705490","364.6265869140625","364.6265869140625","364.6265869140625","","","","","","","","","","","","","","","","","","","","","","","",""
"5888.910819","12672","12672","12672","79.71506","79.71506","79.71506","","","","","","","","","","","","","","","","","","","","","","","",""
"5896.042655944824","","","","","","","","","","","","","","","","","","","369","369","369","312.7782897949219","312.7782897949219","312.7782897949219","","","","","",""
"5912.545751810074","376","376","376","186.65765380859375","186.65765380859375","186.65765380859375","","","","","","","","","","","","","","","","","","","","","","","",""
"5918.531534910202","","","","","","","","","","","","","376","376","376","174.70828247070312","174.70828247070312","174.70828247070312","","","","","","","","","","","",""
"5929.437876","13889","13889","13889","213.99162","213.99162","213.99162","","","","","","","","","","","","","","","","","","","","","","","",""
"5934.004936","981229","981229","981229","264.32468","264.32468","264.32468","","","","","","","","","","","","","","","","","","","","","","","",""
"5947.675148963928","","","","","","","","","","","","","367","367","367","80.9442367553711","80.9442367553711","80.9442367553711","","","","","","","","","","","",""
"5949.143206","975722","975722","975722","462.25198","462.25198","462.25198","","","","","","","","","","","","","","","","","","","","","","","",""
"5953.060606","919861","919861","919861","205.42809","205.42809","205.42809","","","","","","","","","","","","","","","","","","","","","","","",""
"5954.186704","992074","992074","992074","541.56323","541.56323","541.56323","","","","","","","","","","","","","","","","","","","","","","","",""
"5958.829784","1012016","1012016","1012016","266.29333","266.29333","266.29333","","","","","","","","","","","","","","","","","","","","","","","",""
"5960.583535","12674","12674","12674","499.17572","499.17572","499.17572","","","","","","","","","","","","","","","","","","","","","","","",""
"5961.101646","13136","13136","13136","81.97903","81.97903","81.97903","","","","","","","","","","","","","","","","","","","","","","","",""
"5988.75173","958805","958805","958805","73.02111","73.02111","73.02111","","","","","","","","","","","","","","","","","","","","","","","",""
"5989.13747215271","309","309","309","336.5107727050781","336.5107727050781","336.5107727050781","","","","","","","","","","","","","","","","","","","","","","","",""
"5990.681287","924816","924816","924816","142.0134","142.0134","142.0134","","","","","","","","","","","","","","","","","","","","","","","",""
"5994.308718","993200","993200","993200","254.68985","254.68985","254.68985","","","","","","","","","","","","","","","","","","","","","","","",""
"5995.370043","1004352","1004352","1004352","450.3388","450.3388","450.3388","","","","","","","","","","","","","","","","","","","","","","","",""
"5999.793076038361","","","","","","","","","","","","","","","","","","","367","367","367","150.99305725097656","150.99305725097656","150.99305725097656","","","","","",""
"6005.655734","13744","13744","13744","409.6659","409.6659","409.6659","","","","","","","","","","","","","","","","","","","","","","","",""
"6020.597747","988986","988986","988986","206.47333","206.47333","206.47333","","","","","","","","","","","","","","","","","","","","","","","",""
"6020.997119","13628","13628","13628","119.42083","119.42083","119.42083","","","","","","","","","","","","","","","","","","","","","","","",""
"6023.974684","13194","13194","13194","106.751396","106.751396","106.751396","","","","","","","","","","","","","","","","","","","","","","","",""
"6031.853499","948133","948133","948133","135.04146","135.04146","135.04146","","","","","","","","","","","","","","","","","","","","","","","",""
"6042.078423023224","380","380","380","231.1873016357422","231.1873016357422","231.1873016357422","","","","","","","","","","","","","","","","","","","","","","","",""
"6048.478399991989","","","","","","","380","380","380","209.0634765625","209.0634765625","209.0634765625","","","","","","","","","","","","","","","","","",""
"6058.001249074936","","","","","","","","","","","","","377","377","377","84.26416778564453","84.26416778564453","84.26416778564453","","","","","","","","","","","",""
"6059.004853","12961","12961","12961","360.04825","360.04825","360.04825","","","","","","","","","","","","","","","","","","","","","","","",""
"6065.4826629161835","","","","","","","382","382","382","106.91014862060547","106.91014862060547","106.91014862060547","","","","","","","","","","","","","","","","","",""
"6073.682735204697","","","","","","","","","","","","","","","","","","","","","","","","","377","377","377","356.0176696777344","356.0176696777344","356.0176696777344"
"6081.419385194778","","","","","","","391","391","391","349.6609802246094","349.6609802246094","349.6609802246094","","","","","","","","","","","","","","","","","",""
"6084.621413946152","377","377","377","206.41671752929688","206.41671752929688","206.41671752929688","","","","","","","","","","","","","","","","","","","","","","","",""
"6099.488134860992","726933","726933","726933","445.57513427734375","445.57513427734375","445.57513427734375","","","","","","","","","","","","","","","","","","","","","","","",""
"6104.567686","14149","14149","14149","152.48091","152.48091","152.48091","","","","","","","","","","","","","","","","","","","","","","","",""
"6109.289923","1001795","1001795","1001795","80.437386","80.437386","80.437386","","","","","","","","","","","","","","","","","","","","","","","",""
"6111.2984092235565","","","","","","","","","","","","","","","","","","","379","379","379","241.3221893310547","241.3221893310547","241.3221893310547","","","","","",""
"6131.198665","13396","13396","13396","782.7327","782.7327","782.7327","","","","","","","","","","","","","","","","","","","","","","","",""
"6131.221838951111","387","387","387","294.2315979003906","294.2315979003906","294.2315979003906","","","","","","","","","","","","","","","","","","","","","","","",""
"6133.468799114227","","","","","","","","","","","","","386","386","386","253.85440063476562","253.85440063476562","253.85440063476562","","","","","","","","","","","",""
"6134.231038","997327","997327","997327","521.4615","521.4615","521.4615","","","","","","","","","","","","","","","","","","","","","","","",""
"6134.25917","1013851","1013851","1013851","516.2777","516.2777","516.2777","","","","","","","","","","","","","","","","","","","","","","","",""
"6138.917512","1033842","1033842","1033842","427.2177","427.2177","427.2177","","","","","","","","","","","","","","","","","","","","","","","",""
"6143.141837","941252","941252","941252","147.26053","147.26053","147.26053","","","","","","","","","","","","","","","","","","","","","","","",""
"6145.666337","12905","12905","12905","591.72577","591.72577","591.72577","","","","","","","","","","","","","","","","","","","","","","","",""
"6167.694617986679","","","","","","","","","","","","","377","377","377","253.29986572265625","253.29986572265625","253.29986572265625","","","","","","","","","","","",""
"6175.758788","13975","13975","13975","451.5935","451.5935","451.5935","","","","","","","","","","","","","","","","","","","","","","","",""
"6178.829293","979996","979996","979996","79.849014","79.849014","79.849014","","","","","","","","","","","","","","","","","","","","","","","",""
"6179.381231","1015137","1015137","1015137","248.77438","248.77438","248.77438","","","","","","","","","","","","","","","","","","","","","","","",""
"6180.427528","1026536","1026536","1026536","473.01535","473.01535","473.01535","","","","","","","","","","","","","","","","","","","","","","","",""
"6195.7578","945927","945927","945927","68.1547","68.1547","68.1547","","","","","","","","","","","","","","","","","","","","","","","",""
"6196.099948","13888","13888","13888","255.49365","255.49365","255.49365","","","","","","","","","","","","","","","","","","","","","","","",""
"6205.674987","1011037","1011037","1011037","534.85956","534.85956","534.85956","","","","","","","","","","","","","","","","","","","","","","","",""
"6216.921696","969822","969822","969822","177.91006","177.91006","177.91006","","","","","","","","","","","","","","","","","","","","","","","",""
"6216.921972990036","","","","","","","","","","","","","","","","","","","378","378","378","104.35482025146484","104.35482025146484","104.35482025146484","","","","","",""
"6224.062668","13454","13454","13454","121.76356","121.76356","121.76356","","","","","","","","","","","","","","","","","","","","","","","",""
"6239.081393","13134","13134","13134","322.0088","322.0088","322.0088","","","","","","","","","","","","","","","","","","","","","","","",""
"6239.677483081818","320","320","320","291.2488098144531","291.2488098144531","291.2488098144531","","","","","","","","","","","","","","","","","","","","","","","",""
"6261.14333820343","390","390","390","199.8806610107422","199.8806610107422","199.8806610107422","","","","","","","","","","","","","","","","","","","","","","","",""
"6268.7140600681305","","","","","","","390","390","390","99.68455505371094","99.68455505371094","99.68455505371094","","","","","","","","","","","","","","","","","",""
"6274.654989","14380","14380","14380","159.44995","159.44995","159.44995","","","","","","","","","","","","","","","","","","","","","","","",""
"6277.404400110245","","","","","","","","","","","","","387","387","387","126.83539581298828","126.83539581298828","126.83539581298828","","","","","","","","","","","",""
"6281.442358970642","","","","","","","392","392","392","123.52294158935547","123.52294158935547","123.52294158935547","","","","","","","","","","","","","","","","","",""
"6289.398767","1022816","1022816","1022816","78.64522","78.64522","78.64522","","","","","","","","","","","","","","","","","","","","","","","",""
"6289.451121091843","","","","","","","","","","","","","","","","","","","","","","","","","388","388","388","261.5624694824219","261.5624694824219","261.5624694824219"
"6296.179857254028","","","","","","","401","401","401","137.14956665039062","137.14956665039062","137.14956665039062","","","","","","","","","","","","","","","","","",""
"6306.025678157806","388","388","388","358.9802551269531","358.9802551269531","358.9802551269531","","","","","","","","","","","","","","","","","","","","","","","",""
"6306.293116","13685","13685","13685","418.45657","418.45657","418.45657","","","","","","","","","","","","","","","","","","","","","","","",""
"6314.12890291214","747711","747711","747711","174.4248046875","174.4248046875","174.4248046875","","","","","","","","","","","","","","","","","","","","","","","",""
"6314.329542","1034798","1034798","1034798","52.391033","52.391033","52.391033","","","","","","","","","","","","","","","","","","","","","","","",""
"6318.996104","1055677","1055677","1055677","336.8292","336.8292","336.8292","","","","","","","","","","","","","","","","","","","","","","","",""
"6324.34562","1019326","1019326","1019326","824.6678","824.6678","824.6678","","","","","","","","","","","","","","","","","","","","","","","",""
"6329.364051103592","","","","","","","","","","","","","","","","","","","390","390","390","197.73512268066406","197.73512268066406","197.73512268066406","","","","","",""
"6330.77314","13136","13136","13136","603.9194","603.9194","603.9194","","","","","","","","","","","","","","","","","","","","","","","",""
"6338.228619","962908","962908","962908","263.14594","263.14594","263.14594","","","","","","","","","","","","","","","","","","","","","","","",""
"6351.350134849548","","","","","","","","","","","","","397","397","397","90.24750518798828","90.24750518798828","90.24750518798828","","","","","","","","","","","",""
"6352.695421934128","398","398","398","221.03927612304688","221.03927612304688","221.03927612304688","","","","","","","","","","","","","","","","","","","","","","","",""
"6355.86536","14235","14235","14235","338.4448","338.4448","338.4448","","","","","","","","","","","","","","","","","","","","","","","",""
"6359.458576","1035740","1035740","1035740","94.995224","94.995224","94.995224","","","","","","","","","","","","","","","","","","","","","","","",""
"6363.905373","1000790","1000790","1000790","156.06303","156.06303","156.06303","","","","","","","","","","","","","","","","","","","","","","","",""
"6371.202793","14148","14148","14148","246.37575","246.37575","246.37575","","","","","","","","","","","","","","","","","","","","","","","",""
"6385.582668066025","","","","","","","","","","","","","387","387","387","138.63162231445312","138.63162231445312","138.63162231445312","","","","","","","","","","","",""
"6385.748715","1032330","1032330","1032330","261.67575","261.67575","261.67575","","","","","","","","","","","","","","","","","","","","","","","",""
"6395.830639","966548","966548","966548","93.36255","93.36255","93.36255","","","","","","","","","","","","","","","","","","","","","","","",""
"6414.148921","13394","13394","13394","265.61795","265.61795","265.61795","","","","","","","","","","","","","","","","","","","","","","","",""
"6416.99471","991301","991301","991301","195.7686","195.7686","195.7686","","","","","","","","","","","","","","","","","","","","","","","",""
"6429.159934","13743","13743","13743","358.64148","358.64148","358.64148","","","","","","","","","","","","","","","","","","","","","","","",""
"6439.870003938675","","","","","","","","","","","","","","","","","","","388","388","388","265.3604736328125","265.3604736328125","265.3604736328125","","","","","",""
"6449.742489","14640","14640","14640","78.98701","78.98701","78.98701","","","","","","","","","","","","","","","","","","","","","","","",""
"6474.480832","1044181","1044181","1044181","95.292694","95.292694","95.292694","","","","","","","","","","","","","","","","","","","","","","","",""
"6481.387257","13945","13945","13945","157.06288","157.06288","157.06288","","","","","","","","","","","","","","","","","","","","","","","",""
"6484.450089216232","400","400","400","226.1502227783203","226.1502227783203","226.1502227783203","","","","","","","","","","","","","","","","","","","","","","","",""
"6491.809242010117","","","","","","","400","400","400","251.39186096191406","251.39186096191406","251.39186096191406","","","","","","","","","","","","","","","","","",""
"6493.112687","1047811","1047811","1047811","610.783","610.783","610.783","","","","","","","","","","","","","","","","","","","","","","","",""
"6494.243026018143","330","330","330","128.28782653808594","128.28782653808594","128.28782653808594","","","","","","","","","","","","","","","","","","","","","","","",""
"6494.402975","1056150","1056150","1056150","448.16898","448.16898","448.16898","","","","","","","","","","","","","","","","","","","","","","","",""
"6500.114577054977","","","","","","","","","","","","","397","397","397","179.5960693359375","179.5960693359375","179.5960693359375","","","","","","","","","","","",""
"6501.131767988205","","","","","","","402","402","402","226.43844604492188","226.43844604492188","226.43844604492188","","","","","","","","","","","","","","","","","",""
"6504.0863","1077509","1077509","1077509","230.87009","230.87009","230.87009","","","","","","","","","","","","","","","","","","","","","","","",""
"6509.062924146652","","","","","","","","","","","","","","","","","","","","","","","","","398","398","398","265.44854736328125","265.44854736328125","265.44854736328125"
"6509.413124","1040697","1040697","1040697","508.6047","508.6047","508.6047","","","","","","","","","","","","","","","","","","","","","","","",""
"6515.796674966812","","","","","","","411","411","411","315.6228942871094","315.6228942871094","315.6228942871094","","","","","","","","","","","","","","","","","",""
"6520.8948","13367","13367","13367","426.99817","426.99817","426.99817","","","","","","","","","","","","","","","","","","","","","","","",""
"6530.928035974503","398","398","398","355.10101318359375","355.10101318359375","355.10101318359375","","","","","","","","","","","","","","","","","","","","","","","",""
"6530.935581","14437","14437","14437","139.58008","139.58008","139.58008","","","","","","","","","","","","","","","","","","","","","","","",""
"6532.039297819138","768829","768829","768829","284.3331298828125","284.3331298828125","284.3331298828125","","","","","","","","","","","","","","","","","","","","","","","",""
"6538.305654","983803","983803","983803","103.85475","103.85475","103.85475","","","","","","","","","","","","","","","","","","","","","","","",""
"6549.534239","1057963","1057963","1057963","322.8552","322.8552","322.8552","","","","","","","","","","","","","","","","","","","","","","","",""
"6552.170428037643","","","","","","","","","","","","","","","","","","","401","401","401","362.56573486328125","362.56573486328125","362.56573486328125","","","","","",""
"6553.986284","1022273","1022273","1022273","282.23517","282.23517","282.23517","","","","","","","","","","","","","","","","","","","","","","","",""
"6556.317302","14408","14408","14408","323.12823","323.12823","323.12823","","","","","","","","","","","","","","","","","","","","","","","",""
"6570.830052","1053466","1053466","1053466","82.20729","82.20729","82.20729","","","","","","","","","","","","","","","","","","","","","","","",""
"6572.8258719444275","","","","","","","","","","","","","407","407","407","174.27728271484375","174.27728271484375","174.27728271484375","","","","","","","","","","","",""
"6577.590183973312","408","408","408","140.7904510498047","140.7904510498047","140.7904510498047","","","","","","","","","","","","","","","","","","","","","","","",""
"6590.89747","988536","988536","988536","311.18433","311.18433","311.18433","","","","","","","","","","","","","","","","","","","","","","","",""
"6599.226515","13654","13654","13654","546.8107","546.8107","546.8107","","","","","","","","","","","","","","","","","","","","","","","",""
"6602.064519","1012672","1012672","1012672","242.67673","242.67673","242.67673","","","","","","","","","","","","","","","","","","","","","","","",""
"6603.4156992435455","","","","","","","","","","","","","397","397","397","104.85466766357422","104.85466766357422","104.85466766357422","","","","","","","","","","","",""
"6624.243067","14003","14003","14003","143.63132","143.63132","143.63132","","","","","","","","","","","","","","","","","","","","","","","",""
"6624.843383","14929","14929","14929","175.84372","175.84372","175.84372","","","","","","","","","","","","","","","","","","","","","","","",""
"6654.556446","1065462","1065462","1065462","293.2148","293.2148","293.2148","","","","","","","","","","","","","","","","","","","","","","","",""
"6656.488606","14234","14234","14234","189.38055","189.38055","189.38055","","","","","","","","","","","","","","","","","","","","","","","",""
"6667.013121128082","","","","","","","","","","","","","","","","","","","400","400","400","416.4314270019531","416.4314270019531","416.4314270019531","","","","","",""
"6668.326175","1069547","1069547","1069547","513.5466","513.5466","513.5466","","","","","","","","","","","","","","","","","","","","","","","",""
"6679.4773","1077691","1077691","1077691","272.3821","272.3821","272.3821","","","","","","","","","","","","","","","","","","","","","","","",""
"6684.174945","1098000","1098000","1098000","106.876915","106.876915","106.876915","","","","","","","","","","","","","","","","","","","","","","","",""
"6699.644795","1062391","1062391","1062391","226.77103","226.77103","226.77103","","","","","","","","","","","","","","","","","","","","","","","",""
"6706.038775","14668","14668","14668","132.10712","132.10712","132.10712","","","","","","","","","","","","","","","","","","","","","","","",""
"6711.010986","13598","13598","13598","401.54956","401.54956","401.54956","","","","","","","","","","","","","","","","","","","","","","","",""
"6711.648301124573","410","410","410","174.41807556152344","174.41807556152344","174.41807556152344","","","","","","","","","","","","","","","","","","","","","","","",""
"6718.653898000717","","","","","","","410","410","410","356.92120361328125","356.92120361328125","356.92120361328125","","","","","","","","","","","","","","","","","",""
"6723.031665802002","","","","","","","413","413","413","229.81593322753906","229.81593322753906","229.81593322753906","","","","","","","","","","","","","","","","","",""
"6726.812862157822","","","","","","","","","","","","","408","408","408","117.40983581542969","117.40983581542969","117.40983581542969","","","","","","","","","","","",""
"6732.076391220093","","","","","","","","","","","","","","","","","","","","","","","","","409","409","409","320.48553466796875","320.48553466796875","320.48553466796875"
"6733.379603","1005495","1005495","1005495","162.04137","162.04137","162.04137","","","","","","","","","","","","","","","","","","","","","","","",""
"6734.605487","1078908","1078908","1078908","125.52404","125.52404","125.52404","","","","","","","","","","","","","","","","","","","","","","","",""
"6736.406321","14639","14639","14639","419.23203","419.23203","419.23203","","","","","","","","","","","","","","","","","","","","","","","",""
"6739.063388","1043640","1043640","1043640","133.23041","133.23041","133.23041","","","","","","","","","","","","","","","","","","","","","","","",""
"6739.55995798111","","","","","","","422","422","422","276.4111328125","276.4111328125","276.4111328125","","","","","","","","","","","","","","","","","",""
"6751.649360895157","789649","789649","789649","177.28321838378906","177.28321838378906","177.28321838378906","","","","","","","","","","","","","","","","","","","","","","","",""
"6751.673340082169","340","340","340","293.2847900390625","293.2847900390625","293.2847900390625","","","","","","","","","","","","","","","","","","","","","","","",""
"6755.907679","1074949","1074949","1074949","424.0961","424.0961","424.0961","","","","","","","","","","","","","","","","","","","","","","","",""
"6759.221531867981","408","408","408","265.6622314453125","265.6622314453125","265.6622314453125","","","","","","","","","","","","","","","","","","","","","","","",""
"6775.966014","1009171","1009171","1009171","98.46856","98.46856","98.46856","","","","","","","","","","","","","","","","","","","","","","","",""
"6776.920953989029","","","","","","","","","","","","","","","","","","","412","412","412","218.131591796875","218.131591796875","218.131591796875","","","","","",""
"6784.299146","13943","13943","13943","618.9948","618.9948","618.9948","","","","","","","","","","","","","","","","","","","","","","","",""
"6792.078147","1034704","1034704","1034704","195.53424","195.53424","195.53424","","","","","","","","","","","","","","","","","","","","","","","",""
"6796.072776079178","","","","","","","","","","","","","418","418","418","214.55604553222656","214.55604553222656","214.55604553222656","","","","","","","","","","","",""
"6799.937815","15189","15189","15189","164.1225","164.1225","164.1225","","","","","","","","","","","","","","","","","","","","","","","",""
"6805.113398075104","418","418","418","83.21797180175781","83.21797180175781","83.21797180175781","","","","","","","","","","","","","","","","","","","","","","","",""
"6822.550276994705","","","","","","","","","","","","","407","407","407","148.85687255859375","148.85687255859375","148.85687255859375","","","","","","","","","","","",""
"6824.340151","14292","14292","14292","102.27778","102.27778","102.27778","","","","","","","","","","","","","","","","","","","","","","","",""
"6836.618206","14494","14494","14494","126.7755","126.7755","126.7755","","","","","","","","","","","","","","","","","","","","","","","",""
"6844.635044","1087618","1087618","1087618","153.66122","153.66122","153.66122","","","","","","","","","","","","","","","","","","","","","","","",""
"6853.393216","1091410","1091410","1091410","199.94604","199.94604","199.94604","","","","","","","","","","","","","","","","","","","","","","","",""
"6869.557119","1099620","1099620","1099620","558.09033","558.09033","558.09033","","","","","","","","","","","","","","","","","","","","","","","",""
"6874.269884","1119326","1119326","1119326","82.95388","82.95388","82.95388","","","","","","","","","","","","","","","","","","","","","","","",""
"6891.143877","14928","14928","14928","512.30334","512.30334","512.30334","","","","","","","","","","","","","","","","","","","","","","","",""
"6894.720367","1084321","1084321","1084321","432.219","432.219","432.219","","","","","","","","","","","","","","","","","","","","","","","",""
"6895.753005981445","","","","","","","","","","","","","","","","","","","411","411","411","312.7244873046875","312.7244873046875","312.7244873046875","","","","","",""
"6906.132391","13800","13800","13800","601.8344","601.8344","601.8344","","","","","","","","","","","","","","","","","","","","","","","",""
"6916.51191","14899","14899","14899","325.84882","325.84882","325.84882","","","","","","","","","","","","","","","","","","","","","","","",""
"6919.700341","1100190","1100190","1100190","435.53232","435.53232","435.53232","","","","","","","","","","","","","","","","","","","","","","","",""
"6928.443148","1027285","1027285","1027285","549.3715","549.3715","549.3715","","","","","","","","","","","","","","","","","","","","","","","",""
"6934.140934","1065639","1065639","1065639","183.37479","183.37479","183.37479","","","","","","","","","","","","","","","","","","","","","","","",""
"6941.842922925949","420","420","420","202.89991760253906","202.89991760253906","202.89991760253906","","","","","","","","","","","","","","","","","","","","","","","",""
"6945.989123","1096357","1096357","1096357","166.4624","166.4624","166.4624","","","","","","","","","","","","","","","","","","","","","","","",""
"6948.241920948029","","","","","","","420","420","420","449.9580383300781","449.9580383300781","449.9580383300781","","","","","","","","","","","","","","","","","",""
"6948.698091030121","","","","","","","423","423","423","266.3327941894531","266.3327941894531","266.3327941894531","","","","","","","","","","","","","","","","","",""
"6956.042582035065","","","","","","","","","","","","","418","418","418","190.57904052734375","190.57904052734375","190.57904052734375","","","","","","","","","","","",""
"6957.703741312027","","","","","","","","","","","","","","","","","","","","","","","","","420","420","420","231.28237915039062","231.28237915039062","231.28237915039062"
"6966.29386806488","","","","","","","432","432","432","260.499755859375","260.499755859375","260.499755859375","","","","","","","","","","","","","","","","","",""
"6969.382723","14145","14145","14145","117.62294","117.62294","117.62294","","","","","","","","","","","","","","","","","","","","","","","",""
"6975.039772","15420","15420","15420","170.76274","170.76274","170.76274","","","","","","","","","","","","","","","","","","","","","","","",""
"6975.909909725189","811101","811101","811101","521.6737670898438","521.6737670898438","521.6737670898438","","","","","","","","","","","","","","","","","","","","","","","",""
"6976.039295","1031323","1031323","1031323","215.03946","215.03946","215.03946","","","","","","","","","","","","","","","","","","","","","","","",""
"6977.142989","1056015","1056015","1056015","243.88168","243.88168","243.88168","","","","","","","","","","","","","","","","","","","","","","","",""
"6989.7434051036835","418","418","418","303.03302001953125","303.03302001953125","303.03302001953125","","","","","","","","","","","","","","","","","","","","","","","",""
"7005.554132938385","","","","","","","","","","","","","","","","","","","423","423","423","167.61952209472656","167.61952209472656","167.61952209472656","","","","","",""
"7013.9180381298065","351","351","351","205.45262145996094","205.45262145996094","205.45262145996094","","","","","","","","","","","","","","","","","","","","","","","",""
"7016.726413","14783","14783","14783","694.3232","694.3232","694.3232","","","","","","","","","","","","","","","","","","","","","","","",""
"7022.718471050262","","","","","","","","","","","","","428","428","428","150.92808532714844","150.92808532714844","150.92808532714844","","","","","","","","","","","",""
"7029.441724","14552","14552","14552","275.95273","275.95273","275.95273","","","","","","","","","","","","","","","","","","","","","","","",""
"7029.721279","1108501","1108501","1108501","83.58411","83.58411","83.58411","","","","","","","","","","","","","","","","","","","","","","","",""
"7036.282190799713","429","429","429","232.55111694335938","232.55111694335938","232.55111694335938","","","","","","","","","","","","","","","","","","","","","","","",""
"7041.032449960709","","","","","","","","","","","","","417","417","417","209.62869262695312","209.62869262695312","209.62869262695312","","","","","","","","","","","",""
"7043.456647","1112641","1112641","1112641","159.21115","159.21115","159.21115","","","","","","","","","","","","","","","","","","","","","","","",""
"7054.636236","1121000","1121000","1121000","152.00417","152.00417","152.00417","","","","","","","","","","","","","","","","","","","","","","","",""
"7064.362754","1141138","1141138","1141138","318.17664","318.17664","318.17664","","","","","","","","","","","","","","","","","","","","","","","",""
"7071.250744","15188","15188","15188","315.98703","315.98703","315.98703","","","","","","","","","","","","","","","","","","","","","","","",""
"7084.886799","1105672","1105672","1105672","423.1774","423.1774","423.1774","","","","","","","","","","","","","","","","","","","","","","","",""
"7096.235567","14089","14089","14089","170.75056","170.75056","170.75056","","","","","","","","","","","","","","","","","","","","","","","",""
"7096.609192","15130","15130","15130","418.12292","418.12292","418.12292","","","","","","","","","","","","","","","","","","","","","","","",""
"7109.782987","1121835","1121835","1121835","236.77644","236.77644","236.77644","","","","","","","","","","","","","","","","","","","","","","","",""
"7124.23877","1087068","1087068","1087068","337.13162","337.13162","337.13162","","","","","","","","","","","","","","","","","","","","","","","",""
"7127.971932172775","","","","","","","","","","","","","","","","","","","421","421","421","323.32562255859375","323.32562255859375","323.32562255859375","","","","","",""
"7128.523503","1048834","1048834","1048834","505.55756","505.55756","505.55756","","","","","","","","","","","","","","","","","","","","","","","",""
"7136.075624","1117461","1117461","1117461","117.62043","117.62043","117.62043","","","","","","","","","","","","","","","","","","","","","","","",""
"7159.49649","14405","14405","14405","370.52542","370.52542","370.52542","","","","","","","","","","","","","","","","","","","","","","","",""
"7160.145251","15680","15680","15680","145.07199","145.07199","145.07199","","","","","","","","","","","","","","","","","","","","","","","",""
"7162.211498","1076709","1076709","1076709","71.489815","71.489815","71.489815","","","","","","","","","","","","","","","","","","","","","","","",""
"7174.781177043915","430","430","430","169.11492919921875","169.11492919921875","169.11492919921875","","","","","","","","","","","","","","","","","","","","","","","",""
"7176.112137","1051901","1051901","1051901","80.99485","80.99485","80.99485","","","","","","","","","","","","","","","","","","","","","","","",""
"7177.177217006683","","","","","","","433","433","433","186.31472778320312","186.31472778320312","186.31472778320312","","","","","","","","","","","","","","","","","",""
"7181.366595029831","","","","","","","430","430","430","305.8521728515625","305.8521728515625","305.8521728515625","","","","","","","","","","","","","","","","","",""
"7185.881603002548","","","","","","","","","","","","","","","","","","","","","","","","","430","430","430","144.32839965820312","144.32839965820312","144.32839965820312"
"7187.491055965424","","","","","","","","","","","","","429","429","429","49.04534912109375","49.04534912109375","49.04534912109375","","","","","","","","","","","",""
"7197.987399816513","","","","","","","443","443","443","178.58897399902344","178.58897399902344","178.58897399902344","","","","","","","","","","","","","","","","","",""
"7201.396059989929","831447","831447","831447","172.66879272460938","172.66879272460938","172.66879272460938","","","","","","","","","","","","","","","","","","","","","","","",""
"7201.834287","15043","15043","15043","314.48685","314.48685","314.48685","","","","","","","","","","","","","","","","","","","","","","","",""
"7219.814448","1129558","1129558","1129558","75.26871","75.26871","75.26871","","","","","","","","","","","","","","","","","","","","","","","",""
"7223.530982971191","429","429","429","294.0157775878906","294.0157775878906","294.0157775878906","","","","","","","","","","","","","","","","","","","","","","","",""
"7234.526939","14812","14812","14812","304.09335","304.09335","304.09335","","","","","","","","","","","","","","","","","","","","","","","",""
"7236.875388145447","","","","","","","","","","","","","","","","","","","433","433","433","77.64974975585938","77.64974975585938","77.64974975585938","","","","","",""
"7238.522343","1134126","1134126","1134126","443.7691","443.7691","443.7691","","","","","","","","","","","","","","","","","","","","","","","",""
"7244.70821","1141978","1141978","1141978","141.85576","141.85576","141.85576","","","","","","","","","","","","","","","","","","","","","","","",""
"7251.696297168732","","","","","","","","","","","","","438","438","438","109.21219635009766","109.21219635009766","109.21219635009766","","","","","","","","","","","",""
"7254.456078","1162861","1162861","1162861","320.26923","320.26923","320.26923","","","","","","","","","","","","","","","","","","","","","","","",""
"7256.364157","15419","15419","15419","132.15402","132.15402","132.15402","","","","","","","","","","","","","","","","","","","","","","","",""
"7261.930886030197","","","","","","","","","","","","","427","427","427","210.80947875976562","210.80947875976562","210.80947875976562","","","","","","","","","","","",""
"7270.3125829696655","439","439","439","180.1022186279297","180.1022186279297","180.1022186279297","","","","","","","","","","","","","","","","","","","","","","","",""
"7276.730937","15332","15332","15332","101.68256","101.68256","101.68256","","","","","","","","","","","","","","","","","","","","","","","",""
"7279.914948225021","361","361","361","221.45579528808594","221.45579528808594","221.45579528808594","","","","","","","","","","","","","","","","","","","","","","","",""
"7279.995056","1127337","1127337","1127337","416.04703","416.04703","416.04703","","","","","","","","","","","","","","","","","","","","","","","",""
"7296.343108","14320","14320","14320","136.90079","136.90079","136.90079","","","","","","","","","","","","","","","","","","","","","","","",""
"7304.860877","1143309","1143309","1143309","220.547","220.547","220.547","","","","","","","","","","","","","","","","","","","","","","","",""
"7324.29579","1108645","1108645","1108645","515.5541","515.5541","515.5541","","","","","","","","","","","","","","","","","","","","","","","",""
"7326.161069","1138386","1138386","1138386","152.6394","152.6394","152.6394","","","","","","","","","","","","","","","","","","","","","","","",""
"7340.251996","15940","15940","15940","165.58801","165.58801","165.58801","","","","","","","","","","","","","","","","","","","","","","","",""
"7348.629303","1070499","1070499","1070499","237.09575","237.09575","237.09575","","","","","","","","","","","","","","","","","","","","","","","",""
"7349.578727","14665","14665","14665","94.25116","94.25116","94.25116","","","","","","","","","","","","","","","","","","","","","","","",""
"7352.287284","1098091","1098091","1098091","149.30106","149.30106","149.30106","","","","","","","","","","","","","","","","","","","","","","","",""
"7362.979049921036","","","","","","","","","","","","","","","","","","","432","432","432","137.88009643554688","137.88009643554688","137.88009643554688","","","","","",""
"7371.18717","1073110","1073110","1073110","136.20242","136.20242","136.20242","","","","","","","","","","","","","","","","","","","","","","","",""
"7386.939958","15274","15274","15274","175.2133","175.2133","175.2133","","","","","","","","","","","","","","","","","","","","","","","",""
"7404.950901","1149939","1149939","1149939","86.52643","86.52643","86.52643","","","","","","","","","","","","","","","","","","","","","","","",""
"7408.27450799942","","","","","","","444","444","444","183.30653381347656","183.30653381347656","183.30653381347656","","","","","","","","","","","","","","","","","",""
"7411.3478310108185","440","440","440","153.456787109375","153.456787109375","153.456787109375","","","","","","","","","","","","","","","","","","","","","","","",""
"7417.627510070801","","","","","","","440","440","440","356.2409362792969","356.2409362792969","356.2409362792969","","","","","","","","","","","","","","","","","",""
"7417.80122423172","","","","","","","","","","","","","","","","","","","","","","","","","441","441","441","186.9751739501953","186.9751739501953","186.9751739501953"
"7419.602168","15101","15101","15101","124.27744","124.27744","124.27744","","","","","","","","","","","","","","","","","","","","","","","",""
"7423.998600244522","","","","","","","","","","","","","440","440","440","301.2548522949219","301.2548522949219","301.2548522949219","","","","","","","","","","","",""
"7428.582293","1155972","1155972","1155972","427.89825","427.89825","427.89825","","","","","","","","","","","","","","","","","","","","","","","",""
"7430.157296895981","853429","853429","853429","623.6837768554688","623.6837768554688","623.6837768554688","","","","","","","","","","","","","","","","","","","","","","","",""
"7432.48109793663","","","","","","","453","453","453","139.86654663085938","139.86654663085938","139.86654663085938","","","","","","","","","","","","","","","","","",""
"7434.805633","1162917","1162917","1162917","176.83386","176.83386","176.83386","","","","","","","","","","","","","","","","","","","","","","","",""
"7441.511163","15708","15708","15708","244.13947","244.13947","244.13947","","","","","","","","","","","","","","","","","","","","","","","",""
"7444.60554","1183769","1183769","1183769","180.25272","180.25272","180.25272","","","","","","","","","","","","","","","","","","","","","","","",""
"7461.227854013443","439","439","439","313.7804260253906","313.7804260253906","313.7804260253906","","","","","","","","","","","","","","","","","","","","","","","",""
"7471.277085065842","","","","","","","","","","","","","","","","","","","443","443","443","87.10478973388672","87.10478973388672","87.10478973388672","","","","","",""
"7476.821852","15534","15534","15534","322.5634","322.5634","322.5634","","","","","","","","","","","","","","","","","","","","","","","",""
"7480.090404","1149219","1149219","1149219","321.52023","321.52023","321.52023","","","","","","","","","","","","","","","","","","","","","","","",""
"7485.95417714119","","","","","","","","","","","","","448","448","448","113.56941223144531","113.56941223144531","113.56941223144531","","","","","","","","","","","",""
"7486.612430095673","","","","","","","","","","","","","437","437","437","271.2973327636719","271.2973327636719","271.2973327636719","","","","","","","","","","","",""
"7499.944324","1164972","1164972","1164972","219.00073","219.00073","219.00073","","","","","","","","","","","","","","","","","","","","","","","",""
"7508.158622980118","449","449","449","406.3935241699219","406.3935241699219","406.3935241699219","","","","","","","","","","","","","","","","","","","","","","","",""
"7521.236962","1159666","1159666","1159666","141.96132","141.96132","141.96132","","","","","","","","","","","","","","","","","","","","","","","",""
"7525.370195","16200","16200","16200","326.70032","326.70032","326.70032","","","","","","","","","","","","","","","","","","","","","","","",""
"7529.373865","1130374","1130374","1130374","282.80557","282.80557","282.80557","","","","","","","","","","","","","","","","","","","","","","","",""
"7544.66245","14896","14896","14896","708.913","708.913","708.913","","","","","","","","","","","","","","","","","","","","","","","",""
"7550.4756009578705","371","371","371","251.13783264160156","251.13783264160156","251.13783264160156","","","","","","","","","","","","","","","","","","","","","","","",""
"7550.867737","1120144","1120144","1120144","277.06912","277.06912","277.06912","","","","","","","","","","","","","","","","","","","","","","","",""
"7561.249898","1094726","1094726","1094726","356.2493","356.2493","356.2493","","","","","","","","","","","","","","","","","","","","","","","",""
"7568.716677","1092409","1092409","1092409","421.91748","421.91748","421.91748","","","","","","","","","","","","","","","","","","","","","","","",""
"7572.050975","15505","15505","15505","187.35297","187.35297","187.35297","","","","","","","","","","","","","","","","","","","","","","","",""
"7599.685137","15361","15361","15361","89.05964","89.05964","89.05964","","","","","","","","","","","","","","","","","","","","","","","",""
"7600.032362","1171494","1171494","1171494","101.15102","101.15102","101.15102","","","","","","","","","","","","","","","","","","","","","","","",""
"7600.96598815918","","","","","","","","","","","","","","","","","","","442","442","442","271.1247863769531","271.1247863769531","271.1247863769531","","","","","",""
"7613.653569","1177252","1177252","1177252","695.8207","695.8207","695.8207","","","","","","","","","","","","","","","","","","","","","","","",""
"7626.620847","15968","15968","15968","97.10061","97.10061","97.10061","","","","","","","","","","","","","","","","","","","","","","","",""
"7629.885088","1183957","1183957","1183957","30.594374","30.594374","30.594374","","","","","","","","","","","","","","","","","","","","","","","",""
"7639.705872","1205498","1205498","1205498","428.79947","428.79947","428.79947","","","","","","","","","","","","","","","","","","","","","","","",""
"7642.000080823898","","","","","","","454","454","454","160.00091552734375","160.00091552734375","160.00091552734375","","","","","","","","","","","","","","","","","",""
"7650.873118162155","451","451","451","140.03036499023438","140.03036499023438","140.03036499023438","","","","","","","","","","","","","","","","","","","","","","","",""
"7652.686141252518","","","","","","","","","","","","","","","","","","","","","","","","","452","452","452","260.23211669921875","260.23211669921875","260.23211669921875"
"7656.560694932938","","","","","","","450","450","450","218.78298950195312","218.78298950195312","218.78298950195312","","","","","","","","","","","","","","","","","",""
"7661.442837715149","874503","874503","874503","334.291015625","334.291015625","334.291015625","","","","","","","","","","","","","","","","","","","","","","","",""
"7662.140751123428","","","","","","","","","","","","","451","451","451","111.78177642822266","111.78177642822266","111.78177642822266","","","","","","","","","","","",""
"7670.419676065445","","","","","","","464","464","464","225.38026428222656","225.38026428222656","225.38026428222656","","","","","","","","","","","","","","","","","",""
"7676.920743","15794","15794","15794","694.3828","694.3828","694.3828","","","","","","","","","","","","","","","","","","","","","","","",""
"7680.212574","1171031","1171031","1171031","409.03442","409.03442","409.03442","","","","","","","","","","","","","","","","","","","","","","","",""
"7695.937183","1186588","1186588","1186588","313.8042","313.8042","313.8042","","","","","","","","","","","","","","","","","","","","","","","",""
"7701.387598991394","450","450","450","407.0087585449219","407.0087585449219","407.0087585449219","","","","","","","","","","","","","","","","","","","","","","","",""
"7708.850399017334","","","","","","","","","","","","","","","","","","","455","455","455","108.7063217163086","108.7063217163086","108.7063217163086","","","","","",""
"7712.683918952942","","","","","","","","","","","","","447","447","447","92.95435333251953","92.95435333251953","92.95435333251953","","","","","","","","","","","",""
"7715.420895","16460","16460","16460","413.89737","413.89737","413.89737","","","","","","","","","","","","","","","","","","","","","","","",""
"7716.325225","1180637","1180637","1180637","111.96316","111.96316","111.96316","","","","","","","","","","","","","","","","","","","","","","","",""
"7724.522883892059","","","","","","","","","","","","","460","460","460","135.38143920898438","135.38143920898438","135.38143920898438","","","","","","","","","","","",""
"7725.331178","1151989","1151989","1151989","535.0566","535.0566","535.0566","","","","","","","","","","","","","","","","","","","","","","","",""
"7739.748321","15127","15127","15127","423.2932","423.2932","423.2932","","","","","","","","","","","","","","","","","","","","","","","",""
"7749.354084968567","459","459","459","304.2078552246094","304.2078552246094","304.2078552246094","","","","","","","","","","","","","","","","","","","","","","","",""
"7754.342146","1141618","1141618","1141618","354.23477","354.23477","354.23477","","","","","","","","","","","","","","","","","","","","","","","",""
"7761.320104","1115553","1115553","1115553","57.486862","57.486862","57.486862","","","","","","","","","","","","","","","","","","","","","","","",""
"7762.157702","15765","15765","15765","574.2449","574.2449","574.2449","","","","","","","","","","","","","","","","","","","","","","","",""
"7784.790225","15650","15650","15650","66.850204","66.850204","66.850204","","","","","","","","","","","","","","","","","","","","","","","",""
"7793.796207","1114094","1114094","1114094","325.06705","325.06705","325.06705","","","","","","","","","","","","","","","","","","","","","","","",""
"7795.120967","1192361","1192361","1192361","69.06118","69.06118","69.06118","","","","","","","","","","","","","","","","","","","","","","","",""
"7808.722955","1198425","1198425","1198425","86.49066","86.49066","86.49066","","","","","","","","","","","","","","","","","","","","","","","",""
"7816.739673","16257","16257","16257","416.5723","416.5723","416.5723","","","","","","","","","","","","","","","","","","","","","","","",""
"7824.965633","1205751","1205751","1205751","420.7267","420.7267","420.7267","","","","","","","","","","","","","","","","","","","","","","","",""
"7825.91929101944","381","381","381","236.86373901367188","236.86373901367188","236.86373901367188","","","","","","","","","","","","","","","","","","","","","","","",""
"7829.777504","1226566","1226566","1226566","140.69165","140.69165","140.69165","","","","","","","","","","","","","","","","","","","","","","","",""
"7841.721083164215","","","","","","","","","","","","","","","","","","","452","452","452","44.1500244140625","44.1500244140625","44.1500244140625","","","","","",""
"7872.006976","16025","16025","16025","276.81448","276.81448","276.81448","","","","","","","","","","","","","","","","","","","","","","","",""
"7880.259591817856","","","","","","","465","465","465","146.45553588867188","146.45553588867188","146.45553588867188","","","","","","","","","","","","","","","","","",""
"7880.303714","1192696","1192696","1192696","506.34482","506.34482","506.34482","","","","","","","","","","","","","","","","","","","","","","","",""
"7893.59729719162","462","462","462","251.70022583007812","251.70022583007812","251.70022583007812","","","","","","","","","","","","","","","","","","","","","","","",""
"7894.531527996063","896317","896317","896317","375.1922302246094","375.1922302246094","375.1922302246094","","","","","","","","","","","","","","","","","","","","","","","",""
"7896.020717","1208351","1208351","1208351","608.83844","608.83844","608.83844","","","","","","","","","","","","","","","","","","","","","","","",""
"7898.974813938141","","","","","","","461","461","461","312.71746826171875","312.71746826171875","312.71746826171875","","","","","","","","","","","","","","","","","",""
"7903.819185018539","","","","","","","","","","","","","461","461","461","118.54627227783203","118.54627227783203","118.54627227783203","","","","","","","","","","","",""
"7904.83095908165","","","","","","","","","","","","","","","","","","","","","","","","","462","462","462","94.6341323852539","94.6341323852539","94.6341323852539"
"7905.528932","16720","16720","16720","717.6038","717.6038","717.6038","","","","","","","","","","","","","","","","","","","","","","","",""
"7911.406278","1202131","1202131","1202131","392.13074","392.13074","392.13074","","","","","","","","","","","","","","","","","","","","","","","",""
"7920.406663","1173621","1173621","1173621","520.4908","520.4908","520.4908","","","","","","","","","","","","","","","","","","","","","","","",""
"7921.999743938446","","","","","","","475","475","475","158.3944854736328","158.3944854736328","158.3944854736328","","","","","","","","","","","","","","","","","",""
"7939.425722","1162826","1162826","1162826","91.041176","91.041176","91.041176","","","","","","","","","","","","","","","","","","","","","","","",""
"7939.866775","15387","15387","15387","516.4567","516.4567","516.4567","","","","","","","","","","","","","","","","","","","","","","","",""
"7943.19993686676","","","","","","","","","","","","","458","458","458","191.13198852539062","191.13198852539062","191.13198852539062","","","","","","","","","","","",""
"7944.870116949081","460","460","460","219.9409637451172","219.9409637451172","219.9409637451172","","","","","","","","","","","","","","","","","","","","","","","",""
"7951.609620094299","","","","","","","","","","","","","","","","","","","465","465","465","161.96841430664062","161.96841430664062","161.96841430664062","","","","","",""
"7952.260278","16025","16025","16025","192.20723","192.20723","192.20723","","","","","","","","","","","","","","","","","","","","","","","",""
"7961.394646","1136323","1136323","1136323","70.249374","70.249374","70.249374","","","","","","","","","","","","","","","","","","","","","","","",""
"7974.896375","15910","15910","15910","134.50568","134.50568","134.50568","","","","","","","","","","","","","","","","","","","","","","","",""
"7977.314841032028","","","","","","","","","","","","","470","470","470","281.0043640136719","281.0043640136719","281.0043640136719","","","","","","","","","","","",""
"7990.291093","1213029","1213029","1213029","64.022354","64.022354","64.022354","","","","","","","","","","","","","","","","","","","","","","","",""
"7993.860047","1134782","1134782","1134782","72.04029","72.04029","72.04029","","","","","","","","","","","","","","","","","","","","","","","",""
"8002.674201965332","469","469","469","211.56971740722656","211.56971740722656","211.56971740722656","","","","","","","","","","","","","","","","","","","","","","","",""
"8003.771045","1220010","1220010","1220010","147.92137","147.92137","147.92137","","","","","","","","","","","","","","","","","","","","","","","",""
"8011.863985","16488","16488","16488","172.91139","172.91139","172.91139","","","","","","","","","","","","","","","","","","","","","","","",""
"8020.069853","1226610","1226610","1226610","123.24998","123.24998","123.24998","","","","","","","","","","","","","","","","","","","","","","","",""
"8029.945889","1248647","1248647","1248647","377.6711","377.6711","377.6711","","","","","","","","","","","","","","","","","","","","","","","",""
"8067.091116","16285","16285","16285","410.938","410.938","410.938","","","","","","","","","","","","","","","","","","","","","","","",""
"8080.38978","1214113","1214113","1214113","479.9707","479.9707","479.9707","","","","","","","","","","","","","","","","","","","","","","","",""
"8085.715075016022","","","","","","","","","","","","","","","","","","","463","463","463","279.9786682128906","279.9786682128906","279.9786682128906","","","","","",""
"8096.100224","1230065","1230065","1230065","321.07666","321.07666","321.07666","","","","","","","","","","","","","","","","","","","","","","","",""
"8100.641891","16980","16980","16980","318.3594","318.3594","318.3594","","","","","","","","","","","","","","","","","","","","","","","",""
"8103.810130119324","391","391","391","244.13241577148438","244.13241577148438","244.13241577148438","","","","","","","","","","","","","","","","","","","","","","","",""
"8111.49041","1223987","1223987","1223987","421.3056","421.3056","421.3056","","","","","","","","","","","","","","","","","","","","","","","",""
"8120.482549","1195393","1195393","1195393","223.5348","223.5348","223.5348","","","","","","","","","","","","","","","","","","","","","","","",""
"8130.287982940674","917712","917712","917712","406.03375244140625","406.03375244140625","406.03375244140625","","","","","","","","","","","","","","","","","","","","","","","",""
"8132.1269681453705","","","","","","","475","475","475","155.49610900878906","155.49610900878906","155.49610900878906","","","","","","","","","","","","","","","","","",""
"8135.042164","1183794","1183794","1183794","109.06334","109.06334","109.06334","","","","","","","","","","","","","","","","","","","","","","","",""
"8144.959609","15618","15618","15618","257.78232","257.78232","257.78232","","","","","","","","","","","","","","","","","","","","","","","",""
"8150.33278298378","472","472","472","242.732177734375","242.732177734375","242.732177734375","","","","","","","","","","","","","","","","","","","","","","","",""
"8154.17097902298","","","","","","","471","471","471","123.73023223876953","123.73023223876953","123.73023223876953","","","","","","","","","","","","","","","","","",""
"8158.3336679935455","","","","","","","","","","","","","472","472","472","96.61610412597656","96.61610412597656","96.61610412597656","","","","","","","","","","","",""
"8162.382449","16256","16256","16256","213.55014","213.55014","213.55014","","","","","","","","","","","","","","","","","","","","","","","",""
"8169.979891","16199","16199","16199","498.25595","498.25595","498.25595","","","","","","","","","","","","","","","","","","","","","","","",""
"8176.181284189224","","","","","","","485","485","485","71.51220703125","71.51220703125","71.51220703125","","","","","","","","","","","","","","","","","",""
"8176.212009906769","","","","","","","","","","","","","","","","","","","","","","","","","474","474","474","250.10255432128906","250.10255432128906","250.10255432128906"
"8176.470755","1158507","1158507","1158507","448.79108","448.79108","448.79108","","","","","","","","","","","","","","","","","","","","","","","",""
"8190.003056049347","","","","","","","","","","","","","468","468","468","133.7823944091797","133.7823944091797","133.7823944091797","","","","","","","","","","","",""
"8190.378371","1234049","1234049","1234049","53.64577","53.64577","53.64577","","","","","","","","","","","","","","","","","","","","","","","",""
"8193.932843","1156403","1156403","1156403","431.27823","431.27823","431.27823","","","","","","","","","","","","","","","","","","","","","","","",""
"8202.792680978775","470","470","470","355.0153503417969","355.0153503417969","355.0153503417969","","","","","","","","","","","","","","","","","","","","","","","",""
"8204.128501","1240346","1240346","1240346","262.88278","262.88278","262.88278","","","","","","","","","","","","","","","","","","","","","","","",""
"8207.010211","16748","16748","16748","79.62258","79.62258","79.62258","","","","","","","","","","","","","","","","","","","","","","","",""
"8207.903507232666","","","","","","","","","","","","","","","","","","","475","475","475","134.4352569580078","134.4352569580078","134.4352569580078","","","","","",""
"8220.169484","1247673","1247673","1247673","84.238556","84.238556","84.238556","","","","","","","","","","","","","","","","","","","","","","","",""
"8225.041515","1269685","1269685","1269685","226.27357","226.27357","226.27357","","","","","","","","","","","","","","","","","","","","","","","",""
"8233.790776968002","","","","","","","","","","","","","481","481","481","141.39413452148438","141.39413452148438","141.39413452148438","","","","","","","","","","","",""
"8260.200781822205","480","480","480","217.30343627929688","217.30343627929688","217.30343627929688","","","","","","","","","","","","","","","","","","","","","","","",""
"8267.181503","16516","16516","16516","179.7406","179.7406","179.7406","","","","","","","","","","","","","","","","","","","","","","","",""
"8285.477255","1235822","1235822","1235822","422.1703","422.1703","422.1703","","","","","","","","","","","","","","","","","","","","","","","",""
"8295.744344","17182","17182","17182","327.6489","327.6489","327.6489","","","","","","","","","","","","","","","","","","","","","","","",""
"8296.195488","1251563","1251563","1251563","531.647","531.647","531.647","","","","","","","","","","","","","","","","","","","","","","","",""
"8311.575596","1245472","1245472","1245472","282.9675","282.9675","282.9675","","","","","","","","","","","","","","","","","","","","","","","",""
"8330.570386","1217343","1217343","1217343","610.1852","610.1852","610.1852","","","","","","","","","","","","","","","","","","","","","","","",""
"8335.112784","1204752","1204752","1204752","122.15618","122.15618","122.15618","","","","","","","","","","","","","","","","","","","","","","","",""
"8341.59474825859","","","","","","","","","","","","","","","","","","","473","473","473","303.6725158691406","303.6725158691406","303.6725158691406","","","","","",""
"8350.045744","15849","15849","15849","129.90862","129.90862","129.90862","","","","","","","","","","","","","","","","","","","","","","","",""
"8365.084993","16459","16459","16459","108.121315","108.121315","108.121315","","","","","","","","","","","","","","","","","","","","","","","",""
"8371.537128","1178936","1178936","1178936","88.46165","88.46165","88.46165","","","","","","","","","","","","","","","","","","","","","","","",""
"8377.499027","16545","16545","16545","237.79181","237.79181","237.79181","","","","","","","","","","","","","","","","","","","","","","","",""
"8380.786502838135","939151","939151","939151","377.0099182128906","377.0099182128906","377.0099182128906","","","","","","","","","","","","","","","","","","","","","","","",""
"8386.805655241013","401","401","401","154.86961364746094","154.86961364746094","154.86961364746094","","","","","","","","","","","","","","","","","","","","","","","",""
"8388.331778049469","","","","","","","485","485","485","286.52374267578125","286.52374267578125","286.52374267578125","","","","","","","","","","","","","","","","","",""
"8390.473323","1254874","1254874","1254874","57.422894","57.422894","57.422894","","","","","","","","","","","","","","","","","","","","","","","",""
"8394.011342","1177922","1177922","1177922","340.8195","340.8195","340.8195","","","","","","","","","","","","","","","","","","","","","","","",""
"8406.513604","1263525","1263525","1263525","225.18135","225.18135","225.18135","","","","","","","","","","","","","","","","","","","","","","","",""
"8407.133069","16979","16979","16979","510.43222","510.43222","510.43222","","","","","","","","","","","","","","","","","","","","","","","",""
"8410.678352117538","482","482","482","128.97775268554688","128.97775268554688","128.97775268554688","","","","","","","","","","","","","","","","","","","","","","","",""
"8412.428993940353","","","","","","","482","482","482","256.61712646484375","256.61712646484375","256.61712646484375","","","","","","","","","","","","","","","","","",""
"8415.803291082382","","","","","","","","","","","","","482","482","482","93.2277603149414","93.2277603149414","93.2277603149414","","","","","","","","","","","",""
"8420.264808","1268550","1268550","1268550","84.20709","84.20709","84.20709","","","","","","","","","","","","","","","","","","","","","","","",""
"8430.148729","1291040","1291040","1291040","106.30596","106.30596","106.30596","","","","","","","","","","","","","","","","","","","","","","","",""
"8431.99163222313","","","","","","","496","496","496","229.81048583984375","229.81048583984375","229.81048583984375","","","","","","","","","","","","","","","","","",""
"8440.376280069351","","","","","","","","","","","","","478","478","478","92.77019500732422","92.77019500732422","92.77019500732422","","","","","","","","","","","",""
"8453.104177236557","","","","","","","","","","","","","","","","","","","","","","","","","484","484","484","91.85346984863281","91.85346984863281","91.85346984863281"
"8464.16314816475","480","480","480","311.4745178222656","311.4745178222656","311.4745178222656","","","","","","","","","","","","","","","","","","","","","","","",""
"8467.223226070404","","","","","","","","","","","","","","","","","","","486","486","486","66.63996887207031","66.63996887207031","66.63996887207031","","","","","",""
"8467.268465","16776","16776","16776","608.9913","608.9913","608.9913","","","","","","","","","","","","","","","","","","","","","","","",""
"8492.782442092896","","","","","","","","","","","","","491","491","491","152.97061157226562","152.97061157226562","152.97061157226562","","","","","","","","","","","",""
"8495.562031","1257700","1257700","1257700","694.3932","694.3932","694.3932","","","","","","","","","","","","","","","","","","","","","","","",""
"8495.848951","17384","17384","17384","100.39386","100.39386","100.39386","","","","","","","","","","","","","","","","","","","","","","","",""
"8501.291186","1273457","1273457","1273457","433.72165","433.72165","433.72165","","","","","","","","","","","","","","","","","","","","","","","",""
"8511.663472","1266449","1266449","1266449","179.42122","179.42122","179.42122","","","","","","","","","","","","","","","","","","","","","","","",""
"8520.333422899246","490","490","490","213.23348999023438","213.23348999023438","213.23348999023438","","","","","","","","","","","","","","","","","","","","","","","",""
"8535.181197","1226354","1226354","1226354","258.50092","258.50092","258.50092","","","","","","","","","","","","","","","","","","","","","","","",""
"8550.672003","1238813","1238813","1238813","709.3564","709.3564","709.3564","","","","","","","","","","","","","","","","","","","","","","","",""
"8560.135132","16109","16109","16109","514.78174","514.78174","514.78174","","","","","","","","","","","","","","","","","","","","","","","",""
"8560.166476","16719","16719","16719","269.6109","269.6109","269.6109","","","","","","","","","","","","","","","","","","","","","","","",""
"8576.604037","1201071","1201071","1201071","447.36343","447.36343","447.36343","","","","","","","","","","","","","","","","","","","","","","","",""
"8590.564936","1275643","1275643","1275643","106.83743","106.83743","106.83743","","","","","","","","","","","","","","","","","","","","","","","",""
"8592.628522","16805","16805","16805","146.82263","146.82263","146.82263","","","","","","","","","","","","","","","","","","","","","","","",""
"8600.142590999603","","","","","","","","","","","","","","","","","","","483","483","483","74.61327362060547","74.61327362060547","74.61327362060547","","","","","",""
"8605.725291","1284189","1284189","1284189","105.54849","105.54849","105.54849","","","","","","","","","","","","","","","","","","","","","","","",""
"8607.261754","17268","17268","17268","544.7548","544.7548","544.7548","","","","","","","","","","","","","","","","","","","","","","","",""
"8614.082018","1199207","1199207","1199207","172.76346","172.76346","172.76346","","","","","","","","","","","","","","","","","","","","","","","",""
"8620.35647","1289512","1289512","1289512","165.54066","165.54066","165.54066","","","","","","","","","","","","","","","","","","","","","","","",""
"8630.274708","1311783","1311783","1311783","191.75372","191.75372","191.75372","","","","","","","","","","","","","","","","","","","","","","","",""
"8635.067786693573","960575","960575","960575","447.4463195800781","447.4463195800781","447.4463195800781","","","","","","","","","","","","","","","","","","","","","","","",""
"8644.806039094925","","","","","","","496","496","496","127.04751586914062","127.04751586914062","127.04751586914062","","","","","","","","","","","","","","","","","",""
"8672.359964","17065","17065","17065","319.58282","319.58282","319.58282","","","","","","","","","","","","","","","","","","","","","","","",""
"8672.843483924866","412","412","412","172.1502227783203","172.1502227783203","172.1502227783203","","","","","","","","","","","","","","","","","","","","","","","",""
"8673.748588085175","493","493","493","116.26670837402344","116.26670837402344","116.26670837402344","","","","","","","","","","","","","","","","","","","","","","","",""
"8673.7611079216","","","","","","","492","492","492","260.5699157714844","260.5699157714844","260.5699157714844","","","","","","","","","","","","","","","","","",""
"8680.514601945877","","","","","","","","","","","","","493","493","493","211.74786376953125","211.74786376953125","211.74786376953125","","","","","","","","","","","",""
"8690.747586965561","","","","","","","506","506","506","251.4324951171875","251.4324951171875","251.4324951171875","","","","","","","","","","","","","","","","","",""
"8690.974465","17586","17586","17586","526.11847","526.11847","526.11847","","","","","","","","","","","","","","","","","","","","","","","",""
"8694.062148094177","","","","","","","","","","","","","489","489","489","118.66826629638672","118.66826629638672","118.66826629638672","","","","","","","","","","","",""
"8700.817613","1279026","1279026","1279026","508.9277","508.9277","508.9277","","","","","","","","","","","","","","","","","","","","","","","",""
"8706.377966","1295167","1295167","1295167","423.0944","423.0944","423.0944","","","","","","","","","","","","","","","","","","","","","","","",""
"8711.749755","1287809","1287809","1287809","488.84253","488.84253","488.84253","","","","","","","","","","","","","","","","","","","","","","","",""
"8718.748603105545","","","","","","","","","","","","","","","","","","","","","","","","","496","496","496","168.17393493652344","168.17393493652344","168.17393493652344"
"8727.995738983154","492","492","492","221.20062255859375","221.20062255859375","221.20062255859375","","","","","","","","","","","","","","","","","","","","","","","",""
"8729.788894176483","","","","","","","","","","","","","","","","","","","496","496","496","262.97607421875","262.97607421875","262.97607421875","","","","","",""
"8735.270885","1247143","1247143","1247143","128.80414","128.80414","128.80414","","","","","","","","","","","","","","","","","","","","","","","",""
"8755.261689","16979","16979","16979","412.07236","412.07236","412.07236","","","","","","","","","","","","","","","","","","","","","","","",""
"8755.758599996567","","","","","","","","","","","","","501","501","501","399.959716796875","399.959716796875","399.959716796875","","","","","","","","","","","",""
"8770.234167","16340","16340","16340","275.9044","275.9044","275.9044","","","","","","","","","","","","","","","","","","","","","","","",""
"8770.761519","1260727","1260727","1260727","425.10922","425.10922","425.10922","","","","","","","","","","","","","","","","","","","","","","","",""
"8784.729929924011","500","500","500","312.7945251464844","312.7945251464844","312.7945251464844","","","","","","","","","","","","","","","","","","","","","","","",""
"8786.693147","1221858","1221858","1221858","62.840958","62.840958","62.840958","","","","","","","","","","","","","","","","","","","","","","","",""
"8792.74233","17065","17065","17065","608.7459","608.7459","608.7459","","","","","","","","","","","","","","","","","","","","","","","",""
"8795.66672","1296660","1296660","1296660","82.358826","82.358826","82.358826","","","","","","","","","","","","","","","","","","","","","","","",""
"8812.392247","17528","17528","17528","328.8279","328.8279","328.8279","","","","","","","","","","","","","","","","","","","","","","","",""
"8815.795772","1305539","1305539","1305539","109.59304","109.59304","109.59304","","","","","","","","","","","","","","","","","","","","","","","",""
"8825.439518","1310471","1310471","1310471","91.19628","91.19628","91.19628","","","","","","","","","","","","","","","","","","","","","","","",""
"8837.134743","1221156","1221156","1221156","308.34747","308.34747","308.34747","","","","","","","","","","","","","","","","","","","","","","","",""
"8840.455137","1333835","1333835","1333835","379.1386","379.1386","379.1386","","","","","","","","","","","","","","","","","","","","","","","",""
"8862.465841054916","","","","","","","","","","","","","","","","","","","493","493","493","261.59820556640625","261.59820556640625","261.59820556640625","","","","","",""
"8877.448122","17325","17325","17325","99.44898","99.44898","99.44898","","","","","","","","","","","","","","","","","","","","","","","",""
"8893.651670694351","981998","981998","981998","655.6620483398438","655.6620483398438","655.6620483398438","","","","","","","","","","","","","","","","","","","","","","","",""
"8896.083739","17788","17788","17788","255.83353","255.83353","255.83353","","","","","","","","","","","","","","","","","","","","","","","",""
"8907.34723687172","","","","","","","506","506","506","89.99130249023438","89.99130249023438","89.99130249023438","","","","","","","","","","","","","","","","","",""
"8911.463308","1316648","1316648","1316648","319.06656","319.06656","319.06656","","","","","","","","","","","","","","","","","","","","","","","",""
"8915.979352","1301012","1301012","1301012","197.89795","197.89795","197.89795","","","","","","","","","","","","","","","","","","","","","","","",""
"8921.849148","1309108","1309108","1309108","106.54263","106.54263","106.54263","","","","","","","","","","","","","","","","","","","","","","","",""
"8938.332787275314","","","","","","","502","502","502","311.520263671875","311.520263671875","311.520263671875","","","","","","","","","","","","","","","","","",""
"8940.303222894669","503","503","503","128.900634765625","128.900634765625","128.900634765625","","","","","","","","","","","","","","","","","","","","","","","",""
"8945.361772","1268566","1268566","1268566","91.61052","91.61052","91.61052","","","","","","","","","","","","","","","","","","","","","","","",""
"8948.22068119049","","","","","","","","","","","","","503","503","503","77.76297760009766","77.76297760009766","77.76297760009766","","","","","","","","","","","",""
"8950.426196098328","","","","","","","","","","","","","499","499","499","196.08099365234375","196.08099365234375","196.08099365234375","","","","","","","","","","","",""
"8952.621808052063","","","","","","","516","516","516","189.0115966796875","189.0115966796875","189.0115966796875","","","","","","","","","","","","","","","","","",""
"8955.3831","17239","17239","17239","115.29017","115.29017","115.29017","","","","","","","","","","","","","","","","","","","","","","","",""
"8962.209752082825","423","423","423","189.0527801513672","189.0527801513672","189.0527801513672","","","","","","","","","","","","","","","","","","","","","","","",""
"8970.291165","16542","16542","16542","547.5555","547.5555","547.5555","","","","","","","","","","","","","","","","","","","","","","","",""
"8987.856778","17296","17296","17296","89.71878","89.71878","89.71878","","","","","","","","","","","","","","","","","","","","","","","",""
"8990.853456","1282356","1282356","1282356","990.4221","990.4221","990.4221","","","","","","","","","","","","","","","","","","","","","","","",""
"8995.393953084946","503","503","503","262.6831970214844","262.6831970214844","262.6831970214844","","","","","","","","","","","","","","","","","","","","","","","",""
"8996.471312046051","","","","","","","","","","","","","","","","","","","508","508","508","156.67117309570312","156.67117309570312","156.67117309570312","","","","","",""
"8996.51836514473","","","","","","","","","","","","","","","","","","","","","","","","","506","506","506","249.47238159179688","249.47238159179688","249.47238159179688"
"9001.770625","1243307","1243307","1243307","309.07886","309.07886","309.07886","","","","","","","","","","","","","","","","","","","","","","","",""
"9005.800103","1317792","1317792","1317792","97.39943","97.39943","97.39943","","","","","","","","","","","","","","","","","","","","","","","",""
"9012.566996","14580","14580","14580","180.69763","180.69763","180.69763","","","","","","","","","","","","","","","","","","","","","","","",""
"9012.575741","14840","14840","14840","130.00655","130.00655","130.00655","","","","","","","","","","","","","","","","","","","","","","","",""
"9017.522823","17788","17788","17788","142.84814","142.84814","142.84814","","","","","","","","","","","","","","","","","","","","","","","",""
"9020.868132","1326306","1326306","1326306","78.25698","78.25698","78.25698","","","","","","","","","","","","","","","","","","","","","","","",""
"9021.369904994965","","","","","","","","","","","","","511","511","511","201.51986694335938","201.51986694335938","201.51986694335938","","","","","","","","","","","",""
"9030.55423","1331193","1331193","1331193","81.4733","81.4733","81.4733","","","","","","","","","","","","","","","","","","","","","","","",""
"9040.480307","1242607","1242607","1242607","219.13542","219.13542","219.13542","","","","","","","","","","","","","","","","","","","","","","","",""
"9050.545038","1354740","1354740","1354740","74.61295","74.61295","74.61295","","","","","","","","","","","","","","","","","","","","","","","",""
"9051.935849905014","511","511","511","210.0983123779297","210.0983123779297","210.0983123779297","","","","","","","","","","","","","","","","","","","","","","","",""
"9087.547492","17614","17614","17614","303.96625","303.96625","303.96625","","","","","","","","","","","","","","","","","","","","","","","",""
"9101.188732","18048","18048","18048","175.07774","175.07774","175.07774","","","","","","","","","","","","","","","","","","","","","","","",""
"9121.560411","1338585","1338585","1338585","417.36295","417.36295","417.36295","","","","","","","","","","","","","","","","","","","","","","","",""
"9126.128843","1322646","1322646","1322646","510.53543","510.53543","510.53543","","","","","","","","","","","","","","","","","","","","","","","",""
"9126.943409","1330409","1330409","1330409","487.4742","487.4742","487.4742","","","","","","","","","","","","","","","","","","","","","","","",""
"9127.693417072296","","","","","","","","","","","","","","","","","","","503","503","503","285.64654541015625","285.64654541015625","285.64654541015625","","","","","",""
"9150.457943","1289697","1289697","1289697","287.39005","287.39005","287.39005","","","","","","","","","","","","","","","","","","","","","","","",""
"9154.325824737549","1003439","1003439","1003439","244.252197265625","244.252197265625","244.252197265625","","","","","","","","","","","","","","","","","","","","","","","",""
"9165.495413","17528","17528","17528","263.22842","263.22842","263.22842","","","","","","","","","","","","","","","","","","","","","","","",""
"9173.20106601715","","","","","","","518","518","518","133.10670471191406","133.10670471191406","133.10670471191406","","","","","","","","","","","","","","","","","",""
"9175.405504","16773","16773","16773","325.90167","325.90167","325.90167","","","","","","","","","","","","","","","","","","","","","","","",""
"9187.970258","17556","17556","17556","105.34053","105.34053","105.34053","","","","","","","","","","","","","","","","","","","","","","","",""
"9206.186527967453","","","","","","","513","513","513","262.4376525878906","262.4376525878906","262.4376525878906","","","","","","","","","","","","","","","","","",""
"9209.65328001976","513","513","513","53.797794342041016","53.797794342041016","53.797794342041016","","","","","","","","","","","","","","","","","","","","","","","",""
"9210.035966157913","","","","","","","","","","","","","510","510","510","324.53302001953125","324.53302001953125","324.53302001953125","","","","","","","","","","","",""
"9215.976935","1303907","1303907","1303907","430.71048","430.71048","430.71048","","","","","","","","","","","","","","","","","","","","","","","",""
"9217.144807100296","","","","","","","528","528","528","307.5224914550781","307.5224914550781","307.5224914550781","","","","","","","","","","","","","","","","","",""
"9218.846192121506","","","","","","","","","","","","","514","514","514","78.7266616821289","78.7266616821289","78.7266616821289","","","","","","","","","","","",""
"9221.845854","1264295","1264295","1264295","116.45513","116.45513","116.45513","","","","","","","","","","","","","","","","","","","","","","","",""
"9230.916568","1338857","1338857","1338857","75.17609","75.17609","75.17609","","","","","","","","","","","","","","","","","","","","","","","",""
"9232.649017","18019","18019","18019","186.68541","186.68541","186.68541","","","","","","","","","","","","","","","","","","","","","","","",""
"9235.645113","1353027","1353027","1353027","417.7569","417.7569","417.7569","","","","","","","","","","","","","","","","","","","","","","","",""
"9235.949576","1347579","1347579","1347579","140.06026","140.06026","140.06026","","","","","","","","","","","","","","","","","","","","","","","",""
"9250.572155","1264154","1264154","1264154","601.15967","601.15967","601.15967","","","","","","","","","","","","","","","","","","","","","","","",""
"9254.29467701912","433","433","433","284.4429626464844","284.4429626464844","284.4429626464844","","","","","","","","","","","","","","","","","","","","","","","",""
"9260.654319","1375947","1375947","1375947","251.74365","251.74365","251.74365","","","","","","","","","","","","","","","","","","","","","","","",""
"9266.106482982635","513","513","513","308.9863586425781","308.9863586425781","308.9863586425781","","","","","","","","","","","","","","","","","","","","","","","",""
"9266.773369073868","","","","","","","","","","","","","","","","","","","","","","","","","517","517","517","148.39561462402344","148.39561462402344","148.39561462402344"
"9266.850867986679","","","","","","","","","","","","","","","","","","","518","518","518","160.67449951171875","160.67449951171875","160.67449951171875","","","","","",""
"9287.155597925186","","","","","","","","","","","","","522","522","522","172.64610290527344","172.64610290527344","172.64610290527344","","","","","","","","","","","",""
"9292.642754","17874","17874","17874","415.09848","415.09848","415.09848","","","","","","","","","","","","","","","","","","","","","","","",""
"9311.31133","18250","18250","18250","521.2221","521.2221","521.2221","","","","","","","","","","","","","","","","","","","","","","","",""
"9321.325220823288","523","523","523","216.8466339111328","216.8466339111328","216.8466339111328","","","","","","","","","","","","","","","","","","","","","","","",""
"9331.662196","1360013","1360013","1360013","610.793","610.793","610.793","","","","","","","","","","","","","","","","","","","","","","","",""
"9341.293308","1344242","1344242","1344242","514.7146","514.7146","514.7146","","","","","","","","","","","","","","","","","","","","","","","",""
"9342.041333","1352192","1352192","1352192","252.94678","252.94678","252.94678","","","","","","","","","","","","","","","","","","","","","","","",""
"9360.531264","1310913","1310913","1310913","132.06447","132.06447","132.06447","","","","","","","","","","","","","","","","","","","","","","","",""
"9375.594328","17788","17788","17788","186.22253","186.22253","186.22253","","","","","","","","","","","","","","","","","","","","","","","",""
"9393.078583","17816","17816","17816","348.04227","348.04227","348.04227","","","","","","","","","","","","","","","","","","","","","","","",""
"9395.514594","17004","17004","17004","609.0381","609.0381","609.0381","","","","","","","","","","","","","","","","","","","","","","","",""
"9395.750064134598","","","","","","","","","","","","","","","","","","","513","513","513","337.00506591796875","337.00506591796875","337.00506591796875","","","","","",""
"9417.190193891525","1024360","1024360","1024360","174.68414306640625","174.68414306640625","174.68414306640625","","","","","","","","","","","","","","","","","","","","","","","",""
"9436.913898","1285162","1285162","1285162","66.9475","66.9475","66.9475","","","","","","","","","","","","","","","","","","","","","","","",""
"9441.069799","1325614","1325614","1325614","510.4158","510.4158","510.4158","","","","","","","","","","","","","","","","","","","","","","","",""
"9442.76763","18279","18279","18279","174.02509","174.02509","174.02509","","","","","","","","","","","","","","","","","","","","","","","",""
"9442.96196603775","","","","","","","529","529","529","97.31086730957031","97.31086730957031","97.31086730957031","","","","","","","","","","","","","","","","","",""
"9445.745517","1374038","1374038","1374038","70.85923","70.85923","70.85923","","","","","","","","","","","","","","","","","","","","","","","",""
"9456.026937","1360099","1360099","1360099","118.137695","118.137695","118.137695","","","","","","","","","","","","","","","","","","","","","","","",""
"9456.038822","1368868","1368868","1368868","232.9611","232.9611","232.9611","","","","","","","","","","","","","","","","","","","","","","","",""
"9465.672496","1286064","1286064","1286064","704.7285","704.7285","704.7285","","","","","","","","","","","","","","","","","","","","","","","",""
"9471.127103090286","","","","","","","","","","","","","521","521","521","115.12490844726562","115.12490844726562","115.12490844726562","","","","","","","","","","","",""
"9476.6747610569","","","","","","","524","524","524","447.7300109863281","447.7300109863281","447.7300109863281","","","","","","","","","","","","","","","","","",""
"9480.778575","1397988","1397988","1397988","232.27077","232.27077","232.27077","","","","","","","","","","","","","","","","","","","","","","","",""
"9482.46395111084","525","525","525","98.7290267944336","98.7290267944336","98.7290267944336","","","","","","","","","","","","","","","","","","","","","","","",""
"9492.70352101326","","","","","","","","","","","","","526","526","526","66.50294494628906","66.50294494628906","66.50294494628906","","","","","","","","","","","",""
"9507.743026","18134","18134","18134","600.20874","600.20874","600.20874","","","","","","","","","","","","","","","","","","","","","","","",""
"9524.566040992737","","","","","","","","","","","","","","","","","","","","","","","","","528","528","528","123.18181610107422","123.18181610107422","123.18181610107422"
"9526.435891","18481","18481","18481","516.1338","516.1338","516.1338","","","","","","","","","","","","","","","","","","","","","","","",""
"9538.728173971176","524","524","524","354.1688537597656","354.1688537597656","354.1688537597656","","","","","","","","","","","","","","","","","","","","","","","",""
"9541.286246061325","","","","","","","","","","","","","","","","","","","529","529","529","195.28369140625","195.28369140625","195.28369140625","","","","","",""
"9546.244333267212","443","443","443","179.0768585205078","179.0768585205078","179.0768585205078","","","","","","","","","","","","","","","","","","","","","","","",""
"9546.755982","1381553","1381553","1381553","420.05286","420.05286","420.05286","","","","","","","","","","","","","","","","","","","","","","","",""
"9556.391062","1365261","1365261","1365261","150.94147","150.94147","150.94147","","","","","","","","","","","","","","","","","","","","","","","",""
"9557.138622","1373103","1373103","1373103","79.7109","79.7109","79.7109","","","","","","","","","","","","","","","","","","","","","","","",""
"9570.638562","1332468","1332468","1332468","238.86284","238.86284","238.86284","","","","","","","","","","","","","","","","","","","","","","","",""
"9595.691826","18048","18048","18048","71.189476","71.189476","71.189476","","","","","","","","","","","","","","","","","","","","","","","",""
"9605.600821","17235","17235","17235","118.43671","118.43671","118.43671","","","","","","","","","","","","","","","","","","","","","","","",""
"9608.193767","18018","18018","18018","352.33444","352.33444","352.33444","","","","","","","","","","","","","","","","","","","","","","","",""
"9655.830808","1394787","1394787","1394787","109.76264","109.76264","109.76264","","","","","","","","","","","","","","","","","","","","","","","",""
"9656.995521","1306194","1306194","1306194","138.80864","138.80864","138.80864","","","","","","","","","","","","","","","","","","","","","","","",""
"9657.89892","18510","18510","18510","327.31363","327.31363","327.31363","","","","","","","","","","","","","","","","","","","","","","","",""
"9666.17316","1347090","1347090","1347090","420.09833","420.09833","420.09833","","","","","","","","","","","","","","","","","","","","","","","",""
"9667.155687093735","","","","","","","","","","","","","","","","","","","524","524","524","183.1131134033203","183.1131134033203","183.1131134033203","","","","","",""
"9675.761599","1307680","1307680","1307680","217.64308","217.64308","217.64308","","","","","","","","","","","","","","","","","","","","","","","",""
"9681.1423","1380876","1380876","1380876","111.20829","111.20829","111.20829","","","","","","","","","","","","","","","","","","","","","","","",""
"9684.14087486267","1045759","1045759","1045759","417.8697814941406","417.8697814941406","417.8697814941406","","","","","","","","","","","","","","","","","","","","","","","",""
"9686.104734","1390350","1390350","1390350","175.94435","175.94435","175.94435","","","","","","","","","","","","","","","","","","","","","","","",""
"9700.894142","1419366","1419366","1419366","129.30959","129.30959","129.30959","","","","","","","","","","","","","","","","","","","","","","","",""
"9727.846128","18394","18394","18394","226.0266","226.0266","226.0266","","","","","","","","","","","","","","","","","","","","","","","",""
"9741.556562","18712","18712","18712","634.80896","634.80896","634.80896","","","","","","","","","","","","","","","","","","","","","","","",""
"9766.84339","1403345","1403345","1403345","477.94772","477.94772","477.94772","","","","","","","","","","","","","","","","","","","","","","","",""
"9776.484647","1386950","1386950","1386950","409.93167","409.93167","409.93167","","","","","","","","","","","","","","","","","","","","","","","",""
"9777.236512","1395071","1395071","1395071","534.3996","534.3996","534.3996","","","","","","","","","","","","","","","","","","","","","","","",""
"9785.733143","1353651","1353651","1353651","91.94479","91.94479","91.94479","","","","","","","","","","","","","","","","","","","","","","","",""
"9825.691319","17495","17495","17495","508.61755","508.61755","508.61755","","","","","","","","","","","","","","","","","","","","","","","",""
"9825.806073","18337","18337","18337","428.7214","428.7214","428.7214","","","","","","","","","","","","","","","","","","","","","","","",""
"9828.315119","18249","18249","18249","133.02377","133.02377","133.02377","","","","","","","","","","","","","","","","","","","","","","","",""
"9842.936551094055","455","455","455","249.0607452392578","249.0607452392578","249.0607452392578","","","","","","","","","","","","","","","","","","","","","","","",""
"9870.939313","1416530","1416530","1416530","386.17694","386.17694","386.17694","","","","","","","","","","","","","","","","","","","","","","","",""
"9877.079993","1327439","1327439","1327439","91.635","91.635","91.635","","","","","","","","","","","","","","","","","","","","","","","",""
"9878.039997","18770","18770","18770","157.46193","157.46193","157.46193","","","","","","","","","","","","","","","","","","","","","","","",""
"9890.869389","1329541","1329541","1329541","178.27657","178.27657","178.27657","","","","","","","","","","","","","","","","","","","","","","","",""
"9891.266999","1368580","1368580","1368580","224.05562","224.05562","224.05562","","","","","","","","","","","","","","","","","","","","","","","",""
"9916.274371","1402345","1402345","1402345","182.44443","182.44443","182.44443","","","","","","","","","","","","","","","","","","","","","","","",""
"9921.011776","1440481","1440481","1440481","140.83186","140.83186","140.83186","","","","","","","","","","","","","","","","","","","","","","","",""
"9921.207075","1411515","1411515","1411515","143.42339","143.42339","143.42339","","","","","","","","","","","","","","","","","","","","","","","",""
"9947.954089","18654","18654","18654","213.07083","213.07083","213.07083","","","","","","","","","","","","","","","","","","","","","","","",""
"9954.48243689537","1067120","1067120","1067120","198.00546264648438","198.00546264648438","198.00546264648438","","","","","","","","","","","","","","","","","","","","","","","",""
"9961.68233","19001","19001","19001","812.46826","812.46826","812.46826","","","","","","","","","","","","","","","","","","","","","","","",""
"9986.936609","1425007","1425007","1425007","612.1162","612.1162","612.1162","","","","","","","","","","","","","","","","","","","","","","","",""
"9997.338471","1416667","1416667","1416667","412.79456","412.79456","412.79456","","","","","","","","","","","","","","","","","","","","","","","",""
"10000.86058","1374803","1374803","1374803","199.22977","199.22977","199.22977","","","","","","","","","","","","","","","","","","","","","","","",""
"10001.600731","1408302","1408302","1408302","88.95472","88.95472","88.95472","","","","","","","","","","","","","","","","","","","","","","","",""
"10040.891707","18597","18597","18597","150.74222","150.74222","150.74222","","","","","","","","","","","","","","","","","","","","","","","",""
"10045.791604","17755","17755","17755","149.12874","149.12874","149.12874","","","","","","","","","","","","","","","","","","","","","","","",""
"10048.436752","18509","18509","18509","170.63315","170.63315","170.63315","","","","","","","","","","","","","","","","","","","","","","","",""
"10086.03334","1437432","1437432","1437432","89.253494","89.253494","89.253494","","","","","","","","","","","","","","","","","","","","","","","",""
"10087.155497","1348472","1348472","1348472","149.46133","149.46133","149.46133","","","","","","","","","","","","","","","","","","","","","","","",""
"10098.158747","19001","19001","19001","286.29404","286.29404","286.29404","","","","","","","","","","","","","","","","","","","","","","","",""
"10100.978903","1350814","1350814","1350814","663.6475","663.6475","663.6475","","","","","","","","","","","","","","","","","","","","","","","",""
"10126.359007","1390686","1390686","1390686","711.08","711.08","711.08","","","","","","","","","","","","","","","","","","","","","","","",""
"10146.123623","1462253","1462253","1462253","194.59753","194.59753","194.59753","","","","","","","","","","","","","","","","","","","","","","","",""
"10151.468589","1423215","1423215","1423215","82.4758","82.4758","82.4758","","","","","","","","","","","","","","","","","","","","","","","",""
"10152.66636800766","466","466","466","186.8957977294922","186.8957977294922","186.8957977294922","","","","","","","","","","","","","","","","","","","","","","","",""
"10156.30532","1432506","1432506","1432506","101.32528","101.32528","101.32528","","","","","","","","","","","","","","","","","","","","","","","",""
"10176.806497","19232","19232","19232","366.48346","366.48346","366.48346","","","","","","","","","","","","","","","","","","","","","","","",""
"10178.053722","18914","18914","18914","128.11346","128.11346","128.11346","","","","","","","","","","","","","","","","","","","","","","","",""
"10207.030627","1446597","1446597","1446597","713.44086","713.44086","713.44086","","","","","","","","","","","","","","","","","","","","","","","",""
"10215.965415","1395717","1395717","1395717","113.4818","113.4818","113.4818","","","","","","","","","","","","","","","","","","","","","","","",""
"10217.437832","1437938","1437938","1437938","158.24292","158.24292","158.24292","","","","","","","","","","","","","","","","","","","","","","","",""
"10221.738809","1429715","1429715","1429715","383.26538","383.26538","383.26538","","","","","","","","","","","","","","","","","","","","","","","",""
"10228.297356843948","1088545","1088545","1088545","284.59185791015625","284.59185791015625","284.59185791015625","","","","","","","","","","","","","","","","","","","","","","","",""
"10260.888433","17986","17986","17986","117.78412","117.78412","117.78412","","","","","","","","","","","","","","","","","","","","","","","",""
"10266.004125","18886","18886","18886","184.20999","184.20999","184.20999","","","","","","","","","","","","","","","","","","","","","","","",""
"10268.527976","18769","18769","18769","452.12973","452.12973","452.12973","","","","","","","","","","","","","","","","","","","","","","","",""
"10301.124039","1458195","1458195","1458195","134.3693","134.3693","134.3693","","","","","","","","","","","","","","","","","","","","","","","",""
"10307.256768","1369691","1369691","1369691","101.17552","101.17552","101.17552","","","","","","","","","","","","","","","","","","","","","","","",""
"10318.297027","19261","19261","19261","212.11429","212.11429","212.11429","","","","","","","","","","","","","","","","","","","","","","","",""
"10318.695865","1371933","1371933","1371933","94.85912","94.85912","94.85912","","","","","","","","","","","","","","","","","","","","","","","",""
"10376.22401","1483745","1483745","1483745","143.37064","143.37064","143.37064","","","","","","","","","","","","","","","","","","","","","","","",""
"10386.391025","1454308","1454308","1454308","220.36565","220.36565","220.36565","","","","","","","","","","","","","","","","","","","","","","","",""
"10386.594469","1443795","1443795","1443795","56.845455","56.845455","56.845455","","","","","","","","","","","","","","","","","","","","","","","",""
"10396.932142","19492","19492","19492","185.76471","185.76471","185.76471","","","","","","","","","","","","","","","","","","","","","","","",""
"10398.154256","19174","19174","19174","212.83801","212.83801","212.83801","","","","","","","","","","","","","","","","","","","","","","","",""
"10432.146836","1468585","1468585","1468585","141.27267","141.27267","141.27267","","","","","","","","","","","","","","","","","","","","","","","",""
"10436.06995","1416639","1416639","1416639","92.37186","92.37186","92.37186","","","","","","","","","","","","","","","","","","","","","","","",""
"10446.86244","1451514","1451514","1451514","526.9269","526.9269","526.9269","","","","","","","","","","","","","","","","","","","","","","","",""
"10447.53922","1459700","1459700","1459700","160.17542","160.17542","160.17542","","","","","","","","","","","","","","","","","","","","","","","",""
"10447.651644","15100","15100","15100","202.85477","202.85477","202.85477","","","","","","","","","","","","","","","","","","","","","","","",""
"10467.34235405922","476","476","476","191.73004150390625","191.73004150390625","191.73004150390625","","","","","","","","","","","","","","","","","","","","","","","",""
"10485.987994","18217","18217","18217","416.72922","416.72922","416.72922","","","","","","","","","","","","","","","","","","","","","","","",""
"10488.641931","19000","19000","19000","195.60577","195.60577","195.60577","","","","","","","","","","","","","","","","","","","","","","","",""
"10496.109249","19146","19146","19146","139.88853","139.88853","139.88853","","","","","","","","","","","","","","","","","","","","","","","",""
"10505.439898967743","1109959","1109959","1109959","367.6177673339844","367.6177673339844","367.6177673339844","","","","","","","","","","","","","","","","","","","","","","","",""
"10521.223598","1479188","1479188","1479188","96.24038","96.24038","96.24038","","","","","","","","","","","","","","","","","","","","","","","",""
"10532.336714","1390576","1390576","1390576","102.73507","102.73507","102.73507","","","","","","","","","","","","","","","","","","","","","","","",""
"10538.429471","19521","19521","19521","520.0324","520.0324","520.0324","","","","","","","","","","","","","","","","","","","","","","","",""
"10543.767662","1393092","1393092","1393092","160.86833","160.86833","160.86833","","","","","","","","","","","","","","","","","","","","","","","",""
"10601.347827","1504454","1504454","1504454","143.43265","143.43265","143.43265","","","","","","","","","","","","","","","","","","","","","","","",""
"10616.508653","1475142","1475142","1475142","57.54411","57.54411","57.54411","","","","","","","","","","","","","","","","","","","","","","","",""
"10617.056512","19752","19752","19752","191.72403","191.72403","191.72403","","","","","","","","","","","","","","","","","","","","","","","",""
"10618.253529","19434","19434","19434","321.10306","321.10306","321.10306","","","","","","","","","","","","","","","","","","","","","","","",""
"10626.711492","1464717","1464717","1464717","125.98577","125.98577","125.98577","","","","","","","","","","","","","","","","","","","","","","","",""
"10652.242235","1489930","1489930","1489930","607.40485","607.40485","607.40485","","","","","","","","","","","","","","","","","","","","","","","",""
"10661.175122","1438282","1438282","1438282","202.09006","202.09006","202.09006","","","","","","","","","","","","","","","","","","","","","","","",""
"10671.950391","1473139","1473139","1473139","286.38864","286.38864","286.38864","","","","","","","","","","","","","","","","","","","","","","","",""
"10672.648815","1480270","1480270","1480270","103.32722","103.32722","103.32722","","","","","","","","","","","","","","","","","","","","","","","",""
"10713.750346","19260","19260","19260","133.39357","133.39357","133.39357","","","","","","","","","","","","","","","","","","","","","","","",""
"10721.221936","19406","19406","19406","183.47536","183.47536","183.47536","","","","","","","","","","","","","","","","","","","","","","","",""
"10726.111622","18477","18477","18477","161.28719","161.28719","161.28719","","","","","","","","","","","","","","","","","","","","","","","",""
"10746.297039","1500345","1500345","1500345","86.27102","86.27102","86.27102","","","","","","","","","","","","","","","","","","","","","","","",""
"10762.427122","1411388","1411388","1411388","74.89686","74.89686","74.89686","","","","","","","","","","","","","","","","","","","","","","","",""
"10763.562967","19752","19752","19752","515.9631","515.9631","515.9631","","","","","","","","","","","","","","","","","","","","","","","",""
"10783.858287","1414249","1414249","1414249","176.17625","176.17625","176.17625","","","","","","","","","","","","","","","","","","","","","","","",""
"10785.505811929703","1130231","1130231","1130231","237.08441162109375","237.08441162109375","237.08441162109375","","","","","","","","","","","","","","","","","","","","","","","",""
"10786.510524988174","486","486","486","148.68197631835938","148.68197631835938","148.68197631835938","","","","","","","","","","","","","","","","","","","","","","","",""
"10836.51565","1525714","1525714","1525714","149.68231","149.68231","149.68231","","","","","","","","","","","","","","","","","","","","","","","",""
"10837.175968","19983","19983","19983","145.48708","145.48708","145.48708","","","","","","","","","","","","","","","","","","","","","","","",""
"10843.3614","19694","19694","19694","325.90402","325.90402","325.90402","","","","","","","","","","","","","","","","","","","","","","","",""
"10846.626725","1496885","1496885","1496885","156.48792","156.48792","156.48792","","","","","","","","","","","","","","","","","","","","","","","",""
"10866.828089","1486696","1486696","1486696","236.61426","236.61426","236.61426","","","","","","","","","","","","","","","","","","","","","","","",""
"10877.346864","1510841","1510841","1510841","80.90772","80.90772","80.90772","","","","","","","","","","","","","","","","","","","","","","","",""
"10881.277991","1459261","1459261","1459261","179.98668","179.98668","179.98668","","","","","","","","","","","","","","","","","","","","","","","",""
"10897.069969","1493954","1493954","1493954","84.05114","84.05114","84.05114","","","","","","","","","","","","","","","","","","","","","","","",""
"10902.833673","1501275","1501275","1501275","88.02589","88.02589","88.02589","","","","","","","","","","","","","","","","","","","","","","","",""
"10938.873021","19520","19520","19520","187.55705","187.55705","187.55705","","","","","","","","","","","","","","","","","","","","","","","",""
"10946.335726","19666","19666","19666","86.12909","86.12909","86.12909","","","","","","","","","","","","","","","","","","","","","","","",""
"10961.215356","18737","18737","18737","112.92609","112.92609","112.92609","","","","","","","","","","","","","","","","","","","","","","","",""
"10966.401548","1521031","1521031","1521031","127.776474","127.776474","127.776474","","","","","","","","","","","","","","","","","","","","","","","",""
"10982.508953","1432265","1432265","1432265","131.51237","131.51237","131.51237","","","","","","","","","","","","","","","","","","","","","","","",""
"10993.728016","20012","20012","20012","414.96558","414.96558","414.96558","","","","","","","","","","","","","","","","","","","","","","","",""
"11028.961645","1435885","1435885","1435885","340.28586","340.28586","340.28586","","","","","","","","","","","","","","","","","","","","","","","",""
"11062.356835","20243","20243","20243","331.3354","331.3354","331.3354","","","","","","","","","","","","","","","","","","","","","","","",""
"11068.513477802277","1152416","1152416","1152416","115.02598571777344","115.02598571777344","115.02598571777344","","","","","","","","","","","","","","","","","","","","","","","",""
"11071.649857","1546880","1546880","1546880","111.55783","111.55783","111.55783","","","","","","","","","","","","","","","","","","","","","","","",""
"11071.741654","1518314","1518314","1518314","631.6473","631.6473","631.6473","","","","","","","","","","","","","","","","","","","","","","","",""
"11078.461201","19925","19925","19925","122.704895","122.704895","122.704895","","","","","","","","","","","","","","","","","","","","","","","",""
"11101.952296","1508096","1508096","1508096","225.28987","225.28987","225.28987","","","","","","","","","","","","","","","","","","","","","","","",""
"11107.465579","1532315","1532315","1532315","242.58432","242.58432","242.58432","","","","","","","","","","","","","","","","","","","","","","","",""
"11109.81297326088","497","497","497","137.2516326904297","137.2516326904297","137.2516326904297","","","","","","","","","","","","","","","","","","","","","","","",""
"11111.382293","1481277","1481277","1481277","325.21823","325.21823","325.21823","","","","","","","","","","","","","","","","","","","","","","","",""
"11127.175738","1515276","1515276","1515276","143.58792","143.58792","143.58792","","","","","","","","","","","","","","","","","","","","","","","",""
"11132.942802","1522153","1522153","1522153","124.514114","124.514114","124.514114","","","","","","","","","","","","","","","","","","","","","","","",""
"11168.998935","19751","19751","19751","97.59109","97.59109","97.59109","","","","","","","","","","","","","","","","","","","","","","","",""
"11176.474613","19926","19926","19926","184.5218","184.5218","184.5218","","","","","","","","","","","","","","","","","","","","","","","",""
"11191.504888","1541853","1541853","1541853","82.95726","82.95726","82.95726","","","","","","","","","","","","","","","","","","","","","","","",""
"11201.318456","18997","18997","18997","288.5911","288.5911","288.5911","","","","","","","","","","","","","","","","","","","","","","","",""
"11212.605188","1453141","1453141","1453141","62.604313","62.604313","62.604313","","","","","","","","","","","","","","","","","","","","","","","",""
"11218.866892","20272","20272","20272","245.51898","245.51898","245.51898","","","","","","","","","","","","","","","","","","","","","","","",""
"11274.049393","1457745","1457745","1457745","503.276","503.276","503.276","","","","","","","","","","","","","","","","","","","","","","","",""
"11292.486338","20445","20445","20445","726.50415","726.50415","726.50415","","","","","","","","","","","","","","","","","","","","","","","",""
"11301.767049","1567583","1567583","1567583","169.519","169.519","169.519","","","","","","","","","","","","","","","","","","","","","","","",""
"11301.843681","1540155","1540155","1540155","326.56726","326.56726","326.56726","","","","","","","","","","","","","","","","","","","","","","","",""
"11318.587257","20185","20185","20185","126.49424","126.49424","126.49424","","","","","","","","","","","","","","","","","","","","","","","",""
"11336.493592","1502619","1502619","1502619","405.53427","405.53427","405.53427","","","","","","","","","","","","","","","","","","","","","","","",""
"11342.580741","1554298","1554298","1554298","410.9592","410.9592","410.9592","","","","","","","","","","","","","","","","","","","","","","","",""
"11347.080397","1529819","1529819","1529819","387.1934","387.1934","387.1934","","","","","","","","","","","","","","","","","","","","","","","",""
"11354.861099720001","1173362","1173362","1173362","204.765625","204.765625","204.765625","","","","","","","","","","","","","","","","","","","","","","","",""
"11362.26874","1536963","1536963","1536963","115.52802","115.52802","115.52802","","","","","","","","","","","","","","","","","","","","","","","",""
"11368.061206","1544023","1544023","1544023","327.55994","327.55994","327.55994","","","","","","","","","","","","","","","","","","","","","","","",""
"11394.130193","20011","20011","20011","109.92309","109.92309","109.92309","","","","","","","","","","","","","","","","","","","","","","","",""
"11406.58103","20215","20215","20215","109.18227","109.18227","109.18227","","","","","","","","","","","","","","","","","","","","","","","",""
"11421.616423","1562945","1562945","1562945","104.9697","104.9697","104.9697","","","","","","","","","","","","","","","","","","","","","","","",""
"11431.417555","19228","19228","19228","274.53494","274.53494","274.53494","","","","","","","","","","","","","","","","","","","","","","","",""
"11434.577285051346","507","507","507","133.44216918945312","133.44216918945312","133.44216918945312","","","","","","","","","","","","","","","","","","","","","","","",""
"11449.001396","20532","20532","20532","85.698105","85.698105","85.698105","","","","","","","","","","","","","","","","","","","","","","","",""
"11452.697062","1474367","1474367","1474367","123.16941","123.16941","123.16941","","","","","","","","","","","","","","","","","","","","","","","",""
"11517.62326","20705","20705","20705","367.94998","367.94998","367.94998","","","","","","","","","","","","","","","","","","","","","","","",""
"11524.144349","1479402","1479402","1479402","348.91315","348.91315","348.91315","","","","","","","","","","","","","","","","","","","","","","","",""
"11536.976841","1561967","1561967","1561967","255.59152","255.59152","255.59152","","","","","","","","","","","","","","","","","","","","","","","",""
"11541.895173","1588770","1588770","1588770","109.45976","109.45976","109.45976","","","","","","","","","","","","","","","","","","","","","","","",""
"11553.693929","20474","20474","20474","51.679153","51.679153","51.679153","","","","","","","","","","","","","","","","","","","","","","","",""
"11557.76236","15360","15360","15360","132.1856","132.1856","132.1856","","","","","","","","","","","","","","","","","","","","","","","",""
"11571.595801","1524483","1524483","1524483","188.42566","188.42566","188.42566","","","","","","","","","","","","","","","","","","","","","","","",""
"11572.692172","1575640","1575640","1575640","612.67725","612.67725","612.67725","","","","","","","","","","","","","","","","","","","","","","","",""
"11592.419358","1557741","1557741","1557741","106.91112","106.91112","106.91112","","","","","","","","","","","","","","","","","","","","","","","",""
"11597.53457","1550915","1550915","1550915","87.39272","87.39272","87.39272","","","","","","","","","","","","","","","","","","","","","","","",""
"11603.171708","1565197","1565197","1565197","122.16591","122.16591","122.16591","","","","","","","","","","","","","","","","","","","","","","","",""
"11629.263057","20300","20300","20300","452.7511","452.7511","452.7511","","","","","","","","","","","","","","","","","","","","","","","",""
"11631.702728","20475","20475","20475","155.32495","155.32495","155.32495","","","","","","","","","","","","","","","","","","","","","","","",""
"11644.493483781815","1195225","1195225","1195225","415.67108154296875","415.67108154296875","415.67108154296875","","","","","","","","","","","","","","","","","","","","","","","",""
"11651.714141","1584073","1584073","1584073","91.51431","91.51431","91.51431","","","","","","","","","","","","","","","","","","","","","","","",""
"11666.520849","19459","19459","19459","328.23087","328.23087","328.23087","","","","","","","","","","","","","","","","","","","","","","","",""
"11682.786664","1495381","1495381","1495381","82.23483","82.23483","82.23483","","","","","","","","","","","","","","","","","","","","","","","",""
"11684.137637","20792","20792","20792","421.9187","421.9187","421.9187","","","","","","","","","","","","","","","","","","","","","","","",""
"11752.761441","20965","20965","20965","686.25085","686.25085","686.25085","","","","","","","","","","","","","","","","","","","","","","","",""
"11763.965418100357","517","517","517","116.66828155517578","116.66828155517578","116.66828155517578","","","","","","","","","","","","","","","","","","","","","","","",""
"11772.058645","1583549","1583549","1583549","427.5249","427.5249","427.5249","","","","","","","","","","","","","","","","","","","","","","","",""
"11777.031308","1609694","1609694","1609694","114.69891","114.69891","114.69891","","","","","","","","","","","","","","","","","","","","","","","",""
"11788.802446","20734","20734","20734","442.1411","442.1411","442.1411","","","","","","","","","","","","","","","","","","","","","","","",""
"11789.231915","1500829","1500829","1500829","362.51733","362.51733","362.51733","","","","","","","","","","","","","","","","","","","","","","","",""
"11807.797643","1596779","1596779","1596779","212.22209","212.22209","212.22209","","","","","","","","","","","","","","","","","","","","","","","",""
"11812.158589","1545924","1545924","1545924","186.74457","186.74457","186.74457","","","","","","","","","","","","","","","","","","","","","","","",""
"11827.545601","1578743","1578743","1578743","136.19705","136.19705","136.19705","","","","","","","","","","","","","","","","","","","","","","","",""
"11838.278692","1585873","1585873","1585873","113.42889","113.42889","113.42889","","","","","","","","","","","","","","","","","","","","","","","",""
"11847.647275","1572687","1572687","1572687","419.47763","419.47763","419.47763","","","","","","","","","","","","","","","","","","","","","","","",""
"11859.388446","20560","20560","20560","159.46397","159.46397","159.46397","","","","","","","","","","","","","","","","","","","","","","","",""
"11861.84527","20706","20706","20706","90.483696","90.483696","90.483696","","","","","","","","","","","","","","","","","","","","","","","",""
"11881.831379","1604941","1604941","1604941","122.36067","122.36067","122.36067","","","","","","","","","","","","","","","","","","","","","","","",""
"11906.621584","19719","19719","19719","93.177925","93.177925","93.177925","","","","","","","","","","","","","","","","","","","","","","","",""
"11917.88553","1515967","1515967","1515967","62.1485","62.1485","62.1485","","","","","","","","","","","","","","","","","","","","","","","",""
"11919.203086","21052","21052","21052","339.11783","339.11783","339.11783","","","","","","","","","","","","","","","","","","","","","","","",""
"11936.796211004257","1216424","1216424","1216424","602.7560424804688","602.7560424804688","602.7560424804688","","","","","","","","","","","","","","","","","","","","","","","",""
"11982.90414","21225","21225","21225","77.21463","77.21463","77.21463","","","","","","","","","","","","","","","","","","","","","","","",""
"12017.151905","1604233","1604233","1604233","131.4677","131.4677","131.4677","","","","","","","","","","","","","","","","","","","","","","","",""
"12017.163176","1630558","1630558","1630558","68.71092","68.71092","68.71092","","","","","","","","","","","","","","","","","","","","","","","",""
"12023.928366","21023","21023","21023","86.276634","86.276634","86.276634","","","","","","","","","","","","","","","","","","","","","","","",""
"12042.912884","1618157","1618157","1618157","249.23946","249.23946","249.23946","","","","","","","","","","","","","","","","","","","","","","","",""
"12052.239976","1567647","1567647","1567647","296.30386","296.30386","296.30386","","","","","","","","","","","","","","","","","","","","","","","",""
"12054.340699","1521853","1521853","1521853","114.03267","114.03267","114.03267","","","","","","","","","","","","","","","","","","","","","","","",""
"12067.664551","1600682","1600682","1600682","416.6252","416.6252","416.6252","","","","","","","","","","","","","","","","","","","","","","","",""
"12078.39103","1607658","1607658","1607658","506.83408","506.83408","506.83408","","","","","","","","","","","","","","","","","","","","","","","",""
"12094.517847","20791","20791","20791","113.6985","113.6985","113.6985","","","","","","","","","","","","","","","","","","","","","","","",""
"12095.883287191391","527","527","527","100.88973999023438","100.88973999023438","100.88973999023438","","","","","","","","","","","","","","","","","","","","","","","",""
"12096.990424","20937","20937","20937","458.95328","458.95328","458.95328","","","","","","","","","","","","","","","","","","","","","","","",""
"12097.775663","1593567","1593567","1593567","87.46223","87.46223","87.46223","","","","","","","","","","","","","","","","","","","","","","","",""
"12111.951298","1625493","1625493","1625493","82.51191","82.51191","82.51191","","","","","","","","","","","","","","","","","","","","","","","",""
"12154.345813","21312","21312","21312","80.68246","80.68246","80.68246","","","","","","","","","","","","","","","","","","","","","","","",""
"12156.744605","19979","19979","19979","270.52356","270.52356","270.52356","","","","","","","","","","","","","","","","","","","","","","","",""
"12162.974247","1536869","1536869","1536869","57.483498","57.483498","57.483498","","","","","","","","","","","","","","","","","","","","","","","",""
"12218.045018","21485","21485","21485","147.57878","147.57878","147.57878","","","","","","","","","","","","","","","","","","","","","","","",""
"12231.082807779312","1237480","1237480","1237480","116.43046569824219","116.43046569824219","116.43046569824219","","","","","","","","","","","","","","","","","","","","","","","",""
"12262.414043","1651680","1651680","1651680","86.500175","86.500175","86.500175","","","","","","","","","","","","","","","","","","","","","","","",""
"12272.239071","1625947","1625947","1625947","233.5965","233.5965","233.5965","","","","","","","","","","","","","","","","","","","","","","","",""
"12279.054128","21283","21283","21283","133.11513","133.11513","133.11513","","","","","","","","","","","","","","","","","","","","","","","",""
"12283.03827","1639606","1639606","1639606","234.8898","234.8898","234.8898","","","","","","","","","","","","","","","","","","","","","","","",""
"12292.330893","1589343","1589343","1589343","178.50993","178.50993","178.50993","","","","","","","","","","","","","","","","","","","","","","","",""
"12302.806682","1622132","1622132","1622132","244.64977","244.64977","244.64977","","","","","","","","","","","","","","","","","","","","","","","",""
"12309.427117","1543594","1543594","1543594","212.62878","212.62878","212.62878","","","","","","","","","","","","","","","","","","","","","","","",""
"12318.496045","1629238","1629238","1629238","715.3369","715.3369","715.3369","","","","","","","","","","","","","","","","","","","","","","","",""
"12329.650305","20993","20993","20993","131.7176","131.7176","131.7176","","","","","","","","","","","","","","","","","","","","","","","",""
"12337.105755","21168","21168","21168","110.449974","110.449974","110.449974","","","","","","","","","","","","","","","","","","","","","","","",""
"12347.902266","1614459","1614459","1614459","112.24651","112.24651","112.24651","","","","","","","","","","","","","","","","","","","","","","","",""
"12352.044941","1646744","1646744","1646744","75.980156","75.980156","75.980156","","","","","","","","","","","","","","","","","","","","","","","",""
"12389.47972","21601","21601","21601","130.1954","130.1954","130.1954","","","","","","","","","","","","","","","","","","","","","","","",""
"12401.859137","20210","20210","20210","352.90674","352.90674","352.90674","","","","","","","","","","","","","","","","","","","","","","","",""
"12403.069132","1557784","1557784","1557784","91.35879","91.35879","91.35879","","","","","","","","","","","","","","","","","","","","","","","",""
"12432.068931102753","538","538","538","148.90927124023438","148.90927124023438","148.90927124023438","","","","","","","","","","","","","","","","","","","","","","","",""
"12453.165097","21745","21745","21745","264.08124","264.08124","264.08124","","","","","","","","","","","","","","","","","","","","","","","",""
"12507.531565","1673328","1673328","1673328","429.67426","429.67426","429.67426","","","","","","","","","","","","","","","","","","","","","","","",""
"12523.151848","1661007","1661007","1661007","246.57863","246.57863","246.57863","","","","","","","","","","","","","","","","","","","","","","","",""
"12529.171571","21543","21543","21543","415.024","415.024","415.024","","","","","","","","","","","","","","","","","","","","","","","",""
"12529.683127880096","1258915","1258915","1258915","595.0828247070312","595.0828247070312","595.0828247070312","","","","","","","","","","","","","","","","","","","","","","","",""
"12537.349668","1647759","1647759","1647759","509.58875","509.58875","509.58875","","","","","","","","","","","","","","","","","","","","","","","",""
"12537.427341","1610082","1610082","1610082","68.65592","68.65592","68.65592","","","","","","","","","","","","","","","","","","","","","","","",""
"12542.933713","1643580","1643580","1643580","266.14243","266.14243","266.14243","","","","","","","","","","","","","","","","","","","","","","","",""
"12544.515614","1564810","1564810","1564810","156.59595","156.59595","156.59595","","","","","","","","","","","","","","","","","","","","","","","",""
"12563.598484","1650336","1650336","1650336","76.691376","76.691376","76.691376","","","","","","","","","","","","","","","","","","","","","","","",""
"12569.785718","21253","21253","21253","57.07879","57.07879","57.07879","","","","","","","","","","","","","","","","","","","","","","","",""
"12587.11742","1667546","1667546","1667546","124.31096","124.31096","124.31096","","","","","","","","","","","","","","","","","","","","","","","",""
"12592.238414","21428","21428","21428","111.40323","111.40323","111.40323","","","","","","","","","","","","","","","","","","","","","","","",""
"12603.025418","1635370","1635370","1635370","62.392696","62.392696","62.392696","","","","","","","","","","","","","","","","","","","","","","","",""
"12629.630554","21803","21803","21803","169.74493","169.74493","169.74493","","","","","","","","","","","","","","","","","","","","","","","",""
"12636.958243","20470","20470","20470","139.01445","139.01445","139.01445","","","","","","","","","","","","","","","","","","","","","","","",""
"12653.148289","1578940","1578940","1578940","140.18716","140.18716","140.18716","","","","","","","","","","","","","","","","","","","","","","","",""
"12667.868092","15620","15620","15620","114.90653","114.90653","114.90653","","","","","","","","","","","","","","","","","","","","","","","",""
"12688.310769","22034","22034","22034","91.099106","91.099106","91.099106","","","","","","","","","","","","","","","","","","","","","","","",""
"12752.659116","1694154","1694154","1694154","125.579636","125.579636","125.579636","","","","","","","","","","","","","","","","","","","","","","","",""
"12768.263624","1682877","1682877","1682877","282.5182","282.5182","282.5182","","","","","","","","","","","","","","","","","","","","","","","",""
"12775.068055152893","548","548","548","229.54934692382812","229.54934692382812","229.54934692382812","","","","","","","","","","","","","","","","","","","","","","","",""
"12777.491082","1631120","1631120","1631120","73.78121","73.78121","73.78121","","","","","","","","","","","","","","","","","","","","","","","",""
"12779.609946","1586444","1586444","1586444","381.5253","381.5253","381.5253","","","","","","","","","","","","","","","","","","","","","","","",""
"12782.430102","1669411","1669411","1669411","516.1289","516.1289","516.1289","","","","","","","","","","","","","","","","","","","","","","","",""
"12783.027103","1665135","1665135","1665135","231.43047","231.43047","231.43047","","","","","","","","","","","","","","","","","","","","","","","",""
"12789.370024","21803","21803","21803","104.734055","104.734055","104.734055","","","","","","","","","","","","","","","","","","","","","","","",""
"12808.718373","1672010","1672010","1672010","263.3201","263.3201","263.3201","","","","","","","","","","","","","","","","","","","","","","","",""
"12809.923148","21513","21513","21513","96.07353","96.07353","96.07353","","","","","","","","","","","","","","","","","","","","","","","",""
"12831.68735909462","1280358","1280358","1280358","362.9365234375","362.9365234375","362.9365234375","","","","","","","","","","","","","","","","","","","","","","","",""
"12832.236501","1689281","1689281","1689281","175.24544","175.24544","175.24544","","","","","","","","","","","","","","","","","","","","","","","",""
"12837.353207","21659","21659","21659","68.0418","68.0418","68.0418","","","","","","","","","","","","","","","","","","","","","","","",""
"12863.162583","1657245","1657245","1657245","244.47765","244.47765","244.47765","","","","","","","","","","","","","","","","","","","","","","","",""
"12884.811136","22063","22063","22063","335.828","335.828","335.828","","","","","","","","","","","","","","","","","","","","","","","",""
"12902.077231","20701","20701","20701","133.12411","133.12411","133.12411","","","","","","","","","","","","","","","","","","","","","","","",""
"12908.247221","1600197","1600197","1600197","156.27103","156.27103","156.27103","","","","","","","","","","","","","","","","","","","","","","","",""
"12928.453076","22294","22294","22294","144.72728","144.72728","144.72728","","","","","","","","","","","","","","","","","","","","","","","",""
"13002.791927","1715558","1715558","1715558","223.59415","223.59415","223.59415","","","","","","","","","","","","","","","","","","","","","","","",""
"13012.603409","1651635","1651635","1651635","35.633167","35.633167","35.633167","","","","","","","","","","","","","","","","","","","","","","","",""
"13013.375613","1704300","1704300","1704300","157.60457","157.60457","157.60457","","","","","","","","","","","","","","","","","","","","","","","",""
"13019.718367","1608237","1608237","1608237","357.2597","357.2597","357.2597","","","","","","","","","","","","","","","","","","","","","","","",""
"13023.156413","1686178","1686178","1686178","133.57544","133.57544","133.57544","","","","","","","","","","","","","","","","","","","","","","","",""
"13032.536649","1690951","1690951","1690951","283.7654","283.7654","283.7654","","","","","","","","","","","","","","","","","","","","","","","",""
"13044.485035","22063","22063","22063","169.8412","169.8412","169.8412","","","","","","","","","","","","","","","","","","","","","","","",""
"13045.061727","21773","21773","21773","156.92462","156.92462","156.92462","","","","","","","","","","","","","","","","","","","","","","","",""
"13053.829853","1692804","1692804","1692804","72.50378","72.50378","72.50378","","","","","","","","","","","","","","","","","","","","","","","",""
"13077.349769","1710206","1710206","1710206","96.838394","96.838394","96.838394","","","","","","","","","","","","","","","","","","","","","","","",""
"13087.466851","21919","21919","21919","507.82504","507.82504","507.82504","","","","","","","","","","","","","","","","","","","","","","","",""
"13121.728129148483","558","558","558","231.31674194335938","231.31674194335938","231.31674194335938","","","","","","","","","","","","","","","","","","","","","","","",""
"13123.288787","1678954","1678954","1678954","552.3936","552.3936","552.3936","","","","","","","","","","","","","","","","","","","","","","","",""
"13134.966699","22323","22323","22323","158.6533","158.6533","158.6533","","","","","","","","","","","","","","","","","","","","","","","",""
"13135.396385908127","1301729","1301729","1301729","380.621826171875","380.621826171875","380.621826171875","","","","","","","","","","","","","","","","","","","","","","","",""
"13157.198758","20990","20990","20990","410.02908","410.02908","410.02908","","","","","","","","","","","","","","","","","","","","","","","",""
"13158.344006","1621111","1621111","1621111","62.2079","62.2079","62.2079","","","","","","","","","","","","","","","","","","","","","","","",""
"13168.589979","22583","22583","22583","228.2078","228.2078","228.2078","","","","","","","","","","","","","","","","","","","","","","","",""
"13252.724447","1673074","1673074","1673074","160.40654","160.40654","160.40654","","","","","","","","","","","","","","","","","","","","","","","",""
"13252.921025","1736732","1736732","1736732","123.44946","123.44946","123.44946","","","","","","","","","","","","","","","","","","","","","","","",""
"13253.483814","1724973","1724973","1724973","156.12299","156.12299","156.12299","","","","","","","","","","","","","","","","","","","","","","","",""
"13268.274294","1707893","1707893","1707893","715.5588","715.5588","715.5588","","","","","","","","","","","","","","","","","","","","","","","",""
"13269.804488","1629784","1629784","1629784","702.1242","702.1242","702.1242","","","","","","","","","","","","","","","","","","","","","","","",""
"13287.64828","1712743","1712743","1712743","327.86438","327.86438","327.86438","","","","","","","","","","","","","","","","","","","","","","","",""
"13290.204291","22033","22033","22033","207.91728","207.91728","207.91728","","","","","","","","","","","","","","","","","","","","","","","",""
"13299.622185","22352","22352","22352","45.09489","45.09489","45.09489","","","","","","","","","","","","","","","","","","","","","","","",""
"13303.947145","1714483","1714483","1714483","238.01553","238.01553","238.01553","","","","","","","","","","","","","","","","","","","","","","","",""
"13327.47983","1731998","1731998","1731998","389.25195","389.25195","389.25195","","","","","","","","","","","","","","","","","","","","","","","",""
"13342.606495","22150","22150","22150","88.23229","88.23229","88.23229","","","","","","","","","","","","","","","","","","","","","","","",""
"13383.424206","1700639","1700639","1700639","519.4074","519.4074","519.4074","","","","","","","","","","","","","","","","","","","","","","","",""
"13390.121288","22612","22612","22612","68.37975","68.37975","68.37975","","","","","","","","","","","","","","","","","","","","","","","",""
"13403.435795","1642288","1642288","1642288","101.94279","101.94279","101.94279","","","","","","","","","","","","","","","","","","","","","","","",""
"13407.305333","21250","21250","21250","172.29057","172.29057","172.29057","","","","","","","","","","","","","","","","","","","","","","","",""
"13413.737587","22843","22843","22843","133.47429","133.47429","133.47429","","","","","","","","","","","","","","","","","","","","","","","",""
"13441.08161497116","1322563","1322563","1322563","98.49435424804688","98.49435424804688","98.49435424804688","","","","","","","","","","","","","","","","","","","","","","","",""
"13471.813009023666","568","568","568","167.93637084960938","167.93637084960938","167.93637084960938","","","","","","","","","","","","","","","","","","","","","","","",""
"13492.827131","1694508","1694508","1694508","139.52545","139.52545","139.52545","","","","","","","","","","","","","","","","","","","","","","","",""
"13498.59334","1746716","1746716","1746716","481.7635","481.7635","481.7635","","","","","","","","","","","","","","","","","","","","","","","",""
"13503.052751","1757560","1757560","1757560","63.325584","63.325584","63.325584","","","","","","","","","","","","","","","","","","","","","","","",""
"13513.462089","1728729","1728729","1728729","116.8569","116.8569","116.8569","","","","","","","","","","","","","","","","","","","","","","","",""
"13529.894539","1650937","1650937","1650937","138.84036","138.84036","138.84036","","","","","","","","","","","","","","","","","","","","","","","",""
"13535.35056","22235","22235","22235","364.45697","364.45697","364.45697","","","","","","","","","","","","","","","","","","","","","","","",""
"13547.737206","1733692","1733692","1733692","79.67167","79.67167","79.67167","","","","","","","","","","","","","","","","","","","","","","","",""
"13554.060071","1736123","1736123","1736123","528.9314","528.9314","528.9314","","","","","","","","","","","","","","","","","","","","","","","",""
"13564.79264","22612","22612","22612","118.46383","118.46383","118.46383","","","","","","","","","","","","","","","","","","","","","","","",""
"13577.620988","1753057","1753057","1753057","99.865974","99.865974","99.865974","","","","","","","","","","","","","","","","","","","","","","","",""
"13597.723185","22410","22410","22410","331.3278","331.3278","331.3278","","","","","","","","","","","","","","","","","","","","","","","",""
"13645.305967","22872","22872","22872","234.36108","234.36108","234.36108","","","","","","","","","","","","","","","","","","","","","","","",""
"13648.553205","1663154","1663154","1663154","103.53126","103.53126","103.53126","","","","","","","","","","","","","","","","","","","","","","","",""
"13652.450427","21510","21510","21510","115.77882","115.77882","115.77882","","","","","","","","","","","","","","","","","","","","","","","",""
"13653.57448","1722068","1722068","1722068","610.0874","610.0874","610.0874","","","","","","","","","","","","","","","","","","","","","","","",""
"13658.89139","23132","23132","23132","153.60417","153.60417","153.60417","","","","","","","","","","","","","","","","","","","","","","","",""
"13737.965742","1715673","1715673","1715673","85.251976","85.251976","85.251976","","","","","","","","","","","","","","","","","","","","","","","",""
"13748.706391","1768025","1768025","1768025","144.62834","144.62834","144.62834","","","","","","","","","","","","","","","","","","","","","","","",""
"13750.294365882874","1343410","1343410","1343410","118.32608795166016","118.32608795166016","118.32608795166016","","","","","","","","","","","","","","","","","","","","","","","",""
"13758.199927","1778464","1778464","1778464","62.656845","62.656845","62.656845","","","","","","","","","","","","","","","","","","","","","","","",""
"13768.578636","1750766","1750766","1750766","276.0816","276.0816","276.0816","","","","","","","","","","","","","","","","","","","","","","","",""
"13774.982937","1671756","1671756","1671756","72.68253","72.68253","72.68253","","","","","","","","","","","","","","","","","","","","","","","",""
"13777.969565","15909","15909","15909","171.6635","171.6635","171.6635","","","","","","","","","","","","","","","","","","","","","","","",""
"13785.488981","22524","22524","22524","106.09967","106.09967","106.09967","","","","","","","","","","","","","","","","","","","","","","","",""
"13804.178654","1757156","1757156","1757156","102.031876","102.031876","102.031876","","","","","","","","","","","","","","","","","","","","","","","",""
"13817.840379","1755253","1755253","1755253","459.7091","459.7091","459.7091","","","","","","","","","","","","","","","","","","","","","","","",""
"13824.930727","22901","22901","22901","92.500275","92.500275","92.500275","","","","","","","","","","","","","","","","","","","","","","","",""
"13827.743571","1773865","1773865","1773865","121.96153","121.96153","121.96153","","","","","","","","","","","","","","","","","","","","","","","",""
"13828.309263944626","578","578","578","217.1599578857422","217.1599578857422","217.1599578857422","","","","","","","","","","","","","","","","","","","","","","","",""
"13852.837938","22641","22641","22641","509.16156","509.16156","509.16156","","","","","","","","","","","","","","","","","","","","","","","",""
"13893.643516","1683827","1683827","1683827","65.91086","65.91086","65.91086","","","","","","","","","","","","","","","","","","","","","","","",""
"13897.600395","21770","21770","21770","150.90613","150.90613","150.90613","","","","","","","","","","","","","","","","","","","","","","","",""
"13905.464557","23132","23132","23132","490.73196","490.73196","490.73196","","","","","","","","","","","","","","","","","","","","","","","",""
"13909.044435","23392","23392","23392","160.84329","160.84329","160.84329","","","","","","","","","","","","","","","","","","","","","","","",""
"13928.721397","1743827","1743827","1743827","433.55084","433.55084","433.55084","","","","","","","","","","","","","","","","","","","","","","","",""
"13983.086528","1736356","1736356","1736356","95.148926","95.148926","95.148926","","","","","","","","","","","","","","","","","","","","","","","",""
"14003.803952","1789422","1789422","1789422","175.36124","175.36124","175.36124","","","","","","","","","","","","","","","","","","","","","","","",""
"14018.499514","1799645","1799645","1799645","155.96712","155.96712","155.96712","","","","","","","","","","","","","","","","","","","","","","","",""
"14018.687583","1771730","1771730","1771730","124.5644","124.5644","124.5644","","","","","","","","","","","","","","","","","","","","","","","",""
"14020.069971","1693165","1693165","1693165","184.56006","184.56006","184.56006","","","","","","","","","","","","","","","","","","","","","","","",""
"14035.629917","22784","22784","22784","353.5619","353.5619","353.5619","","","","","","","","","","","","","","","","","","","","","","","",""
"14054.295782","1778146","1778146","1778146","126.41229","126.41229","126.41229","","","","","","","","","","","","","","","","","","","","","","","",""
"14062.425693035126","1364121","1364121","1364121","121.50286102294922","121.50286102294922","121.50286102294922","","","","","","","","","","","","","","","","","","","","","","","",""
"14082.872368","1795543","1795543","1795543","409.46637","409.46637","409.46637","","","","","","","","","","","","","","","","","","","","","","","",""
"14082.939869","1776318","1776318","1776318","106.410774","106.410774","106.410774","","","","","","","","","","","","","","","","","","","","","","","",""
"14095.105804","23161","23161","23161","334.99826","334.99826","334.99826","","","","","","","","","","","","","","","","","","","","","","","",""
"14112.951251","22901","22901","22901","257.9872","257.9872","257.9872","","","","","","","","","","","","","","","","","","","","","","","",""
"14147.752132","22001","22001","22001","183.6518","183.6518","183.6518","","","","","","","","","","","","","","","","","","","","","","","",""
"14148.756387","1705064","1705064","1705064","93.70487","93.70487","93.70487","","","","","","","","","","","","","","","","","","","","","","","",""
"14154.184432","23652","23652","23652","111.66814","111.66814","111.66814","","","","","","","","","","","","","","","","","","","","","","","",""
"14165.62091","23392","23392","23392","617.5217","617.5217","617.5217","","","","","","","","","","","","","","","","","","","","","","","",""
"14198.869051","1765444","1765444","1765444","245.12627","245.12627","245.12627","","","","","","","","","","","","","","","","","","","","","","","",""
"14233.205533","1758035","1758035","1758035","263.21695","263.21695","263.21695","","","","","","","","","","","","","","","","","","","","","","","",""
"14258.9259","1810719","1810719","1810719","152.14958","152.14958","152.14958","","","","","","","","","","","","","","","","","","","","","","","",""
"14268.904704","1792517","1792517","1792517","120.40658","120.40658","120.40658","","","","","","","","","","","","","","","","","","","","","","","",""
"14278.646253","1821172","1821172","1821172","201.0966","201.0966","201.0966","","","","","","","","","","","","","","","","","","","","","","","",""
"14285.769527","23015","23015","23015","123.82888","123.82888","123.82888","","","","","","","","","","","","","","","","","","","","","","","",""
"14309.416632","1799141","1799141","1799141","113.81793","113.81793","113.81793","","","","","","","","","","","","","","","","","","","","","","","",""
"14315.178346","1714288","1714288","1714288","160.52397","160.52397","160.52397","","","","","","","","","","","","","","","","","","","","","","","",""
"14337.990762","1817086","1817086","1817086","239.70047","239.70047","239.70047","","","","","","","","","","","","","","","","","","","","","","","",""
"14358.060777","1797226","1797226","1797226","51.273144","51.273144","51.273144","","","","","","","","","","","","","","","","","","","","","","","",""
"14360.283417","23450","23450","23450","99.51563","99.51563","99.51563","","","","","","","","","","","","","","","","","","","","","","","",""
"14368.056278","23103","23103","23103","99.76247","99.76247","99.76247","","","","","","","","","","","","","","","","","","","","","","","",""
"14377.228005886078","1384846","1384846","1384846","110.86115264892578","110.86115264892578","110.86115264892578","","","","","","","","","","","","","","","","","","","","","","","",""
"14402.911175","22261","22261","22261","275.14966","275.14966","275.14966","","","","","","","","","","","","","","","","","","","","","","","",""
"14404.257793","23912","23912","23912","391.23184","391.23184","391.23184","","","","","","","","","","","","","","","","","","","","","","","",""
"14408.85389","1725801","1725801","1725801","79.36892","79.36892","79.36892","","","","","","","","","","","","","","","","","","","","","","","",""
"14430.787359","23652","23652","23652","141.99075","141.99075","141.99075","","","","","","","","","","","","","","","","","","","","","","","",""
"14463.991231","1786286","1786286","1786286","128.7252","128.7252","128.7252","","","","","","","","","","","","","","","","","","","","","","","",""
"14483.326031","1779142","1779142","1779142","146.63477","146.63477","146.63477","","","","","","","","","","","","","","","","","","","","","","","",""
"14514.058392","1832058","1832058","1832058","210.10954","210.10954","210.10954","","","","","","","","","","","","","","","","","","","","","","","",""
"14524.004052","1814211","1814211","1814211","416.68646","416.68646","416.68646","","","","","","","","","","","","","","","","","","","","","","","",""
"14538.791537","1842211","1842211","1842211","83.699715","83.699715","83.699715","","","","","","","","","","","","","","","","","","","","","","","",""
"14540.905771","23217","23217","23217","197.62181","197.62181","197.62181","","","","","","","","","","","","","","","","","","","","","","","",""
"14569.532594","1820219","1820219","1820219","74.90205","74.90205","74.90205","","","","","","","","","","","","","","","","","","","","","","","",""
"14598.133428","1838080","1838080","1838080","58.354206","58.354206","58.354206","","","","","","","","","","","","","","","","","","","","","","","",""
"14618.156724","1817868","1817868","1817868","98.86148","98.86148","98.86148","","","","","","","","","","","","","","","","","","","","","","","",""
"14620.316756","1735815","1735815","1735815","424.14404","424.14404","424.14404","","","","","","","","","","","","","","","","","","","","","","","",""
"14623.172833","23392","23392","23392","135.58945","135.58945","135.58945","","","","","","","","","","","","","","","","","","","","","","","",""
"14640.484567","23710","23710","23710","56.065197","56.065197","56.065197","","","","","","","","","","","","","","","","","","","","","","","",""
"14658.078587","22550","22550","22550","147.0319","147.0319","147.0319","","","","","","","","","","","","","","","","","","","","","","","",""
"14659.398322","24143","24143","24143","143.59511","143.59511","143.59511","","","","","","","","","","","","","","","","","","","","","","","",""
"14678.961144","1746976","1746976","1746976","129.76941","129.76941","129.76941","","","","","","","","","","","","","","","","","","","","","","","",""
"14694.79872083664","1405420","1405420","1405420","64.61502075195312","64.61502075195312","64.61502075195312","","","","","","","","","","","","","","","","","","","","","","","",""
"14700.959275","23912","23912","23912","367.53943","367.53943","367.53943","","","","","","","","","","","","","","","","","","","","","","","",""
"14734.294335","1807401","1807401","1807401","122.71958","122.71958","122.71958","","","","","","","","","","","","","","","","","","","","","","","",""
"14738.341243","1800274","1800274","1800274","97.68969","97.68969","97.68969","","","","","","","","","","","","","","","","","","","","","","","",""
"14774.189913","1853704","1853704","1853704","417.50977","417.50977","417.50977","","","","","","","","","","","","","","","","","","","","","","","",""
"14779.113756","1835296","1835296","1835296","105.85197","105.85197","105.85197","","","","","","","","","","","","","","","","","","","","","","","",""
"14796.062653","23477","23477","23477","140.04881","140.04881","140.04881","","","","","","","","","","","","","","","","","","","","","","","",""
"14798.906516","1863271","1863271","1863271","89.37829","89.37829","89.37829","","","","","","","","","","","","","","","","","","","","","","","",""
"14834.664695","1842051","1842051","1842051","420.73227","420.73227","420.73227","","","","","","","","","","","","","","","","","","","","","","","",""
"14858.249855","1859109","1859109","1859109","146.1091","146.1091","146.1091","","","","","","","","","","","","","","","","","","","","","","","",""
"14883.294976","23681","23681","23681","413.38275","413.38275","413.38275","","","","","","","","","","","","","","","","","","","","","","","",""
"14888.070992","16169","16169","16169","124.28585","124.28585","124.28585","","","","","","","","","","","","","","","","","","","","","","","",""
"14888.080712","16429","16429","16429","172.29155","172.29155","172.29155","","","","","","","","","","","","","","","","","","","","","","","",""
"14888.257281","1839285","1839285","1839285","134.37082","134.37082","134.37082","","","","","","","","","","","","","","","","","","","","","","","",""
"14895.629308","23970","23970","23970","96.23113","96.23113","96.23113","","","","","","","","","","","","","","","","","","","","","","","",""
"14913.239521","22810","22810","22810","240.4803","240.4803","240.4803","","","","","","","","","","","","","","","","","","","","","","","",""
"14914.552081","24403","24403","24403","135.0195","135.0195","135.0195","","","","","","","","","","","","","","","","","","","","","","","",""
"14930.433351","1756967","1756967","1756967","200.86732","200.86732","200.86732","","","","","","","","","","","","","","","","","","","","","","","",""
"14971.13242","24201","24201","24201","61.84247","61.84247","61.84247","","","","","","","","","","","","","","","","","","","","","","","",""
"14979.094451","1767788","1767788","1767788","57.76563","57.76563","57.76563","","","","","","","","","","","","","","","","","","","","","","","",""
"14993.460683","1821212","1821212","1821212","91.66719","91.66719","91.66719","","","","","","","","","","","","","","","","","","","","","","","",""
"15009.437203","1829374","1829374","1829374","445.6176","445.6176","445.6176","","","","","","","","","","","","","","","","","","","","","","","",""
"15016.472146987915","1426368","1426368","1426368","176.27114868164062","176.27114868164062","176.27114868164062","","","","","","","","","","","","","","","","","","","","","","","",""
"15039.226649","1856276","1856276","1856276","88.97573","88.97573","88.97573","","","","","","","","","","","","","","","","","","","","","","","",""
"15039.307659","1875656","1875656","1875656","276.133","276.133","276.133","","","","","","","","","","","","","","","","","","","","","","","",""
"15051.228251","23737","23737","23737","199.6837","199.6837","199.6837","","","","","","","","","","","","","","","","","","","","","","","",""
"15059.055369","1884007","1884007","1884007","100.2354","100.2354","100.2354","","","","","","","","","","","","","","","","","","","","","","","",""
"15099.793487","1863837","1863837","1863837","137.76389","137.76389","137.76389","","","","","","","","","","","","","","","","","","","","","","","",""
"15123.37579","1880252","1880252","1880252","99.946556","99.946556","99.946556","","","","","","","","","","","","","","","","","","","","","","","",""
"15153.38547","1859907","1859907","1859907","89.65552","89.65552","89.65552","","","","","","","","","","","","","","","","","","","","","","","",""
"15154.220751","23912","23912","23912","70.38519","70.38519","70.38519","","","","","","","","","","","","","","","","","","","","","","","",""
"15160.790115","24259","24259","24259","41.662216","41.662216","41.662216","","","","","","","","","","","","","","","","","","","","","","","",""
"15168.411894","23099","23099","23099","150.3614","150.3614","150.3614","","","","","","","","","","","","","","","","","","","","","","","",""
"15169.690578","24663","24663","24663","100.764496","100.764496","100.764496","","","","","","","","","","","","","","","","","","","","","","","",""
"15240.578173","1777861","1777861","1777861","51.648235","51.648235","51.648235","","","","","","","","","","","","","","","","","","","","","","","",""
"15246.307771","24461","24461","24461","107.54011","107.54011","107.54011","","","","","","","","","","","","","","","","","","","","","","","",""
"15248.698748","1841969","1841969","1841969","104.84888","104.84888","104.84888","","","","","","","","","","","","","","","","","","","","","","","",""
"15279.607328","1850214","1850214","1850214","98.84161","98.84161","98.84161","","","","","","","","","","","","","","","","","","","","","","","",""
"15299.381046","1877308","1877308","1877308","93.342865","93.342865","93.342865","","","","","","","","","","","","","","","","","","","","","","","",""
"15299.579486","1896196","1896196","1896196","32.436863","32.436863","32.436863","","","","","","","","","","","","","","","","","","","","","","","",""
"15311.33809","23997","23997","23997","193.3828","193.3828","193.3828","","","","","","","","","","","","","","","","","","","","","","","",""
"15324.195847","1905213","1905213","1905213","120.711296","120.711296","120.711296","","","","","","","","","","","","","","","","","","","","","","","",""
"15340.47587108612","1446980","1446980","1446980","88.19197082519531","88.19197082519531","88.19197082519531","","","","","","","","","","","","","","","","","","","","","","","",""
"15364.915665","1884683","1884683","1884683","74.36392","74.36392","74.36392","","","","","","","","","","","","","","","","","","","","","","","",""
"15388.496605","1901743","1901743","1901743","207.80292","207.80292","207.80292","","","","","","","","","","","","","","","","","","","","","","","",""
"15404.339826","1788725","1788725","1788725","89.771286","89.771286","89.771286","","","","","","","","","","","","","","","","","","","","","","","",""
"15420.940053","24548","24548","24548","110.610954","110.610954","110.610954","","","","","","","","","","","","","","","","","","","","","","","",""
"15423.573618","23359","23359","23359","120.65451","120.65451","120.65451","","","","","","","","","","","","","","","","","","","","","","","",""
"15429.333778","24172","24172","24172","109.6584","109.6584","109.6584","","","","","","","","","","","","","","","","","","","","","","","",""
"15429.838005","24923","24923","24923","127.97071","127.97071","127.97071","","","","","","","","","","","","","","","","","","","","","","","",""
"15433.481854","1880974","1880974","1880974","80.57486","80.57486","80.57486","","","","","","","","","","","","","","","","","","","","","","","",""
"15513.816875","1863957","1863957","1863957","336.73163","336.73163","336.73163","","","","","","","","","","","","","","","","","","","","","","","",""
"15521.452018","24721","24721","24721","164.92664","164.92664","164.92664","","","","","","","","","","","","","","","","","","","","","","","",""
"15550.691513","1798800","1798800","1798800","60.532413","60.532413","60.532413","","","","","","","","","","","","","","","","","","","","","","","",""
"15554.742188","1871737","1871737","1871737","433.54184","433.54184","433.54184","","","","","","","","","","","","","","","","","","","","","","","",""
"15559.47267","1898953","1898953","1898953","144.68097","144.68097","144.68097","","","","","","","","","","","","","","","","","","","","","","","",""
"15564.707273","1917798","1917798","1917798","401.2387","401.2387","401.2387","","","","","","","","","","","","","","","","","","","","","","","",""
"15571.478873","24257","24257","24257","165.3926","165.3926","165.3926","","","","","","","","","","","","","","","","","","","","","","","",""
"15594.322939","1926552","1926552","1926552","190.63977","190.63977","190.63977","","","","","","","","","","","","","","","","","","","","","","","",""
"15630.040022","1905551","1905551","1905551","68.33377","68.33377","68.33377","","","","","","","","","","","","","","","","","","","","","","","",""
"15653.585336","1922435","1922435","1922435","93.05572","93.05572","93.05572","","","","","","","","","","","","","","","","","","","","","","","",""
"15667.659348964691","1467838","1467838","1467838","134.70030212402344","134.70030212402344","134.70030212402344","","","","","","","","","","","","","","","","","","","","","","","",""
"15686.091909","24808","24808","24808","96.53631","96.53631","96.53631","","","","","","","","","","","","","","","","","","","","","","","",""
"15688.704693","23619","23619","23619","86.255844","86.255844","86.255844","","","","","","","","","","","","","","","","","","","","","","","",""
"15689.986075","25183","25183","25183","285.75497","285.75497","285.75497","","","","","","","","","","","","","","","","","","","","","","","",""
"15704.4475","24432","24432","24432","134.10292","134.10292","134.10292","","","","","","","","","","","","","","","","","","","","","","","",""
"15713.55938","1902047","1902047","1902047","130.1661","130.1661","130.1661","","","","","","","","","","","","","","","","","","","","","","","",""
"15759.493241","1809576","1809576","1809576","139.16286","139.16286","139.16286","","","","","","","","","","","","","","","","","","","","","","","",""
"15773.934573","1884951","1884951","1884951","104.8543","104.8543","104.8543","","","","","","","","","","","","","","","","","","","","","","","",""
"15801.61651","25010","25010","25010","145.99245","145.99245","145.99245","","","","","","","","","","","","","","","","","","","","","","","",""
"15819.57971","1919792","1919792","1919792","112.505005","112.505005","112.505005","","","","","","","","","","","","","","","","","","","","","","","",""
"15831.625667","24488","24488","24488","88.34724","88.34724","88.34724","","","","","","","","","","","","","","","","","","","","","","","",""
"15834.837691","1939054","1939054","1939054","98.60691","98.60691","98.60691","","","","","","","","","","","","","","","","","","","","","","","",""
"15834.875323","1892494","1892494","1892494","94.01679","94.01679","94.01679","","","","","","","","","","","","","","","","","","","","","","","",""
"15859.461059","1947147","1947147","1947147","84.23733","84.23733","84.23733","","","","","","","","","","","","","","","","","","","","","","","",""
"15870.816726","1820000","1820000","1820000","227.73093","227.73093","227.73093","","","","","","","","","","","","","","","","","","","","","","","",""
"15900.164162","1926834","1926834","1926834","216.57123","216.57123","216.57123","","","","","","","","","","","","","","","","","","","","","","","",""
"15923.714804","1943515","1943515","1943515","140.45424","140.45424","140.45424","","","","","","","","","","","","","","","","","","","","","","","",""
"15948.8602","23879","23879","23879","260.22015","260.22015","260.22015","","","","","","","","","","","","","","","","","","","","","","","",""
"15950.132734","25443","25443","25443","60.426285","60.426285","60.426285","","","","","","","","","","","","","","","","","","","","","","","",""
"15951.238244","25097","25097","25097","50.946552","50.946552","50.946552","","","","","","","","","","","","","","","","","","","","","","","",""
"15974.579086","24721","24721","24721","157.13986","157.13986","157.13986","","","","","","","","","","","","","","","","","","","","","","","",""
"15988.673116","1922646","1922646","1922646","86.81653","86.81653","86.81653","","","","","","","","","","","","","","","","","","","","","","","",""
"15997.601773738861","1488803","1488803","1488803","144.8957061767578","144.8957061767578","144.8957061767578","","","","","","","","","","","","","","","","","","","","","","","",""
"15998.211218","16718","16718","16718","107.06718","107.06718","107.06718","","","","","","","","","","","","","","","","","","","","","","","",""
"15998.222197","16978","16978","16978","179.4248","179.4248","179.4248","","","","","","","","","","","","","","","","","","","","","","","",""
"16034.052105","1905915","1905915","1905915","234.8706","234.8706","234.8706","","","","","","","","","","","","","","","","","","","","","","","",""
"16034.602637","1830477","1830477","1830477","76.19542","76.19542","76.19542","","","","","","","","","","","","","","","","","","","","","","","",""
"16076.795338","25299","25299","25299","203.75308","203.75308","203.75308","","","","","","","","","","","","","","","","","","","","","","","",""
"16084.701317","1940804","1940804","1940804","114.549034","114.549034","114.549034","","","","","","","","","","","","","","","","","","","","","","","",""
"16096.773243","24777","24777","24777","106.30328","106.30328","106.30328","","","","","","","","","","","","","","","","","","","","","","","",""
"16104.968954","1960223","1960223","1960223","207.64182","207.64182","207.64182","","","","","","","","","","","","","","","","","","","","","","","",""
"16115.018038","1913568","1913568","1913568","97.255135","97.255135","97.255135","","","","","","","","","","","","","","","","","","","","","","","",""
"16124.617886","1968261","1968261","1968261","130.39145","130.39145","130.39145","","","","","","","","","","","","","","","","","","","","","","","",""
"16145.919803","1840949","1840949","1840949","153.30423","153.30423","153.30423","","","","","","","","","","","","","","","","","","","","","","","",""
"16170.29781","1947736","1947736","1947736","107.478455","107.478455","107.478455","","","","","","","","","","","","","","","","","","","","","","","",""
"16193.845273","1964543","1964543","1964543","162.56224","162.56224","162.56224","","","","","","","","","","","","","","","","","","","","","","","",""
"16214.019625","24168","24168","24168","164.81047","164.81047","164.81047","","","","","","","","","","","","","","","","","","","","","","","",""
"16215.350294","25703","25703","25703","94.30897","94.30897","94.30897","","","","","","","","","","","","","","","","","","","","","","","",""
"16244.706076","24981","24981","24981","135.9663","135.9663","135.9663","","","","","","","","","","","","","","","","","","","","","","","",""
"16258.777954","1943822","1943822","1943822","79.222","79.222","79.222","","","","","","","","","","","","","","","","","","","","","","","",""
"16304.094174","1927097","1927097","1927097","123.04586","123.04586","123.04586","","","","","","","","","","","","","","","","","","","","","","","",""
"16309.70053","1851418","1851418","1851418","68.79486","68.79486","68.79486","","","","","","","","","","","","","","","","","","","","","","","",""
"16330.469443798065","1509477","1509477","1509477","108.9892349243164","108.9892349243164","108.9892349243164","","","","","","","","","","","","","","","","","","","","","","","",""
"16354.805016","1961824","1961824","1961824","110.09132","110.09132","110.09132","","","","","","","","","","","","","","","","","","","","","","","",""
"16356.950267","25559","25559","25559","154.99072","154.99072","154.99072","","","","","","","","","","","","","","","","","","","","","","","",""
"16366.931867","25037","25037","25037","89.6925","89.6925","89.6925","","","","","","","","","","","","","","","","","","","","","","","",""
"16375.105572","1981086","1981086","1981086","137.54431","137.54431","137.54431","","","","","","","","","","","","","","","","","","","","","","","",""
"16394.771655","1989436","1989436","1989436","77.54524","77.54524","77.54524","","","","","","","","","","","","","","","","","","","","","","","",""
"16395.150415","1934536","1934536","1934536","108.96586","108.96586","108.96586","","","","","","","","","","","","","","","","","","","","","","","",""
"16431.029311","1862536","1862536","1862536","236.17728","236.17728","236.17728","","","","","","","","","","","","","","","","","","","","","","","",""
"16440.431939","1968476","1968476","1968476","71.53548","71.53548","71.53548","","","","","","","","","","","","","","","","","","","","","","","",""
"16463.971858","1985434","1985434","1985434","129.38483","129.38483","129.38483","","","","","","","","","","","","","","","","","","","","","","","",""
"16479.186656","24428","24428","24428","109.64845","109.64845","109.64845","","","","","","","","","","","","","","","","","","","","","","","",""
"16480.505758","25992","25992","25992","71.14484","71.14484","71.14484","","","","","","","","","","","","","","","","","","","","","","","",""
"16529.839496","25241","25241","25241","160.05266","160.05266","160.05266","","","","","","","","","","","","","","","","","","","","","","","",""
"16533.88918","1965361","1965361","1965361","169.04695","169.04695","169.04695","","","","","","","","","","","","","","","","","","","","","","","",""
"16569.207564","1947954","1947954","1947954","107.47129","107.47129","107.47129","","","","","","","","","","","","","","","","","","","","","","","",""
"16574.796678","1872423","1872423","1872423","78.644035","78.644035","78.644035","","","","","","","","","","","","","","","","","","","","","","","",""
"16624.932127","1983515","1983515","1983515","330.63354","330.63354","330.63354","","","","","","","","","","","","","","","","","","","","","","","",""
"16632.081304","25297","25297","25297","173.58487","173.58487","173.58487","","","","","","","","","","","","","","","","","","","","","","","",""
"16637.128072","25848","25848","25848","100.41262","100.41262","100.41262","","","","","","","","","","","","","","","","","","","","","","","",""
"16650.200049","2002800","2002800","2002800","241.72049","241.72049","241.72049","","","","","","","","","","","","","","","","","","","","","","","",""
"16659.914766","2010277","2010277","2010277","155.48259","155.48259","155.48259","","","","","","","","","","","","","","","","","","","","","","","",""
"16668.12153196335","1530922","1530922","1530922","264.4694519042969","264.4694519042969","264.4694519042969","","","","","","","","","","","","","","","","","","","","","","","",""
"16680.421042","1956293","1956293","1956293","609.39514","609.39514","609.39514","","","","","","","","","","","","","","","","","","","","","","","",""
"16706.133832","1883247","1883247","1883247","109.8449","109.8449","109.8449","","","","","","","","","","","","","","","","","","","","","","","",""
"16710.545745","1989455","1989455","1989455","136.50253","136.50253","136.50253","","","","","","","","","","","","","","","","","","","","","","","",""
"16739.09833","2006354","2006354","2006354","113.13617","113.13617","113.13617","","","","","","","","","","","","","","","","","","","","","","","",""
"16749.361382","24717","24717","24717","156.42442","156.42442","156.42442","","","","","","","","","","","","","","","","","","","","","","","",""
"16750.661331","26252","26252","26252","181.10466","181.10466","181.10466","","","","","","","","","","","","","","","","","","","","","","","",""
"16803.998766","1986492","1986492","1986492","135.17688","135.17688","135.17688","","","","","","","","","","","","","","","","","","","","","","","",""
"16814.959525","25501","25501","25501","79.498955","79.498955","79.498955","","","","","","","","","","","","","","","","","","","","","","","",""
"16839.324452","1969579","1969579","1969579","269.22375","269.22375","269.22375","","","","","","","","","","","","","","","","","","","","","","","",""
"16839.923907","1893035","1893035","1893035","84.9076","84.9076","84.9076","","","","","","","","","","","","","","","","","","","","","","","",""
"16895.164653","2004488","2004488","2004488","86.80634","86.80634","86.80634","","","","","","","","","","","","","","","","","","","","","","","",""
"16902.320114","25557","25557","25557","301.32028","301.32028","301.32028","","","","","","","","","","","","","","","","","","","","","","","",""
"16917.304409","26108","26108","26108","70.0622","70.0622","70.0622","","","","","","","","","","","","","","","","","","","","","","","",""
"16925.610261","2024190","2024190","2024190","294.0271","294.0271","294.0271","","","","","","","","","","","","","","","","","","","","","","","",""
"16935.043676","2031471","2031471","2031471","158.04002","158.04002","158.04002","","","","","","","","","","","","","","","","","","","","","","","",""
"16965.558977","1977480","1977480","1977480","91.98217","91.98217","91.98217","","","","","","","","","","","","","","","","","","","","","","","",""
"16985.676608","2010695","2010695","2010695","112.08257","112.08257","112.08257","","","","","","","","","","","","","","","","","","","","","","","",""
"16991.232989","1904324","1904324","1904324","141.43227","141.43227","141.43227","","","","","","","","","","","","","","","","","","","","","","","",""
"17009.36719584465","1551967","1551967","1551967","189.60479736328125","189.60479736328125","189.60479736328125","","","","","","","","","","","","","","","","","","","","","","","",""
"17018.418831","26513","26513","26513","136.59497","136.59497","136.59497","","","","","","","","","","","","","","","","","","","","","","","",""
"17019.239815","2027499","2027499","2027499","99.168236","99.168236","99.168236","","","","","","","","","","","","","","","","","","","","","","","",""
"17024.54317","25006","25006","25006","67.908806","67.908806","67.908806","","","","","","","","","","","","","","","","","","","","","","","",""
"17079.168812","2008166","2008166","2008166","185.55196","185.55196","185.55196","","","","","","","","","","","","","","","","","","","","","","","",""
"17108.347214","17267","17267","17267","158.621","158.621","158.621","","","","","","","","","","","","","","","","","","","","","","","",""
"17108.358595","17527","17527","17527","177.8435","177.8435","177.8435","","","","","","","","","","","","","","","","","","","","","","","",""
"17109.446232","1990393","1990393","1990393","88.00275","88.00275","88.00275","","","","","","","","","","","","","","","","","","","","","","","",""
"17110.099369","25790","25790","25790","213.4476","213.4476","213.4476","","","","","","","","","","","","","","","","","","","","","","","",""
"17125.03682","1914153","1914153","1914153","74.129524","74.129524","74.129524","","","","","","","","","","","","","","","","","","","","","","","",""
"17170.318544","2026279","2026279","2026279","437.47037","437.47037","437.47037","","","","","","","","","","","","","","","","","","","","","","","",""
"17177.485454","25846","25846","25846","165.78503","165.78503","165.78503","","","","","","","","","","","","","","","","","","","","","","","",""
"17197.464525","26397","26397","26397","46.16308","46.16308","46.16308","","","","","","","","","","","","","","","","","","","","","","","",""
"17200.742629","2045933","2045933","2045933","347.9583","347.9583","347.9583","","","","","","","","","","","","","","","","","","","","","","","",""
"17210.188957","2052793","2052793","2052793","121.52977","121.52977","121.52977","","","","","","","","","","","","","","","","","","","","","","","",""
"17260.696443","1998835","1998835","1998835","422.21045","422.21045","422.21045","","","","","","","","","","","","","","","","","","","","","","","",""
"17260.80448","2032340","2032340","2032340","278.1115","278.1115","278.1115","","","","","","","","","","","","","","","","","","","","","","","",""
"17276.342873","1925829","1925829","1925829","287.58752","287.58752","287.58752","","","","","","","","","","","","","","","","","","","","","","","",""
"17299.381891","2048598","2048598","2048598","143.51161","143.51161","143.51161","","","","","","","","","","","","","","","","","","","","","","","",""
"17299.702326","25266","25266","25266","83.503975","83.503975","83.503975","","","","","","","","","","","","","","","","","","","","","","","",""
"17354.11310696602","1573271","1573271","1573271","224.05177307128906","224.05177307128906","224.05177307128906","","","","","","","","","","","","","","","","","","","","","","","",""
"17359.273052","2028979","2028979","2028979","81.90515","81.90515","81.90515","","","","","","","","","","","","","","","","","","","","","","","",""
"17385.225255","26050","26050","26050","140.32037","140.32037","140.32037","","","","","","","","","","","","","","","","","","","","","","","",""
"17410.135508","1934969","1934969","1934969","77.515854","77.515854","77.515854","","","","","","","","","","","","","","","","","","","","","","","",""
"17445.517246","2047162","2047162","2047162","112.19042","112.19042","112.19042","","","","","","","","","","","","","","","","","","","","","","","",""
"17447.648878","26106","26106","26106","98.57413","98.57413","98.57413","","","","","","","","","","","","","","","","","","","","","","","",""
"17475.868612","2067598","2067598","2067598","329.70984","329.70984","329.70984","","","","","","","","","","","","","","","","","","","","","","","",""
"17480.337735","2073567","2073567","2073567","131.74861","131.74861","131.74861","","","","","","","","","","","","","","","","","","","","","","","",""
"17481.880533","26658","26658","26658","71.15469","71.15469","71.15469","","","","","","","","","","","","","","","","","","","","","","","",""
"17540.930951","2053445","2053445","2053445","90.35054","90.35054","90.35054","","","","","","","","","","","","","","","","","","","","","","","",""
"17565.855854","2020451","2020451","2020451","518.10376","518.10376","518.10376","","","","","","","","","","","","","","","","","","","","","","","",""
"17566.456624","1946884","1946884","1946884","191.92998","191.92998","191.92998","","","","","","","","","","","","","","","","","","","","","","","",""
"17571.834879","25527","25527","25527","143.81758","143.81758","143.81758","","","","","","","","","","","","","","","","","","","","","","","",""
"17579.509797","2069684","2069684","2069684","151.40663","151.40663","151.40663","","","","","","","","","","","","","","","","","","","","","","","",""
"17639.398247","2049864","2049864","2049864","64.72082","64.72082","64.72082","","","","","","","","","","","","","","","","","","","","","","","",""
"17670.384925","26339","26339","26339","233.91962","233.91962","233.91962","","","","","","","","","","","","","","","","","","","","","","","",""
"17695.244902","1955705","1955705","1955705","65.300514","65.300514","65.300514","","","","","","","","","","","","","","","","","","","","","","","",""
"17701.74806189537","1594718","1594718","1594718","375.5207214355469","375.5207214355469","375.5207214355469","","","","","","","","","","","","","","","","","","","","","","","",""
"17720.643907","2068736","2068736","2068736","146.41798","146.41798","146.41798","","","","","","","","","","","","","","","","","","","","","","","",""
"17750.949002","2088759","2088759","2088759","197.20367","197.20367","197.20367","","","","","","","","","","","","","","","","","","","","","","","",""
"17760.492706","2094873","2094873","2094873","125.13008","125.13008","125.13008","","","","","","","","","","","","","","","","","","","","","","","",""
"17821.061055","2074457","2074457","2074457","82.25592","82.25592","82.25592","","","","","","","","","","","","","","","","","","","","","","","",""
"17861.578528","1967944","1967944","1967944","146.32393","146.32393","146.32393","","","","","","","","","","","","","","","","","","","","","","","",""
"17864.652398","2090913","2090913","2090913","160.61859","160.61859","160.61859","","","","","","","","","","","","","","","","","","","","","","","",""
"17875.94526","2042361","2042361","2042361","801.3488","801.3488","801.3488","","","","","","","","","","","","","","","","","","","","","","","",""
"17919.537456","2071516","2071516","2071516","170.1202","170.1202","170.1202","","","","","","","","","","","","","","","","","","","","","","","",""
"17944.669052","26600","26600","26600","324.43152","324.43152","324.43152","","","","","","","","","","","","","","","","","","","","","","","",""
"18000.360692","1976708","1976708","1976708","133.68214","133.68214","133.68214","","","","","","","","","","","","","","","","","","","","","","","",""
"18000.769586","2089865","2089865","2089865","77.92665","77.92665","77.92665","","","","","","","","","","","","","","","","","","","","","","","",""
"18031.086876","2110435","2110435","2110435","435.60236","435.60236","435.60236","","","","","","","","","","","","","","","","","","","","","","","",""
"18051.982192993164","1616159","1616159","1616159","336.9235534667969","336.9235534667969","336.9235534667969","","","","","","","","","","","","","","","","","","","","","","","",""
"18082.751435","2115650","2115650","2115650","52.85263","52.85263","52.85263","","","","","","","","","","","","","","","","","","","","","","","",""
"18101.199275","2095352","2095352","2095352","98.68152","98.68152","98.68152","","","","","","","","","","","","","","","","","","","","","","","",""
"18142.149309","2111866","2111866","2111866","81.18893","81.18893","81.18893","","","","","","","","","","","","","","","","","","","","","","","",""
"18151.698962","1988984","1988984","1988984","102.75008","102.75008","102.75008","","","","","","","","","","","","","","","","","","","","","","","",""
"18176.112895","2063044","2063044","2063044","58.1373","58.1373","58.1373","","","","","","","","","","","","","","","","","","","","","","","",""
"18199.681734","2092386","2092386","2092386","87.030235","87.030235","87.030235","","","","","","","","","","","","","","","","","","","","","","","",""
"18218.460129","17787","17787","17787","98.93296","98.93296","98.93296","","","","","","","","","","","","","","","","","","","","","","","",""
"18218.472173","18076","18076","18076","99.13497","99.13497","99.13497","","","","","","","","","","","","","","","","","","","","","","","",""
"18218.481362","18336","18336","18336","111.18278","111.18278","111.18278","","","","","","","","","","","","","","","","","","","","","","","",""
"18218.490002","18625","18625","18625","99.40929","99.40929","99.40929","","","","","","","","","","","","","","","","","","","","","","","",""
"18218.496505","18914","18914","18914","71.136696","71.136696","71.136696","","","","","","","","","","","","","","","","","","","","","","","",""
"18280.893854","2110726","2110726","2110726","127.04995","127.04995","127.04995","","","","","","","","","","","","","","","","","","","","","","","",""
"18285.471448","1997869","1997869","1997869","79.95267","79.95267","79.95267","","","","","","","","","","","","","","","","","","","","","","","",""
"18312.615562","2131482","2131482","2131482","101.74593","101.74593","101.74593","","","","","","","","","","","","","","","","","","","","","","","",""
"18384.487082","2116922","2116922","2116922","60.260887","60.260887","60.260887","","","","","","","","","","","","","","","","","","","","","","","",""
"18404.025372982025","1636455","1636455","1636455","65.38720703125","65.38720703125","65.38720703125","","","","","","","","","","","","","","","","","","","","","","","",""
"18436.794879","2009691","2009691","2009691","103.52839","103.52839","103.52839","","","","","","","","","","","","","","","","","","","","","","","",""
"18476.270544","2084738","2084738","2084738","414.2927","414.2927","414.2927","","","","","","","","","","","","","","","","","","","","","","","",""
"18481.357353","2113547","2113547","2113547","112.94731","112.94731","112.94731","","","","","","","","","","","","","","","","","","","","","","","",""
"18563.177079","2131673","2131673","2131673","58.833893","58.833893","58.833893","","","","","","","","","","","","","","","","","","","","","","","",""
"18565.577031","2018394","2018394","2018394","55.698635","55.698635","55.698635","","","","","","","","","","","","","","","","","","","","","","","",""
"18731.914513","2030765","2030765","2030765","115.29454","115.29454","115.29454","","","","","","","","","","","","","","","","","","","","","","","",""
"18759.408035755157","1657424","1657424","1657424","92.12853240966797","92.12853240966797","92.12853240966797","","","","","","","","","","","","","","","","","","","","","","","",""
"18776.419149","2106474","2106474","2106474","230.01093","230.01093","230.01093","","","","","","","","","","","","","","","","","","","","","","","",""
"18850.686002","2039406","2039406","2039406","49.61094","49.61094","49.61094","","","","","","","","","","","","","","","","","","","","","","","",""
"19027.03316","2051649","2051649","2051649","74.28379","74.28379","74.28379","","","","","","","","","","","","","","","","","","","","","","","",""
"19118.031154870987","1678894","1678894","1678894","232.43606567382812","232.43606567382812","232.43606567382812","","","","","","","","","","","","","","","","","","","","","","","",""
"19130.787818","2060153","2060153","2060153","63.965656","63.965656","63.965656","","","","","","","","","","","","","","","","","","","","","","","",""
"19322.136807","2072620","2072620","2072620","134.06372","134.06372","134.06372","","","","","","","","","","","","","","","","","","","","","","","",""
"19328.595084","19174","19174","19174","53.41516","53.41516","53.41516","","","","","","","","","","","","","","","","","","","","","","","",""
"19328.605239","19463","19463","19463","84.06347","84.06347","84.06347","","","","","","","","","","","","","","","","","","","","","","","",""
"19328.61154","19723","19723","19723","72.31363","72.31363","72.31363","","","","","","","","","","","","","","","","","","","","","","","",""
"19328.618909","20012","20012","20012","83.610916","83.610916","83.610916","","","","","","","","","","","","","","","","","","","","","","","",""
"19415.896629","2081225","2081225","2081225","98.64523","98.64523","98.64523","","","","","","","","","","","","","","","","","","","","","","","",""
"19478.116256713867","1699675","1699675","1699675","157.43345642089844","157.43345642089844","157.43345642089844","","","","","","","","","","","","","","","","","","","","","","","",""
"19612.254368","2093804","2093804","2093804","185.04068","185.04068","185.04068","","","","","","","","","","","","","","","","","","","","","","","",""
"19698.573603","2102155","2102155","2102155","56.361935","56.361935","56.361935","","","","","","","","","","","","","","","","","","","","","","","",""
"19841.541831970215","1720456","1720456","1720456","166.52598571777344","166.52598571777344","166.52598571777344","","","","","","","","","","","","","","","","","","","","","","","",""
"19907.278791","2114604","2114604","2114604","55.00479","55.00479","55.00479","","","","","","","","","","","","","","","","","","","","","","","",""
"20207.965523004532","1741234","1741234","1741234","183.89906311035156","183.89906311035156","183.89906311035156","","","","","","","","","","","","","","","","","","","","","","","",""
"20438.706252","20301","20301","20301","96.5072","96.5072","96.5072","","","","","","","","","","","","","","","","","","","","","","","",""
"20438.71658","20590","20590","20590","91.85453","91.85453","91.85453","","","","","","","","","","","","","","","","","","","","","","","",""
"20438.725932","20850","20850","20850","172.06886","172.06886","172.06886","","","","","","","","","","","","","","","","","","","","","","","",""
"20438.73255","21139","21139","21139","189.55002","189.55002","189.55002","","","","","","","","","","","","","","","","","","","","","","","",""
"20578.112483739853","1762112","1762112","1762112","123.45027160644531","123.45027160644531","123.45027160644531","","","","","","","","","","","","","","","","","","","","","","","",""
"20951.36123609543","1783005","1783005","1783005","182.3445281982422","182.3445281982422","182.3445281982422","","","","","","","","","","","","","","","","","","","","","","","",""
"21326.440521001816","1803745","1803745","1803745","190.18246459960938","190.18246459960938","190.18246459960938","","","","","","","","","","","","","","","","","","","","","","","",""
"21548.823944","21399","21399","21399","83.279854","83.279854","83.279854","","","","","","","","","","","","","","","","","","","","","","","",""
"21548.834622","21688","21688","21688","44.71517","44.71517","44.71517","","","","","","","","","","","","","","","","","","","","","","","",""
"21548.844964","21948","21948","21948","146.96153","146.96153","146.96153","","","","","","","","","","","","","","","","","","","","","","","",""
"21548.851696","22208","22208","22208","346.10553","346.10553","346.10553","","","","","","","","","","","","","","","","","","","","","","","",""
"21548.857954","22468","22468","22468","419.95554","419.95554","419.95554","","","","","","","","","","","","","","","","","","","","","","","",""
"21704.82372879982","1824360","1824360","1824360","211.6260223388672","211.6260223388672","211.6260223388672","","","","","","","","","","","","","","","","","","","","","","","",""
"22040.219476","2012080","2012080","2012080","146.05078","146.05078","146.05078","","","","","","","","","","","","","","","","","","","","","","","",""
"22086.684225797653","1845471","1845471","1845471","122.9793701171875","122.9793701171875","122.9793701171875","","","","","","","","","","","","","","","","","","","","","","","",""
"22471.063072681427","1866382","1866382","1866382","188.5662841796875","188.5662841796875","188.5662841796875","","","","","","","","","","","","","","","","","","","","","","","",""
"22658.926649","22728","22728","22728","194.2309","194.2309","194.2309","","","","","","","","","","","","","","","","","","","","","","","",""
"22658.934803","22988","22988","22988","372.11475","372.11475","372.11475","","","","","","","","","","","","","","","","","","","","","","","",""
"22658.942823","23248","23248","23248","280.719","280.719","280.719","","","","","","","","","","","","","","","","","","","","","","","",""
"22658.951455","23508","23508","23508","55.958908","55.958908","55.958908","","","","","","","","","","","","","","","","","","","","","","","",""
"22855.519870996475","1886984","1886984","1886984","48.76145553588867","48.76145553588867","48.76145553588867","","","","","","","","","","","","","","","","","","","","","","","",""
"23245.519691705704","1908397","1908397","1908397","249.45774841308594","249.45774841308594","249.45774841308594","","","","","","","","","","","","","","","","","","","","","","","",""
"23637.72211098671","1929142","1929142","1929142","126.357666015625","126.357666015625","126.357666015625","","","","","","","","","","","","","","","","","","","","","","","",""
"23799.041658","23797","23797","23797","595.07367","595.07367","595.07367","","","","","","","","","","","","","","","","","","","","","","","",""
"23799.048337","24057","24057","24057","296.06628","296.06628","296.06628","","","","","","","","","","","","","","","","","","","","","","","",""
"23799.054874","24317","24317","24317","165.78745","165.78745","165.78745","","","","","","","","","","","","","","","","","","","","","","","",""
"23799.06021","24577","24577","24577","88.914604","88.914604","88.914604","","","","","","","","","","","","","","","","","","","","","","","",""
"23799.066468","24866","24866","24866","106.02579","106.02579","106.02579","","","","","","","","","","","","","","","","","","","","","","","",""
"24033.303071022034","1950515","1950515","1950515","186.7047576904297","186.7047576904297","186.7047576904297","","","","","","","","","","","","","","","","","","","","","","","",""
"24431.446276903152","1971932","1971932","1971932","458.6435546875","458.6435546875","458.6435546875","","","","","","","","","","","","","","","","","","","","","","","",""
"24831.159186840057","1993330","1993330","1993330","413.536865234375","413.536865234375","413.536865234375","","","","","","","","","","","","","","","","","","","","","","","",""
"24909.152979","25126","25126","25126","226.8722","226.8722","226.8722","","","","","","","","","","","","","","","","","","","","","","","",""
"24909.159459","25386","25386","25386","107.57467","107.57467","107.57467","","","","","","","","","","","","","","","","","","","","","","","",""
"24909.166082","25675","25675","25675","66.21849","66.21849","66.21849","","","","","","","","","","","","","","","","","","","","","","","",""
"24909.172142","25935","25935","25935","90.27757","90.27757","90.27757","","","","","","","","","","","","","","","","","","","","","","","",""
"25233.395622968674","2014126","2014126","2014126","146.0784454345703","146.0784454345703","146.0784454345703","","","","","","","","","","","","","","","","","","","","","","","",""
"25640.463394880295","2035565","2035565","2035565","506.9330749511719","506.9330749511719","506.9330749511719","","","","","","","","","","","","","","","","","","","","","","","",""
"26019.290204","26224","26224","26224","107.32322","107.32322","107.32322","","","","","","","","","","","","","","","","","","","","","","","",""
"26019.298369","26484","26484","26484","72.6105","72.6105","72.6105","","","","","","","","","","","","","","","","","","","","","","","",""
"26019.30633","26744","26744","26744","151.87798","151.87798","151.87798","","","","","","","","","","","","","","","","","","","","","","","",""
"26050.791792869568","2057007","2057007","2057007","460.8133544921875","460.8133544921875","460.8133544921875","","","","","","","","","","","","","","","","","","","","","","","",""
"26462.593250751495","2077703","2077703","2077703","109.75991821289062","109.75991821289062","109.75991821289062","","","","","","","","","","","","","","","","","","","","","","","",""
"26878.601351976395","2099707","2099707","2099707","400.25360107421875","400.25360107421875","400.25360107421875","","","","","","","","","","","","","","","","","","","","","","","",""
"27347.610507","2033230","2033230","2033230","65.6424","65.6424","65.6424","","","","","","","","","","","","","","","","","","","","","","","",""
"27642.731763","2054883","2054883","2054883","247.27025","247.27025","247.27025","","","","","","","","","","","","","","","","","","","","","","","",""
"27942.839867","2075642","2075642","2075642","140.03262","140.03262","140.03262","","","","","","","","","","","","","","","","","","","","","","","",""
"28232.953246","2096596","2096596","2096596","97.43079","97.43079","97.43079","","","","","","","","","","","","","","","","","","","","","","","",""
"28524.575589","2118273","2118273","2118273","167.06198","167.06198","167.06198","","","","","","","","","","","","","","","","","","","","","","","",""