id,name,algo,project,state,url,created_at,metric.test reward,metric.test len,config.Slope,config.Schedule,test reward history,test len history,runtime,epoch,step,config.hidden_sizes
8hfs2seq,robust-energy-48,BC,l2f_bc,killed,https://wandb.ai/korneelvandenberghe/l2f_bc/runs/8hfs2seq,2024-10-10T18:32:12Z,54.442102298930806,82.6,2.0,True,"[20.37133923373128, 18.09331528113386, 16.693236247233987, 18.699354763414174, 14.088118126078328, 29.263209516667434, 21.098420887993832, 36.29062432304193, 19.11313608287976, 68.10738525286968, 25.71095069413834, 144.01492565083169, 54.442102298930806]","[37.8, 35.5, 34.0, 39.1, 35.4, 48.0, 40.3, 55.4, 34.95, 99.65, 51.6, 176.2, 82.6]","[18.93915319442749, 67.71177625656128, 135.06668877601624, 180.70601797103882, 226.43115663528442, 273.900039434433, 319.33176469802856, 367.9687259197235, 414.66889452934265, 463.17997121810913, 511.2575190067291, 563.9643230438232, 610.7964570522308]","[0, 10, 20, 30, 40, 50, 60, 70, 80, 90, 100, 110, 120]","[8, 59, 110, 155, 198, 241, 284, 327, 370, 413, 456, 499, 542]",
c3pf424y,vital-lion-50,BC,l2f_bc,finished,https://wandb.ai/korneelvandenberghe/l2f_bc/runs/c3pf424y,2024-10-10T19:01:38Z,148.96995716146563,186.7,2.0,True,"[23.256535258018666, 14.1839189629435, 15.995696279266685, 18.630761655114814, 38.84461919044445, 13.563794232054898, 102.34716175646591, 99.61809697761689, 19.17109847388236, 62.969640383449985, 58.22669597736566, 136.0975085933947, 182.78813474838438, 349.3317938297422, 61.14767482154336, 144.69038252614084, 95.27038983606116, 144.97730810182173, 147.75974547594177, 306.31426766022406, 224.32624309657217, 229.23798349485006, 143.63559341046832, 96.47458170129751, 148.96995716146563]","[39.85, 30.85, 30.55, 38.0, 65.4, 29.75, 136.65, 128.0, 38.75, 86.9, 80.1, 179.6, 229.45, 418.0, 87.05, 176.9, 130.2, 176.15, 179.1, 365.4, 269.8, 276.95, 177.95, 132.75, 186.7]","[13.57064175605774, 54.69979000091553, 96.21924686431885, 134.34670877456665, 174.0666162967682, 213.52759504318237, 256.67787981033325, 298.855975151062, 338.5977289676666, 379.1198055744171, 421.9268720149994, 463.86829352378845, 508.1325509548187, 558.3772675991058, 598.473504781723, 641.9510772228241, 684.3958280086517, 728.9465255737305, 773.8965086936951, 822.6445772647858, 867.7322022914886, 915.4417550563812, 960.21311378479, 1003.8293416500092, 1049.6646208763123]","[0, 10, 20, 30, 40, 50, 60, 70, 80, 90, 100, 110, 120, 130, 140, 150, 160, 170, 180, 190, 200, 210, 220, 230, 240]","[6, 55, 102, 149, 196, 241, 284, 327, 370, 413, 456, 499, 542, 585, 628, 671, 714, 757, 800, 843, 886, 929, 972, 1015, 1058]",
12yvjkew,lively-forest-51,BC,l2f_bc,finished,https://wandb.ai/korneelvandenberghe/l2f_bc/runs/12yvjkew,2024-10-10T19:20:01Z,317.2990331952555,375.6,25.0,True,"[21.900590157920732, 21.470152316578353, 18.915868612340525, 16.728756486852784, 85.41114814914776, 60.023290787990064, 100.78925168228918, 188.8618571239968, 102.60494021182701, 145.00339552395883, 102.88914683781954, 149.30562986048173, 189.78327141750486, 105.32956433180621, 276.8058729799469, 270.4551192017305, 270.5815972041943, 225.04856044507557, 186.01158203903802, 144.0573790588561, 272.37463004973586, 319.1791266895204, 363.60413344558685, 361.3343404868603, 317.2990331952555]","[38.4, 38.55, 34.7, 31.9, 119.7, 82.8, 132.25, 232.25, 132.3, 179.4, 133.35, 185.75, 230.7, 136.45, 327.15, 325.3, 324.0, 269.8, 227.65, 179.8, 322.5, 376.8, 425.55, 424.3, 375.6]","[13.591140031814575, 53.591615200042725, 93.58528232574463, 134.3826448917389, 175.67650389671326, 217.8700942993164, 261.9468774795532, 309.43932485580444, 354.7975540161133, 407.14464831352234, 453.41279220581055, 499.78414487838745, 548.9558670520782, 593.4694445133209, 645.5591471195221, 698.1649961471558, 748.9630317687988, 799.0885291099548, 849.8979165554047, 901.9306175708771, 953.3048927783966, 1002.46639585495, 1054.5221529006958, 1114.358559370041, 1172.1226601600647]","[0, 10, 20, 30, 40, 50, 60, 70, 80, 90, 100, 110, 120, 130, 140, 150, 160, 170, 180, 190, 200, 210, 220, 230, 240]","[6, 51, 94, 137, 180, 223, 266, 309, 352, 395, 438, 481, 524, 567, 610, 653, 696, 739, 782, 825, 868, 911, 954, 997, 1041]",
z3hapjm3,logical-puddle-52,BC,l2f_bc,finished,https://wandb.ai/korneelvandenberghe/l2f_bc/runs/z3hapjm3,2024-10-10T19:40:31Z,358.7567199926127,419.2,2.0,True,"[20.448116233480384, 17.436988869046694, 23.24182618807448, 17.656271687416076, 19.707978099518293, 120.00960139857393, 57.27031534552634, 22.176970218514533, 14.59600600198797, 97.9852795008783, 61.680372937802986, 101.76058071246301, 144.37396829707936, 19.971769160205845, 183.31011772975896, 140.84022354031637, 102.59691811215605, 187.1392326853716, 310.3682856872529, 226.1737149515493, 226.05459413809976, 191.68066557852939, 235.948055267945, 150.4909915007246, 358.7567199926127]","[35.35, 34.1, 41.55, 35.05, 33.35, 177.9, 81.75, 39.9, 36.1, 128.95, 85.4, 135.3, 183.7, 40.0, 225.25, 181.3, 134.35, 238.9, 371.05, 274.8, 276.45, 230.05, 285.2, 195.5, 419.2]","[13.121750116348267, 55.29144597053528, 97.75471997261047, 140.91864919662476, 185.24668502807617, 233.0475788116455, 279.37543058395386, 340.5055887699127, 402.9655306339264, 470.7972650527954, 546.590672492981, 620.0220413208008, 697.3454415798187, 779.5194492340088, 876.0180439949036, 959.0757064819336, 1055.7305700778961, 1152.6190633773804, 1245.4414579868317, 1340.8236813545227, 1437.979228258133, 1537.3629279136658, 1634.60169672966, 1733.120958328247, 1832.862512588501]","[0, 10, 20, 30, 40, 50, 60, 70, 80, 90, 100, 110, 120, 130, 140, 150, 160, 170, 180, 190, 200, 210, 220, 230, 240]","[6, 55, 102, 149, 196, 241, 284, 327, 370, 413, 456, 499, 542, 585, 628, 671, 714, 757, 800, 843, 886, 929, 972, 1015, 1058]",
mbx1qvqw,chocolate-armadillo-55,BC,l2f_bc,finished,https://wandb.ai/korneelvandenberghe/l2f_bc/runs/mbx1qvqw,2024-10-10T20:21:00Z,282.4909588385223,334.85,25.0,False,"[16.939617210482528, 18.186073064672588, 16.95229038063982, 16.212649804317195, 136.62371651580554, 95.88640667418177, 148.07432890926194, 63.5219361691156, 104.56909061932086, 268.62116006881917, 142.90145411048871, 186.69366434264555, 145.75005295464524, 102.96374222425752, 103.61023622139905, 191.37501108005557, 188.58666826701497, 232.67506218230815, 277.2374467344825, 150.86237806203704, 149.87483773011456, 238.7135120815351, 145.45483335972557, 359.99472482443014, 282.4909588385223]","[32.8, 33.25, 35.7, 33.6, 185.35, 137.45, 182.6, 91.8, 133.85, 326.15, 184.55, 230.8, 179.9, 130.45, 136.05, 230.9, 230.75, 275.6, 330.35, 186.75, 188.2, 289.75, 181.85, 422.05, 334.85]","[16.46776247024536, 89.30519580841064, 170.9254035949707, 250.21280097961426, 336.49284195899963, 421.79934787750244, 510.73125767707825, 609.4769608974457, 696.8954212665558, 771.1664757728577, 845.3913156986237, 926.3588020801544, 998.5713379383087, 1069.7093555927277, 1146.1091928482056, 1221.5793130397797, 1293.042407989502, 1377.0494401454926, 1468.3735573291779, 1560.1983296871185, 1644.5052671432495, 1743.0711872577667, 1840.399897813797, 1943.3141448497772, 2039.7711007595062]","[0, 10, 20, 30, 40, 50, 60, 70, 80, 90, 100, 110, 120, 130, 140, 150, 160, 170, 180, 190, 200, 210, 220, 230, 240]","[6, 49, 92, 135, 178, 221, 264, 307, 350, 393, 436, 479, 522, 565, 608, 651, 694, 737, 780, 823, 866, 909, 952, 995, 1038]",
zfyojcx9,ancient-violet-65,BC,l2f_bc,finished,https://wandb.ai/korneelvandenberghe/l2f_bc/runs/zfyojcx9,2024-10-10T20:56:42Z,96.08207093596296,130.65,2.0,False,"[20.43203236360246, 20.445098581920153, 18.79871613493642, 38.371714481386654, 16.094019423465255, 112.81439018633871, 18.251606991106787, 308.9000867798914, 97.55608423887216, 274.7469336232055, 179.86628781226244, 186.7473064804738, 312.8155939051777, 146.72834526468688, 146.0834897833468, 316.66138173685306, 189.95886737790843, 193.45755609325582, 277.34126980718713, 234.22937468493697, 189.6990156771316, 272.9042074191803, 199.1789837406854, 228.61289755009824, 96.08207093596295]","[37.85, 37.3, 38.75, 68.85, 34.85, 158.2, 37.35, 370.2, 126.85, 330.35, 225.9, 227.8, 371.2, 180.7, 178.2, 373.7, 235.5, 234.15, 327.1, 278.8, 229.45, 325.85, 250.2, 274.25, 130.65]","[20.72291874885559, 105.247718334198, 188.7335753440857, 281.3476023674011, 363.6876711845398, 454.4899888038635, 537.3986914157867, 643.8030962944031, 726.1207678318024, 819.2063069343567, 920.1124377250671, 1014.3902401924133, 1125.1331329345703, 1218.2188301086426, 1313.67577958107, 1417.0482897758484, 1519.5784838199615, 1623.5231969356537, 1730.3205013275146, 1832.0131750106812, 1941.0434527397156, 2046.5675411224365, 2156.6788387298584, 2261.2756934165955, 2352.944503068924]","[0, 10, 20, 30, 40, 50, 60, 70, 80, 90, 100, 110, 120, 130, 140, 150, 160, 170, 180, 190, 200, 210, 220, 230, 240]","[6, 49, 92, 135, 178, 221, 264, 307, 350, 393, 436, 479, 522, 565, 608, 651, 694, 737, 780, 823, 866, 909, 952, 995, 1039]",
lgrhq4d7,cool-feather-66,BC,l2f_bc,finished,https://wandb.ai/korneelvandenberghe/l2f_bc/runs/lgrhq4d7,2024-10-10T21:37:42Z,181.5486780090001,229.4,50.0,False,"[19.22325061448887, 22.79176491442149, 14.572969953415612, 25.344277897464924, 95.23362888362303, 128.86490116178905, 15.056709353483821, 61.02334465796024, 109.39847688996879, 231.63532508790792, 190.70355095351505, 277.6207443842626, 228.66657797772035, 274.0545870013559, 273.9821470026235, 193.35217854083413, 231.30732683507517, 232.5622324238177, 315.91782055434163, 282.6049688052147, 234.90902991836765, 229.45572022785638, 315.5716651465365, 187.8481109683991, 181.5486780090001]","[34.9, 44.1, 32.95, 43.0, 129.15, 178.6, 29.85, 81.25, 145.2, 278.8, 233.4, 322.6, 274.9, 327.25, 327.2, 238.6, 275.1, 280.8, 374.6, 329.5, 283.3, 275.6, 373.75, 229.15, 229.4]","[20.06862163543701, 114.19705748558044, 198.3968460559845, 289.291068315506, 374.79702043533325, 475.5794961452484, 556.9603953361511, 641.740841627121, 726.3852365016937, 816.8797764778137, 912.0834972858429, 1006.0852451324463, 1098.8187165260315, 1195.3993892669678, 1284.8015477657318, 1375.428543806076, 1462.2652306556702, 1553.955896139145, 1652.5384817123413, 1755.878384590149, 1863.4868655204773, 1965.1445851325989, 2061.8983590602875, 2157.890442609787, 2260.803113222122]","[0, 10, 20, 30, 40, 50, 60, 70, 80, 90, 100, 110, 120, 130, 140, 150, 160, 170, 180, 190, 200, 210, 220, 230, 240]","[6, 49, 92, 135, 178, 221, 264, 307, 350, 393, 436, 479, 522, 565, 608, 651, 694, 737, 780, 823, 866, 909, 952, 996, 1039]",
1b5yzuow,peachy-resonance-68,BC,l2f_bc,finished,https://wandb.ai/korneelvandenberghe/l2f_bc/runs/1b5yzuow,2024-10-10T22:16:59Z,65.0104099869296,97.0,2.0,True,"[16.520084054986985, 20.718109915173837, 32.97084403392069, 19.34619538478298, 25.08307317168858, 20.758619464708822, 59.78861491561288, 88.28283786924798, 25.784647299070862, 278.0084553864109, 145.59992008881449, 181.0684209792384, 183.13678825710468, 179.95608805510363, 101.08129037092507, 184.45703116095385, 96.86816323958688, 148.51135529869447, 183.46424161661514, 140.05056085997603, 183.1331075008414, 231.8917121731948, 18.121496496948495, 152.21512045121588, 65.0104099869296]","[34.6, 38.7, 59.8, 35.85, 46.8, 37.9, 99.2, 125.7, 45.45, 331.65, 182.4, 227.55, 233.15, 229.9, 133.35, 231.8, 126.3, 184.65, 228.75, 178.8, 236.9, 277.15, 39.5, 185.15, 97.0]","[16.490609169006348, 109.92650413513184, 215.90288925170898, 308.19944643974304, 404.63293170928955, 491.38350534439087, 600.9644713401794, 717.9355590343475, 819.1320662498474, 925.7467005252838, 1028.4469673633575, 1134.5340931415558, 1251.6196796894073, 1358.8028011322021, 1466.6244616508484, 1572.6254682540894, 1676.7786614894867, 1780.6377034187317, 1889.3364090919495, 1992.6828162670135, 2106.9276752471924, 2217.1274423599243, 2325.764383792877, 2431.5984258651733, 2536.7020897865295]","[0, 10, 20, 30, 40, 50, 60, 70, 80, 90, 100, 110, 120, 130, 140, 150, 160, 170, 180, 190, 200, 210, 220, 230, 240]","[6, 55, 102, 149, 196, 241, 284, 327, 370, 413, 456, 499, 542, 585, 628, 671, 714, 757, 800, 843, 886, 929, 972, 1015, 1058]",
8nqpv2g2,hopeful-dream-78,BC,l2f_bc,finished,https://wandb.ai/korneelvandenberghe/l2f_bc/runs/8nqpv2g2,2024-10-11T09:08:41Z,271.9501782001463,328.15,2.0,True,"[21.793443228603962, 21.064799602104095, 19.17397921658736, 30.072238710075105, 17.82807548276913, 18.07744880549742, 61.35290529939861, 57.81599889755493, 56.41380587776257, 96.53269373817241, 59.84862069341286, 141.40329370660916, 58.24473504603016, 147.77001158645822, 182.3761089367831, 64.3459876675695, 227.75479247672382, 101.10856266382646, 228.61101832953108, 57.22231264663797, 146.30361525138068, 56.88028686212105, 187.53275050568908, 187.64766715711426, 271.9501782001463]","[36.4, 38.2, 36.85, 51.3, 39.0, 34.2, 93.2, 84.1, 83.15, 131.5, 88.4, 176.75, 86.95, 182.2, 229.95, 94.85, 279.2, 133.4, 275.25, 85.6, 179.85, 83.7, 226.4, 230.3, 328.15]","[11.967114686965942, 59.36185383796692, 105.15971541404724, 150.79055404663086, 196.20987820625305, 241.5098056793213, 289.2774040699005, 338.46308732032776, 382.53570795059204, 427.95286798477173, 472.0869300365448, 519.5901098251343, 563.2448909282684, 612.3814671039581, 660.6589775085449, 703.8866837024689, 753.056666135788, 797.8522891998291, 844.5463831424713, 886.7735893726349, 932.7855823040009, 975.4373395442963, 1021.7423341274261, 1068.8375494480133, 1120.2208580970764]","[0, 10, 20, 30, 40, 50, 60, 70, 80, 90, 100, 110, 120, 130, 140, 150, 160, 170, 180, 190, 200, 210, 220, 230, 240]","[6, 67, 110, 153, 196, 239, 282, 325, 368, 411, 454, 497, 540, 583, 626, 669, 712, 755, 798, 841, 884, 927, 970, 1013, 1056]",
ifo3fkyi,eternal-moon-86,BC,l2f_bc,killed,https://wandb.ai/korneelvandenberghe/l2f_bc/runs/ifo3fkyi,2024-10-11T11:58:04Z,272.8701783786752,327.35,2.0,True,"[20.523362317325986, 20.485693510293792, 18.71102751381642, 25.55851818081754, 17.499225984147877, 18.015560225426817, 99.57956538523345, 100.66127184630093, 52.380652052155085, 233.61840775590863, 18.04647267055986, 93.47252883770116, 142.63386329496902, 59.397013198096396, 235.08325420527794, 231.24652679086392, 54.56543258728605, 149.1041056686365, 102.93708773392845, 314.3665196196298, 230.4601616867522, 231.59507549648828, 270.60044382271076, 272.8701783786752]","[37.0, 39.05, 35.6, 49.55, 40.1, 38.25, 140.15, 135.0, 81.1, 276.75, 34.4, 126.2, 173.35, 84.75, 283.4, 276.65, 77.2, 186.75, 139.5, 373.95, 277.4, 278.85, 320.75, 327.35]","[12.655739545822144, 60.52658748626709, 106.17075943946838, 151.79037356376648, 198.62925052642822, 246.92886471748352, 295.48241448402405, 347.72198128700256, 398.7190058231354, 452.566419839859, 500.6365578174591, 552.9256703853607, 606.201295375824, 656.5731549263, 715.1310040950775, 773.2386355400085, 825.2298972606659, 883.5146453380585, 935.2720818519592, 991.6923401355743, 1049.5497555732727, 1104.4897055625916, 1160.5187084674835, 1216.3035192489624]","[0, 10, 20, 30, 40, 50, 60, 70, 80, 90, 100, 110, 120, 130, 140, 150, 160, 170, 180, 190, 200, 210, 220, 230]","[6, 67, 110, 153, 196, 239, 282, 325, 368, 411, 454, 497, 540, 583, 626, 669, 712, 755, 798, 841, 884, 927, 970, 1013]",
wup4fm8t,serene-tree-88,BC,l2f_bc,finished,https://wandb.ai/korneelvandenberghe/l2f_bc/runs/wup4fm8t,2024-10-11T12:19:09Z,53.8887306411243,82.65,2.0,True,"[17.73730165202747, 14.33519323298593, 23.2573630262899, 14.545484587808058, 24.300273205562117, 31.979404470709028, 34.165066367181375, 26.676243151807302, 27.138897200431934, 41.09669141099755, 21.56961228882862, 65.93028668306911, 14.975392390153809, 73.5221508180951, 48.73990913959699, 65.31662952574503, 22.147966770937806, 33.824269767222106, 16.911153949536192, 20.23021033441273, 16.73743634341383, 43.16618013898147, 49.646331166987224, 20.816277315579462, 53.8887306411243]","[36.2, 27.45, 38.4, 30.85, 40.9, 51.0, 64.75, 44.3, 50.9, 70.7, 41.35, 96.25, 32.45, 106.45, 69.55, 93.2, 43.25, 58.4, 35.25, 43.25, 34.55, 73.95, 79.5, 39.0, 82.65]","[16.5263409614563, 60.94003176689148, 109.21251606941223, 154.40856051445007, 197.45932173728943, 242.4412281513214, 288.0147979259491, 331.5402019023895, 376.5501432418823, 421.0875566005707, 464.9887969493866, 508.8896334171295, 550.2511601448059, 597.3314619064331, 641.5008101463318, 686.1742346286774, 732.8049097061157, 777.5175909996033, 820.5298340320587, 865.6585550308228, 908.4260323047638, 955.1884009838104, 1001.421044588089, 1046.8760466575623, 1093.0874750614166]","[0, 10, 20, 30, 40, 50, 60, 70, 80, 90, 100, 110, 120, 130, 140, 150, 160, 170, 180, 190, 200, 210, 220, 230, 240]","[6, 69, 132, 195, 258, 321, 384, 447, 510, 573, 636, 699, 762, 825, 888, 951, 1014, 1077, 1140, 1203, 1266, 1329, 1392, 1455, 1518]",
u9jofg4n,confused-sky-90,BC,l2f_bc,finished,https://wandb.ai/korneelvandenberghe/l2f_bc/runs/u9jofg4n,2024-10-11T12:38:15Z,97.0945287133512,132.7,2.0,True,"[18.4683016008009, 18.61274363738296, 25.623396900875576, 16.034317615766774, 16.09032768502872, 22.163569760374454, 30.876029226915715, 24.001522408511555, 14.19609302769056, 22.024515545188258, 16.370900010989082, 20.991486257289818, 37.995546524112086, 13.584565685734077, 99.28385722229618, 97.23606285514379, 20.29245934306065, 13.542426251961407, 20.830455537335375, 24.284263944780623, 18.02490215109777, 67.83694521065624, 18.65281279357689, 20.28772901513022, 97.0945287133512]","[35.0, 34.8, 49.1, 32.1, 34.05, 41.35, 51.65, 47.2, 32.8, 42.1, 37.35, 43.5, 59.4, 31.15, 131.75, 129.45, 39.8, 32.45, 40.05, 43.55, 35.65, 90.65, 34.45, 41.0, 132.7]","[14.453064441680908, 70.2205421924591, 130.9513556957245, 188.41149806976318, 241.56977033615112, 293.26560163497925, 341.27914929389954, 390.6355776786804, 437.3781621456146, 485.10927295684814, 529.3486795425415, 577.4643144607544, 624.3888192176819, 671.43749833107, 725.7738792896271, 777.3840961456299, 826.0366177558899, 875.721715927124, 922.4093952178955, 971.769994020462, 1023.6418786048889, 1075.8383865356445, 1124.6104698181152, 1170.6090695858002, 1223.6697375774384]","[0, 10, 20, 30, 40, 50, 60, 70, 80, 90, 100, 110, 120, 130, 140, 150, 160, 170, 180, 190, 200, 210, 220, 230, 240]","[6, 69, 132, 195, 258, 321, 384, 447, 510, 573, 636, 699, 762, 825, 888, 951, 1014, 1077, 1140, 1203, 1266, 1329, 1392, 1455, 1518]",
fzabjlne,misty-pond-91,BC,l2f_bc,finished,https://wandb.ai/korneelvandenberghe/l2f_bc/runs/fzabjlne,2024-10-11T12:59:44Z,68.39486778233449,93.95,25.0,True,"[20.972317311707744, 16.29748364567479, 22.263469130288176, 19.132112274414816, 14.140660577757629, 18.83142153115903, 65.5979779183135, 19.66031503186783, 17.02270979047005, 15.86683855606984, 143.27606362404094, 100.82971216001579, 106.94966545188586, 184.24119074214053, 229.44690393298612, 61.72579559527878, 59.91080751008151, 99.43861464574452, 17.205862091031282, 146.26682982846768, 23.14917331939808, 65.62965628513933, 61.06907181756422, 19.41876553096742, 68.39486778233449]","[38.1, 34.8, 38.5, 35.75, 30.4, 37.2, 92.3, 35.1, 32.5, 31.65, 177.65, 135.7, 140.5, 227.85, 282.6, 89.2, 80.15, 129.1, 32.6, 180.4, 45.35, 93.95, 85.2, 39.35, 93.95]","[13.623239040374756, 59.91936635971069, 105.29558897018433, 151.82454085350037, 196.31023454666138, 244.04196572303772, 294.34174633026123, 340.4823372364044, 383.55060148239136, 424.7706229686737, 469.41028666496277, 513.9803593158722, 558.4431982040405, 603.9968197345734, 652.8493764400482, 695.4733686447144, 738.3347063064575, 781.0017263889313, 823.4394946098328, 868.7398436069489, 908.5982387065887, 950.4939560890198, 993.488924741745, 1034.9867162704468, 1082.1890544891357]","[0, 10, 20, 30, 40, 50, 60, 70, 80, 90, 100, 110, 120, 130, 140, 150, 160, 170, 180, 190, 200, 210, 220, 230, 240]","[6, 69, 132, 195, 258, 321, 384, 447, 510, 573, 636, 699, 762, 825, 888, 951, 1014, 1077, 1140, 1203, 1266, 1329, 1392, 1455, 1518]",
bvo919bo,confused-sound-101,TD3BC_JS_Online,l2f_bc,killed,https://wandb.ai/korneelvandenberghe/l2f_bc/runs/bvo919bo,2024-10-11T19:09:53Z,178.91727274075333,287.1,25.0,False,"[18.91007048484647, 54.97224068731238, 206.1553143977557, 352.6334195701175, 203.81724185733626, 203.98805237649913, 178.91727274075333]","[36.5, 82.35, 273.6, 467.05, 276.0, 325.25, 287.1]","[28.402788400650024, 171.24162769317627, 305.63144397735596, 438.3113510608673, 565.3402786254883, 755.9534115791321, 890.1823544502258]","[0, 10, 20, 30, 40, 50, 60]","[28, 281, 534, 787, 1040, 1296, 1549]",
qsy19pog,classic-cloud-102,TD3BC_JS_Online,l2f_bc,crashed,https://wandb.ai/korneelvandenberghe/l2f_bc/runs/qsy19pog,2024-10-11T19:26:34Z,54.74385337447123,84.5,25.0,False,"[19.456474813523116, 54.743853374471236]","[35.4, 84.5]","[28.66432237625122, 164.3946032524109]","[0, 10]","[28, 281]",
lnr0wbyz,worthy-paper-104,BC,l2f_bc,finished,https://wandb.ai/korneelvandenberghe/l2f_bc/runs/lnr0wbyz,2024-10-11T19:30:07Z,92.22706406815026,130.5,2.0,True,"[25.520188551597798, 21.457711310607024, 17.352654764332264, 21.169852425792342, 20.509965764676295, 19.069942347933168, 56.19667608276431, 22.801153374923352, 65.55488169170728, 56.72484248125846, 96.99993771866403, 57.90033727212066, 170.85154763789973, 170.60528210610275, 60.55260889035303, 99.64825648901036, 168.92416128670496, 13.183139877363724, 21.47084548327917, 134.88845891646125, 58.725464798619875, 91.32680485357497, 54.57210003791291, 93.01212619491386, 93.03134149495666, 94.41570200504208, 135.9797687116225, 135.80212479153434, 18.795572368895854, 96.69809572264947, 96.00088270052805, 131.90527955842794, 16.29732645333933, 130.98459825561093, 92.22706406815026]","[32.25, 32.95, 30.5, 37.7, 35.75, 34.25, 85.15, 42.35, 94.85, 83.95, 133.15, 87.35, 227.3, 225.1, 89.5, 136.65, 224.25, 32.75, 42.8, 183.6, 88.15, 127.85, 78.7, 132.6, 130.95, 133.45, 186.45, 180.8, 39.55, 133.2, 134.45, 179.6, 35.35, 182.45, 130.5]","[10.680723190307617, 40.807411909103394, 73.27389359474182, 113.21928358078003, 160.42730045318604, 207.93645358085632, 255.7567057609558, 308.1125214099884, 354.4216456413269, 406.52676916122437, 456.87132596969604, 504.1651864051819, 560.4133644104004, 614.6579740047455, 664.6540851593018, 715.7124543190002, 768.5014982223511, 815.2778408527374, 861.0366625785828, 912.76216173172, 962.3452999591827, 1012.8226337432861, 1062.154302597046, 1111.941573858261, 1161.535756111145, 1211.4828054904938, 1264.6375513076782, 1315.654286146164, 1363.7614722251892, 1415.205374956131, 1465.6725924015045, 1516.589233636856, 1564.2771067619324, 1613.8806343078613, 1664.4618043899536]","[0, 10, 20, 30, 40, 50, 60, 70, 80, 90, 100, 110, 120, 130, 140, 150, 160, 170, 180, 190, 200, 210, 220, 230, 240, 250, 260, 270, 280, 290, 300, 310, 320, 330, 340]","[6, 53, 98, 143, 188, 233, 278, 323, 368, 413, 458, 503, 548, 593, 638, 683, 728, 773, 818, 863, 908, 953, 998, 1043, 1088, 1133, 1178, 1223, 1268, 1313, 1358, 1403, 1448, 1493, 1538]",
uxw8uigk,sparkling-serenity-105,TD3BC_JS_Online,l2f_bc,killed,https://wandb.ai/korneelvandenberghe/l2f_bc/runs/uxw8uigk,2024-10-11T19:31:13Z,105.66404008276795,329.75,25.0,False,"[22.537881869029242, 54.27009444891256, 285.3297745129721, 240.06317548572187, 201.99852242060967, 271.0358341233615, 240.93407457035104, 138.04482775344187, 204.4792661312645, 209.58782685549392, 161.8610558445309, 79.22614593750777, 78.94466077393193, 25.256817120879465, 133.24265000747852, 212.94279951026041, 157.169868547364, 64.53821510849778, 93.4746127678711, 92.2957273794496, 54.61629044139022, 205.43567839836547, 96.1215433676762, 76.64091174304505, 96.54586425419751, 161.43475564013585, 98.26115180985968, 148.7122030446955, 79.85707666123582, 150.32140755416154, 105.66404008276797]","[39.85, 81.3, 382.4, 321.5, 277.45, 425.5, 378.35, 226.85, 325.95, 329.2, 323.4, 180.65, 180.2, 78.4, 276.4, 427.75, 322.15, 227.6, 322.45, 325.2, 234.45, 616.5, 324.55, 273.2, 327.15, 519.95, 324.75, 467.15, 273.55, 478.55, 329.75]","[29.1396746635437, 192.58881664276123, 368.5230236053467, 549.8147971630096, 729.0714640617371, 966.2319757938385, 1147.9434797763824, 1321.8407011032104, 1500.0092451572418, 1672.5439965724945, 1912.5422840118408, 2064.9973998069763, 2216.7060947418213, 2367.128716468811, 2526.137346506119, 2770.334109544754, 2905.5262122154236, 3034.567613363266, 3167.7878336906433, 3301.5221769809723, 3518.8423113822937, 3652.851513147354, 3778.6147277355194, 3901.874452829361, 4027.0498707294464, 4246.018146514893, 4367.0160031318665, 4492.02131485939, 4611.716446399689, 4736.940081119537, 4959.511349201202]","[0, 10, 20, 30, 40, 50, 60, 70, 80, 90, 100, 110, 120, 130, 140, 150, 160, 170, 180, 190, 200, 210, 220, 230, 240, 250, 260, 270, 280, 290, 300]","[28, 281, 534, 787, 1040, 1296, 1549, 1802, 2055, 2308, 2564, 2817, 3070, 3323, 3576, 3831, 4084, 4338, 4591, 4844, 5099, 5352, 5605, 5858, 6111, 6366, 6619, 6872, 7125, 7378, 7633]",
zlpsxfln,peachy-frog-107,BC,l2f_bc,finished,https://wandb.ai/korneelvandenberghe/l2f_bc/runs/zlpsxfln,2024-10-11T19:58:49Z,52.78705415718298,83.8,2.0,True,"[19.88250217904682, 23.566780468850716, 17.95335402251991, 20.327794989306337, 18.04149889705733, 18.338540647399455, 22.87758131840124, 19.676277935650198, 24.097412494147136, 17.871333094580535, 90.72554322889019, 98.89210231900104, 96.21261276564, 20.101676819992615, 131.58775010775122, 14.060135946577427, 57.58255103691581, 93.38478431800715, 16.340238878146558, 53.943404286873125, 95.04011258743017, 96.09420433547184, 52.908856933360866, 96.04097834068179, 91.40216033041095, 56.021416024543086, 170.55175599152886, 94.15611947988523, 93.45573533426979, 91.9092733727017, 130.2230092660246, 13.126214356426786, 57.446496366689495, 89.45917499871807, 52.78705415718298]","[30.25, 40.5, 32.5, 37.25, 34.0, 37.25, 42.05, 39.7, 48.2, 35.15, 129.9, 137.7, 133.55, 40.2, 178.55, 36.25, 87.7, 132.5, 35.95, 87.05, 133.55, 138.3, 81.95, 133.85, 129.95, 85.55, 225.95, 131.4, 136.5, 129.55, 181.25, 32.75, 86.25, 126.6, 83.8]","[12.452000379562378, 59.86353039741516, 107.28807520866394, 153.22681164741516, 198.08085799217224, 244.55370926856995, 290.6248435974121, 334.3966190814972, 377.90980982780457, 421.9993598461151, 466.9642713069916, 513.1072251796722, 558.5535798072815, 602.8233394622803, 648.9444510936737, 693.0516533851624, 738.9887626171112, 786.5868828296661, 830.9398231506348, 878.132262468338, 925.9897582530975, 972.1488273143768, 1018.1154463291168, 1066.4689178466797, 1113.5671367645264, 1160.3269102573395, 1210.7312977313995, 1257.2262375354767, 1305.7570853233337, 1352.778562784195, 1402.5597712993622, 1448.3334867954254, 1494.8290302753448, 1539.9467482566833, 1586.035976409912]","[0, 10, 20, 30, 40, 50, 60, 70, 80, 90, 100, 110, 120, 130, 140, 150, 160, 170, 180, 190, 200, 210, 220, 230, 240, 250, 260, 270, 280, 290, 300, 310, 320, 330, 340]","[6, 53, 98, 143, 188, 233, 278, 323, 368, 413, 458, 503, 548, 593, 638, 683, 728, 773, 818, 863, 908, 953, 998, 1043, 1088, 1133, 1178, 1223, 1268, 1313, 1358, 1403, 1448, 1493, 1538]",
nvgjuaw5,rural-wind-108,BC,l2f_bc,killed,https://wandb.ai/korneelvandenberghe/l2f_bc/runs/nvgjuaw5,2024-10-11T20:26:10Z,96.24228316010613,138.2,25.0,True,"[27.818388607931475, 23.89390140987735, 20.815189491555362, 18.407029551094062, 46.19120545661467, 22.09842505263476, 171.8310769360051, 52.472758532506916, 171.34337853502348, 130.55311537437666, 175.91353687580678, 94.79407350628708, 174.03444078548182, 93.73113268643687, 20.562459461555726, 132.055578804611, 96.24228316010611]","[36.4, 39.1, 38.0, 37.8, 70.2, 42.35, 229.65, 81.2, 228.35, 179.25, 237.35, 132.9, 234.65, 134.35, 39.65, 180.3, 138.2]","[13.00345492362976, 60.82748365402222, 110.68633031845093, 159.50923204421997, 208.770747423172, 257.73543977737427, 313.96988892555237, 362.26761746406555, 416.76997900009155, 469.74313282966614, 523.1873404979706, 572.5716753005981, 626.0298109054565, 674.4624671936035, 721.6541621685028, 773.4187378883362, 4559.643285036087]","[0, 10, 20, 30, 40, 50, 60, 70, 80, 90, 100, 110, 120, 130, 140, 150, 160]","[6, 53, 98, 143, 188, 233, 278, 323, 368, 413, 458, 503, 548, 593, 638, 683, 728]",
kl62o6uz,soft-forest-110,BC,l2f_bc,finished,https://wandb.ai/korneelvandenberghe/l2f_bc/runs/kl62o6uz,2024-10-11T21:44:33Z,16.088574581442106,32.05,2.0,True,"[18.217717957057655, 18.33672570541562, 19.950767441715158, 21.23042017601861, 38.99331693393615, 17.0475956513041, 28.679875697360483, 29.33915904094787, 14.838413073929114, 20.20632426041528, 28.24252120847214, 25.435952904091945, 43.826354575053344, 19.7039525162903, 21.61297124603647, 24.01439988084698, 92.22482066963656, 108.23772154169805, 101.06407094785237, 20.073230060385548, 86.68678883085124, 135.3536951719376, 58.623269765825285, 16.748890188280527, 64.50135884074112, 98.16925666428662, 99.4949726612585, 56.33312567139124, 52.285217909901995, 111.25890285857399, 17.368786961583943, 222.43877232567155, 19.321153871495255, 16.463792620932807, 16.088574581442106]","[36.55, 36.15, 37.35, 38.45, 60.15, 36.75, 50.85, 54.6, 32.7, 37.05, 51.85, 49.6, 68.45, 41.45, 36.9, 47.9, 127.65, 140.2, 140.75, 36.45, 124.95, 177.05, 91.3, 35.75, 90.1, 138.4, 135.25, 86.4, 80.7, 150.2, 35.45, 286.0, 37.45, 36.05, 32.05]","[11.119243144989014, 40.86844539642334, 99.67284202575684, 145.42545008659363, 187.60518383979797, 233.97301959991455, 280.8567564487457, 327.07583451271057, 373.920086145401, 421.7979874610901, 469.8002383708954, 516.0127139091492, 562.7186887264252, 608.8196742534637, 655.0741591453552, 702.3963701725006, 752.8799285888672, 803.1003887653351, 874.9087567329407, 922.7747204303741, 972.9946551322937, 1026.34459066391, 1076.216703414917, 1122.2861549854279, 1171.163842201233, 1221.3508296012878, 1271.1325192451477, 1318.3921477794647, 1365.1412568092346, 1415.5542550086975, 1463.3565413951874, 1517.1051874160767, 1564.5823738574982, 1610.2698209285736, 1657.5787358283997]","[0, 10, 20, 30, 40, 50, 60, 70, 80, 90, 100, 110, 120, 130, 140, 150, 160, 170, 180, 190, 200, 210, 220, 230, 240, 250, 260, 270, 280, 290, 300, 310, 320, 330, 340]","[6, 53, 98, 143, 188, 233, 278, 323, 368, 413, 458, 503, 548, 593, 638, 683, 728, 773, 818, 863, 908, 953, 998, 1043, 1088, 1133, 1178, 1223, 1268, 1313, 1358, 1403, 1448, 1493, 1538]",
mp9wg85e,wild-serenity-111,TD3BC_JS_Online,l2f_bc,crashed,https://wandb.ai/korneelvandenberghe/l2f_bc/runs/mp9wg85e,2024-10-11T21:46:04Z,201.62277013849365,279.4,25.0,False,"[14.750434255290127, 245.19750377109767, 146.39813956100858, 278.6106792722276, 236.69797940533923, 56.621116849031296, 267.0826141218388, 309.7938500000886, 268.5301439676176, 229.85286035878818, 261.52840725337495, 302.91031422238433, 376.2795581832494, 426.53265949426833, 341.17722317711946, 177.74213841961517, 331.81866589768754, 254.66930233980275, 292.8250540483, 367.0170690582962, 250.68258532994523, 125.69595345169903, 169.05644646342077, 373.785902105009, 209.6379838074832, 408.60605217937933, 329.79193650302443, 247.81271755132366, 127.26335082001223, 248.13997213064212, 169.91494715881277, 369.9911374285331, 249.92060981040936, 295.7567279103264, 201.62277013849365]","[33.4, 308.75, 184.3, 329.15, 281.55, 83.8, 324.35, 377.25, 328.4, 281.1, 326.9, 377.65, 471.5, 515.7, 421.8, 229.7, 421.2, 336.75, 374.45, 473.25, 323.25, 183.0, 232.45, 473.05, 287.7, 516.0, 432.65, 324.5, 188.75, 327.75, 231.0, 468.75, 328.9, 371.95, 279.4]","[32.613996267318726, 193.869060754776, 358.1723177433014, 527.881290435791, 702.4075119495392, 924.4175012111664, 1090.6027839183807, 1261.9178891181946, 1434.62761926651, 1607.3789401054382, 1826.6915001869202, 1974.7055344581604, 2131.054127216339, 2291.875286579132, 2452.033798933029, 2695.4332361221313, 2838.3468701839447, 2977.4278571605682, 3121.013795375824, 3269.867797613144, 3504.6801178455353, 3626.756370306015, 3753.204409837723, 3883.486155986786, 4012.1700959205627, 4230.376493692398, 4357.912949562073, 4486.568595170975, 4606.235648155212, 4734.425615310669, 4951.672240257263, 5074.945458650589, 5192.909601449966, 5312.2010889053345, 5428.584864854813]","[0, 10, 20, 30, 40, 50, 60, 70, 80, 90, 100, 110, 120, 130, 140, 150, 160, 170, 180, 190, 200, 210, 220, 230, 240, 250, 260, 270, 280, 290, 300, 310, 320, 330, 340]","[28, 281, 534, 787, 1040, 1296, 1549, 1802, 2055, 2308, 2564, 2817, 3070, 3323, 3576, 3831, 4085, 4338, 4591, 4844, 5099, 5352, 5605, 5858, 6111, 6366, 6619, 6872, 7125, 7378, 7633, 7886, 8139, 8392, 8646]",
xdnnsfpl,lemon-bird-113,TD3BC_JS_Online,l2f_bc,crashed,https://wandb.ai/korneelvandenberghe/l2f_bc/runs/xdnnsfpl,2024-10-11T21:47:40Z,201.11541251569636,281.25,2.0,False,"[20.702707515869157, 55.52252519480959, 97.14624697425612, 271.0743166629396, 149.84165326293, 184.00714691088623, 180.75323389751546, 311.72615479593424, 222.9015110707402, 148.10690829689545, 89.85947022946797, 425.568548648759, 336.9940804902225, 424.63940054206614, 347.9046828300951, 302.3632020382292, 341.03447337417055, 257.93128297588885, 378.6166547379081, 290.60669221572647, 364.878399250662, 337.42877173023425, 413.5175527676819, 372.12365259862224, 165.01411488320468, 334.5726422028302, 213.17125591201088, 615.2902725715733, 329.7368596367502, 409.29647314252816, 368.0842111313657, 201.11541251569636]","[37.8, 86.35, 131.85, 324.3, 182.55, 224.35, 231.55, 370.5, 274.55, 190.75, 124.25, 517.85, 419.0, 518.5, 426.35, 378.85, 426.35, 325.0, 466.45, 375.25, 472.2, 426.2, 522.45, 467.7, 228.3, 424.2, 281.65, 759.9, 420.9, 521.35, 470.95, 281.25]","[33.55437922477722, 196.38825154304504, 364.73841094970703, 530.7671709060669, 683.1288776397705, 894.6548357009888, 1054.993076324463, 1223.3130486011505, 1397.3815762996674, 1556.441696882248, 1786.8894708156586, 1957.5706281661987, 2136.7489511966705, 2321.604043483734, 2496.6022460460663, 2754.054783821106, 2901.508251428604, 3050.5048112869263, 3193.6704981327057, 3336.1287817955017, 3563.3748281002045, 3699.738922595978, 3828.101639986038, 3966.672637939453, 4094.3428616523743, 4322.3729367256165, 4448.401640892029, 4593.982743024826, 4725.3609318733215, 4867.208370447159, 5117.359481573105, 5234.080820322037]","[0, 10, 20, 30, 40, 50, 60, 70, 80, 90, 100, 110, 120, 130, 140, 150, 160, 170, 180, 190, 200, 210, 220, 230, 240, 250, 260, 270, 280, 290, 300, 310]","[28, 281, 534, 787, 1040, 1296, 1549, 1802, 2055, 2308, 2564, 2817, 3070, 3323, 3576, 3831, 4084, 4337, 4591, 4844, 5099, 5352, 5605, 5858, 6111, 6366, 6619, 6872, 7125, 7378, 7633, 7887]",
etd9ujbc,dauntless-moon-114,BC,l2f_bc,finished,https://wandb.ai/korneelvandenberghe/l2f_bc/runs/etd9ujbc,2024-10-11T22:13:05Z,57.77710417557819,83.6,2.0,True,"[22.530048822238506, 20.577154193796364, 25.502997707346726, 16.5982336778981, 19.054408100212648, 61.12920639152502, 52.16994828452323, 146.1897282851247, 17.034736106304578, 20.029504057004388, 55.45345692003673, 135.00253649370285, 100.76593027782948, 16.19783362019859, 58.5306298739124, 62.687822378161705, 104.00691897467695, 22.771151939237637, 60.01473629399002, 144.45058795718126, 54.326935188385484, 58.737032041883914, 20.013839574965296, 138.75485826694768, 96.31170914233658, 179.72167969544319, 61.213105656219966, 178.5324953379807, 56.26964573843852, 137.70598568144015, 141.96822253641272, 98.80865638544526, 139.82349081969414, 56.778926328481575, 57.77710417557819]","[41.25, 35.2, 43.8, 34.15, 36.25, 79.75, 80.5, 181.6, 37.35, 36.05, 83.85, 181.6, 135.35, 35.95, 85.7, 86.8, 133.55, 45.15, 85.7, 181.15, 80.35, 82.2, 37.3, 178.9, 129.05, 227.5, 82.4, 226.2, 81.6, 176.5, 181.5, 131.05, 180.6, 80.4, 83.6]","[13.657043695449829, 66.92704558372498, 116.69074273109436, 161.8915150165558, 206.6088342666626, 253.0232412815094, 304.3852074146271, 356.72654843330383, 404.130921125412, 453.801123380661, 504.94177865982056, 561.0369040966034, 613.321456193924, 665.1454412937164, 716.3361177444458, 768.2250921726227, 824.7787873744965, 877.859203338623, 937.5323433876038, 993.3479866981506, 1044.5603907108307, 1096.6152472496033, 1145.477749824524, 1198.8562488555908, 1250.0262155532837, 1303.9460535049438, 1353.232956647873, 1408.6653451919556, 1458.556646347046, 1511.6762747764587, 1568.0644917488098, 1621.1072499752045, 1676.9198565483093, 1730.755688905716, 1783.1334261894226]","[0, 10, 20, 30, 40, 50, 60, 70, 80, 90, 100, 110, 120, 130, 140, 150, 160, 170, 180, 190, 200, 210, 220, 230, 240, 250, 260, 270, 280, 290, 300, 310, 320, 330, 340]","[6, 53, 98, 143, 188, 233, 278, 323, 368, 413, 458, 503, 548, 593, 638, 683, 728, 773, 818, 863, 908, 953, 998, 1043, 1088, 1133, 1178, 1223, 1268, 1313, 1358, 1403, 1448, 1493, 1538]",
wn8td4nv,glad-meadow-115,BC,l2f_bc,crashed,https://wandb.ai/korneelvandenberghe/l2f_bc/runs/wn8td4nv,2024-10-11T22:43:48Z,267.49360539216485,328.45,25.0,True,"[20.325719321226178, 16.930700169078843, 18.4530727897221, 19.21673641184738, 18.850125415169778, 28.95214124085308, 102.2677308454212, 101.83503612517714, 182.68732898256172, 256.4820751691051, 188.0995649174061, 105.66909454479408, 147.01199375516376, 102.21223310372785, 185.38959643842517, 61.17453872368674, 60.77950634389674, 61.868298416372454, 140.77069258922265, 271.0917971280735, 229.79507556704, 315.65947187407886, 228.66885767320636, 267.49360539216485]","[37.15, 31.5, 37.6, 37.2, 36.65, 55.15, 130.4, 131.9, 232.7, 324.85, 227.5, 131.0, 183.0, 133.35, 229.65, 89.6, 83.55, 87.0, 179.55, 324.0, 277.75, 380.75, 280.15, 328.45]","[13.48628282546997, 65.27411532402039, 119.18992185592651, 172.23538255691528, 225.54625129699707, 279.40076756477356, 335.35232949256897, 392.62249732017517, 449.4164934158325, 515.2503848075867, 574.5425546169281, 630.0672588348389, 684.5753200054169, 736.9997544288635, 794.5040943622589, 847.964822769165, 906.255529165268, 962.6539669036865, 1018.1360719203949, 1078.6465184688568, 1137.2607941627502, 1203.8814632892609, 1267.0319316387177, 1334.2812385559082]","[0, 10, 20, 30, 40, 50, 60, 70, 80, 90, 100, 110, 120, 130, 140, 150, 160, 170, 180, 190, 200, 210, 220, 230]","[6, 53, 98, 143, 188, 233, 278, 323, 368, 413, 458, 503, 548, 593, 638, 683, 728, 773, 818, 863, 908, 953, 998, 1043]",
5flx6sd6,usual-sun-119,TD3BC_JS_Online,l2f_bc,finished,https://wandb.ai/korneelvandenberghe/l2f_bc/runs/5flx6sd6,2024-10-12T10:44:39Z,198.6696599927237,284.8,25.0,False,"[17.759834382709464, 16.17796466667451, 97.49465114346741, 105.0215898813954, 61.60879698827601, 275.01897749399234, 227.07889523927935, 272.352287421999, 266.52311090478497, 232.37531128238965, 377.9113988735661, 93.55221379744539, 301.7312251678622, 224.58513378168897, 297.94588771090173, 133.32751563116807, 339.99723831123754, 256.6266003129043, 215.6734243034544, 260.69072113160524, 285.47223375694495, 166.6106305267746, 373.2201158895467, 336.6295825528851, 132.88505306376, 132.82394281591615, 209.83779851149998, 210.50467419346174, 292.83149994210305, 207.5323379339017, 371.4309778536755, 169.76213834754964, 258.40320083533726, 290.36156070977233, 210.84576678040156, 351.6154835925924, 466.1391234504457, 269.3879519081467, 236.0865323402828, 198.6696599927237]","[36.25, 33.2, 135.4, 132.1, 90.15, 335.8, 276.65, 327.15, 328.35, 288.0, 474.6, 131.85, 372.4, 290.95, 374.15, 190.55, 417.25, 332.5, 276.6, 332.9, 376.05, 233.15, 471.6, 431.35, 179.85, 194.15, 277.65, 285.8, 376.65, 283.7, 469.25, 234.3, 341.95, 373.25, 281.05, 468.35, 621.65, 384.45, 327.95, 284.8]","[15.487540245056152, 55.47464990615845, 101.0761730670929, 142.9012427330017, 183.40987396240234, 299.76139545440674, 348.9916431903839, 398.41802501678467, 459.9317276477814, 516.000077009201, 706.8417446613312, 816.2328045368195, 922.9704430103302, 1029.072747707367, 1132.7863700389862, 1314.2977409362793, 1401.5023739337921, 1483.2739396095276, 1560.9700682163239, 1645.3135118484497, 1814.386463880539, 1861.250994682312, 1914.5261266231537, 1969.223960161209, 2017.957797050476, 2175.4701108932495, 2224.453353881836, 2273.5887870788574, 2324.3543112277985, 2374.155505657196, 2553.5794236660004, 2603.4403688907623, 2654.926407814026, 2708.8577976226807, 2762.0769231319427, 2938.4616577625275, 2999.4950053691864, 3051.3020844459534, 3106.970629453659, 3166.290756702423]","[0, 10, 20, 30, 40, 50, 60, 70, 80, 90, 100, 110, 120, 130, 140, 150, 160, 170, 180, 190, 200, 210, 220, 230, 240, 250, 260, 270, 280, 290, 300, 310, 320, 330, 340, 350, 360, 370, 380, 390]","[28, 281, 534, 787, 1040, 1297, 1550, 1803, 2056, 2309, 2566, 2819, 3072, 3325, 3578, 3834, 4087, 4340, 4593, 4846, 5103, 5356, 5609, 5862, 6115, 6371, 6624, 6877, 7130, 7383, 7639, 7892, 8145, 8398, 8651, 8908, 9161, 9414, 9667, 9920]",
zkhzmzto,true-blaze-120,BC,l2f_bc,finished,https://wandb.ai/korneelvandenberghe/l2f_bc/runs/zkhzmzto,2024-10-12T10:51:02Z,19.521252320545905,38.4,2.0,True,"[22.053783741464596, 20.181019429690956, 16.878698874687352, 19.717791826800863, 17.488318413465336, 17.353049238849305, 18.438543391281918, 17.629218752427665, 22.49968203923195, 16.493723426492668, 16.956635205718506, 19.720312326810816, 23.498835851635896, 28.330626472121047, 18.094628320957742, 18.17378947417779, 23.83176022140739, 21.101878687232023, 19.445986120869446, 19.589812161627286, 16.603531344994607, 21.965681218894975, 26.313158671052655, 21.467177895622008, 18.173000442870247, 17.104557000023284, 27.42926937474683, 20.526850921513738, 17.812553986959436, 17.67709535797743, 21.71389527707003, 17.599527576986183, 23.741928255135644, 18.25654941190503, 19.521252320545905]","[36.85, 37.75, 33.95, 38.1, 31.85, 38.5, 34.55, 37.95, 39.9, 31.7, 36.65, 38.65, 44.05, 49.75, 35.95, 38.15, 44.1, 39.15, 40.2, 35.15, 31.4, 46.85, 50.65, 36.3, 37.4, 34.55, 44.95, 43.35, 39.5, 33.35, 41.55, 36.7, 43.6, 35.0, 38.4]","[12.153395175933838, 50.80579113960266, 87.60130023956299, 125.065012216568, 164.64993500709534, 223.66962432861328, 279.2372627258301, 334.59124302864075, 393.1532883644104, 451.4202802181244, 504.68434715270996, 560.8175194263458, 615.4954495429993, 671.4522330760956, 725.0017864704132, 779.9780628681183, 836.0991289615631, 887.7637164592743, 942.9881293773651, 994.2805716991425, 1045.6653475761414, 1097.0230281352997, 1149.3541719913483, 1203.8286764621735, 1255.8668177127838, 1309.1307651996613, 1358.782633781433, 1408.504813194275, 1455.9530282020569, 1503.2787992954254, 1549.606341123581, 1594.536238193512, 1639.510406255722, 1683.2659542560577, 1727.0788197517395]","[0, 10, 20, 30, 40, 50, 60, 70, 80, 90, 100, 110, 120, 130, 140, 150, 160, 170, 180, 190, 200, 210, 220, 230, 240, 250, 260, 270, 280, 290, 300, 310, 320, 330, 340]","[6, 53, 98, 143, 188, 233, 278, 323, 368, 413, 458, 503, 548, 593, 638, 683, 728, 773, 818, 863, 908, 953, 998, 1043, 1088, 1133, 1178, 1223, 1268, 1313, 1358, 1403, 1448, 1493, 1538]",
yxmv1cfx,charmed-grass-121,TD3BC_JS_Online,l2f_bc,finished,https://wandb.ai/korneelvandenberghe/l2f_bc/runs/yxmv1cfx,2024-10-12T10:53:40Z,202.2702796912638,281.05,2.0,False,"[16.333214472695126, 75.46150733291377, 227.23013144935598, 271.0777938647165, 60.27310275762304, 228.1279610197061, 226.40088330698808, 271.48118464899886, 273.0790968953686, 150.59935879695917, 220.53077132134348, 301.34509104691045, 97.33422240382534, 217.98797569033042, 218.47805749801677, 346.0304747356206, 259.87362596606954, 220.72332121551867, 251.06909422764184, 303.4603619923863, 249.2043706827746, 209.21192837699505, 246.81031306615517, 208.94115653745712, 212.57283656907265, 88.574506621954, 289.6661958020479, 131.77066770857655, 250.52564291205664, 289.4407031821851, 170.38485277819217, 165.0760225270312, 125.31641432793496, 250.52526575931006, 167.83893079016667, 156.9567155207535, 164.23847881984545, 116.41880787053037, 194.12122913817993, 202.2702796912638]","[33.85, 110.15, 278.4, 324.2, 84.45, 281.2, 280.05, 326.85, 330.05, 189.5, 277.25, 374.8, 138.05, 279.35, 276.15, 421.05, 324.65, 278.85, 330.05, 379.5, 330.2, 278.75, 326.45, 283.5, 284.85, 132.1, 376.4, 188.7, 330.7, 377.8, 229.1, 231.85, 180.35, 326.85, 230.95, 237.2, 234.25, 189.8, 279.55, 281.05]","[24.348830461502075, 162.46155548095703, 296.18605399131775, 417.1427173614502, 529.8135874271393, 717.7522475719452, 838.2982091903687, 954.4620280265808, 1074.220272064209, 1190.4962146282196, 1372.48481631279, 1443.3407628536224, 1509.4645235538483, 1582.2944958209991, 1650.4567358493805, 1812.8841516971588, 1866.5905106067657, 1915.371833562851, 1964.4751653671265, 2018.6574914455414, 2153.7388615608215, 2203.7235164642334, 2255.663154602051, 2308.429139614105, 2360.6565341949463, 2514.0163567066193, 2570.7590837478638, 2624.2046616077423, 2676.361584663391, 2732.01416516304, 2876.7673001289368, 2925.0916929244995, 2975.5298929214478, 3026.5898768901825, 3076.5777444839478, 3261.6078214645386, 3312.794883966446, 3362.214826822281, 3412.1804263591766, 3464.38521194458]","[0, 10, 20, 30, 40, 50, 60, 70, 80, 90, 100, 110, 120, 130, 140, 150, 160, 170, 180, 190, 200, 210, 220, 230, 240, 250, 260, 270, 280, 290, 300, 310, 320, 330, 340, 350, 360, 370, 380, 390]","[28, 281, 534, 787, 1040, 1297, 1550, 1803, 2056, 2309, 2566, 2819, 3072, 3325, 3578, 3834, 4087, 4340, 4593, 4847, 5103, 5356, 5609, 5862, 6115, 6371, 6624, 6877, 7130, 7383, 7639, 7892, 8145, 8398, 8651, 8908, 9161, 9414, 9667, 9920]",
zafl6dna,woven-thunder-123,BC,l2f_bc,finished,https://wandb.ai/korneelvandenberghe/l2f_bc/runs/zafl6dna,2024-10-12T11:20:40Z,143.1400720604753,184.45,25.0,True,"[15.014651860193457, 18.91661734874125, 20.70472497585472, 19.50959014593504, 20.202812788857287, 16.637415013524542, 17.971121793883764, 28.035228296533234, 98.20821094830995, 51.90853964332585, 98.51239014169705, 18.940685792871555, 190.01158674388836, 140.9461151423304, 191.91052422067946, 58.62609817695519, 60.556699587265165, 21.961894514356352, 148.88011091392784, 273.93781449555047, 141.92819431988588, 63.25971685870526, 146.86507432929812, 108.08186357067686, 18.965752087037526, 148.4700645203263, 144.30094842848843, 104.47856995893167, 195.50868467015846, 189.96047487888728, 231.05124686333798, 228.35682649081468, 230.98275753964845, 270.0467209146446, 143.1400720604753]","[29.65, 36.05, 39.0, 41.25, 38.05, 36.15, 32.25, 48.9, 142.9, 85.05, 128.7, 43.05, 237.65, 186.35, 231.65, 81.1, 85.7, 38.3, 179.55, 326.85, 174.9, 86.25, 183.15, 140.2, 34.65, 179.85, 181.45, 132.05, 238.85, 230.95, 280.65, 275.15, 280.95, 323.2, 184.45]","[12.568315744400024, 56.89716291427612, 100.63690972328186, 145.7791121006012, 193.03271913528442, 237.2078685760498, 281.9674320220947, 326.3212971687317, 375.76320815086365, 420.65620255470276, 468.48057532310486, 515.7131583690643, 567.0166115760803, 617.2474601268768, 669.8778471946716, 717.1266417503357, 763.6597414016724, 808.2564616203308, 856.5661728382111, 911.2723348140717, 967.3471779823303, 1018.3618679046631, 1067.8820748329163, 1116.7436921596527, 1158.9513080120087, 1203.7513737678528, 1247.4386055469513, 1289.3999893665314, 1335.5375082492828, 1379.7542412281036, 1426.3856954574585, 1472.6609041690826, 1517.6735804080963, 1563.8596451282501, 1606.7956833839417]","[0, 10, 20, 30, 40, 50, 60, 70, 80, 90, 100, 110, 120, 130, 140, 150, 160, 170, 180, 190, 200, 210, 220, 230, 240, 250, 260, 270, 280, 290, 300, 310, 320, 330, 340]","[6, 53, 98, 143, 188, 233, 278, 323, 368, 413, 458, 503, 548, 593, 638, 683, 728, 773, 818, 863, 908, 953, 998, 1043, 1088, 1133, 1178, 1223, 1268, 1313, 1358, 1403, 1448, 1493, 1538]",
na32z1ac,zesty-bush-124,TD3BC_JS_Online,l2f_bc,finished,https://wandb.ai/korneelvandenberghe/l2f_bc/runs/na32z1ac,2024-10-12T11:40:42Z,276.7787140947007,383.1,100.0,False,"[21.531730038736658, 24.02655599413039, 15.764444710205797, 364.87311837630887, 62.9359480699851, 59.00914522980274, 184.5377622229697, 184.26746285658137, 96.35638218578065, 191.5736599293991, 54.93848785702975, 219.99607603739236, 140.68764046907748, 174.8546077264055, 218.02063488503705, 92.26282077230172, 344.8374503776941, 137.534904953302, 257.0532299857062, 261.99837939996956, 337.14683815065723, 335.1907692105892, 171.86307999974122, 252.76032628616176, 203.07509608495712, 211.57076576396267, 83.28532729019828, 408.4422111450752, 454.37441807902695, 167.1458582763833, 170.71624363618344, 249.15102510822962, 128.33921821410084, 166.2512151580177, 129.0200134182623, 154.1123792852323, 273.34885213493396, 115.38577281751637, 153.64465745986553, 276.7787140947007]","[38.65, 39.65, 35.8, 426.2, 94.8, 87.05, 232.15, 228.5, 134.65, 241.95, 90.7, 280.1, 193.25, 229.8, 278.3, 125.6, 420.35, 178.75, 324.45, 324.65, 425.9, 428.8, 227.3, 334.3, 273.15, 278.95, 137.4, 521.35, 563.35, 225.85, 224.65, 324.95, 187.2, 225.65, 177.3, 238.1, 370.4, 177.55, 237.7, 383.1]","[21.24262309074402, 82.69181489944458, 146.5971348285675, 226.262943983078, 281.093631029129, 397.5156350135803, 459.5956709384918, 534.3111088275909, 605.0470223426819, 678.220945596695, 814.9513502120972, 906.6684143543243, 995.1211879253387, 1091.4367978572845, 1190.878975868225, 1356.2032165527344, 1444.615271806717, 1509.4320540428162, 1573.9658682346344, 1643.3144071102142, 1804.6509799957275, 1859.347962141037, 1906.4496412277222, 1954.2865133285522, 2003.6669380664825, 2144.9959046840668, 2191.0760724544525, 2248.4590044021606, 2307.6178646087646, 2355.895349264145, 2516.590831518173, 2565.0598928928375, 2610.1442008018494, 2657.3353464603424, 2701.1067774295807, 2876.462007522583, 2931.3171842098236, 2976.682162284851, 3027.85085105896, 3080.6370372772217]","[0, 10, 20, 30, 40, 50, 60, 70, 80, 90, 100, 110, 120, 130, 140, 150, 160, 170, 180, 190, 200, 210, 220, 230, 240, 250, 260, 270, 280, 290, 300, 310, 320, 330, 340, 350, 360, 370, 380, 390]","[28, 281, 534, 787, 1040, 1297, 1550, 1803, 2056, 2309, 2566, 2819, 3072, 3325, 3578, 3834, 4087, 4340, 4593, 4846, 5103, 5356, 5609, 5862, 6115, 6371, 6624, 6877, 7130, 7383, 7639, 7892, 8145, 8398, 8651, 8908, 9161, 9414, 9667, 9920]",
fq91bxea,unique-wildflower-125,BC,l2f_bc,finished,https://wandb.ai/korneelvandenberghe/l2f_bc/runs/fq91bxea,2024-10-12T11:48:17Z,227.25993068152883,280.15,2.0,False,"[21.37319611397172, 19.78922120071002, 17.815155348177093, 17.49079517070865, 21.967610725510195, 21.473632503114555, 30.34578099458334, 56.3560587171511, 15.101015755698626, 18.10992572957439, 21.544246209697686, 18.236378809392804, 17.0691223672263, 93.51252364709751, 142.88920651510912, 102.2638804728266, 348.2376471151023, 95.36248389655368, 141.76173374288942, 183.990140395025, 146.09718696633925, 181.30592809381295, 398.9333828234909, 103.39934023440344, 272.52786277660414, 146.70599810672581, 105.36200643408965, 60.87717724059089, 228.00776827137867, 359.07065026581483, 188.36532825248065, 358.67784337206103, 266.5413632553522, 230.16950665094964, 227.25993068152883]","[37.45, 36.35, 33.05, 35.4, 40.2, 43.25, 54.45, 87.2, 34.3, 36.75, 38.8, 36.0, 37.2, 133.25, 185.9, 138.0, 422.85, 129.7, 177.65, 222.9, 184.8, 227.2, 472.25, 129.05, 323.95, 183.5, 135.1, 88.0, 278.2, 420.3, 236.65, 427.75, 332.15, 284.8, 280.15]","[12.611242771148682, 52.25875186920166, 93.82572293281555, 133.7171585559845, 174.309223651886, 213.62921905517578, 254.6175479888916, 296.29704785346985, 337.79046654701233, 376.94899129867554, 418.2272439002991, 503.0497579574585, 548.5970480442047, 596.5460646152496, 645.3519957065582, 692.5133209228516, 747.6187965869904, 795.8398118019104, 845.90465092659, 899.4740388393402, 949.4400584697723, 1000.6387505531311, 1059.1945886611938, 1107.9359254837036, 1164.6831967830658, 1216.5419766902924, 1266.7216494083405, 1316.8082795143127, 1372.8585562705994, 1431.8023798465729, 1494.0171134471893, 1559.4697425365448, 1618.8282651901245, 1676.5200519561768, 1735.551010131836]","[0, 10, 20, 30, 40, 50, 60, 70, 80, 90, 100, 110, 120, 130, 140, 150, 160, 170, 180, 190, 200, 210, 220, 230, 240, 250, 260, 270, 280, 290, 300, 310, 320, 330, 340]","[6, 49, 92, 135, 178, 221, 264, 307, 350, 393, 436, 479, 522, 565, 608, 651, 694, 737, 780, 823, 866, 909, 952, 995, 1038, 1081, 1124, 1167, 1210, 1253, 1296, 1340, 1383, 1426, 1469]",
092jdqzh,proud-dragon-126,TD3BC_JS_Online,l2f_bc,finished,https://wandb.ai/korneelvandenberghe/l2f_bc/runs/092jdqzh,2024-10-12T11:54:30Z,356.5779545778277,471.35,25.0,False,"[19.56741320482579, 33.04358225390418, 57.243092921702484, 147.54642393083876, 237.57939376212818, 140.9017428535265, 179.24765461987596, 358.87370720763545, 182.2373692378489, 188.3949595170861, 90.41776515558924, 297.69329701575464, 341.59926884833294, 263.068033578592, 390.4070814777828, 381.28930461396004, 340.62955446164653, 324.14456711130254, 327.3501603093334, 253.43687019012873, 250.19439695487517, 124.63508155344834, 128.55212225631251, 208.05776878503974, 287.51379092118725, 335.12130613154335, 206.73437378669732, 409.9294407856022, 169.06652420497488, 326.67818129382715, 167.78040026720166, 373.73186793159095, 274.7577103278494, 271.421220266137, 195.98359762431284, 306.9006994349471, 399.2184282076786, 237.6491765286366, 192.4675951514978, 356.5779545778277]","[35.95, 56.6, 83.25, 181.25, 281.55, 185.35, 227.2, 431.15, 229.1, 236.6, 135.1, 374.85, 422.8, 334.25, 475.2, 469.35, 429.1, 429.05, 430.55, 343.6, 324.5, 182.7, 185.65, 276.0, 374.15, 426.7, 282.55, 524.0, 234.3, 427.05, 230.25, 467.65, 373.9, 373.55, 283.45, 424.1, 516.5, 324.85, 274.5, 471.35]","[25.06846523284912, 112.69619607925415, 210.7143051624298, 301.9881236553192, 408.13856387138367, 574.1224055290222, 666.8778336048126, 765.6918647289276, 859.5629966259003, 959.7695467472076, 1126.9502193927765, 1219.3513221740723, 1309.9885301589966, 1407.1116316318512, 1489.779964208603, 1672.1773779392242, 1738.0911583900452, 1807.4724295139313, 1872.9707844257355, 1936.6828572750092, 2095.41677236557, 2154.095869064331, 2200.5188212394714, 2248.91060590744, 2301.054937839508, 2464.69256401062, 2519.3413054943085, 2582.7002906799316, 2635.9656331539154, 2696.292629003525, 2888.6467106342316, 2951.971816778183, 3010.435921907425, 3070.8054943084717, 3126.4388802051544, 3331.806626558304, 3394.7482266426086, 3452.0530989170074, 3510.696743249893, 3579.533937215805]","[0, 10, 20, 30, 40, 50, 60, 70, 80, 90, 100, 110, 120, 130, 140, 150, 160, 170, 180, 190, 200, 210, 220, 230, 240, 250, 260, 270, 280, 290, 300, 310, 320, 330, 340, 350, 360, 370, 380, 390]","[28, 281, 534, 787, 1040, 1297, 1550, 1803, 2056, 2309, 2566, 2819, 3072, 3325, 3578, 3834, 4088, 4341, 4594, 4847, 5103, 5356, 5609, 5862, 6115, 6371, 6624, 6877, 7130, 7383, 7639, 7893, 8146, 8399, 8652, 8908, 9161, 9414, 9667, 9920]",
p7o6wi7f,pretty-wave-127,BC,l2f_bc,finished,https://wandb.ai/korneelvandenberghe/l2f_bc/runs/p7o6wi7f,2024-10-12T12:18:11Z,313.65923067627364,381.1,25.0,False,"[18.561688975274777, 17.947053352981456, 21.597729196511974, 23.124423599954635, 13.024799760841608, 27.543515829364186, 55.375871352894535, 19.016792604683797, 62.75308539742264, 94.80419896604556, 51.51653701341279, 57.484452450331574, 141.01808992318098, 268.2577344598392, 56.5950301246278, 107.66157583229965, 187.89835523825914, 104.64099297833627, 145.53021861353085, 181.27739653158, 62.176823741333614, 184.81885664807663, 150.28126554156898, 267.5928752135737, 185.0674542159512, 149.8018463253887, 238.40054357171257, 190.62252418800207, 146.41745679218337, 62.24666957844913, 145.13863524780254, 146.21743549688966, 143.15710599631626, 228.13351264083104, 313.65923067627364]","[35.1, 32.65, 40.35, 44.2, 34.0, 51.8, 83.25, 38.65, 88.05, 134.1, 78.75, 80.75, 187.65, 323.85, 81.25, 137.95, 238.45, 141.4, 184.75, 230.7, 85.4, 226.9, 186.45, 324.7, 231.05, 182.0, 281.05, 238.2, 181.85, 87.65, 181.9, 184.1, 178.75, 276.85, 381.1]","[15.012470960617065, 67.21638798713684, 115.78399562835693, 165.7736361026764, 215.77756071090698, 267.64555525779724, 318.7648801803589, 371.07653617858887, 423.7298264503479, 479.2573707103729, 529.503080368042, 582.9358422756195, 639.4473180770874, 700.6145739555359, 753.1179223060608, 809.2703905105591, 868.9717469215393, 924.9758758544922, 980.0289833545685, 1036.948558330536, 1096.6493215560913, 1159.5004036426544, 1223.641722202301, 1292.4025571346283, 1354.6523625850677, 1413.6615114212036, 1480.060153722763, 1543.4273371696472, 1605.1680135726929, 1663.3136882781982, 1724.5075902938843, 1784.470315694809, 1845.0470502376556, 1905.4676146507263, 1969.4541056156158]","[0, 10, 20, 30, 40, 50, 60, 70, 80, 90, 100, 110, 120, 130, 140, 150, 160, 170, 180, 190, 200, 210, 220, 230, 240, 250, 260, 270, 280, 290, 300, 310, 320, 330, 340]","[6, 49, 92, 135, 178, 221, 264, 307, 350, 393, 436, 479, 522, 565, 608, 651, 694, 737, 780, 823, 866, 909, 952, 995, 1038, 1081, 1124, 1167, 1210, 1253, 1296, 1339, 1382, 1426, 1469]",
be7tm4wf,glad-paper-128,TD3BC_JS_Online,l2f_bc,finished,https://wandb.ai/korneelvandenberghe/l2f_bc/runs/be7tm4wf,2024-10-12T12:35:04Z,77.45737267166182,129.55,250.0,False,"[16.86629993176685, 16.255812603880933, 58.75702787078875, 61.67060342778516, 145.24984939780543, 183.76845123343497, 60.81626687332645, 105.894566860151, 101.34197372739102, 262.64235713465615, 303.0186049513274, 299.2152112364551, 218.92829563753668, 305.99544001702304, 93.01464695156436, 175.9236669292741, 180.88313708599946, 181.26494403968118, 95.51066282350502, 215.52443105544845, 174.60935626607107, 294.72815010040824, 129.87395547224847, 335.3119628797473, 85.76704449338952, 125.54255789263402, 130.21018271956865, 251.8052215146607, 251.85182342848606, 368.3751586335623, 251.13975950652966, 333.9319803043471, 86.90922082441237, 213.66218238715047, 130.72982651954945, 160.38808415878873, 34.630371361489814, 235.32277663609253, 201.57691309885053, 77.45737267166182]","[34.05, 33.15, 87.6, 86.9, 180.2, 233.65, 87.2, 142.35, 138.25, 324.9, 368.65, 370.85, 274.55, 384.0, 125.9, 232.05, 231.0, 228.65, 140.75, 280.4, 233.9, 377.3, 181.6, 422.45, 128.95, 184.7, 188.05, 325.6, 326.05, 477.05, 327.45, 423.2, 132.8, 278.65, 188.1, 235.65, 90.05, 321.2, 278.3, 129.55]","[37.041481018066406, 199.07672214508057, 348.89673495292664, 520.2420918941498, 696.5337808132172, 941.7223432064056, 1074.505270242691, 1217.623322725296, 1356.25444149971, 1499.3810896873474, 1739.2360560894012, 1868.126170873642, 1987.7457587718964, 2127.3385784626007, 2264.879470348358, 2492.5013394355774, 2580.254951477051, 2667.397578239441, 2747.888001203537, 2843.7158811092377, 3004.894147634506, 3057.502230644226, 3104.946542739868, 3156.6309332847595, 3204.829680919647, 3348.5851624011993, 3392.164134979248, 3441.73544049263, 3496.939238548279, 3551.1704823970795, 3718.29745054245, 3772.3865110874176, 3817.7802546024323, 3867.462813615799, 3915.3787508010864, 4084.60111284256, 4128.862325191498, 4179.118108034134, 4231.237424612045, 4280.214598417282]","[0, 10, 20, 30, 40, 50, 60, 70, 80, 90, 100, 110, 120, 130, 140, 150, 160, 170, 180, 190, 200, 210, 220, 230, 240, 250, 260, 270, 280, 290, 300, 310, 320, 330, 340, 350, 360, 370, 380, 390]","[28, 281, 534, 787, 1040, 1297, 1550, 1803, 2056, 2309, 2566, 2819, 3072, 3325, 3578, 3834, 4087, 4340, 4593, 4846, 5103, 5356, 5609, 5862, 6115, 6371, 6624, 6877, 7130, 7383, 7639, 7892, 8145, 8398, 8651, 8908, 9161, 9414, 9667, 9920]",
x598jye7,gentle-mountain-130,BC,l2f_bc,finished,https://wandb.ai/korneelvandenberghe/l2f_bc/runs/x598jye7,2024-10-12T12:52:06Z,140.7230256421932,187.4,50.0,False,"[19.795728492557238, 23.863641226047704, 16.051807196082088, 23.91289828048293, 34.61209606525789, 19.05928894122351, 33.0857368098865, 88.77396040327909, 17.672292825897426, 59.33606295212835, 151.2979756953301, 148.85313874338664, 97.27284657503176, 110.33657200412252, 147.65065456313675, 184.6656494386562, 231.7400995291178, 191.10900188545529, 187.4102198359274, 189.19953241782372, 142.73731096863855, 272.7545284259578, 233.7967596857818, 190.71296779863468, 147.43587830605966, 232.7182780888782, 187.08710450726568, 190.61951773785898, 274.6276075686927, 101.11290941659357, 99.49377930749158, 104.38616904251758, 272.7289759107532, 266.17837069163653, 140.7230256421932]","[39.2, 43.9, 30.9, 41.9, 56.55, 35.9, 59.3, 131.75, 38.95, 83.3, 185.5, 183.35, 126.0, 136.75, 179.1, 229.95, 276.6, 231.5, 225.7, 230.25, 176.95, 325.1, 281.65, 231.35, 178.85, 275.5, 229.35, 231.2, 326.2, 129.25, 131.3, 139.3, 334.3, 322.0, 187.4]","[14.93790578842163, 65.03065276145935, 110.73832774162292, 155.78837251663208, 200.49865555763245, 244.5261993408203, 289.6677610874176, 336.27050495147705, 384.958416223526, 434.74936842918396, 487.7840037345886, 541.1064295768738, 594.5188341140747, 646.0143291950226, 699.3352248668671, 754.4586343765259, 810.0586380958557, 863.0126965045929, 914.1811873912811, 969.4924306869507, 1022.9631350040436, 1080.1104865074158, 1136.0774011611938, 1190.3229732513428, 1242.0043766498566, 1297.990033864975, 1352.8134350776672, 1405.6865944862366, 1460.6981608867645, 1509.7116508483887, 1560.304470539093, 1610.411758184433, 1666.1715121269226, 1720.9484775066376, 1775.3099057674408]","[0, 10, 20, 30, 40, 50, 60, 70, 80, 90, 100, 110, 120, 130, 140, 150, 160, 170, 180, 190, 200, 210, 220, 230, 240, 250, 260, 270, 280, 290, 300, 310, 320, 330, 340]","[6, 49, 92, 135, 178, 221, 264, 307, 350, 393, 436, 479, 522, 565, 608, 651, 694, 737, 780, 823, 866, 909, 952, 995, 1038, 1081, 1124, 1167, 1210, 1253, 1297, 1340, 1383, 1426, 1469]",
sdeqaxlg,dashing-totem-131,TD3BC_JS_Online,l2f_bc,finished,https://wandb.ai/korneelvandenberghe/l2f_bc/runs/sdeqaxlg,2024-10-12T12:57:55Z,311.9952746775873,436.95,100.0,False,"[19.884698091047824, 26.934980207983102, 62.8926170250614, 187.78822898380378, 236.258035562558, 150.0072149065785, 185.85969490179315, 229.63080133848842, 142.62138351749718, 265.74205522116716, 295.3040380057816, 218.9872604537285, 132.77763425256632, 300.478067430273, 216.9294142959846, 341.2242421950341, 298.41658024284095, 332.51716654200067, 249.27348365518674, 161.54450419619548, 411.2096839869485, 87.00579984532072, 331.97353638265577, 288.4070748921708, 210.15687115524838, 332.08561613437297, 331.4100703592782, 330.48560129052123, 132.07786098433448, 376.5935713397901, 417.1223681548132, 294.18644802964843, 286.62632028981614, 284.0108648189859, 150.39964891655538, 289.367343709759, 273.96401122108443, 391.21063194726406, 197.37519988503865, 311.9952746775873]","[37.6, 43.7, 89.65, 224.55, 282.1, 192.3, 230.5, 278.15, 178.95, 321.85, 371.55, 281.3, 179.95, 374.65, 276.2, 422.9, 372.45, 422.55, 329.05, 235.1, 514.8, 129.9, 429.4, 377.25, 279.7, 431.1, 419.4, 424.25, 179.25, 467.75, 518.75, 376.55, 373.5, 370.7, 220.4, 387.3, 369.45, 524.55, 283.6, 436.95]","[27.215097427368164, 124.59289717674255, 224.96963167190552, 323.070761680603, 430.697687625885, 591.6902513504028, 694.6157367229462, 795.6176295280457, 900.0070610046387, 1008.5641412734985, 1189.4211065769196, 1277.2789340019226, 1360.1836128234863, 1450.2645816802979, 1522.6626744270325, 1712.184984445572, 1763.2611391544342, 1816.566697359085, 1867.2758769989014, 1916.356326341629, 2065.312886238098, 2109.6557188034058, 2162.557488679886, 2216.463906288147, 2265.5526928901672, 2413.105687856674, 2465.707431793213, 2518.3347511291504, 2562.8136649131775, 2615.234610557556, 2783.710828781128, 2833.8224318027496, 2885.2668154239655, 2935.1565115451813, 2983.166377544403, 3193.8173089027405, 3253.883669614792, 3320.594570159912, 3377.154688358307, 3439.184428691864]","[0, 10, 20, 30, 40, 50, 60, 70, 80, 90, 100, 110, 120, 130, 140, 150, 160, 170, 180, 190, 200, 210, 220, 230, 240, 250, 260, 270, 280, 290, 300, 310, 320, 330, 340, 350, 360, 370, 380, 390]","[28, 281, 534, 787, 1040, 1297, 1550, 1803, 2056, 2309, 2566, 2819, 3072, 3325, 3578, 3834, 4088, 4341, 4594, 4847, 5103, 5356, 5609, 5862, 6115, 6371, 6624, 6877, 7130, 7383, 7639, 7892, 8145, 8398, 8652, 8908, 9161, 9414, 9667, 9920]",
n3qx5f67,daily-gorge-132,BC,l2f_bc,finished,https://wandb.ai/korneelvandenberghe/l2f_bc/runs/n3qx5f67,2024-10-12T13:22:39Z,186.452607545724,228.95,100.0,False,"[22.515902300394913, 23.644988999310467, 28.11320336237486, 18.7103020520159, 18.40564233300091, 53.36066800655484, 22.452167852816316, 100.89416361799415, 40.1784469748977, 27.379397144475256, 101.60468827496113, 60.90349305353639, 148.68848149620254, 227.69799721604326, 103.57652276827748, 106.31435253515076, 188.26024835988048, 107.21304158847511, 187.44380744295444, 153.9033315371117, 189.8214407345749, 318.396050112343, 145.51352191364708, 104.39793207342493, 325.8016515352329, 226.6100115810645, 147.39918663782157, 56.9212955140365, 145.30389078405486, 151.14680791116777, 237.6915471369357, 106.84175816231873, 355.7527567560918, 311.6352425357678, 186.452607545724]","[38.1, 37.1, 49.95, 32.9, 37.0, 81.9, 40.45, 135.05, 65.9, 53.0, 135.9, 84.8, 184.45, 274.2, 132.0, 142.45, 231.45, 140.5, 228.2, 194.75, 229.5, 371.15, 179.5, 135.95, 385.15, 277.25, 190.15, 80.6, 180.7, 189.9, 282.35, 138.6, 427.85, 375.2, 228.95]","[14.80855417251587, 69.52617597579956, 121.88339018821716, 171.85317587852478, 221.2685775756836, 274.0420894622803, 325.8377604484558, 379.82856273651123, 431.17614459991455, 481.1072835922241, 533.4493794441223, 585.032990694046, 641.0838253498077, 700.663948059082, 754.2912549972534, 808.8161396980286, 865.1657040119171, 916.4391801357269, 972.2656142711639, 1026.766342163086, 1081.8175475597382, 1141.723227262497, 1195.0865936279297, 1244.7858860492706, 1304.8177154064178, 1363.8478257656097, 1417.9761822223663, 1467.822071313858, 1519.7847347259521, 1571.9564616680145, 1624.782220363617, 1682.4678173065186, 1752.4391705989838, 1821.5871732234955, 1885.6721062660217]","[0, 10, 20, 30, 40, 50, 60, 70, 80, 90, 100, 110, 120, 130, 140, 150, 160, 170, 180, 190, 200, 210, 220, 230, 240, 250, 260, 270, 280, 290, 300, 310, 320, 330, 340]","[6, 49, 92, 135, 178, 221, 264, 307, 350, 393, 436, 479, 522, 565, 608, 651, 694, 737, 780, 823, 866, 909, 952, 995, 1038, 1081, 1124, 1167, 1210, 1253, 1296, 1339, 1383, 1426, 1469]",
evsq59x0,glorious-valley-133,TD3BC_JS_Online,l2f_bc,finished,https://wandb.ai/korneelvandenberghe/l2f_bc/runs/evsq59x0,2024-10-12T13:49:25Z,312.4388111595207,427.15,5.0,True,"[16.436773466771193, 51.01727471944376, 101.45202763539349, 103.40279380370075, 62.40725186748496, 228.3560893029471, 98.51404215744678, 139.41884960358902, 139.7302624008846, 93.78784208371573, 208.53482678307537, 53.793233804404224, 86.0231069624393, 175.48736885608815, 171.26309745598877, 211.3843019075801, 258.65137558554443, 134.94148742069245, 260.6963108999989, 219.91673225361382, 125.09597283607081, 88.16386936763506, 78.10301868016955, 87.16217292894291, 165.07751430641957, 47.07588129950463, 161.38488313395305, 82.45214122343944, 410.22374935188253, 202.72051184498517, 203.7157733633665, 87.59890513968396, 164.93212979150397, 122.1227139110573, 165.88194539370244, 191.1625217052242, 192.04683888503232, 73.16557029388392, 112.91706045437024, 312.4388111595207]","[34.4, 78.5, 129.8, 138.55, 89.1, 277.4, 139.55, 183.85, 181.75, 131.75, 274.9, 88.75, 127.6, 227.9, 226.65, 274.2, 330.25, 180.35, 324.8, 279.4, 176.45, 138.6, 135.85, 144.4, 234.2, 88.1, 231.35, 137.35, 523.55, 275.15, 281.3, 137.7, 224.5, 181.1, 229.35, 281.5, 281.75, 137.45, 186.6, 427.15]","[31.25031280517578, 180.45372414588928, 337.0054750442505, 400.63681626319885, 460.8451807498932, 585.1895260810852, 645.9821581840515, 712.4689042568207, 772.8308084011078, 831.4939723014832, 970.8686981201172, 1023.9576518535614, 1083.4110844135284, 1142.8000841140747, 1202.5084943771362, 1339.9196135997772, 1396.086923122406, 1446.2969722747803, 1500.8564865589142, 1552.2451412677765, 1680.7390632629395, 1726.2464008331299, 1767.2649908065796, 1807.0247943401337, 1850.2463948726654, 1991.1197471618652, 2032.6916263103485, 2071.9756033420563, 2122.67591381073, 2171.8312599658966, 2338.599585533142, 2380.0390186309814, 2423.5466074943542, 2467.387741088867, 2512.6611535549164, 2662.3476145267487, 2708.280038356781, 2750.8968715667725, 2796.073687314987, 2852.0420122146606]","[0, 10, 20, 30, 40, 50, 60, 70, 80, 90, 100, 110, 120, 130, 140, 150, 160, 170, 180, 190, 200, 210, 220, 230, 240, 250, 260, 270, 280, 290, 300, 310, 320, 330, 340, 350, 360, 370, 380, 390]","[28, 285, 540, 795, 1050, 1309, 1564, 1819, 2074, 2329, 2588, 2843, 3098, 3353, 3608, 3866, 4121, 4376, 4631, 4886, 5145, 5400, 5655, 5910, 6165, 6423, 6678, 6933, 7188, 7443, 7701, 7956, 8211, 8466, 8721, 8980, 9235, 9490, 9745, 10000]",
o8b8v8tk,pleasant-puddle-134,TD3BC_JS_Online,l2f_bc,finished,https://wandb.ai/korneelvandenberghe/l2f_bc/runs/o8b8v8tk,2024-10-12T13:58:04Z,282.05391525604256,374.95,250.0,False,"[18.324357239867457, 20.437664082489885, 104.07005074964556, 16.48405889397037, 104.15389800026519, 192.43107920958838, 307.22468704014017, 56.122916614570464, 96.29182359784691, 220.36349463778737, 384.71475917226155, 217.13297061610905, 91.55241109720322, 303.66694415556293, 183.0776165943272, 259.7825401859097, 140.11794764670023, 222.39105690111487, 218.99421079188764, 259.8822343754704, 168.41745941673162, 205.2591492946482, 171.64535731330764, 252.63339079894564, 129.458531094693, 206.56980473467394, 84.26302269497602, 130.84698118451107, 332.3791266410753, 250.92718201547797, 250.301010532419, 132.62404889639677, 126.25113565398665, 253.34407480655267, 408.39900852050596, 238.69796922680203, 280.81671674343903, 159.55717220559592, 184.4015745488395, 282.05391525604256]","[35.15, 40.6, 137.4, 32.95, 137.3, 238.0, 377.35, 85.75, 132.75, 273.35, 471.35, 282.2, 128.05, 377.8, 236.5, 328.0, 189.1, 274.6, 279.45, 329.1, 236.45, 282.3, 232.8, 334.35, 182.55, 270.3, 130.0, 186.1, 423.45, 334.6, 330.95, 188.4, 177.05, 324.3, 517.3, 325.4, 382.55, 232.1, 275.7, 374.95]","[18.56990885734558, 61.72142481803894, 109.99427223205566, 156.34766459465027, 204.87676000595093, 311.6733911037445, 369.61179852485657, 418.1983234882355, 465.9179518222809, 518.4703800678253, 635.3576853275299, 690.1668109893799, 740.2074999809265, 797.0401911735535, 849.133781671524, 974.9650750160217, 1017.0538926124573, 1061.4546716213226, 1105.5317468643188, 1151.0730202198029, 1269.6509556770325, 1312.9200327396393, 1355.537448644638, 1399.8374269008636, 1440.1408417224884, 1567.6544661521912, 1606.9992434978485, 1647.409439086914, 1694.4797837734222, 1738.976200580597, 1889.4016909599304, 1929.8141927719116, 1970.8246097564697, 2015.5058732032776, 2066.1804234981537, 2215.8613333702087, 2262.230900287628, 2304.773322582245, 2347.190319776535, 2392.7062554359436]","[0, 10, 20, 30, 40, 50, 60, 70, 80, 90, 100, 110, 120, 130, 140, 150, 160, 170, 180, 190, 200, 210, 220, 230, 240, 250, 260, 270, 280, 290, 300, 310, 320, 330, 340, 350, 360, 370, 380, 390]","[28, 281, 534, 787, 1040, 1297, 1550, 1803, 2056, 2309, 2566, 2819, 3072, 3325, 3578, 3834, 4087, 4340, 4593, 4846, 5103, 5356, 5609, 5862, 6115, 6371, 6624, 6877, 7130, 7383, 7639, 7892, 8145, 8398, 8651, 8908, 9161, 9414, 9667, 9920]",
llivn0i9,laced-waterfall-136,TD3BC_JS_Online,l2f_bc,finished,https://wandb.ai/korneelvandenberghe/l2f_bc/runs/llivn0i9,2024-10-12T14:40:48Z,392.6342474926102,516.4,5.0,True,"[17.519193341009963, 17.704074272567755, 52.35269298149452, 187.88131013142944, 65.74447804417846, 11.736580235094593, 183.28654255380766, 178.75060849604958, 146.50800895060857, 56.0799533914669, 213.3407960512011, 254.9239688237655, 382.0305887258686, 130.33191523610708, 13.068660499041172, 258.14426579513554, 222.4001447767849, 143.75966591455915, 218.92575320166142, 54.42574195266404, 249.95618950071395, 127.18401772909556, 328.50787579877397, 88.83943544923581, 211.50006844952873, 206.98674959488034, 245.42917484307796, 87.78090142731448, 124.94184818814003, 127.99822472720344, 202.50891562819373, 246.72684067247027, 249.30816231115563, 135.28855140901626, 80.28289405498094, 274.9661635228062, 318.85144325040085, 115.1458659362132, 116.5177943681746, 392.6342474926102]","[34.9, 35.5, 80.35, 229.0, 91.15, 30.55, 227.5, 227.35, 192.2, 84.85, 280.25, 328.15, 472.6, 178.3, 39.75, 325.75, 290.45, 196.15, 278.35, 88.45, 324.25, 180.9, 420.1, 135.6, 282.45, 271.6, 326.35, 133.0, 178.85, 190.1, 274.6, 323.35, 325.15, 193.25, 139.75, 369.45, 422.05, 184.15, 177.15, 516.4]","[16.444448471069336, 63.960580348968506, 109.73817443847656, 154.7854664325714, 196.0343918800354, 289.78317379951477, 334.8608486652374, 379.66208386421204, 423.86980080604553, 464.70664954185486, 580.5773410797119, 627.4500577449799, 677.9072725772858, 721.0239777565002, 759.7358992099762, 879.5492067337036, 923.4470977783203, 963.525146484375, 1006.1270775794983, 1043.2905766963959, 1162.2090997695923, 1202.0080699920654, 1248.4632453918457, 1286.8857502937317, 1329.0326654911041, 1450.9073464870453, 1494.3544707298279, 1532.6561028957367, 1572.4413719177246, 1612.1536433696747, 1753.7459337711334, 1797.6889176368713, 1842.1665046215057, 1883.6612393856049, 1922.5757489204407, 2077.304986000061, 2124.293778896332, 2164.755521297455, 2205.6764738559723, 2254.9335536956787]","[0, 10, 20, 30, 40, 50, 60, 70, 80, 90, 100, 110, 120, 130, 140, 150, 160, 170, 180, 190, 200, 210, 220, 230, 240, 250, 260, 270, 280, 290, 300, 310, 320, 330, 340, 350, 360, 370, 380, 390]","[28, 285, 540, 795, 1050, 1309, 1564, 1819, 2074, 2329, 2588, 2843, 3098, 3353, 3608, 3866, 4121, 4376, 4631, 4886, 5145, 5400, 5655, 5910, 6165, 6423, 6678, 6933, 7188, 7443, 7701, 7956, 8211, 8466, 8721, 8980, 9235, 9490, 9745, 10000]",
63ko19h3,pious-wave-138,TD3BC_JS_Online,l2f_bc,crashed,https://wandb.ai/korneelvandenberghe/l2f_bc/runs/63ko19h3,2024-10-12T16:32:51Z,214.79603104413772,425.0,25.0,False,"[20.130460074066807, 20.532254520615986, 68.22810582231088, 265.14268162567663, 265.1737615353272, 354.28161065642496, 234.6769015945405, 203.6341784542258, 76.48850125474095, 191.25679440507, 215.16626132644842, 213.01754498009268, 145.01081311143264, 250.3496556967244, 287.4374860250632, 223.22461200862625, 48.9947958624157, 366.93858925553394, 325.2835348637651, 261.70089010182426, 119.14185098503742, 186.75131931542575, 251.08599128093564, 157.1639544266553, 188.76727413326785, -31.866911324243215, 268.4105487053106, 174.09795829990665, 145.318365793052, 127.61091229434189, 291.20649578548785, 150.12164369196552, 200.68028630691487, 254.57598502253273, 214.79603104413772]","[37.15, 37.1, 98.0, 323.65, 325.55, 472.1, 328.8, 287.2, 142.0, 278.55, 326.2, 325.35, 230.85, 375.55, 427.75, 372.35, 137.85, 566.9, 518.85, 420.35, 237.0, 332.3, 422.15, 275.0, 331.0, 44.85, 466.3, 375.4, 327.55, 280.2, 519.3, 329.3, 372.85, 468.7, 425.0]","[15.335877656936646, 56.97023129463196, 98.32702708244324, 146.31122636795044, 209.6092927455902, 374.1705243587494, 480.8747515678406, 588.8377344608307, 684.6668956279755, 791.9518806934357, 971.3320212364197, 1062.0750622749329, 1148.6105270385742, 1240.1570446491241, 1330.5146868228912, 1510.9802422523499, 1557.047821521759, 1615.74831533432, 1683.31201505661, 1748.463534116745, 1908.3611261844635, 1967.9373960494995, 2022.5344803333282, 2073.4571986198425, 2124.764456510544, 2265.0616416931152, 2319.3829402923584, 2370.826558113098, 2421.5539124011993, 2472.1483013629913, 2633.7952184677124, 2686.8375251293182, 2739.420117855072, 2795.938714504242, 2852.610416173935]","[0, 10, 20, 30, 40, 50, 60, 70, 80, 90, 100, 110, 120, 130, 140, 150, 160, 170, 180, 190, 200, 210, 220, 230, 240, 250, 260, 270, 280, 290, 300, 310, 320, 330, 340]","[28, 281, 534, 788, 1042, 1300, 1553, 1806, 2059, 2312, 2569, 2822, 3075, 3328, 3581, 3838, 4091, 4344, 4597, 4850, 5106, 5359, 5612, 5865, 6118, 6375, 6628, 6881, 7134, 7387, 7643, 7896, 8149, 8402, 8655]",
p4n6sfnw,treasured-river-140,BC,l2f_bc,finished,https://wandb.ai/korneelvandenberghe/l2f_bc/runs/p4n6sfnw,2024-10-12T16:35:54Z,-314.60140090479376,83.15,2.0,True,"[18.549913440905236, 13.325668500204182, 12.196309753559316, 14.90313717004157, 9.973475051023176, 6.538581994496927, 98.14073528818896, 11.552725444971184, 3.542405819178721, 43.01843862131505, 22.01938553222923, 26.249183284957184, 30.00128369118741, -21.50148949675615, 11.694397844654759, -33.07441802361742, -28.894937912212605, -40.98175863049715, -76.69037259797274, -70.61132238426663, -122.99642733531047, -133.1466660265427, -147.94581617361592, -139.02263720107348, -177.390696976406, -150.35565119207615, -151.79562194592438, -179.93407435152722, -245.41227883143642, -165.77237185875478, -676.3810543445862, -359.51723206274784, -346.7121344983699, -276.8521156817086, -314.60140090479376]","[36.3, 34.7, 30.65, 37.05, 32.45, 31.65, 135.05, 48.65, 39.0, 87.5, 94.45, 86.2, 88.85, 35.2, 87.8, 34.1, 30.65, 33.95, 46.4, 41.1, 92.95, 77.7, 85.05, 37.3, 132.9, 34.1, 37.9, 83.85, 87.2, 35.4, 151.0, 128.9, 142.65, 82.35, 83.15]","[16.44496726989746, 94.33278346061707, 164.5999402999878, 232.2973518371582, 297.1427013874054, 361.11262798309326, 430.8947477340698, 501.45651602745056, 572.0145378112793, 639.63596367836, 707.189868927002, 767.8632407188416, 832.5957946777344, 893.6252171993256, 960.3153486251831, 1024.1633839607239, 1084.7419605255127, 1142.4104070663452, 1204.2697594165802, 1262.4510066509247, 1322.4861361980438, 1384.413673400879, 1445.1359474658966, 1503.7739555835724, 1565.7125792503357, 1625.874643087387, 1683.0575604438782, 1743.8346288204193, 1805.4746747016907, 1864.4518420696259, 1929.8627436161041, 1991.9525771141052, 2050.3409259319305, 2109.6516761779785, 2167.694787979126]","[0, 10, 20, 30, 40, 50, 60, 70, 80, 90, 100, 110, 120, 130, 140, 150, 160, 170, 180, 190, 200, 210, 220, 230, 240, 250, 260, 270, 280, 290, 300, 310, 320, 330, 340]","[7, 54, 99, 145, 190, 236, 281, 326, 372, 418, 464, 509, 554, 600, 645, 691, 736, 782, 828, 873, 919, 964, 1009, 1055, 1100, 1146, 1191, 1236, 1282, 1327, 1373, 1419, 1464, 1510, 1555]",
5nctc70m,lucky-galaxy-141,BC,l2f_bc,finished,https://wandb.ai/korneelvandenberghe/l2f_bc/runs/5nctc70m,2024-10-12T17:13:11Z,-417.70186100245337,278.2,25.0,True,"[15.662246355281578, 20.163619510226898, 15.385393423886674, 16.97325785499029, 10.392162144473096, 11.147726398679914, 50.99141471766756, 46.52999230715533, 110.89441450610096, 244.22595192976164, 93.89439756868362, 88.47778991160956, 199.92991758887018, 56.715402313917444, 18.837124281260586, -72.74363387799033, -72.16677942922169, -54.76282104188165, -106.45853205327242, -117.35966087996003, -169.38792697182535, -222.87836923515496, -184.56628325922514, -219.11801796291752, -296.6508102084773, -392.05099868061745, -250.8279639664168, -292.2495628735118, -408.8764981102193, -466.8797704343122, -510.6710487200042, -397.1519445246564, -482.74566246631576, -386.85576143542204, -417.70186100245337]","[35.2, 35.6, 36.55, 44.3, 31.65, 40.55, 91.45, 87.6, 182.25, 377.0, 226.1, 231.1, 422.85, 279.75, 228.9, 136.35, 187.95, 334.2, 180.3, 182.5, 134.55, 281.1, 138.1, 133.4, 277.9, 238.8, 133.05, 129.75, 190.5, 234.85, 327.15, 229.7, 337.6, 278.1, 278.2]","[15.00081467628479, 76.10384964942932, 133.4199502468109, 186.12867283821106, 238.36344647407532, 290.124881029129, 343.51350688934326, 398.05945467948914, 455.8506932258606, 524.6616394519806, 578.8179733753204, 629.1860690116882, 682.068813085556, 727.296783208847, 771.6914713382721, 813.4055428504944, 859.2811479568481, 909.757785320282, 958.5715391635895, 1007.4112548828125, 1053.048656463623, 1104.6769037246704, 1150.2399518489838, 1194.1485769748688, 1247.3344688415527, 1297.9357159137726, 1344.8806774616241, 1391.8332242965698, 1441.6254382133484, 1493.7279171943665, 1546.5466675758362, 1599.155975818634, 1654.393925666809, 1707.5374627113342, 1775.1146557331085]","[0, 10, 20, 30, 40, 50, 60, 70, 80, 90, 100, 110, 120, 130, 140, 150, 160, 170, 180, 190, 200, 210, 220, 230, 240, 250, 260, 270, 280, 290, 300, 310, 320, 330, 340]","[7, 54, 99, 145, 190, 236, 281, 326, 373, 418, 465, 510, 555, 602, 647, 693, 738, 783, 829, 874, 920, 965, 1010, 1057, 1102, 1148, 1193, 1238, 1284, 1329, 1375, 1420, 1465, 1511, 1556]",
l1drogum,eager-snow-142,TD3BC_JS_Online,l2f_bc,finished,https://wandb.ai/korneelvandenberghe/l2f_bc/runs/l1drogum,2024-10-12T17:21:38Z,67.60450144855432,186.0,100.0,False,"[15.892185792601316, 22.668340849503867, 98.84060376129213, 141.2201595441515, 174.06725542761473, 154.60905347591896, 272.729255182419, 81.88905180732361, 117.97268294231392, 235.92246253089655, 138.6895412038122, 142.75970032312057, 111.27621400529156, 253.23385870154615, 145.08067756529928, 226.9240627577663, 228.23610720703422, 330.5323635249494, 162.7842030034792, 286.12202448535095, 325.7919146439086, 183.88249120079348, 101.55174311801134, 229.5384050622427, 160.92018104741754, 186.46639723753324, 82.9838436940039, 99.30663246344378, 117.44387114826148, 136.55743899294146, 215.8730046280578, 226.96170981522306, 184.92619262937345, 192.490683438728, 66.3601658213451, 157.48065564728526, 136.7159555158051, 120.7931318944226, 165.20102524851583, 67.60450144855432]","[35.8, 41.35, 129.35, 181.8, 229.55, 236.15, 374.8, 131.1, 182.0, 331.15, 230.55, 227.35, 179.2, 373.2, 233.9, 378.1, 374.45, 517.7, 276.95, 473.6, 522.3, 326.3, 176.35, 376.3, 274.95, 334.4, 186.5, 229.95, 288.45, 279.35, 421.9, 426.7, 373.95, 381.3, 183.25, 326.4, 280.4, 280.15, 324.6, 186.0]","[31.969611406326294, 82.77273273468018, 133.11081314086914, 183.45711374282837, 234.57687139511108, 339.658593416214, 398.96155977249146, 455.08790612220764, 510.88557863235474, 570.0436217784882, 697.1663334369659, 758.5743324756622, 820.3629312515259, 887.1537802219391, 951.2965109348297, 1098.2574064731598, 1151.9211630821228, 1207.9175329208374, 1272.4066650867462, 1333.0651321411133, 1500.5488657951355, 1549.4584250450134, 1595.921140909195, 1647.700937986374, 1697.552350282669, 1910.3920650482178, 1956.4344415664673, 2006.7041506767273, 2060.8955388069153, 2136.0056421756744, 5168.4255027771, 5218.926035642624, 5267.9280834198, 5318.931851863861, 5363.84929561615, 5540.721371412277, 5586.459567785263, 5632.423547029495, 5679.071687936783, 5721.746277332306]","[0, 10, 20, 30, 40, 50, 60, 70, 80, 90, 100, 110, 120, 130, 140, 150, 160, 170, 180, 190, 200, 210, 220, 230, 240, 250, 260, 270, 280, 290, 300, 310, 320, 330, 340, 350, 360, 370, 380, 390]","[29, 282, 535, 788, 1042, 1300, 1553, 1806, 2059, 2312, 2569, 2822, 3075, 3328, 3581, 3838, 4091, 4344, 4597, 4850, 5106, 5359, 5612, 5865, 6118, 6374, 6628, 6881, 7134, 7387, 7643, 7896, 8149, 8402, 8655, 8911, 9164, 9417, 9670, 9923]",
5a9q5vj1,comfy-paper-144,BC,l2f_bc,finished,https://wandb.ai/korneelvandenberghe/l2f_bc/runs/5a9q5vj1,2024-10-12T17:43:53Z,-394.18821170377015,279.2,2.0,False,"[16.313996595694228, 14.087225635341388, 16.739608962064914, 18.2798833349713, 30.442352268693533, 11.639937982501792, 7.997255853759169, 46.77622907971869, 91.48421205944143, 116.21995752611615, 103.90659967261904, 54.78206171948101, 29.64476356303937, 4.683963464272025, 155.44966015451638, -31.00465096371593, -42.41861613472078, -44.20347090141152, -114.06729287472513, -142.6801020990032, -204.93128390631188, -216.64312302629364, -204.91209672027225, -242.52700023439266, -234.5943690549378, -315.8979954155325, -277.0625663427571, -316.1024884648824, -384.1077708351155, -281.7883150707893, -459.2938067231841, -394.7266440462367, -407.1775924263569, -384.51711907802735, -394.18821170377015]","[37.8, 32.25, 33.7, 51.7, 69.55, 44.85, 36.45, 92.1, 180.4, 225.5, 228.8, 178.8, 128.0, 135.95, 371.35, 84.0, 140.35, 234.4, 180.3, 277.25, 369.25, 334.0, 146.7, 226.5, 235.2, 225.35, 95.65, 232.4, 323.8, 129.2, 278.65, 322.55, 283.6, 279.8, 279.2]","[19.003395318984985, 76.41735315322876, 131.54917907714844, 196.5447313785553, 260.0020513534546, 320.0186264514923, 378.3253529071808, 446.2858338356018, 525.5885989665985, 597.3609580993652, 673.0252962112427, 761.7135109901428, 860.9723861217499, 950.568514585495, 1048.0920114517212, 1121.2102773189545, 1194.9377114772797, 1269.4971768856049, 1341.995233297348, 1416.216078042984, 1496.8949127197266, 1570.9589459896088, 1637.2530777454376, 1706.0456776618958, 1775.7719399929047, 1844.1018469333649, 1909.887204170227, 1971.5567471981049, 2031.9311382770538, 2087.7729778289795, 2147.6237773895264, 2210.62881064415, 2272.5037882328033, 2332.2064464092255, 2393.680251121521]","[0, 10, 20, 30, 40, 50, 60, 70, 80, 90, 100, 110, 120, 130, 140, 150, 160, 170, 180, 190, 200, 210, 220, 230, 240, 250, 260, 270, 280, 290, 300, 310, 320, 330, 340]","[7, 50, 93, 137, 180, 224, 267, 310, 355, 398, 443, 486, 529, 573, 616, 660, 704, 747, 791, 834, 878, 921, 964, 1008, 1052, 1096, 1139, 1182, 1226, 1269, 1313, 1356, 1399, 1443, 1486]",
vso65kjd,dainty-bee-145,BC,l2f_bc,finished,https://wandb.ai/korneelvandenberghe/l2f_bc/runs/vso65kjd,2024-10-12T18:24:52Z,-350.1141677160095,133.65,25.0,False,"[15.518590072296073, 18.891473720792888, 12.909024529066054, 15.72190612970939, 40.86956791174415, 10.437117700496362, 13.881954037266135, 122.79082823901115, 3.200938349179931, -5.221711209937601, -19.068230786782372, 123.49161942098863, 103.05673279575478, 85.19844605547193, 37.78267314240704, 59.98997362849709, -20.389161886014463, -55.2288043568718, -141.65229772584857, -153.78553407121913, -178.31907817617463, -216.34339357079006, -223.9109291467114, -233.0874426595282, -212.85971233671907, -327.4333875404467, -321.1816321714497, -373.92098050516535, -315.618233563351, -346.06492291320296, -459.81917339409983, -366.08044157391515, -437.0475872545335, -350.80144068784773, -350.1141677160095]","[38.15, 39.15, 31.5, 35.45, 69.1, 35.75, 42.6, 175.0, 46.65, 36.4, 35.0, 229.95, 226.2, 278.9, 181.75, 380.95, 178.2, 276.85, 236.6, 187.5, 129.9, 227.8, 232.0, 232.15, 187.2, 278.5, 180.65, 284.5, 272.3, 228.55, 244.3, 228.75, 374.35, 181.65, 133.65]","[13.171181201934814, 59.21557283401489, 104.77346014976501, 150.94384908676147, 196.51814579963684, 244.15037417411804, 290.63195610046387, 343.06344723701477, 390.417533159256, 437.389799118042, 484.299528837204, 536.8187670707703, 590.7693314552307, 645.880580663681, 698.8700702190399, 757.5139608383179, 810.31534075737, 864.3446803092957, 917.798394203186, 971.2736992835999, 1021.2427396774292, 1074.2188308238983, 1126.9788627624512, 1178.9477016925812, 1231.948324918747, 1287.8999626636505, 1341.4754791259766, 1398.43417096138, 1459.2342665195465, 1519.355533361435, 1582.2560613155365, 1642.2451312541962, 1707.5952095985413, 1764.9354267120361, 1819.21484375]","[0, 10, 20, 30, 40, 50, 60, 70, 80, 90, 100, 110, 120, 130, 140, 150, 160, 170, 180, 190, 200, 210, 220, 230, 240, 250, 260, 270, 280, 290, 300, 310, 320, 330, 340]","[7, 50, 93, 137, 180, 224, 267, 310, 355, 398, 442, 485, 529, 573, 616, 660, 704, 747, 791, 834, 878, 921, 964, 1008, 1051, 1096, 1139, 1182, 1226, 1269, 1313, 1356, 1399, 1443, 1486]",
ej1okbpi,cosmic-lion-147,BC,l2f_bc,crashed,https://wandb.ai/korneelvandenberghe/l2f_bc/runs/ej1okbpi,2024-10-12T18:56:12Z,-415.5309053136581,183.85,50.0,False,"[20.093935617455774, 17.652545171748507, 21.27336059665081, 12.308308319695797, 13.798935084927674, 8.175785680919237, 110.84869034580868, 127.68206836558224, 40.55410041143158, -1.3121153999585267, 55.15523317841636, 55.13009789559523, 6.526220533877714, 78.69800718770851, 89.73840635969893, 13.130802482693886, -26.502515852154414, -14.052883833846394, -143.85904483535597, -153.06226603121357, -210.1190534512413, -300.97868408901087, -181.6576600020003, -198.83758842117413, -328.1848332802458, -345.7764578212924, -338.683585240319, -291.85681789772286, -401.44096324001896, -494.71561698067717, -407.16255731404374, -422.2454211759033, -406.97356132891633, -415.5309053136581]","[37.65, 39.25, 40.75, 35.15, 43.6, 34.2, 158.25, 184.3, 95.9, 42.05, 130.85, 131.45, 87.9, 276.15, 276.25, 175.55, 141.4, 481.1, 279.0, 323.2, 274.65, 431.4, 175.7, 45.25, 377.8, 277.15, 236.05, 228.15, 274.6, 332.25, 231.1, 373.25, 230.15, 183.85]","[13.971473932266235, 75.46113681793213, 143.32849192619324, 209.48940205574036, 255.44180345535278, 303.5781524181366, 356.1482300758362, 411.57713556289673, 462.59462237358093, 511.25616788864136, 563.8724324703217, 615.1274633407593, 666.3762872219086, 723.562066078186, 780.1294264793396, 831.9456193447113, 884.2942597866058, 946.1915385723114, 1004.980872631073, 1066.7069466114044, 1126.486160993576, 1191.165786266327, 1247.7562777996063, 1297.1894097328186, 1358.9655306339264, 1420.2918882369995, 1481.6238334178925, 1542.9979994297028, 1608.7032239437103, 1680.3209390640259, 1741.4372074604034, 1803.4738397598267, 1868.011992931366, 1939.381936788559]","[0, 10, 20, 30, 40, 50, 60, 70, 80, 90, 100, 110, 120, 130, 140, 150, 160, 170, 180, 190, 200, 210, 220, 230, 240, 250, 260, 270, 280, 290, 300, 310, 320, 330]","[7, 50, 93, 137, 180, 224, 267, 311, 355, 398, 442, 485, 529, 573, 616, 660, 703, 747, 791, 834, 878, 921, 964, 1008, 1052, 1096, 1139, 1182, 1226, 1269, 1313, 1356, 1399, 1443]",
d2zchr4v,floral-donkey-148,TD3BC_JS_Online,l2f_bc,crashed,https://wandb.ai/korneelvandenberghe/l2f_bc/runs/d2zchr4v,2024-10-12T19:00:06Z,132.75598805662906,224.3,250.0,False,"[15.238972667189083, 15.18253417645551, 13.901686880840945, 62.03081968268761, 106.00975518964133, 160.9612648645891, 156.88925706941518, 112.14141313763403, 200.44666268171494, 38.61953725489754, 28.6452349328761, 144.15842538821053, 135.59637880004715, 140.67487051244387, 294.58946399366073, 184.81690444591314, 195.32396208870233, 188.26875416072428, 132.75598805662906]","[34.7, 33.6, 37.45, 88.75, 137.75, 235.65, 231.45, 183.85, 276.1, 77.8, 82.45, 231.2, 235.4, 233.9, 421.8, 325.55, 322.5, 329.2, 224.3]","[22.99748134613037, 94.7991828918457, 167.53449940681458, 243.53644132614136, 322.08251762390137, 471.85363841056824, 553.6537511348724, 632.5070579051971, 715.4539465904236, 797.4103405475616, 959.686324596405, 1045.3479752540588, 1123.8143067359924, 1211.0123627185822, 1303.2431421279907, 1484.250066280365, 1548.179484128952, 1628.2807140350342, 1687.3884963989258]","[0, 10, 20, 30, 40, 50, 60, 70, 80, 90, 100, 110, 120, 130, 140, 150, 160, 170, 180]","[29, 282, 535, 788, 1041, 1300, 1553, 1806, 2059, 2312, 2569, 2822, 3075, 3328, 3581, 3838, 4091, 4344, 4597]",
7cyk8ugv,cosmic-dew-152,TD3BC_JS_Online,l2f_bc,killed,https://wandb.ai/korneelvandenberghe/l2f_bc/runs/7cyk8ugv,2024-10-13T10:51:02Z,221.7214520761944,274.75,5.0,True,"[17.68511358955449, 20.73494406111521, 99.7357797407956, 96.428205019936, 189.51221318684927, 102.08980736934254, 221.72145207619442]","[35.15, 39.1, 127.5, 127.3, 232.5, 135.95, 274.75]","[25.99004602432251, 126.84368658065796, 223.17450618743896, 318.9281704425812, 412.724915266037, 570.8873546123505, 682.2559077739716]","[0, 10, 20, 30, 40, 50, 60]","[28, 285, 540, 795, 1050, 1309, 1564]",
qpvolj6o,golden-river-157,TD3BC_JS_Online,l2f_bc,finished,https://wandb.ai/korneelvandenberghe/l2f_bc/runs/qpvolj6o,2024-10-13T11:04:40Z,159.95224946155108,324.55,5.0,True,"[18.222040338812285, 19.89221306374458, 52.10025130671674, 17.66473880951924, 12.774455822203816, 91.88393904128529, 226.0826779499737, 268.24915793106675, 307.7077054647747, 267.3916168221832, 179.58756346425517, 179.50536438203687, 177.7545537908384, 136.26059103011102, 135.68685261289534, 166.17546834628428, 166.67444125705094, 90.52252236880324, 246.97375946753627, 167.22059004033923, 236.5023443723203, 159.63449448635757, 157.48444676832293, 162.1139979375697, 80.28402984732146, 31.68581252214119, 30.127803633678262, 270.4491619031722, 205.92501413425185, 108.41533352546423, 82.09109171529033, 159.75744504087928, 224.91674623187495, 122.74795591998222, 153.26473993006806, 193.79568173497373, 62.92686956905284, 92.40754150252025, 100.80545497428758, 159.95224946155108]","[32.2, 39.95, 81.15, 33.65, 29.25, 129.45, 279.9, 327.05, 371.8, 331.2, 237.0, 232.75, 227.35, 181.45, 183.15, 224.8, 227.45, 140.8, 323.55, 224.95, 326.8, 229.6, 230.6, 228.45, 129.35, 87.4, 92.8, 422.3, 324.65, 178.95, 182.35, 274.9, 369.3, 228.85, 275.35, 371.05, 182.25, 229.6, 229.7, 324.55]","[19.014989137649536, 112.40186715126038, 165.2651083469391, 218.00269150733948, 269.14019322395325, 382.66342663764954, 438.6695337295532, 498.5242636203766, 555.8212037086487, 612.2658128738403, 731.9410316944122, 787.1099467277527, 840.1822416782379, 889.6197605133057, 940.4374496936798, 1070.3595416545868, 1117.7128188610077, 1164.1094343662262, 1211.453849554062, 1257.7641894817352, 1402.7369844913483, 1449.7975566387177, 1501.6357200145721, 1549.6001071929932, 1595.8046865463257, 1751.4620287418365, 1795.1410303115845, 1851.6040260791779, 1903.3557019233704, 1950.5730004310608, 2113.2687277793884, 2164.9600098133087, 2217.734981060028, 2267.035279273987, 2320.734437227249, 2517.8426978588104, 2567.6956017017365, 2620.735671043396, 2671.2985541820526, 2725.215118408203]","[0, 10, 20, 30, 40, 50, 60, 70, 80, 90, 100, 110, 120, 130, 140, 150, 160, 170, 180, 190, 200, 210, 220, 230, 240, 250, 260, 270, 280, 290, 300, 310, 320, 330, 340, 350, 360, 370, 380, 390]","[28, 285, 540, 795, 1050, 1309, 1564, 1819, 2074, 2329, 2588, 2843, 3098, 3353, 3608, 3867, 4122, 4377, 4632, 4887, 5146, 5401, 5656, 5911, 6166, 6425, 6680, 6935, 7190, 7445, 7704, 7959, 8214, 8469, 8724, 8983, 9238, 9493, 9748, 10003]",
lbi4ptfy,peach-terrain-161,TD3BC_JS_Online,l2f_bc,finished,https://wandb.ai/korneelvandenberghe/l2f_bc/runs/lbi4ptfy,2024-10-13T11:53:19Z,90.56791808761292,237.25,5.0,True,"[16.124578453791823, 27.749096409446327, 57.016842353980266, 100.57637596650775, 188.64837511014738, 58.640117481943115, 59.32155189751758, 142.53333163267115, 186.35041438976683, 137.14843379212707, 175.20713367559432, 261.6785156663656, 174.1846232558381, 173.0329901956762, 130.94761867371875, 87.67099517597671, 231.63947821833844, 82.37347009558489, 250.20830776365588, 48.449313775547964, 303.0003037472598, 186.64834010252224, 158.84993104992037, 266.5069618386447, 270.5952863000054, 242.0872295956699, 204.56770446344285, 162.68298776437257, 291.0415869842818, 138.1168953489551, 51.55352368798962, 42.350697680737866, 86.61253488877497, 191.8847318892687, 66.3898623397877, 154.3521391392851, 79.64130319307588, 35.1440695739659, 180.3659840504629, 90.56791808761292]","[34.15, 47.15, 81.05, 125.4, 235.85, 84.7, 85.8, 179.8, 229.25, 175.9, 229.45, 332.75, 230.85, 225.65, 182.55, 141.75, 332.95, 135.3, 330.2, 84.4, 422.1, 286.85, 227.8, 372.25, 376.55, 373.7, 326.55, 290.95, 423.5, 239.3, 136.1, 135.75, 186.6, 329.2, 177.65, 330.8, 234.95, 136.5, 376.35, 237.25]","[19.041806936264038, 120.44157433509827, 210.3655548095703, 301.9004213809967, 396.6314973831177, 524.8932046890259, 614.1956667900085, 706.5961842536926, 798.9533205032349, 891.9945728778839, 1056.759613275528, 1132.2721991539001, 1210.5199573040009, 1289.7134668827057, 1371.52858877182, 1535.9292228221893, 1585.6913123130798, 1629.0339562892914, 1678.9625844955444, 1720.6980526447296, 1849.9919624328613, 1899.3587148189545, 1945.5035507678986, 1996.3576710224152, 2047.010442495346, 2213.5152866840363, 2262.334619283676, 2311.561175107956, 2364.1764743328094, 2411.580176115036, 2568.706241607666, 2612.657831430435, 2657.4674532413483, 2708.6358568668365, 2754.442308664322, 2920.1760563850403, 2967.575953245163, 3011.03945684433, 3061.485807657242, 3109.0011734962463]","[0, 10, 20, 30, 40, 50, 60, 70, 80, 90, 100, 110, 120, 130, 140, 150, 160, 170, 180, 190, 200, 210, 220, 230, 240, 250, 260, 270, 280, 290, 300, 310, 320, 330, 340, 350, 360, 370, 380, 390]","[28, 285, 540, 795, 1050, 1309, 1564, 1819, 2074, 2329, 2588, 2843, 3098, 3353, 3608, 3867, 4122, 4377, 4632, 4887, 5146, 5401, 5656, 5911, 6166, 6425, 6680, 6935, 7190, 7445, 7704, 7959, 8214, 8469, 8724, 8983, 9238, 9493, 9748, 10003]",
ddfsg2qf,lilac-fog-162,TD3BC_JS_Online,l2f_bc,finished,https://wandb.ai/korneelvandenberghe/l2f_bc/runs/ddfsg2qf,2024-10-13T12:48:10Z,36.421141234994224,135.95,5.0,True,"[19.780131916399146, 22.168601638790026, 149.48466323070528, 143.2883907100966, 17.271849565547903, 185.8790285786919, 98.91429613248198, 180.06168137059018, 99.52414327548001, 55.86672147688606, 257.90286478687597, 215.1717998260408, 253.53096725579263, 138.11210036721727, 178.25228994991164, 124.16272376491293, 171.2964132309198, 283.043297687669, 90.34856681835922, 244.75584381325544, 78.13864907557772, 117.13363958068821, 118.3496876786847, 198.75382427244728, 118.5017787808029, 103.19024165943028, 182.64250672337675, 30.008321616892964, 144.81484819176703, 72.60394420014244, 50.74569633138326, 88.27486355381586, 90.36786036994715, 213.32423435794567, 132.6620077972173, 7.112022426807914, 156.7187538232516, 158.35769941641243, 55.21999858735039, 36.421141234994224]","[33.85, 42.65, 180.1, 179.15, 33.8, 235.35, 130.05, 231.9, 127.3, 80.15, 330.75, 273.75, 326.1, 189.5, 233.7, 181.15, 228.6, 370.35, 137.15, 325.7, 131.05, 189.95, 177.45, 281.15, 189.2, 181.55, 284.9, 85.75, 229.55, 133.1, 130.5, 188.15, 177.45, 373.35, 224.7, 76.75, 329.75, 322.65, 187.05, 135.95]","[25.85670280456543, 170.75296878814697, 318.1756420135498, 468.5582218170166, 603.5839326381683, 811.771598815918, 954.5506682395935, 1099.6423218250275, 1233.8089616298676, 1373.376902103424, 1588.1179382801056, 1716.815892457962, 1847.582095861435, 1976.0417313575745, 2106.4332752227783, 2305.452880859375, 2384.902626514435, 2469.4135489463806, 2547.432196855545, 2630.725827693939, 2807.317653656006, 2852.1347427368164, 2896.196604013443, 2943.750765323639, 2988.0507748126984, 3135.6578619480133, 3183.991770505905, 3226.234591960907, 3272.2816948890686, 3315.614192724228, 3466.5552768707275, 3512.097116470337, 3558.663565635681, 3610.690456867218, 3657.433456659317, 3817.4686090946198, 3866.8121869564056, 3915.644622325897, 3960.840616941452, 4003.8245282173157]","[0, 10, 20, 30, 40, 50, 60, 70, 80, 90, 100, 110, 120, 130, 140, 150, 160, 170, 180, 190, 200, 210, 220, 230, 240, 250, 260, 270, 280, 290, 300, 310, 320, 330, 340, 350, 360, 370, 380, 390]","[28, 285, 540, 795, 1050, 1309, 1564, 1819, 2074, 2329, 2588, 2843, 3098, 3353, 3608, 3867, 4122, 4377, 4632, 4887, 5146, 5401, 5656, 5911, 6166, 6425, 6680, 6935, 7190, 7445, 7704, 7959, 8214, 8469, 8724, 8983, 9238, 9493, 9748, 10003]",
qjttr4qq,hardy-jazz-167,BC,l2f_bc,finished,https://wandb.ai/korneelvandenberghe/l2f_bc/runs/qjttr4qq,2024-10-13T16:58:46Z,-160.52443680399074,36.55,2.0,True,"[15.73449148023345, 16.037132747529427, 15.690294390665258, 14.36550961632901, 13.775638726760079, 8.488724430212702, 14.666696435984784, 11.612313919694447, 3.5867733292585506, 6.696716900597302, -3.837429766421823, 0.6351946400624569, 4.708462663328508, -13.652536437853806, -5.218484827770423, -13.068303893454146, -8.462036718713438, -17.783705200238177, -28.983319812368347, -19.77093923178117, -43.58398912119481, -42.309534905247666, -33.58190776005164, -52.19928705275711, -56.30252307704565, -79.5895163983081, -65.28868260757119, -95.55324579026595, -102.35570697424582, -91.44822897686178, -124.26608397481246, -107.1196847455576, -105.16080615784492, -124.5721632829886, -160.52443680399074]","[31.8, 35.1, 34.45, 35.85, 36.2, 32.25, 39.6, 36.2, 35.3, 35.85, 37.6, 40.5, 33.95, 42.45, 40.95, 37.95, 38.1, 42.2, 35.25, 36.3, 37.5, 33.85, 32.55, 36.35, 33.8, 35.25, 34.0, 36.1, 42.15, 33.2, 33.95, 35.0, 32.75, 31.6, 36.55]","[12.140195369720459, 63.95901560783386, 114.55651712417603, 169.4106800556183, 223.67169713974, 278.50460267066956, 333.9124846458435, 388.61339116096497, 443.50306129455566, 497.6656882762909, 551.6847524642944, 604.5447640419006, 654.3004801273346, 704.316113948822, 755.5965311527252, 806.6808581352234, 856.4609360694885, 907.5203218460083, 956.5706269741058, 1006.3674039840698, 1055.8542397022247, 1106.323869228363, 1155.7356688976288, 1204.633942604065, 1253.419350385666, 1302.1096489429474, 1351.6769704818726, 1400.1307353973389, 1449.5460903644562, 1498.34153008461, 1547.2871901988983, 1594.6905546188354, 1642.4180595874786, 1692.032378911972, 1739.9551663398743]","[0, 10, 20, 30, 40, 50, 60, 70, 80, 90, 100, 110, 120, 130, 140, 150, 160, 170, 180, 190, 200, 210, 220, 230, 240, 250, 260, 270, 280, 290, 300, 310, 320, 330, 340]","[7, 54, 99, 145, 190, 236, 281, 326, 372, 417, 463, 508, 553, 599, 644, 690, 735, 780, 826, 871, 917, 962, 1007, 1053, 1098, 1144, 1189, 1234, 1280, 1325, 1371, 1416, 1461, 1507, 1552]","[16, 16]"
ulr1ov1i,effortless-dust-168,BC,l2f_bc,finished,https://wandb.ai/korneelvandenberghe/l2f_bc/runs/ulr1ov1i,2024-10-13T16:58:58Z,-150.16119069869512,36.9,2.0,True,"[19.23158619515964, 17.00420494589103, 17.365517678530637, 11.51138851905974, 9.837772304511146, 9.795658593020587, 13.321498111185907, 12.067258621849138, 13.30614531645513, 6.006624299210587, 1.8228656746441796, 3.859317664689983, 0.155051766485688, -8.92221458417015, -6.316905271194853, -12.277739851659566, -18.919543978770307, -18.597320609921784, -26.7942721596946, -31.666813285701256, -42.23779690483504, -37.543180151894, -38.02681530110448, -65.58075381996382, -54.54823337661751, -81.2440421837056, -84.1697861304953, -85.64825200168949, -91.6257531199511, -116.12124105850562, -118.63599664239469, -128.49157704418855, -122.84022419466756, -159.13110237527243, -150.16119069869512]","[35.1, 35.45, 36.3, 34.65, 31.65, 33.3, 39.6, 39.45, 45.05, 36.15, 37.45, 38.2, 34.5, 30.05, 30.85, 39.05, 35.65, 26.7, 33.85, 35.1, 41.35, 37.7, 39.45, 39.45, 36.1, 36.15, 38.6, 35.2, 32.05, 36.15, 34.55, 40.2, 32.7, 39.3, 36.9]","[11.856942892074585, 57.0366485118866, 95.52839589118958, 140.89111852645874, 183.61429405212402, 225.9021611213684, 269.1667764186859, 311.0537254810333, 352.88241934776306, 398.23280811309814, 439.9082508087158, 480.167831659317, 524.9714953899384, 568.5084393024445, 613.6440260410309, 652.9404420852661, 694.115184545517, 734.6677258014679, 777.8557789325714, 817.6517667770386, 857.1186511516571, 897.5482487678528, 940.2531845569611, 984.18341755867, 1023.8345155715942, 1068.1262221336365, 1107.4388227462769, 1147.2509059906006, 1188.3598527908325, 1227.554668188095, 1271.2410757541656, 1310.0908954143524, 1349.747638463974, 1390.3926994800568, 1427.1134855747223]","[0, 10, 20, 30, 40, 50, 60, 70, 80, 90, 100, 110, 120, 130, 140, 150, 160, 170, 180, 190, 200, 210, 220, 230, 240, 250, 260, 270, 280, 290, 300, 310, 320, 330, 340]","[7, 54, 99, 145, 190, 236, 281, 326, 372, 417, 463, 508, 553, 599, 644, 690, 735, 780, 826, 871, 917, 962, 1007, 1053, 1098, 1144, 1189, 1234, 1280, 1325, 1371, 1416, 1461, 1507, 1552]","[32, 32]"
jo6zwqhr,fancy-morning-169,BC,l2f_bc,finished,https://wandb.ai/korneelvandenberghe/l2f_bc/runs/jo6zwqhr,2024-10-13T16:59:06Z,-187.1643145735265,41.5,2.0,True,"[18.185193122889668, 16.020812750333874, 17.713848068167877, 14.951964276028372, 13.227317110170224, 4.17026556149337, 6.441820451430345, 9.806258014307039, -0.4090088057082707, 4.592934114391214, 5.016788744804501, -4.914962105818753, -3.799678499268603, -10.32356562566636, -5.42247926693687, -22.587970224647492, -22.667675728374324, -19.98799715420609, -29.977024748872537, -22.74267148224539, -43.72279230026157, -59.021366831761135, -55.98281209805729, -55.73907292403002, -62.38772446159487, -83.75121544221949, -89.68589685359612, -102.37245987166554, -126.08979164629424, -184.55241476002175, -146.71481822206607, -137.17287224901744, -140.2886674346869, -169.78269207791308, -187.1643145735265]","[36.4, 31.5, 41.8, 34.75, 33.8, 32.1, 35.95, 31.9, 33.65, 43.55, 41.65, 35.35, 35.05, 38.4, 48.8, 33.9, 37.0, 31.0, 35.95, 33.35, 40.15, 50.2, 53.0, 33.05, 31.6, 31.45, 40.4, 41.05, 35.0, 66.75, 51.2, 34.75, 28.75, 41.45, 41.5]","[13.182384252548218, 65.39637470245361, 117.40857267379761, 173.1696286201477, 229.8217170238495, 285.1743564605713, 339.08683252334595, 395.19087982177734, 449.5947058200836, 502.20149207115173, 558.4446070194244, 611.6009936332703, 661.5752766132355, 712.3091609477997, 763.5046548843384, 814.0550851821899, 863.5911197662354, 914.0517377853394, 964.3090901374817, 1014.6590192317963, 1065.843588590622, 1116.9559924602509, 1167.8834474086761, 1219.3437509536743, 1271.5410668849945, 1320.9204049110413, 1370.9363403320312, 1422.5248277187347, 1471.5247933864594, 1521.0462305545807, 1569.7532272338867, 1620.07866024971, 1670.1662647724152, 1720.8413808345795, 1768.8139083385468]","[0, 10, 20, 30, 40, 50, 60, 70, 80, 90, 100, 110, 120, 130, 140, 150, 160, 170, 180, 190, 200, 210, 220, 230, 240, 250, 260, 270, 280, 290, 300, 310, 320, 330, 340]","[7, 54, 99, 145, 190, 236, 281, 326, 372, 417, 463, 508, 553, 599, 644, 690, 735, 780, 826, 871, 917, 962, 1007, 1053, 1098, 1144, 1189, 1234, 1280, 1325, 1371, 1416, 1461, 1507, 1552]","[64, 64]"
4c74b50b,atomic-silence-173,BC,l2f_bc,finished,https://wandb.ai/korneelvandenberghe/l2f_bc/runs/4c74b50b,2024-10-13T17:34:51Z,16.131731925853103,32.9,2.0,True,"[22.583415131303145, 16.659373224466894, 17.403301418616536, 17.099798722313984, 19.62198588535817, 20.161585918863558, 22.2986710046125, 19.077480398185376, 20.866503584740165, 17.71856067031363, 18.550676660308717, 23.32443658380678, 19.258133097189635, 17.865844357178627, 27.095046787393066, 20.700261741783287, 15.068055930873786, 22.67946389709119, 18.779124221552518, 27.34904706493266, 12.378907080731251, 18.947330986350746, 17.8061274397552, 17.89247759225277, 22.686986581408355, 16.54833116674306, 15.304155109306581, 24.02981652321686, 17.101435215702203, 27.089917077268915, 26.040215066825947, 15.667285649599037, 21.383403500149196, 19.986729137714658, 16.131731925853103]","[38.0, 35.45, 34.85, 31.35, 37.55, 40.15, 43.95, 33.45, 36.95, 33.4, 34.1, 37.35, 35.15, 33.9, 43.75, 41.75, 30.85, 41.95, 36.2, 44.85, 29.5, 35.35, 37.15, 37.6, 40.5, 34.25, 33.8, 43.2, 35.15, 46.1, 43.05, 34.1, 39.05, 35.4, 32.9]","[12.628411293029785, 63.09972429275513, 114.73858547210693, 164.7994499206543, 214.10966563224792, 263.8446891307831, 311.7657244205475, 360.4525020122528, 408.5176477432251, 457.56544184684753, 506.58860635757446, 554.9949312210083, 603.7564191818237, 653.2804312705994, 702.0610535144806, 750.5213429927826, 800.1840374469757, 850.7551097869873, 899.1882774829865, 949.239800453186, 999.7227873802185, 1049.247923374176, 1098.661131620407, 1147.2453899383545, 1196.3982813358307, 1245.1272821426392, 1292.2346968650818, 1341.3075604438782, 1388.108987569809, 1438.4363644123077, 1491.2847158908844, 1544.77366232872, 1601.4425702095032, 1660.2878274917603, 1714.7349953651428]","[0, 10, 20, 30, 40, 50, 60, 70, 80, 90, 100, 110, 120, 130, 140, 150, 160, 170, 180, 190, 200, 210, 220, 230, 240, 250, 260, 270, 280, 290, 300, 310, 320, 330, 340]","[6, 53, 98, 143, 188, 233, 278, 323, 368, 413, 458, 503, 548, 593, 638, 683, 728, 773, 818, 863, 908, 953, 998, 1043, 1088, 1133, 1178, 1223, 1268, 1313, 1358, 1403, 1448, 1493, 1538]","[64, 64]"
jp8xwbpn,faithful-breeze-174,BC,l2f_bc,finished,https://wandb.ai/korneelvandenberghe/l2f_bc/runs/jp8xwbpn,2024-10-13T17:34:57Z,16.07534423767435,32.5,2.0,True,"[21.50111798282863, 14.711504232701802, 20.282353916512044, 22.701649023306455, 17.093951177783612, 17.25635897667829, 18.813907878414728, 16.286932594640366, 19.678851907264676, 15.0964411894798, 17.388439487449517, 15.412530013141742, 16.072859018355715, 19.374672831745464, 19.814951495075412, 15.008584714178545, 20.254009838362037, 19.528627933987458, 22.432349983975747, 14.478397377522867, 19.522241582234095, 18.258224246077226, 18.170278136578414, 17.47029925863985, 18.106370948863777, 15.366392159717927, 19.38217695181354, 17.305337878531372, 23.42668048648841, 17.424010336670783, 18.43063074900548, 20.28153531572274, 17.338697412614767, 16.345926725091317, 16.07534423767435]","[40.0, 30.15, 38.75, 40.0, 32.2, 34.75, 33.5, 30.65, 36.1, 32.55, 32.2, 33.85, 31.35, 37.95, 35.25, 32.3, 36.75, 40.3, 39.5, 33.0, 35.35, 35.4, 32.75, 34.4, 33.55, 30.15, 36.85, 36.5, 38.3, 35.6, 39.35, 38.45, 33.3, 30.0, 32.5]","[13.22053575515747, 62.64541006088257, 114.36467695236206, 163.72394466400146, 213.98722434043884, 263.84552693367004, 313.42883706092834, 360.4074478149414, 410.11745047569275, 458.98274087905884, 506.95386838912964, 555.1215209960938, 603.5863943099976, 652.7502241134644, 701.3670346736908, 749.4580383300781, 798.6153995990753, 847.4324817657471, 895.5831336975098, 943.7421495914459, 991.9376468658447, 1040.8457355499268, 1089.1934854984283, 1138.8058614730835, 1188.5432827472687, 1237.0531351566315, 1285.0773556232452, 1332.8794276714325, 1381.0309228897095, 1430.251291513443, 1484.758448600769, 1538.6749022006989, 1596.1840257644653, 1652.5423557758331, 1705.886611700058]","[0, 10, 20, 30, 40, 50, 60, 70, 80, 90, 100, 110, 120, 130, 140, 150, 160, 170, 180, 190, 200, 210, 220, 230, 240, 250, 260, 270, 280, 290, 300, 310, 320, 330, 340]","[6, 53, 98, 143, 188, 233, 278, 323, 368, 413, 458, 503, 548, 593, 638, 683, 728, 773, 818, 863, 908, 953, 998, 1043, 1088, 1133, 1178, 1223, 1268, 1313, 1358, 1403, 1448, 1493, 1538]","[32, 32]"
fsuolqnx,frosty-tree-175,BC,l2f_bc,finished,https://wandb.ai/korneelvandenberghe/l2f_bc/runs/fsuolqnx,2024-10-13T17:35:01Z,13.562696419916936,30.7,2.0,True,"[15.928944447286861, 14.507644823458174, 22.00959332795343, 17.52595539552474, 17.147510671942054, 17.456862183484716, 15.87102251618137, 18.54511297961715, 19.48533762596581, 16.003216759484655, 16.039072066029785, 15.748534998104754, 18.269921131240828, 22.84406305270883, 23.96098884001161, 16.341446449453194, 18.642994180572554, 19.25721774426301, 19.107689447756346, 21.043513978365418, 19.22128667968363, 18.118331797062833, 19.422412361832688, 16.819816275819317, 17.76189186396617, 18.23668934134435, 18.697286576794216, 21.997415656841156, 24.030288816938434, 19.695183996061424, 23.130411843664266, 21.913639127801204, 15.095806830006898, 24.839594542933888, 13.562696419916936]","[35.3, 28.85, 36.75, 37.7, 37.15, 34.3, 34.25, 37.75, 38.65, 31.5, 33.45, 33.7, 35.15, 39.55, 40.25, 31.95, 35.95, 38.55, 35.6, 38.3, 39.0, 35.4, 34.95, 37.1, 33.5, 36.95, 32.2, 37.95, 41.25, 40.55, 39.55, 38.2, 32.55, 40.25, 30.7]","[12.151498794555664, 52.93207120895386, 100.1740710735321, 145.16677141189575, 187.18848395347595, 229.55674004554749, 270.94902515411377, 313.03468012809753, 350.8651957511902, 388.14054226875305, 426.64756083488464, 463.39707112312317, 507.8789653778076, 546.3791592121124, 584.5354244709015, 622.980180978775, 661.8175539970398, 702.7377142906189, 742.7070937156677, 785.5474588871002, 823.8025825023651, 863.2751717567444, 902.7827632427216, 939.4381742477417, 977.3591437339783, 1015.6422731876373, 1062.1186323165894, 1101.3243436813354, 1139.3042118549347, 1179.4561157226562, 1215.9082643985748, 1252.7689411640167, 1292.6630113124847, 1329.5795516967773, 1368.3594267368317]","[0, 10, 20, 30, 40, 50, 60, 70, 80, 90, 100, 110, 120, 130, 140, 150, 160, 170, 180, 190, 200, 210, 220, 230, 240, 250, 260, 270, 280, 290, 300, 310, 320, 330, 340]","[6, 53, 98, 143, 188, 233, 278, 323, 368, 413, 458, 503, 548, 593, 638, 683, 728, 773, 818, 863, 908, 953, 998, 1043, 1088, 1133, 1178, 1223, 1268, 1313, 1358, 1403, 1448, 1493, 1538]","[16, 16]"
zds06lru,chocolate-voice-176,BC,l2f_bc,finished,https://wandb.ai/korneelvandenberghe/l2f_bc/runs/zds06lru,2024-10-13T17:58:43Z,57.003455277280395,85.15,2.0,False,"[20.104895311514664, 16.642903095732038, 16.27068168132312, 19.340036158874632, 19.799074396848173, 16.534274758928113, 18.033589279815097, 24.794517048653642, 19.53695914346816, 22.195452217067533, 17.75932526839678, 19.93903258049233, 15.336220397327992, 25.013677864944775, 18.202229333239607, 17.390095589842197, 18.952300639817285, 25.72738108606295, 19.22031926063104, 19.281917554857127, 19.435314129857915, 18.468776322940723, 14.708877535755795, 23.249735852364793, 17.091179261682214, 44.5978404762714, 20.118814412996155, 59.48068679625968, 61.75571165864733, 59.32815318884042, 140.0785568276693, 98.96480302297769, 59.55222021282445, 96.40045336727812, 57.003455277280395]","[37.0, 36.4, 33.7, 36.75, 35.6, 35.4, 33.05, 45.5, 36.1, 40.7, 32.15, 38.25, 33.0, 43.05, 36.5, 34.4, 35.25, 44.95, 37.15, 32.65, 34.6, 35.4, 31.7, 43.05, 34.05, 81.9, 38.9, 88.15, 88.25, 88.45, 184.9, 130.75, 81.6, 130.6, 85.15]","[11.792446374893188, 60.46181297302246, 106.2425901889801, 155.86436343193054, 204.74006128311157, 255.8824861049652, 303.5601718425751, 351.10777711868286, 397.67940759658813, 450.14751076698303, 502.2335488796234, 552.1510920524597, 599.8319563865662, 646.7295773029327, 696.5068020820618, 744.5069463253021, 794.6186242103577, 844.6090488433838, 891.95885014534, 942.5098967552185, 991.1353302001953, 1040.3103766441345, 1088.4664788246155, 1139.544989824295, 1188.7191724777222, 1241.626564025879, 1286.197033882141, 1331.9139833450317, 1380.6013896465302, 1424.9575021266937, 1478.0783977508545, 1528.1447265148163, 1579.5600035190582, 1632.8464760780334, 1681.2157700061798]","[0, 10, 20, 30, 40, 50, 60, 70, 80, 90, 100, 110, 120, 130, 140, 150, 160, 170, 180, 190, 200, 210, 220, 230, 240, 250, 260, 270, 280, 290, 300, 310, 320, 330, 340]","[6, 49, 92, 135, 178, 221, 264, 307, 350, 393, 436, 479, 522, 565, 608, 651, 694, 737, 780, 823, 866, 909, 952, 995, 1038, 1081, 1124, 1167, 1210, 1253, 1296, 1339, 1382, 1425, 1468]","[16, 16]"
oq8cbehg,northern-violet-177,BC,l2f_bc,finished,https://wandb.ai/korneelvandenberghe/l2f_bc/runs/oq8cbehg,2024-10-13T18:04:24Z,103.1829691624051,131.25,2.0,False,"[17.1191221461029, 16.592483221373488, 17.44924252115942, 16.900766995840147, 17.846830678674984, 19.723289966238656, 15.112849117122158, 15.245936970995377, 18.978220031922664, 15.58906359582134, 26.17702811141322, 20.5938661793296, 19.750509421456016, 22.066106377764854, 38.997098582788716, 20.302134096400938, 60.88178714235001, 20.71619360841638, 91.87615510888415, 23.617054265107804, 133.08681820102228, 64.02508111272951, 143.30143393166975, 61.811779442895144, 64.41781117417608, 27.40557451420297, 106.26274689317265, 99.82447693160331, 100.1084909761863, 62.75509106345398, 57.037978977786636, 148.71248501590543, 23.249766470425044, 17.918798986103134, 103.1829691624051]","[36.75, 35.05, 34.85, 32.95, 35.65, 37.35, 30.25, 33.95, 39.25, 29.65, 46.3, 36.75, 39.45, 36.1, 66.5, 39.1, 92.35, 37.55, 132.95, 39.45, 181.35, 86.85, 181.85, 86.95, 88.85, 47.55, 138.2, 127.2, 126.95, 85.1, 80.35, 187.7, 44.95, 34.75, 131.25]","[12.066128015518188, 58.75170278549194, 103.38379716873169, 147.97151017189026, 193.42242789268494, 236.07986569404602, 282.52661657333374, 327.06922149658203, 371.42201352119446, 416.1079378128052, 458.39133381843567, 500.5822696685791, 543.4570524692535, 586.2786450386047, 630.1685209274292, 675.8644864559174, 721.9924042224884, 764.5320563316345, 811.7205612659454, 855.8097717761993, 902.4843065738678, 954.4436683654785, 1015.0451118946075, 1073.7211430072784, 1132.9230406284332, 1190.8182899951935, 1253.0426106452942, 1313.0889253616333, 1371.7483930587769, 1428.1545684337616, 1481.119707107544, 1537.9638993740082, 1587.0518651008606, 1641.9885985851288, 1697.0532026290894]","[0, 10, 20, 30, 40, 50, 60, 70, 80, 90, 100, 110, 120, 130, 140, 150, 160, 170, 180, 190, 200, 210, 220, 230, 240, 250, 260, 270, 280, 290, 300, 310, 320, 330, 340]","[6, 49, 92, 135, 178, 221, 264, 307, 350, 393, 436, 479, 522, 565, 608, 651, 694, 737, 780, 823, 866, 909, 952, 995, 1038, 1081, 1124, 1167, 1210, 1253, 1296, 1339, 1382, 1425, 1468]","[32, 32]"
ea976jet,scarlet-wave-178,BC,l2f_bc,finished,https://wandb.ai/korneelvandenberghe/l2f_bc/runs/ea976jet,2024-10-13T18:04:29Z,147.13980036770516,182.95,2.0,False,"[18.524538682790507, 18.775888537257167, 17.27436870706373, 19.758870313412384, 19.37568132128239, 19.795128653984815, 22.96056608930522, 18.37796151476109, 16.9239258965758, 18.306395204096596, 100.42939090461648, 19.640836935749203, 88.1070413969115, 95.90102071251185, 59.67446686813012, 132.45802146975106, 23.12784737485707, 61.1981101453239, 21.491286983454877, 16.368113983800786, 65.73653816918542, 58.798291751955944, 144.76743840595537, 236.41451891775858, 110.41206430322225, 103.22839998215163, 66.72997946677059, 143.80533781329288, 145.61099320236707, 17.949711668271142, 150.51289412819946, 148.879176123525, 146.2828059507191, 64.57160825971677, 147.13980036770516]","[35.95, 36.25, 37.9, 39.45, 37.25, 36.1, 39.95, 36.45, 32.0, 34.85, 135.25, 36.1, 131.4, 147.0, 85.55, 182.9, 39.85, 85.05, 46.55, 36.55, 91.6, 81.25, 180.55, 293.6, 138.6, 129.25, 90.7, 179.7, 177.45, 33.7, 190.35, 182.0, 184.25, 90.0, 182.95]","[14.15810227394104, 67.78881001472473, 122.11819553375244, 176.16729354858398, 229.98552751541138, 279.5464987754822, 330.3184926509857, 381.11875891685486, 433.6563808917999, 485.72869873046875, 542.1503915786743, 597.6886019706726, 651.5429713726044, 709.1487221717834, 761.0359382629395, 819.7668149471283, 873.116934299469, 925.795149564743, 986.4310972690582, 1040.7514157295227, 1100.7836065292358, 1164.279730796814, 1225.764720916748, 1294.5199375152588, 1354.338265657425, 1413.3396606445312, 1468.9609334468842, 1526.4388394355774, 1587.823121547699, 1643.1209406852722, 1700.8411586284637, 1760.095088005066, 1823.9242479801178, 1885.2971258163452, 1949.5231845378876]","[0, 10, 20, 30, 40, 50, 60, 70, 80, 90, 100, 110, 120, 130, 140, 150, 160, 170, 180, 190, 200, 210, 220, 230, 240, 250, 260, 270, 280, 290, 300, 310, 320, 330, 340]","[6, 49, 92, 135, 178, 221, 264, 307, 350, 393, 436, 479, 522, 565, 608, 651, 694, 737, 780, 823, 866, 909, 952, 995, 1038, 1081, 1124, 1167, 1210, 1253, 1296, 1339, 1382, 1425, 1468]","[64, 64]"
6porz8x2,clear-meadow-179,BC,l2f_bc,finished,https://wandb.ai/korneelvandenberghe/l2f_bc/runs/6porz8x2,2024-10-13T18:27:42Z,21.90385616166263,38.65,25.0,False,"[15.996974338505998, 17.592411411199954, 21.03080566830821, 16.92844480613266, 17.29396701003538, 19.62802267349712, 22.6134973917352, 19.94519046848769, 21.714826726516257, 16.41082632614062, 21.30986656308902, 18.92526978257161, 22.090814439747305, 17.121970409476003, 16.479698546593266, 17.028141895569327, 14.360253351075281, 20.777103303395332, 17.12197801037772, 17.695688722783423, 19.242678808293878, 19.087830626609076, 21.428169075446448, 18.85678447575163, 21.31981159265376, 18.357975327481782, 22.762443785471152, 18.82499950830477, 16.702616551637934, 19.43114241007363, 21.532193306483588, 18.580133747105613, 19.627608427529232, 23.84280597359662, 21.90385616166263]","[33.7, 33.2, 35.7, 32.4, 34.1, 33.65, 42.25, 35.3, 38.35, 34.1, 35.85, 36.15, 35.25, 33.4, 33.8, 34.9, 31.2, 39.35, 33.7, 38.85, 36.75, 35.4, 40.4, 38.65, 41.35, 36.3, 40.85, 35.05, 35.8, 36.8, 42.4, 40.05, 41.15, 44.85, 38.65]","[12.688167572021484, 57.79891324043274, 99.81040596961975, 145.81426095962524, 192.41913223266602, 235.9016478061676, 283.3650155067444, 330.2378079891205, 380.3186285495758, 430.98234963417053, 483.4988832473755, 534.7963681221008, 583.7866473197937, 634.8138110637665, 688.038733959198, 740.4720945358276, 793.249918460846, 845.7817566394806, 901.9953391551971, 958.4984948635101, 1009.4762675762177, 1060.1599099636078, 1113.6239700317383, 1170.9042086601257, 1224.0195529460907, 1278.2317831516266, 1331.2645237445831, 1384.4563705921173, 1438.131269454956, 1489.0178933143616, 1537.542824268341, 1591.6306910514832, 1643.6258039474487, 1695.9813208580017, 1748.5451033115387]","[0, 10, 20, 30, 40, 50, 60, 70, 80, 90, 100, 110, 120, 130, 140, 150, 160, 170, 180, 190, 200, 210, 220, 230, 240, 250, 260, 270, 280, 290, 300, 310, 320, 330, 340]","[6, 49, 92, 135, 178, 221, 264, 307, 350, 393, 436, 479, 522, 565, 608, 651, 694, 737, 780, 823, 866, 909, 952, 995, 1038, 1081, 1124, 1167, 1210, 1253, 1296, 1339, 1382, 1425, 1468]","[16, 16]"
dz3qko1x,helpful-wildflower-180,BC,l2f_bc,finished,https://wandb.ai/korneelvandenberghe/l2f_bc/runs/dz3qko1x,2024-10-13T18:33:44Z,63.82452157146211,92.75,25.0,False,"[21.18228737656778, 18.484019122885183, 18.753877568909722, 18.947559871370974, 15.444453983990439, 18.520584907181593, 22.861757799171652, 17.182905459632057, 16.33929466964601, 28.896200106446365, 28.18733949734937, 15.069598988192075, 29.328412337856935, 20.289903592492912, 18.023430068845947, 21.054662652158882, 19.41129682695278, 18.813225184141054, 54.28139409940619, 175.862099354328, 57.73104524195791, 102.40368684491575, 102.91508401523126, 143.47285412392398, 110.25145189451503, 21.97469043686387, 105.59549058245992, 107.48268019648155, 196.89803137508648, 108.59606859918594, 110.37247035075555, 103.98554853619919, 149.67055267735103, 18.363299355353373, 63.82452157146211]","[36.85, 33.45, 38.45, 39.3, 31.15, 35.65, 45.3, 33.9, 32.95, 47.6, 49.8, 34.35, 53.35, 39.8, 39.1, 41.0, 35.85, 38.0, 80.95, 231.15, 83.4, 136.0, 138.75, 179.1, 138.5, 41.6, 132.85, 135.75, 240.25, 139.7, 139.5, 132.05, 182.95, 37.65, 92.75]","[12.90428113937378, 68.54201316833496, 124.17844843864441, 181.79867815971375, 234.48761987686157, 289.4545011520386, 349.7414073944092, 409.40049052238464, 466.16530323028564, 523.578047990799, 580.6779413223267, 639.9318506717682, 700.2385663986206, 758.1451025009155, 814.7726099491119, 868.947199344635, 926.1556177139282, 985.0347139835358, 1044.2872438430786, 1108.205246925354, 1166.3109781742096, 1225.8647515773773, 1286.9744355678558, 1346.8469185829163, 1404.4097068309784, 1458.0629422664642, 1518.0486462116241, 1578.0303220748901, 1641.5933346748352, 1701.8863017559052, 1761.3990623950958, 1814.787279844284, 1870.9967138767242, 1923.9489817619324, 1980.5961191654205]","[0, 10, 20, 30, 40, 50, 60, 70, 80, 90, 100, 110, 120, 130, 140, 150, 160, 170, 180, 190, 200, 210, 220, 230, 240, 250, 260, 270, 280, 290, 300, 310, 320, 330, 340]","[6, 49, 92, 135, 178, 221, 264, 307, 350, 393, 436, 479, 522, 565, 608, 651, 694, 737, 780, 823, 866, 909, 952, 995, 1038, 1081, 1124, 1167, 1210, 1253, 1296, 1339, 1382, 1425, 1468]","[32, 32]"
a2yo01g8,prime-river-181,BC,l2f_bc,finished,https://wandb.ai/korneelvandenberghe/l2f_bc/runs/a2yo01g8,2024-10-13T18:38:08Z,148.0288132106976,183.15,25.0,False,"[20.919077137315302, 22.424708661724225, 22.841591136364844, 29.143460756702474, 18.124805727339698, 20.41820753917556, 25.383715337211218, 15.354369952565222, 63.23312878764095, 58.966315620102066, 106.1466005904501, 146.51630097787427, 192.49856602045116, 189.3768807449622, 60.18820134071874, 277.0187988784506, 97.60832629105087, 15.533835621950402, 191.0675613096821, 103.44447821909337, 58.6209949508297, 190.83169743110412, 108.9013905003878, 234.8510140348144, 238.96426797800132, 109.06468436929167, 60.311142128350525, 104.3029872017122, 99.31899624805277, 231.34478881099207, 238.51561039195167, 235.62706681146892, 146.13179316692626, 147.5691961899218, 148.0288132106976]","[36.05, 40.3, 41.05, 47.85, 34.35, 39.75, 46.45, 35.85, 85.3, 80.75, 140.0, 184.2, 232.65, 230.45, 84.35, 329.7, 128.75, 33.3, 231.2, 132.75, 82.05, 227.85, 135.55, 278.1, 281.15, 139.85, 86.7, 132.15, 129.65, 278.6, 281.5, 281.75, 181.1, 181.7, 183.15]","[14.408092975616455, 73.64347290992737, 132.7333378791809, 191.8374538421631, 251.2585747241974, 309.1595401763916, 369.5115165710449, 430.1953070163727, 490.8196122646332, 549.246481180191, 611.1324148178101, 673.781121969223, 736.7162675857544, 802.6669516563416, 864.9993100166321, 933.3262181282043, 996.519002199173, 1055.0560331344604, 1120.1435906887054, 1182.790627002716, 1241.382084608078, 1303.9451463222504, 1365.5579109191895, 1428.4439046382904, 1494.7263050079346, 1550.9624919891357, 1605.2839114665985, 1663.6406600475311, 1723.0728602409363, 1785.394014120102, 1854.2159657478333, 1924.5354361534119, 1990.3228814601898, 2060.9056313037872, 2128.6031634807587]","[0, 10, 20, 30, 40, 50, 60, 70, 80, 90, 100, 110, 120, 130, 140, 150, 160, 170, 180, 190, 200, 210, 220, 230, 240, 250, 260, 270, 280, 290, 300, 310, 320, 330, 340]","[6, 49, 92, 135, 178, 221, 264, 307, 350, 393, 436, 479, 522, 565, 608, 651, 694, 737, 780, 823, 866, 909, 952, 995, 1038, 1081, 1124, 1167, 1210, 1253, 1296, 1339, 1382, 1425, 1468]","[64, 64]"
ld5zdw00,playful-dawn-182,BC,l2f_bc,finished,https://wandb.ai/korneelvandenberghe/l2f_bc/runs/ld5zdw00,2024-10-13T18:57:51Z,15.080170563542822,30.35,50.0,False,"[15.463304539095802, 22.660505079194646, 17.233145916845054, 17.987052401738627, 16.79442808518136, 20.479604236509072, 18.777129695384296, 17.058896531024743, 22.066122519255565, 21.302920082530314, 19.039906846232952, 19.218402184147894, 18.105364592646755, 19.06412899577559, 23.363064609585642, 23.371061086725184, 15.610540325855471, 19.559001895810184, 25.69762694654279, 20.553509474451644, 19.991294427647432, 17.014155174616633, 16.437644334087025, 25.757050874160427, 12.997728667487788, 20.1109411524751, 22.11458194615893, 21.496898219333577, 16.260055105653574, 22.94187907872406, 16.26708432317109, 24.613034491789357, 16.93517526856321, 21.977538728550034, 15.080170563542822]","[30.35, 40.3, 33.85, 32.95, 33.95, 38.7, 36.0, 33.25, 39.45, 39.0, 35.2, 36.4, 37.2, 38.9, 39.1, 38.8, 31.85, 37.6, 45.1, 37.4, 38.05, 34.7, 34.9, 49.05, 30.75, 43.3, 40.45, 40.45, 33.85, 38.2, 36.1, 47.2, 37.6, 41.05, 30.35]","[12.528310775756836, 62.72622585296631, 113.66921877861023, 164.82346057891846, 216.92634057998657, 268.2919979095459, 318.11975049972534, 367.2579357624054, 420.8819668292999, 470.563143491745, 515.6174774169922, 565.4821193218231, 615.6898941993713, 659.719096660614, 706.4718172550201, 750.0856051445007, 794.509519815445, 842.0748062133789, 886.8532218933105, 934.2502331733704, 979.719758272171, 1025.0047552585602, 1072.455960035324, 1116.322098016739, 1162.2041501998901, 1206.304601430893, 1255.5640587806702, 1302.3270518779755, 1347.3969230651855, 1390.6760513782501, 1434.9775671958923, 1478.0693752765656, 1520.7731041908264, 1564.2933390140533, 1605.4940955638885]","[0, 10, 20, 30, 40, 50, 60, 70, 80, 90, 100, 110, 120, 130, 140, 150, 160, 170, 180, 190, 200, 210, 220, 230, 240, 250, 260, 270, 280, 290, 300, 310, 320, 330, 340]","[6, 49, 92, 135, 178, 221, 264, 307, 350, 393, 436, 479, 522, 565, 608, 651, 694, 737, 780, 823, 866, 909, 952, 995, 1038, 1081, 1124, 1167, 1210, 1253, 1296, 1339, 1382, 1425, 1468]","[16, 16]"
xk6as5zx,silvery-fire-184,BC,l2f_bc,finished,https://wandb.ai/korneelvandenberghe/l2f_bc/runs/xk6as5zx,2024-10-13T19:07:46Z,19.40345040961771,40.55,50.0,False,"[16.98480473758008, 17.41876036576919, 16.181211661613997, 17.176207682197923, 22.129348217934005, 16.757590829768723, 24.470930672771864, 21.45091574653261, 15.807122408112216, 18.392703794210473, 16.123626154740442, 21.66886516036813, 23.748716050437913, 27.03789565173343, 16.534501643564816, 16.554383851723617, 33.43128247648401, 20.008114501419364, 24.75615720894198, 16.704685841048814, 17.64701964915094, 26.110663951329474, 21.435794484212096, 102.47504612012054, 69.37694782662376, 20.061307502151823, 18.345376931082374, 14.4536940984384, 21.031367176652765, 17.57782819785717, 24.95227866153632, 108.38932349424286, 18.018137643035026, 23.6284162427808, 19.40345040961771]","[34.1, 35.5, 36.4, 40.0, 44.0, 30.65, 42.15, 38.85, 32.2, 39.3, 30.35, 39.55, 41.35, 50.9, 32.9, 36.35, 53.0, 39.8, 47.25, 33.9, 32.8, 46.3, 38.35, 134.9, 96.55, 41.85, 33.85, 34.3, 41.9, 35.0, 47.55, 138.6, 35.75, 41.75, 40.55]","[12.921940565109253, 60.058170318603516, 110.73646521568298, 160.47405362129211, 211.39372563362122, 260.24519300460815, 308.1466450691223, 357.7575752735138, 408.35550451278687, 457.2947447299957, 506.68990325927734, 558.4411745071411, 606.7729208469391, 658.0699713230133, 715.4047002792358, 771.7080388069153, 819.3085858821869, 866.9870297908783, 917.5633599758148, 964.5696394443512, 1014.7918477058411, 1060.2593622207642, 1113.526707649231, 1167.8110074996948, 1222.0269088745117, 1268.4456586837769, 1324.7369830608368, 1379.0197529792786, 1430.0951404571533, 1482.7336072921753, 1535.682716369629, 1595.4516179561615, 1647.1253204345703, 1699.9506096839905, 1747.8763308525085]","[0, 10, 20, 30, 40, 50, 60, 70, 80, 90, 100, 110, 120, 130, 140, 150, 160, 170, 180, 190, 200, 210, 220, 230, 240, 250, 260, 270, 280, 290, 300, 310, 320, 330, 340]","[6, 49, 92, 135, 178, 221, 264, 307, 350, 393, 436, 479, 522, 565, 608, 651, 694, 737, 780, 823, 866, 909, 952, 995, 1038, 1081, 1124, 1167, 1210, 1253, 1296, 1339, 1382, 1425, 1468]","[32, 32]"
ud0mtn5l,glorious-frost-185,BC,l2f_bc,finished,https://wandb.ai/korneelvandenberghe/l2f_bc/runs/ud0mtn5l,2024-10-13T19:13:02Z,21.860208994881816,39.8,2.0,True,"[18.35669799096918, 17.42830472947379, 18.099539182514942, 18.308938008220856, 16.866591079435455, 16.206558168737587, 16.30861796125503, 21.478144888193352, 22.125812521009944, 19.80945945976869, 18.904688478448932, 17.011784794481155, 21.5854163457958, 17.8544106115126, 16.00235846345703, 17.715241490019828, 17.004422979083753, 18.842759577736924, 21.0346893633509, 18.891856273497492, 22.928088802137072, 16.896443440415943, 16.281899215901902, 20.638625328693102, 20.83510701097869, 19.704199418830708, 18.700292508800764, 20.720548255443763, 24.754292155045498, 21.845034585854012, 20.755810714783156, 15.610407745177294, 17.042549824362425, 15.399824966516581, 21.860208994881816]","[37.2, 34.7, 32.05, 33.75, 33.55, 33.2, 31.0, 39.65, 38.65, 35.3, 35.5, 36.55, 41.2, 36.8, 32.0, 31.55, 34.85, 34.85, 41.25, 33.6, 37.5, 33.05, 34.6, 36.1, 37.35, 36.15, 33.8, 37.1, 41.9, 40.6, 39.15, 34.45, 34.45, 30.5, 39.8]","[13.505736112594604, 78.28831338882446, 143.49160957336426, 213.60693621635437, 276.4665641784668, 336.98319029808044, 395.9276990890503, 451.5643141269684, 512.6728880405426, 572.7905442714691, 634.9507994651794, 694.3999152183533, 755.6467797756195, 816.4328513145447, 874.13774061203, 928.9555821418762, 986.4828541278839, 1041.8863162994385, 1095.2767615318298, 1149.3645751476288, 1205.164855480194, 1260.268826007843, 1315.3793573379517, 1372.2562992572784, 1428.1538724899292, 1480.4502222537994, 1532.6878361701965, 1581.9284875392914, 1631.905743598938, 1681.3867473602295, 1728.651225566864, 1775.9014604091644, 2738.9484362602234, 2792.139811515808, 2841.767738342285]","[0, 10, 20, 30, 40, 50, 60, 70, 80, 90, 100, 110, 120, 130, 140, 150, 160, 170, 180, 190, 200, 210, 220, 230, 240, 250, 260, 270, 280, 290, 300, 310, 320, 330, 340]","[6, 50, 93, 136, 179, 222, 267, 312, 357, 402, 447, 492, 537, 582, 627, 672, 717, 762, 807, 852, 897, 942, 987, 1032, 1077, 1122, 1167, 1212, 1257, 1302, 1347, 1392, 1437, 1482, 1527]","[16, 16]"
or1seijt,young-forest-186,BC,l2f_bc,finished,https://wandb.ai/korneelvandenberghe/l2f_bc/runs/or1seijt,2024-10-13T19:14:53Z,18.8578553443482,40.1,50.0,False,"[20.519539259560354, 19.528518877697223, 18.20178067120372, 19.570432657890102, 25.70104102064647, 17.16812388805327, 44.22235867449672, 23.57421429672388, 62.37716346945609, 57.02900647057811, 104.07833516019892, 60.11732256418594, 146.23713698274184, 141.89785588839828, 145.0563356789028, 70.37844318388241, 107.08331001333538, 147.66036761828082, 229.20602980447364, 108.75784694184756, 150.01178412292683, 64.99578782455735, 18.048907905169266, 108.9611946099509, 195.22576152722598, 147.07296465502475, 151.06201747004081, 147.52441485646165, 190.99802369553666, 149.15048284634872, 151.7391317956372, 104.37141129693205, 274.4870931622882, 106.85674128734937, 18.857855344348202]","[39.2, 36.7, 38.35, 37.55, 49.6, 37.55, 66.85, 44.45, 86.95, 83.3, 134.75, 88.3, 180.3, 178.5, 179.0, 102.85, 140.25, 182.7, 278.3, 143.6, 181.1, 88.3, 41.1, 140.4, 229.2, 180.05, 184.6, 181.7, 231.3, 180.3, 189.9, 135.9, 328.7, 141.15, 40.1]","[17.60460662841797, 84.79492831230164, 148.130863904953, 209.1195592880249, 271.2506799697876, 330.5763773918152, 393.3099868297577, 457.68722558021545, 521.8295021057129, 587.9086835384369, 649.5482726097107, 712.0605146884918, 778.3658173084259, 840.2581284046173, 903.3133993148804, 961.2914953231812, 1023.7442939281464, 1085.0775380134583, 1153.907964706421, 1213.6601824760437, 1275.4426651000977, 1335.0303852558136, 1387.5625939369202, 1442.736606836319, 1499.559796333313, 1554.5375397205353, 1607.5552756786346, 1661.5763711929321, 1715.6129038333893, 1765.9564015865326, 1813.8978877067566, 1863.7182953357697, 1917.3722579479218, 1966.114474773407, 2010.4245674610138]","[0, 10, 20, 30, 40, 50, 60, 70, 80, 90, 100, 110, 120, 130, 140, 150, 160, 170, 180, 190, 200, 210, 220, 230, 240, 250, 260, 270, 280, 290, 300, 310, 320, 330, 340]","[6, 49, 92, 135, 178, 221, 264, 307, 350, 393, 436, 479, 522, 565, 608, 651, 694, 737, 780, 823, 866, 909, 952, 995, 1038, 1081, 1124, 1167, 1210, 1253, 1296, 1339, 1382, 1425, 1468]","[64, 64]"
3cp1len0,peachy-durian-187,BC,l2f_bc,finished,https://wandb.ai/korneelvandenberghe/l2f_bc/runs/3cp1len0,2024-10-13T19:25:33Z,17.68904715574656,35.3,100.0,False,"[14.946558591350419, 16.571392888532134, 18.849088516411374, 17.328865326840567, 16.16482134616696, 18.90409528546674, 17.781782190721295, 20.063978594948427, 16.773670409910046, 22.42101094744488, 17.04675386936279, 16.39696290004041, 18.01149966088955, 21.608026517779084, 16.71608467101885, 17.348462679720534, 18.793160568543726, 18.222874702073693, 19.044860368058288, 22.22088111649921, 21.852246238697198, 21.84553509944883, 16.325561521638072, 21.385554500162826, 23.39995760654014, 17.336403204731674, 19.76993334495666, 23.843420967297583, 17.965231665117813, 16.66248833614468, 17.333105820230017, 15.343693574999904, 15.697326097495559, 15.75365682495944, 17.68904715574656]","[31.3, 33.55, 39.7, 32.6, 35.6, 35.55, 37.65, 37.5, 34.45, 38.65, 32.15, 32.75, 34.9, 39.4, 34.7, 36.05, 35.45, 34.05, 39.15, 39.9, 39.95, 38.95, 34.05, 36.35, 38.1, 36.2, 36.35, 43.35, 33.45, 31.45, 34.15, 35.2, 33.25, 37.0, 35.3]","[14.066524267196655, 60.26224207878113, 105.95847225189209, 153.705060005188, 200.46093583106995, 246.94482421875, 300.75771856307983, 346.27283358573914, 397.31280517578125, 443.9474849700928, 487.8178336620331, 538.0979614257812, 584.2109153270721, 629.6952364444733, 673.6703717708588, 716.773378610611, 762.711523771286, 803.873663187027, 844.9359674453735, 887.7350571155548, 930.2816503047943, 974.9000613689423, 1020.4316930770874, 1070.7741022109985, 1121.3338356018066, 1169.277559041977, 1218.4999544620514, 1268.5096566677094, 1319.3286666870117, 1368.3175451755524, 1416.2073109149933, 1466.8749401569366, 1517.079841852188, 1568.7471923828125, 1619.26096701622]","[0, 10, 20, 30, 40, 50, 60, 70, 80, 90, 100, 110, 120, 130, 140, 150, 160, 170, 180, 190, 200, 210, 220, 230, 240, 250, 260, 270, 280, 290, 300, 310, 320, 330, 340]","[6, 49, 92, 135, 178, 221, 264, 307, 350, 393, 436, 479, 522, 565, 608, 651, 694, 737, 780, 823, 866, 909, 952, 995, 1038, 1081, 1124, 1167, 1210, 1253, 1296, 1339, 1382, 1425, 1468]","[16, 16]"
2me8dl21,prime-terrain-188,BC,l2f_bc,finished,https://wandb.ai/korneelvandenberghe/l2f_bc/runs/2me8dl21,2024-10-13T19:37:50Z,18.93630401548119,39.75,100.0,False,"[17.977312010382214, 18.039349088452777, 17.758776094184814, 20.857751608334585, 17.921564688462546, 16.17509839025559, 23.957988797997395, 19.159025534705012, 21.070635277718665, 17.54472454105034, 12.969183826913905, 16.450643609827097, 15.474306167626603, 20.28363619858388, 17.81156899117484, 18.404939179997395, 24.230853152127494, 22.928799759189086, 16.83863615540202, 19.401062432059135, 19.691136610175622, 16.525000543725614, 26.0965225356256, 20.273825038342032, 21.4096345011879, 19.008755433724684, 19.20491133853579, 23.85509229395417, 20.582735145847472, 26.998273313649793, 20.614750111579664, 18.88517686457721, 19.09053621229004, 23.60720562098932, 18.93630401548119]","[34.05, 33.65, 34.5, 40.95, 36.0, 31.9, 39.25, 34.5, 40.65, 34.55, 27.95, 40.5, 34.9, 35.1, 33.4, 33.05, 38.5, 45.0, 32.65, 35.5, 35.85, 32.55, 47.85, 37.35, 39.1, 35.45, 35.05, 48.05, 38.75, 46.25, 39.75, 40.6, 37.2, 40.2, 39.75]","[13.181140422821045, 57.90828824043274, 103.26824951171875, 150.13101649284363, 199.2603759765625, 242.64608073234558, 288.1931354999542, 335.49993658065796, 389.4521322250366, 442.24377155303955, 502.4791226387024, 564.1523518562317, 627.8540413379669, 686.0138227939606, 743.0296854972839, 802.8671810626984, 860.478456735611, 916.8572683334351, 968.3462193012238, 1019.7987422943115, 1072.077714920044, 1124.6831562519073, 1180.714123249054, 1235.2935621738434, 1289.5467846393585, 1341.6002917289734, 1394.5290665626526, 1445.9969475269318, 1492.607498407364, 1539.6686565876007, 1585.9488484859467, 1634.0219869613647, 1679.842350244522, 1724.8195300102234, 1771.4264273643494]","[0, 10, 20, 30, 40, 50, 60, 70, 80, 90, 100, 110, 120, 130, 140, 150, 160, 170, 180, 190, 200, 210, 220, 230, 240, 250, 260, 270, 280, 290, 300, 310, 320, 330, 340]","[6, 49, 92, 135, 178, 221, 264, 307, 350, 393, 436, 479, 522, 565, 608, 651, 694, 737, 780, 823, 866, 909, 952, 995, 1038, 1081, 1124, 1167, 1210, 1253, 1296, 1339, 1382, 1425, 1468]","[32, 32]"
41dw5pl7,lucky-breeze-189,BC,l2f_bc,finished,https://wandb.ai/korneelvandenberghe/l2f_bc/runs/41dw5pl7,2024-10-13T19:49:20Z,235.35757521247655,278.9,100.0,False,"[19.444809552949074, 17.689504508773908, 18.32400800914762, 30.716301869362574, 15.3242026739957, 15.120231954175168, 19.695994070648197, 38.14629331423191, 23.736102587034676, 19.678754608334003, 17.269619409534123, 33.52417819095693, 57.807821924042194, 108.57699893035556, 19.82514956549322, 55.8348379111909, 26.349157886403617, 59.369304757242254, 154.60845217675006, 104.91397262263717, 144.08062030218346, 106.10827223105215, 18.60697746124554, 107.24124855998704, 108.77397848280785, 104.50459536555448, 151.1444573861043, 146.53900522124624, 101.67456095092783, 147.01689721663962, 97.2585582145053, 154.6792152495654, 111.0668335325212, 149.65235617340278, 235.35757521247655]","[35.45, 34.35, 35.4, 52.8, 31.45, 34.3, 41.65, 57.6, 43.5, 35.45, 34.35, 59.95, 88.35, 137.15, 39.45, 83.05, 50.0, 83.7, 197.25, 136.9, 177.35, 141.0, 38.25, 137.75, 137.65, 139.4, 186.1, 183.7, 128.45, 183.6, 130.05, 190.55, 140.1, 185.75, 278.9]","[12.536539316177368, 59.44008708000183, 108.6676697731018, 157.51018047332764, 205.21599316596985, 252.43722128868103, 299.2815341949463, 347.4539883136749, 398.0309679508209, 445.37473368644714, 492.83381366729736, 541.5354626178741, 595.2135031223297, 649.4319865703583, 700.2323408126831, 750.5212280750275, 815.2563910484314, 887.7219512462616, 961.349467754364, 1034.4947814941406, 1103.5558524131775, 1160.7947931289673, 1215.6608300209045, 1272.4302859306335, 1328.8478693962097, 1386.0793871879578, 1443.4559750556946, 1504.5190131664276, 1566.7418851852417, 1627.9856939315796, 1686.7557337284088, 1746.4950497150421, 1801.1399853229523, 1859.4261820316315, 1916.9808406829834]","[0, 10, 20, 30, 40, 50, 60, 70, 80, 90, 100, 110, 120, 130, 140, 150, 160, 170, 180, 190, 200, 210, 220, 230, 240, 250, 260, 270, 280, 290, 300, 310, 320, 330, 340]","[6, 49, 92, 135, 178, 221, 264, 307, 350, 393, 436, 479, 522, 565, 608, 651, 694, 737, 780, 823, 866, 909, 952, 995, 1038, 1081, 1124, 1167, 1210, 1253, 1296, 1339, 1382, 1425, 1468]","[64, 64]"
dtame0qr,atomic-sun-190,BC,l2f_bc,finished,https://wandb.ai/korneelvandenberghe/l2f_bc/runs/dtame0qr,2024-10-13T20:01:24Z,18.300534945170785,34.65,2.0,True,"[17.39007160150979, 20.389188163265025, 22.507906628427513, 14.29972799058326, 18.568654540707737, 17.349667150607466, 18.74196422302114, 19.863225393016144, 14.037061245178828, 13.171219586428597, 20.45549735764218, 21.99318273184578, 21.10893785314398, 34.3754472209563, 17.21352104917301, 22.47525536701526, 26.694231158170957, 24.38357082678433, 17.582604438118775, 16.585607447070625, 19.011304086825266, 23.150503995897584, 19.60278249177423, 19.97282079183884, 21.718203121329967, 17.480294845554358, 16.882265041227917, 17.477592708104396, 20.105279258889396, 20.405956666154136, 17.449539200204576, 18.467514892123624, 25.314715739603802, 16.66117508133001, 19.6904337994677, 17.020054969156334, 16.441709897066342, 17.998642885951632, 14.991120128655762, 16.828087253309224, 17.933214227509193, 22.56259556368601, 21.491193887802922, 19.713459262494908, 25.244060586381313, 16.385358101269244, 20.27991236391113, 18.503958977187203, 29.483143296513525, 18.300534945170785]","[33.85, 36.85, 39.55, 28.0, 35.2, 33.65, 37.8, 38.25, 33.25, 30.3, 35.3, 36.85, 42.05, 52.4, 34.05, 39.5, 43.2, 41.45, 31.9, 33.7, 36.15, 45.2, 34.9, 35.4, 38.7, 33.45, 36.8, 33.6, 41.35, 35.6, 37.8, 34.5, 50.65, 34.3, 39.9, 34.55, 30.25, 36.35, 32.45, 35.85, 36.6, 38.95, 37.85, 35.9, 42.1, 32.4, 37.7, 40.65, 49.1, 34.65]","[14.96821403503418, 78.89942407608032, 151.83067083358765, 221.22840905189514, 297.5257828235626, 364.83329582214355, 426.828161239624, 481.75211477279663, 535.7309005260468, 589.2160522937775, 644.0633945465088, 695.8080620765686, 752.910231590271, 810.1064493656158, 866.7704503536224, 923.1433057785034, 981.956835269928, 1035.3650386333466, 1088.188989162445, 1142.5010883808136, 1194.1679861545563, 1249.1485397815704, 1290.3209421634674, 1333.6884200572968, 1374.7594742774963, 1424.9794054031372, 1476.467524766922, 1526.481253862381, 1582.8046469688416, 1640.7191066741943, 1697.4751653671265, 1752.8681087493896, 1806.4106776714325, 1867.0369381904602, 1931.0198011398315, 1996.0130188465118, 2049.347127199173, 2103.411208629608, 2155.2991762161255, 2204.0072078704834, 2265.136655807495, 2321.9824039936066, 2401.4636862277985, 2472.4283697605133, 2540.615576505661, 2610.325937271118, 2679.451462507248, 2754.708518743515, 2817.138337612152, 2885.7598066329956]","[0, 10, 20, 30, 40, 50, 60, 70, 80, 90, 100, 110, 120, 130, 140, 150, 160, 170, 180, 190, 200, 210, 220, 230, 240, 250, 260, 270, 280, 290, 300, 310, 320, 330, 340, 350, 360, 370, 380, 390, 400, 410, 420, 430, 440, 450, 460, 470, 480, 490]","[6, 50, 93, 136, 179, 222, 267, 312, 357, 402, 447, 492, 537, 582, 627, 672, 717, 762, 807, 852, 897, 942, 987, 1032, 1077, 1122, 1167, 1212, 1257, 1302, 1347, 1392, 1437, 1482, 1527, 1572, 1617, 1662, 1707, 1752, 1797, 1842, 1887, 1932, 1977, 2022, 2067, 2112, 2157, 2202]","[32, 32]"
3n979a4x,radiant-moon-192,BC,l2f_bc,finished,https://wandb.ai/korneelvandenberghe/l2f_bc/runs/3n979a4x,2024-10-13T20:08:35Z,24.976464935480756,45.15,2.0,True,"[22.14469772055096, 16.015911729949266, 17.551254730436153, 17.726469363940485, 17.89038643384842, 19.334518066288588, 15.60548549240087, 18.37550068318499, 19.354979267699157, 18.058249046874064, 14.613396161003333, 15.713981307467924, 17.886500331756622, 18.537290077803082, 22.38537947737999, 21.56002151203292, 16.231863414487158, 19.685090332534138, 18.357119368306403, 23.06539827561557, 20.588627809969747, 16.456433485158648, 18.897133475119972, 15.695844266648075, 16.657624005708616, 17.96135300651236, 17.314332626972845, 16.652567940817494, 20.822357691143033, 19.18894098702294, 21.070824635158957, 21.55402445627464, 19.01230904570894, 18.758337351447192, 20.087720972974285, 21.737909558581208, 18.237261443329295, 21.349838499707264, 20.735669488404973, 21.832472160294152, 22.041428418567655, 18.69698831883404, 17.67545339833284, 19.285958700171186, 18.194743908865977, 16.869981668979662, 24.055812344381327, 26.790061257507507, 21.643507078230986, 24.976464935480756]","[39.4, 33.55, 31.4, 32.9, 33.6, 35.05, 35.25, 35.1, 36.1, 35.75, 31.6, 31.1, 37.55, 35.15, 39.25, 37.7, 35.1, 42.15, 35.0, 38.05, 35.9, 33.1, 32.15, 35.15, 32.05, 39.65, 32.65, 35.4, 36.35, 34.3, 40.25, 35.4, 37.1, 35.1, 39.25, 37.7, 32.55, 38.0, 39.15, 38.2, 41.4, 33.55, 35.5, 34.3, 40.45, 32.9, 46.25, 47.2, 42.25, 45.15]","[12.346637725830078, 63.92001914978027, 116.12255811691284, 165.97113037109375, 217.4337773323059, 270.1768310070038, 320.5996370315552, 372.5396592617035, 420.21442556381226, 466.6418557167053, 510.10137009620667, 555.7296919822693, 599.9198126792908, 648.2522912025452, 698.7522349357605, 746.0457351207733, 792.0174520015717, 837.6380898952484, 882.7322406768799, 924.4997999668121, 966.777045249939, 1010.8193922042847, 1056.8662283420563, 1101.4111132621765, 1148.9959497451782, 1194.1387419700623, 1242.4410419464111, 1287.490026473999, 1330.0426576137543, 1374.0902705192566, 1419.2116169929504, 1463.5839047431946, 1508.5127160549164, 1550.229285478592, 1595.5449662208557, 1637.7077901363373, 1680.8377058506012, 1726.0283317565918, 1777.767359495163, 1826.1274468898773, 1873.7797689437866, 1922.5429105758667, 1974.0006778240204, 2017.422556400299, 2061.3596642017365, 2104.4231746196747, 2145.5734243392944, 2189.766310930252, 2234.9117002487183, 2279.903431892395]","[0, 10, 20, 30, 40, 50, 60, 70, 80, 90, 100, 110, 120, 130, 140, 150, 160, 170, 180, 190, 200, 210, 220, 230, 240, 250, 260, 270, 280, 290, 300, 310, 320, 330, 340, 350, 360, 370, 380, 390, 400, 410, 420, 430, 440, 450, 460, 470, 480, 490]","[5, 48, 90, 132, 174, 216, 258, 300, 344, 386, 430, 472, 514, 558, 600, 644, 686, 728, 772, 814, 858, 900, 942, 986, 1028, 1072, 1114, 1156, 1200, 1242, 1286, 1328, 1370, 1414, 1456, 1500, 1542, 1584, 1628, 1670, 1714, 1756, 1798, 1842, 1884, 1928, 1970, 2012, 2056, 2098]","[16, 16]"
jsj8b4iw,ruby-dragon-194,TD3BC_JS_Online,l2f_bc,killed,https://wandb.ai/korneelvandenberghe/l2f_bc/runs/jsj8b4iw,2024-10-13T20:24:13Z,15.53544149298359,35.05,2.0,False,"[18.62274437752104, 15.53544149298359]","[37.9, 35.05]","[23.60658359527588, 114.818856716156]","[0, 10]","[28, 281]","[16, 16]"
4vq9bxkr,kind-totem-195,TD3BC_JS_Online,l2f_bc,crashed,https://wandb.ai/korneelvandenberghe/l2f_bc/runs/4vq9bxkr,2024-10-13T20:26:56Z,14.020353828298866,33.5,2.0,False,"[16.39340349371998, 17.06653563102836, 20.133341806590202, 19.55018412980736, 13.541621652382485, 15.562192929422721, 11.486048553620758, 14.242950999819325, 12.275570781982214, 14.020353828298866]","[33.45, 37.6, 37.55, 37.8, 31.95, 37.85, 31.0, 36.45, 34.15, 33.5]","[26.208770751953125, 134.3446798324585, 242.0543234348297, 356.1426784992218, 481.2990372180939, 689.6564164161682, 815.3122320175171, 963.5604457855225, 1119.8530433177948, 1270.780016899109]","[0, 10, 20, 30, 40, 50, 60, 70, 80, 90]","[28, 281, 534, 787, 1040, 1297, 1550, 1803, 2056, 2309]","[16, 16]"
f1d5sipw,earthy-firefly-202,BC,l2f_bc,finished,https://wandb.ai/korneelvandenberghe/l2f_bc/runs/f1d5sipw,2024-10-13T20:47:29Z,22.58496691419886,41.7,2.0,False,"[16.53710733645778, 17.95495561527921, 16.835090543217106, 19.43360737882168, 18.871144124819057, 23.881884377302633, 20.395019601801664, 18.077731944978012, 25.55625179956519, 17.22551750876543, 17.188101559502986, 16.78983584150329, 25.165346158384025, 17.90061895615099, 24.429277448011003, 21.577684032258784, 19.392721312495677, 18.30114104681432, 18.009888214756437, 24.326736861058727, 37.8955943274499, 41.67474485719219, 16.169062371560887, 24.133424878019824, 19.588237406980884, 21.7376035914642, 18.924063681641776, 17.316951145910433, 61.62927049784986, 19.55918299924179, 14.088606198431629, 19.61888364228277, 18.05162090469845, 19.01412540014609, 20.97833912459017, 18.17908877436349, 25.002140876780523, 17.277114226787017, 61.96317540221298, 17.417237417961683, 26.582315708647723, 22.199504281340893, 22.09489296648591, 15.873923897582776, 21.089274832974322, 22.24335905916231, 19.527597130391218, 104.6293350378663, 15.045677985818525, 22.58496691419886]","[34.9, 31.65, 32.35, 38.7, 35.8, 40.85, 39.65, 36.35, 42.3, 34.25, 33.7, 32.1, 40.15, 37.65, 42.85, 39.9, 36.15, 35.9, 38.9, 41.5, 64.8, 61.6, 33.35, 41.7, 35.45, 39.8, 37.95, 32.6, 91.0, 39.85, 32.25, 36.55, 36.4, 36.7, 40.75, 38.05, 39.75, 38.95, 84.25, 39.75, 48.35, 40.75, 40.6, 31.95, 37.15, 41.95, 40.75, 129.3, 33.7, 41.7]","[13.687960386276245, 60.83228516578674, 105.90222215652466, 151.65117263793945, 197.84697270393372, 244.44796204566956, 291.85523414611816, 340.38495993614197, 387.4122381210327, 436.0953645706177, 484.4631266593933, 530.1364443302155, 574.8623719215393, 618.2811160087585, 663.6884005069733, 707.861914396286, 748.7662606239319, 789.3173372745514, 829.1837868690491, 868.1146190166473, 908.0944764614105, 948.2964568138123, 989.137843132019, 1030.1759934425354, 1071.428061723709, 1110.739012479782, 1148.24897813797, 1185.0029315948486, 1226.213883638382, 1265.86452293396, 1305.1771912574768, 1339.0628995895386, 1373.7364807128906, 1409.4560663700104, 1445.180946111679, 1480.059320449829, 1515.9912979602814, 1549.8403553962708, 1585.2344415187836, 1619.6070890426636, 1654.2355976104736, 1691.571930885315, 1731.364120721817, 1768.8043389320374, 1802.7928178310394, 1838.4774627685547, 1872.2597305774689, 1909.817950963974, 1943.795913219452, 1982.435039281845]","[0, 10, 20, 30, 40, 50, 60, 70, 80, 90, 100, 110, 120, 130, 140, 150, 160, 170, 180, 190, 200, 210, 220, 230, 240, 250, 260, 270, 280, 290, 300, 310, 320, 330, 340, 350, 360, 370, 380, 390, 400, 410, 420, 430, 440, 450, 460, 470, 480, 490]","[5, 47, 89, 131, 173, 215, 257, 299, 341, 383, 425, 467, 509, 551, 593, 635, 677, 719, 761, 803, 845, 887, 929, 971, 1013, 1055, 1097, 1139, 1181, 1223, 1265, 1307, 1349, 1391, 1433, 1475, 1517, 1559, 1601, 1643, 1685, 1727, 1769, 1811, 1853, 1895, 1937, 1979, 2021, 2063]","[16, 16]"
92usj591,splendid-smoke-203,BC,l2f_bc,crashed,https://wandb.ai/korneelvandenberghe/l2f_bc/runs/92usj591,2024-10-13T20:50:52Z,102.13227551695807,132.75,2.0,True,"[17.38136190329768, 14.640516454135772, 16.815875557103322, 16.395659530613756, 19.030314242057564, 28.387067973714522, 19.201498283112322, 18.9492775984609, 15.639669280340135, 15.277606467538877, 19.9253348196133, 29.2396200849304, 61.50943736684584, 18.275542928854858, 61.34844216574637, 143.16171577979034, 176.59949107839094, 102.16124173565144, 96.82203554851174, 60.53133411445757, 189.0945135020655, 17.759502072004715, 142.96029969245404, 188.11678513457164, 227.63294509623242, 62.45503737007412, 188.31251997679493, 100.96210841582527, 102.13227551695807]","[33.9, 33.75, 34.15, 36.25, 36.6, 49.25, 36.15, 37.45, 31.5, 31.35, 40.75, 56.9, 92.55, 32.8, 83.5, 180.7, 227.5, 130.9, 128.85, 85.1, 232.75, 34.4, 185.95, 229.9, 278.85, 89.7, 227.5, 129.45, 132.75]","[16.246832847595215, 98.87273812294006, 165.32874941825867, 225.99055695533752, 286.5780875682831, 334.37799072265625, 381.03353118896484, 424.22810530662537, 470.19542264938354, 513.6895051002502, 556.3522591590881, 597.8250343799591, 640.8471946716309, 681.0420093536377, 724.1569545269012, 769.5282325744629, 816.5713913440704, 859.3473839759827, 902.6254134178162, 945.0461955070496, 990.498452425003, 1032.7096192836761, 1077.56316447258, 1125.239497423172, 1174.6269083023071, 1218.0039315223694, 1269.1554458141327, 1314.0838747024536, 1359.7180678844452]","[0, 10, 20, 30, 40, 50, 60, 70, 80, 90, 100, 110, 120, 130, 140, 150, 160, 170, 180, 190, 200, 210, 220, 230, 240, 250, 260, 270, 280]","[5, 48, 90, 132, 174, 216, 258, 300, 342, 384, 426, 468, 510, 552, 594, 636, 678, 720, 762, 804, 846, 888, 930, 974, 1016, 1060, 1102, 1144, 1188]","[64, 64]"
riubzbv2,vibrant-totem-204,BC,l2f_bc,crashed,https://wandb.ai/korneelvandenberghe/l2f_bc/runs/riubzbv2,2024-10-13T21:21:21Z,21.916352913836167,43.8,25.0,False,"[18.721494917403515, 18.68028118401, 17.386686983021065, 16.094500711166617, 20.064691518119318, 19.48196145335789, 18.35889597416321, 16.899544526096783, 20.552343168995, 17.93474278311733, 20.903411138459724, 19.148892538220945, 12.9382237537698, 16.608593954190468, 19.421901089757167, 18.519232386950172, 24.484897354763646, 22.48361628463898, 18.446933987744103, 16.638404051066033, 16.58988497797172, 15.732325177769173, 17.53223673334505, 15.463782558328854, 14.772600642994735, 17.144780957127615, 22.122063274275853, 14.855453816141036, 22.994094014795337, 21.461912340076765, 16.888483411713302, 21.202271005226738, 22.793602462497482, 23.481806439231026, 21.916352913836167]","[36.2, 36.4, 32.9, 33.9, 40.05, 36.45, 41.65, 32.75, 35.85, 37.85, 38.35, 34.55, 29.4, 29.35, 39.15, 35.7, 45.15, 38.0, 38.2, 34.8, 32.05, 34.95, 35.95, 29.95, 33.9, 36.45, 39.6, 32.65, 38.85, 38.2, 31.45, 42.7, 41.8, 43.8, 43.8]","[12.272025108337402, 49.53636837005615, 86.52539324760437, 121.9885733127594, 161.1468162536621, 200.7790219783783, 241.9763491153717, 283.249395608902, 322.4558176994324, 373.2063612937927, 410.83635807037354, 446.62961316108704, 482.6386001110077, 519.7226593494415, 558.5741908550262, 598.9182136058807, 637.5145120620728, 673.4119822978973, 713.9757146835327, 757.4426219463348, 801.6970145702362, 841.4347865581512, 882.9690527915955, 923.5572934150696, 963.6502270698547, 1005.3157706260681, 1043.792002916336, 1082.890813112259, 1124.6359338760376, 1163.920669555664, 1203.72709441185, 1247.820570230484, 1296.5937321186066, 1345.07031416893, 1396.3638060092926]","[0, 10, 20, 30, 40, 50, 60, 70, 80, 90, 100, 110, 120, 130, 140, 150, 160, 170, 180, 190, 200, 210, 220, 230, 240, 250, 260, 270, 280, 290, 300, 310, 320, 330, 340]","[5, 47, 89, 131, 173, 215, 257, 299, 341, 383, 425, 467, 509, 551, 593, 635, 677, 719, 761, 803, 845, 887, 929, 971, 1013, 1055, 1097, 1139, 1181, 1223, 1265, 1307, 1349, 1391, 1433]","[16, 16]"
ef6imk0y,fast-planet-212,BC,l2f_bc,crashed,https://wandb.ai/korneelvandenberghe/l2f_bc/runs/ef6imk0y,2024-10-14T07:58:57Z,66.12253411938644,93.75,2.0,True,"[19.129712388158396, 16.47666258108655, 17.127588923159344, 15.072175574369771, 21.452990349589903, 16.43419528251053, 22.129277632393066, 22.558255776878145, 15.438683679483308, 15.316502249596146, 18.87613265180511, 17.683278619761985, 88.59371092787197, 42.10023001787758, 55.91052510151644, 53.23429121222468, 13.619462165353454, 149.3948237279832, 99.88528453289739, 17.26322188733861, 106.50854823837946, 101.23831680322455, 103.51254210070775, 188.05285753792936, 192.6641883200999, 105.86808445938414, 147.29679256766744, 18.740687956245658, 70.43996753522934, 116.74559439050265, 63.60173757409136, 103.95733903876919, 190.443524592625, 20.00404778713091, 101.20280911268253, 110.2241712510612, 141.7265496370109, 106.01807611476868, 105.89908549357236, 66.12253411938644]","[36.75, 36.5, 35.1, 28.65, 37.35, 30.5, 42.05, 39.55, 33.1, 31.65, 39.1, 36.15, 128.0, 73.7, 89.8, 80.55, 31.5, 184.6, 132.25, 35.65, 135.25, 131.6, 137.65, 228.9, 230.9, 135.05, 183.25, 38.5, 99.8, 151.35, 89.2, 132.8, 233.4, 40.0, 130.2, 142.25, 174.25, 132.6, 140.55, 93.75]","[12.433158159255981, 52.68299865722656, 97.93838882446289, 150.34364342689514, 202.3487150669098, 253.33811807632446, 304.490275144577, 358.4932370185852, 413.0343403816223, 459.73223185539246, 506.4422764778137, 552.0450990200043, 600.7150797843933, 647.1686463356018, 696.4239048957825, 746.4653029441833, 791.9011242389679, 841.3277266025543, 888.6345221996307, 932.5060153007507, 978.7383108139038, 1019.0114097595215, 1060.3730292320251, 1108.749282360077, 1152.7921786308289, 1195.9693896770477, 1237.5320174694061, 1276.5545227527618, 1316.1081964969635, 1357.4200398921967, 1397.052888393402, 1436.8577666282654, 1479.9860308170319, 1519.4903275966644, 1565.5697567462921, 1607.9515097141266, 1650.4182670116425, 1692.7873830795288, 1734.6934752464294, 1766.1119811534882]","[0, 10, 20, 30, 40, 50, 60, 70, 80, 90, 100, 110, 120, 130, 140, 150, 160, 170, 180, 190, 200, 210, 220, 230, 240, 250, 260, 270, 280, 290, 300, 310, 320, 330, 340, 350, 360, 370, 380, 390]","[5, 48, 90, 132, 174, 216, 258, 300, 342, 384, 426, 468, 510, 552, 594, 636, 678, 720, 762, 804, 848, 890, 932, 974, 1016, 1058, 1100, 1142, 1184, 1226, 1270, 1312, 1354, 1396, 1438, 1480, 1522, 1564, 1606, 1648]","[64, 64]"
t42ggjpd,stellar-cloud-213,TD3BC_JS_Online,l2f_bc,finished,https://wandb.ai/korneelvandenberghe/l2f_bc/runs/t42ggjpd,2024-10-14T08:29:40Z,364.9892082860567,424.55,2.0,False,"[16.224090149682603, 58.18111515890229, 146.29445415979504, 268.9920930197282, 186.321702540988, 146.88653092015642, 275.3001621945874, 279.7287085944639, 190.76092502243262, 191.98546953179675, 236.835268740799, 189.88302772778152, 237.60379504700796, 236.9332169836842, 233.60178450176687, 106.36049863153092, 365.2180003291634, 230.9760334507108, 146.133199837398, 237.81117183318648, 322.6552400503498, 235.77708439257736, 276.3389984162008, 230.3355954311916, 235.3786025523422, 185.5396908899458, 235.21517750003036, 233.2158866909558, 190.6846319539554, 186.89769832641247, 101.15414271170656, 275.49008495872533, 272.21648703084344, 317.4409983587376, 144.72024171066306, 280.95860150133535, 109.99606690904973, 277.5793002272077, 320.4262158585572, 275.3763436245419, 148.675642967014, 361.51899725984043, 232.79206016035158, 192.39982737789074, 193.03184585639323, 235.07236127273458, 103.91618225130597, 196.16958419285456, 367.2185844719565, 364.9892082860567]","[35.65, 87.6, 180.25, 323.05, 228.4, 180.85, 325.95, 335.8, 229.1, 235.0, 280.05, 234.15, 284.85, 282.9, 277.05, 140.0, 427.0, 278.6, 179.4, 285.45, 374.9, 285.85, 329.55, 279.25, 281.3, 227.9, 283.9, 279.25, 230.5, 228.3, 134.1, 324.65, 327.4, 372.3, 182.3, 337.9, 142.55, 335.2, 380.0, 323.3, 181.0, 419.1, 276.7, 234.2, 234.5, 282.85, 132.5, 242.9, 424.9, 424.55]","[17.893007278442383, 65.27412343025208, 113.93760180473328, 166.2960169315338, 217.32854580879211, 322.89911675453186, 376.29081630706787, 429.0304534435272, 479.7300720214844, 531.2258012294769, 648.4329268932343, 692.5489060878754, 738.118483543396, 783.4760479927063, 829.0111281871796, 938.518580198288, 996.4798707962036, 1051.2379155158997, 1103.5459084510803, 1160.6530628204346, 1302.1063463687897, 1347.6469871997833, 1394.4530391693115, 1440.2688081264496, 1485.1207840442657, 1625.7650237083435, 1670.4951646327972, 1716.1388189792633, 1760.7937581539154, 1803.8112790584564, 1955.3163912296295, 2002.3152031898499, 2050.1208527088165, 2099.297897338867, 2142.0553464889526, 2301.6893486976624, 2344.129099369049, 2390.76331949234, 2440.1255486011505, 2486.754124403, 2658.219400167465, 2707.4896535873413, 2752.7464497089386, 2797.0497484207153, 2841.119156599045, 3017.691833972931, 3071.936676502228, 3129.6369998455048, 3192.333527326584, 3254.8209795951843]","[0, 10, 20, 30, 40, 50, 60, 70, 80, 90, 100, 110, 120, 130, 140, 150, 160, 170, 180, 190, 200, 210, 220, 230, 240, 250, 260, 270, 280, 290, 300, 310, 320, 330, 340, 350, 360, 370, 380, 390, 400, 410, 420, 430, 440, 450, 460, 470, 480, 490]","[28, 281, 534, 787, 1040, 1296, 1549, 1802, 2055, 2308, 2564, 2817, 3070, 3323, 3576, 3832, 4085, 4338, 4591, 4844, 5100, 5353, 5606, 5859, 6112, 6368, 6621, 6874, 7127, 7380, 7636, 7889, 8142, 8395, 8648, 8904, 9157, 9410, 9663, 9916, 10172, 10425, 10678, 10931, 11184, 11438, 11691, 11944, 12197, 12450]","[128, 128]"
o8gee9wg,dandy-dragon-214,BC,l2f_bc,finished,https://wandb.ai/korneelvandenberghe/l2f_bc/runs/o8gee9wg,2024-10-14T08:44:36Z,68.89139002210722,97.65,2.0,False,"[17.62374854281258, 22.935875729185458, 13.105227288394719, 21.229512681561133, 22.057850381109855, 15.980697102940104, 21.218106531602572, 17.47842806666697, 33.50364400242951, 23.13841675390615, 23.728017634311918, 21.157897503740035, 35.76135032679944, 63.19004645713519, 22.401059031228662, 65.87942256514734, 93.19350989023772, 104.4474725253062, 60.45197929374312, 106.7828190889953, 233.46407383080563, 144.7688940174826, 264.9598226670062, 186.1976763867044, 61.1323642433941, 153.00849333610572, 183.3026268298566, 142.43417065222943, 103.0954628106144, 109.5500470680972, 149.659086484518, 188.49894188291952, 318.7438221053752, 149.34974204901306, 145.63228416550965, 275.1773926992943, 97.7843173390354, 106.02891587318508, 272.4049278083892, 235.33226231898112, 106.94078134345025, 273.72687509633136, 234.36742243498287, 152.49139480653318, 276.4165317401991, 235.5448491090046, 102.95572163228341, 62.35573351540355, 144.85155750832809, 68.89139002210722]","[34.2, 39.25, 28.25, 37.95, 42.15, 34.15, 36.4, 37.8, 51.6, 39.05, 44.35, 36.75, 58.6, 96.55, 41.4, 97.35, 128.25, 133.65, 86.45, 142.05, 275.05, 182.95, 324.75, 230.25, 86.05, 195.35, 231.55, 178.1, 129.85, 137.4, 182.7, 230.8, 375.95, 182.45, 181.05, 327.35, 128.7, 139.05, 325.6, 281.95, 137.95, 322.0, 281.5, 192.5, 327.95, 280.55, 134.1, 86.35, 187.2, 97.65]","[17.036282300949097, 64.1510398387909, 109.47158193588257, 155.06951642036438, 200.79634761810303, 245.92054200172424, 291.3562009334564, 336.1318259239197, 380.5180003643036, 424.9813413619995, 469.8327794075012, 515.3013045787811, 561.0378046035767, 607.0414047241211, 651.9362738132477, 697.4150960445404, 744.3835139274597, 790.925713300705, 839.9189133644104, 892.306539773941, 947.9255616664886, 996.9389452934265, 1049.0512557029724, 1098.9456534385681, 1144.441231250763, 1193.346263885498, 1243.433254480362, 1292.4096915721893, 1338.0464506149292, 1384.221304655075, 1432.2322437763214, 1481.420714378357, 1535.4146995544434, 1583.573076725006, 1631.0611553192139, 1681.8142569065094, 1727.6638433933258, 1772.8531465530396, 1824.9404108524323, 1875.5677325725555, 1921.3575329780579, 1971.927568912506, 2020.3447816371918, 2066.692769050598, 2116.516313791275, 2164.437205553055, 2209.728045463562, 2254.2449378967285, 2301.17457985878, 2345.939499616623]","[0, 10, 20, 30, 40, 50, 60, 70, 80, 90, 100, 110, 120, 130, 140, 150, 160, 170, 180, 190, 200, 210, 220, 230, 240, 250, 260, 270, 280, 290, 300, 310, 320, 330, 340, 350, 360, 370, 380, 390, 400, 410, 420, 430, 440, 450, 460, 470, 480, 490]","[5, 47, 89, 131, 173, 215, 257, 299, 341, 383, 425, 467, 509, 551, 593, 635, 677, 719, 761, 803, 845, 887, 929, 971, 1013, 1055, 1097, 1139, 1181, 1223, 1265, 1307, 1349, 1391, 1433, 1475, 1517, 1559, 1601, 1643, 1685, 1727, 1769, 1811, 1853, 1895, 1937, 1979, 2021, 2063]","[64, 64]"
c77xktvz,still-elevator-215,BC,l2f_bc,finished,https://wandb.ai/korneelvandenberghe/l2f_bc/runs/c77xktvz,2024-10-14T09:24:35Z,63.66319199006357,91.45,25.0,False,"[18.642393037138604, 16.232574622203117, 16.79379440678411, 20.500584735163358, 18.929982533858137, 12.790864380851568, 18.11820497855056, 13.281899446640514, 52.239694761157786, 14.841076581215157, 58.65899152629388, 61.93398231154883, 61.16126590661776, 103.69818526701063, 187.419218367444, 191.41552171993516, 97.81261252822945, 230.85658198827804, 186.97536303853735, 56.87507825498799, 64.99379018027102, 104.1051202602491, 145.50797330423126, 152.20437321442301, 144.92227783472018, 105.00882108516218, 144.54227437985875, 109.90612782125234, 192.2656191644008, 150.5136896964645, 105.57984298113145, 232.84571681201564, 64.55381674216612, 104.08662337443465, 149.82233534065298, 150.05422545947397, 148.22895740732073, 155.8166467715185, 60.36336157848094, 145.26685188563414, 146.79279322252094, 101.36540644822225, 103.78033623303705, 108.24902708169702, 18.59841195242126, 405.1795359955526, 100.79657169838019, 235.24831369338767, 190.42535610274166, 63.66319199006357]","[34.25, 34.3, 34.6, 35.8, 37.9, 29.15, 33.15, 30.85, 79.85, 30.45, 80.8, 86.2, 87.45, 130.75, 229.7, 228.7, 128.45, 275.8, 233.1, 78.8, 92.4, 135.3, 183.3, 193.35, 176.55, 135.75, 177.8, 144.9, 230.5, 185.8, 137.75, 281.65, 90.4, 136.05, 192.15, 186.0, 186.9, 193.15, 85.2, 182.35, 180.8, 130.9, 134.4, 140.55, 38.85, 473.25, 131.1, 283.05, 228.45, 91.45]","[13.16654920578003, 57.37764000892639, 100.26125478744507, 140.3913335800171, 179.76093673706055, 219.230815410614, 258.6138381958008, 297.64548683166504, 336.3702323436737, 374.0966532230377, 413.7596335411072, 451.29009199142456, 489.504492521286, 530.9824223518372, 575.2210958003998, 619.6762027740479, 662.1947786808014, 709.1515834331512, 755.15207695961, 796.4444894790649, 836.8969221115112, 879.639063835144, 923.9533746242523, 969.1883006095886, 1014.6240670681, 1058.3208649158478, 1102.3891651630402, 1146.728506565094, 1191.2166318893433, 1235.818865776062, 1280.4436509609222, 1329.0754461288452, 1372.4842207431793, 1417.0275008678436, 1462.6198387145996, 1510.3207364082336, 1556.5240700244904, 1605.1239471435547, 1654.5068538188934, 1702.3978834152222, 1751.6773192882538, 1798.6137464046478, 1844.8029685020447, 1890.5265984535217, 1935.010838508606, 1994.4218697547913, 2055.439261198044, 2113.475721359253, 2166.174476146698, 2213.9125509262085]","[0, 10, 20, 30, 40, 50, 60, 70, 80, 90, 100, 110, 120, 130, 140, 150, 160, 170, 180, 190, 200, 210, 220, 230, 240, 250, 260, 270, 280, 290, 300, 310, 320, 330, 340, 350, 360, 370, 380, 390, 400, 410, 420, 430, 440, 450, 460, 470, 480, 490]","[5, 47, 89, 131, 173, 215, 257, 299, 341, 383, 425, 467, 509, 551, 593, 635, 677, 719, 761, 803, 845, 887, 929, 971, 1013, 1055, 1097, 1139, 1181, 1223, 1265, 1307, 1349, 1391, 1433, 1475, 1517, 1559, 1601, 1643, 1685, 1727, 1769, 1811, 1853, 1895, 1937, 1979, 2021, 2063]","[64, 64]"
kcw9ujut,classic-waterfall-216,TD3BC_JS_Online,l2f_bc,finished,https://wandb.ai/korneelvandenberghe/l2f_bc/runs/kcw9ujut,2024-10-14T09:26:57Z,408.3644031537884,478.4,25.0,False,"[17.091961393085956, 20.716707839724833, 101.91763307436673, 101.94862238812316, 104.75248597486522, 189.68013379161874, 409.0489625217859, 363.1585013761548, 313.4565377992095, 322.49453640721265, 145.88883086692965, 189.11855330050633, 234.3808902663896, 225.95946975386738, 319.80796136604044, 276.08816257627404, 146.78742816938575, 228.6792367549218, 235.1733899076493, 449.64609422869296, 101.80543984278323, 233.8602516266235, 184.5641723444143, 271.5111790243645, 231.52925173713942, 353.58381641052745, 232.42597342263807, 232.17299420077862, 235.94910755059968, 357.4648224247142, 229.7046585446025, 228.15349149580848, 236.23482987821336, 230.24682199910598, 231.2232420363181, 189.52208012041575, 184.9292409481563, 368.9993094333394, 147.0594084993491, 232.92778408486592, 279.38790309454515, 229.80759089626116, 316.9985938983897, 186.23615951286712, 318.28924911485115, 361.21043403460874, 310.932665954078, 233.22751928964553, 232.28171255650415, 408.36440315378843]","[33.55, 40.9, 131.55, 132.4, 132.1, 228.45, 473.7, 426.7, 378.0, 382.55, 181.45, 230.3, 284.3, 273.05, 372.1, 329.75, 177.85, 276.5, 283.6, 522.5, 132.25, 277.85, 226.05, 320.45, 274.05, 425.05, 278.2, 277.2, 285.4, 420.75, 275.45, 285.75, 278.75, 273.3, 281.3, 227.2, 224.0, 426.55, 184.85, 278.45, 332.65, 280.3, 377.0, 225.8, 376.4, 426.2, 371.7, 275.5, 280.05, 478.4]","[17.48700785636902, 69.8529622554779, 124.74832487106323, 178.54026412963867, 229.68794012069702, 342.7050139904022, 405.40940165519714, 468.9880998134613, 531.1482591629028, 594.900755405426, 716.8771939277649, 774.6530122756958, 834.5511887073517, 895.3597810268402, 958.8984277248383, 1088.9341280460358, 1139.9914193153381, 1193.9500029087067, 1250.1984112262726, 1312.5791125297546, 1451.9124746322632, 1497.0072588920593, 1541.6832733154297, 1587.7722373008728, 1632.493350982666, 1780.5467567443848, 1826.295045375824, 1874.7026298046112, 1923.7461280822754, 1974.8664863109589, 2126.796140193939, 2172.7453274726868, 2219.0163793563843, 2264.727719068527, 2310.759191274643, 2479.074420452118, 2523.464630126953, 2574.4456906318665, 2619.280146598816, 2665.231927394867, 2829.790235042572, 2875.997673034668, 2924.520456790924, 2969.8984005451202, 3018.5047953128815, 3207.9858860969543, 3286.1850571632385, 3358.4388403892517, 3431.8317358493805, 3507.7864866256714]","[0, 10, 20, 30, 40, 50, 60, 70, 80, 90, 100, 110, 120, 130, 140, 150, 160, 170, 180, 190, 200, 210, 220, 230, 240, 250, 260, 270, 280, 290, 300, 310, 320, 330, 340, 350, 360, 370, 380, 390, 400, 410, 420, 430, 440, 450, 460, 470, 480, 490]","[28, 281, 534, 787, 1040, 1296, 1549, 1802, 2055, 2308, 2564, 2817, 3070, 3323, 3576, 3832, 4085, 4338, 4591, 4844, 5100, 5353, 5606, 5859, 6112, 6368, 6621, 6874, 7127, 7380, 7636, 7889, 8142, 8395, 8648, 8904, 9157, 9410, 9663, 9916, 10172, 10425, 10678, 10931, 11184, 11438, 11691, 11944, 12197, 12450]","[128, 128]"
hhaanafv,valiant-paper-217,BC,l2f_bc,finished,https://wandb.ai/korneelvandenberghe/l2f_bc/runs/hhaanafv,2024-10-14T10:02:30Z,273.6092310434737,330.2,50.0,False,"[16.012147256866093, 21.585368183297827, 17.38336868025172, 18.381798578350658, 17.30978675015019, 19.40485438328966, 25.942416476035504, 20.565565377203082, 73.23033600113499, 93.01609754709571, 17.253569832743786, 146.30606748778268, 62.53128276995544, 58.41318145738544, 100.89234789978164, 107.84747909423102, 142.32361926698934, 60.649451908928555, 189.62315354564518, 59.9796651707873, 230.8908144399199, 138.07343482350748, 103.23671246443163, 59.49261697698855, 57.44664893915471, 191.41417585536615, 66.5941055976885, 235.5319349404001, 143.61545674716737, 192.0334747155383, 269.5772096872785, 60.80962096970861, 236.69841369657357, 107.2192080777148, 234.13993149352336, 198.60489559236024, 60.87488517787614, 190.3877265512477, 185.30334611238055, 190.42996597567807, 232.24467993703132, 149.8939118356723, 278.11546551509764, 229.62066550272112, 191.23569925654746, 190.33004895018695, 235.28417518778488, 149.06734558183967, 103.95171533855168, 273.6092310434737]","[32.9, 41.85, 38.1, 33.85, 36.05, 39.8, 50.3, 37.05, 105.45, 133.4, 39.6, 183.3, 83.45, 80.6, 131.1, 138.2, 185.35, 84.1, 231.15, 83.95, 279.15, 175.2, 131.3, 85.95, 82.3, 231.35, 91.4, 278.65, 177.4, 231.45, 323.1, 82.45, 283.55, 141.9, 277.25, 240.55, 87.55, 232.45, 224.2, 237.95, 279.65, 185.2, 330.05, 278.6, 230.4, 230.65, 280.9, 184.15, 136.65, 330.2]","[14.383093357086182, 64.77241635322571, 113.50768709182739, 160.9941463470459, 206.9965958595276, 252.95903825759888, 298.75695872306824, 344.7370102405548, 393.1531045436859, 442.66966342926025, 489.86029386520386, 541.008665561676, 588.9932000637054, 635.7620606422424, 684.1157743930817, 733.8198599815369, 784.4301750659943, 832.6094133853912, 884.6291348934174, 932.7356929779053, 984.4155602455139, 1033.1490304470062, 1079.4776723384857, 1125.718873500824, 1170.8825161457062, 1219.6610615253448, 1263.9849154949188, 1313.9804482460022, 1361.7981133460999, 1409.767842054367, 1461.9219727516174, 1508.6416850090027, 1560.066480398178, 1606.0120086669922, 1656.1393349170685, 1705.0760760307312, 1749.1062445640564, 1796.0544052124023, 1844.0709862709045, 1893.9199104309082, 1941.468614578247, 1987.5312926769257, 2037.013111591339, 2085.5842864513397, 2133.0403015613556, 2181.179730653763, 2231.8549497127533, 2279.2735521793365, 2325.8025121688843, 2376.6864767074585]","[0, 10, 20, 30, 40, 50, 60, 70, 80, 90, 100, 110, 120, 130, 140, 150, 160, 170, 180, 190, 200, 210, 220, 230, 240, 250, 260, 270, 280, 290, 300, 310, 320, 330, 340, 350, 360, 370, 380, 390, 400, 410, 420, 430, 440, 450, 460, 470, 480, 490]","[5, 47, 89, 131, 173, 215, 257, 299, 341, 383, 425, 467, 509, 551, 593, 635, 677, 719, 761, 803, 845, 887, 929, 971, 1013, 1055, 1097, 1139, 1181, 1223, 1265, 1307, 1349, 1391, 1433, 1475, 1517, 1559, 1601, 1643, 1685, 1727, 1769, 1811, 1853, 1895, 1937, 1979, 2021, 2063]","[64, 64]"
jmis8drz,fiery-durian-218,TD3BC_JS_Online,l2f_bc,finished,https://wandb.ai/korneelvandenberghe/l2f_bc/runs/jmis8drz,2024-10-14T10:28:58Z,274.9731304348694,327.3,100.0,False,"[15.4129858526574, 13.993903730754914, 141.53984230699322, 231.55641510469187, 238.1791828262425, 191.3246213327095, 13.522265440435385, 233.2214969304401, 277.6617815279786, 143.45388112927347, 193.23353161619588, 408.32297435840263, 229.986336215927, 228.13595842369324, 192.29218324067185, 364.5249410534081, 103.08911755698871, 319.104951724774, 152.26457874960576, 104.9289465964968, 230.60101284105698, 143.94983234497892, 229.45011150177825, 270.53776962677284, 231.86120849320787, 149.9099843094719, 358.12584174840333, 186.9215935027367, 193.57624914302062, 192.0532636783586, 234.4700130993038, 319.24529744945147, 148.9229538002513, 191.20447395751378, 103.98398897639443, 225.99318700978046, 190.38745332525778, 366.5628335931951, 235.1233592136335, 150.31266472374193, 407.24339245612254, 106.4881792471019, 404.67952527975217, 322.8267644666662, 149.31145642221819, 190.04225452179077, 150.21219485040666, 188.94254425761352, 184.80819985881413, 274.9731304348694]","[29.6, 30.15, 178.25, 284.25, 284.25, 234.6, 33.0, 277.1, 329.45, 181.1, 231.65, 479.7, 280.85, 276.0, 233.4, 420.85, 128.0, 372.55, 189.6, 131.7, 279.55, 177.65, 274.85, 323.2, 274.8, 190.2, 417.85, 232.75, 229.55, 233.7, 279.75, 373.75, 188.55, 232.15, 132.7, 275.15, 230.4, 424.8, 282.35, 183.7, 474.9, 137.5, 466.9, 382.1, 189.0, 228.1, 190.45, 230.55, 228.8, 327.3]","[18.105304479599, 86.32923436164856, 157.93346333503723, 228.16326475143433, 300.8754150867462, 424.697466135025, 488.71683955192566, 559.1450641155243, 638.7440824508667, 713.1280245780945, 857.0432813167572, 938.197429895401, 1021.9331991672516, 1105.5595111846924, 1188.0773520469666, 1353.3526873588562, 1400.372257232666, 1454.2799746990204, 1504.1560969352722, 1550.9144024848938, 1693.23597240448, 1736.9537048339844, 1783.279402256012, 1831.556049823761, 1878.2293195724487, 2002.9073281288147, 2053.7381687164307, 2098.7632484436035, 2143.1859772205353, 2187.782237768173, 2351.301698446274, 2400.8036890029907, 2444.5936934947968, 2489.297243118286, 2531.440414428711, 2691.1808042526245, 2735.0191988945007, 2785.6876678466797, 2832.2991275787354, 2875.2585604190826, 3054.2985322475433, 3097.6687548160553, 3150.147209405899, 3199.7019426822662, 3243.5983698368073, 3423.6501607894897, 3474.3479895591736, 3527.812003135681, 3582.5603969097137, 3640.5730040073395]","[0, 10, 20, 30, 40, 50, 60, 70, 80, 90, 100, 110, 120, 130, 140, 150, 160, 170, 180, 190, 200, 210, 220, 230, 240, 250, 260, 270, 280, 290, 300, 310, 320, 330, 340, 350, 360, 370, 380, 390, 400, 410, 420, 430, 440, 450, 460, 470, 480, 490]","[28, 281, 534, 787, 1040, 1296, 1549, 1802, 2055, 2308, 2564, 2817, 3070, 3323, 3576, 3832, 4085, 4338, 4591, 4844, 5100, 5353, 5606, 5859, 6112, 6368, 6621, 6874, 7127, 7380, 7636, 7889, 8142, 8395, 8648, 8904, 9157, 9410, 9663, 9916, 10172, 10425, 10678, 10931, 11184, 11438, 11691, 11944, 12197, 12450]","[128, 128]"
omtrh3to,graceful-dew-219,BC,l2f_bc,finished,https://wandb.ai/korneelvandenberghe/l2f_bc/runs/omtrh3to,2024-10-14T10:43:00Z,148.04484822475484,179.95,2.0,True,"[17.7893717386033, 17.582850324046017, 18.022997828215114, 24.02236115723204, 18.958738607907954, 21.399456490133197, 160.9509360821788, 55.40640188420556, 178.9801467545878, 139.10060493772747, 57.47587711008714, 95.92138732823362, 142.3794172025561, 104.25169111864791, 188.58734231528237, 103.71369148540707, 272.69465249960007, 105.06210669500365, 101.32743580479205, 152.72178008643954, 153.8750872764466, 189.33791655382777, 274.73086241932685, 147.84496049983915, 273.0044856079744, 189.08343794646427, 359.6200267851535, 272.33133427571096, 98.65681844613327, 359.5697873866757, 144.12291245710145, 103.79571906154119, 197.26304782812974, 230.9375345772768, 100.0932267246958, 272.1435836878644, 195.68803006093776, 365.46730879979657, 185.77809063745738, 105.09182760408696, 447.33503414800816, 186.54124651237973, 142.83290310263268, 195.356435335889, 238.255746729235, 189.57184150513677, 98.66777220876666, 273.6612744877596, 273.6293831460056, 148.04484822475484]","[35.3, 34.45, 36.75, 43.15, 36.75, 38.3, 225.4, 85.9, 227.75, 178.75, 78.95, 131.55, 184.4, 132.85, 226.45, 135.45, 328.65, 140.0, 135.05, 194.15, 188.25, 229.55, 324.85, 183.85, 325.3, 226.75, 419.7, 325.9, 129.6, 424.2, 177.3, 134.55, 240.2, 283.85, 127.55, 323.85, 235.45, 432.4, 225.0, 137.3, 515.5, 227.95, 176.25, 233.35, 285.8, 229.6, 130.55, 323.7, 325.15, 179.95]","[11.758203744888306, 58.11230731010437, 105.78434300422668, 152.08020997047424, 198.34422659873962, 244.7825186252594, 297.1352140903473, 345.43252754211426, 398.1924321651459, 448.7986569404602, 496.2270517349243, 544.0450232028961, 593.6781826019287, 640.9114730358124, 695.0066273212433, 743.7853422164917, 797.5604062080383, 851.2200751304626, 898.0010118484497, 946.9560546875, 998.7242019176483, 1050.564309835434, 1104.1604750156403, 1154.0523409843445, 1208.4068806171417, 1259.7503561973572, 1316.150202512741, 1376.4781124591827, 1424.9978649616241, 1480.9058811664581, 1530.231491804123, 1578.6133751869202, 1630.4672846794128, 1683.9905533790588, 1731.8580660820007, 1783.2684428691864, 1833.395652770996, 1889.990220785141, 1940.1907088756561, 1988.010749578476, 2046.8618083000183, 2096.6305363178253, 2144.610350370407, 2196.3448615074158, 2250.2782776355743, 2303.3881545066833, 2352.4738607406616, 2408.782993078232, 2463.923921108246, 2514.0231914520264]","[0, 10, 20, 30, 40, 50, 60, 70, 80, 90, 100, 110, 120, 130, 140, 150, 160, 170, 180, 190, 200, 210, 220, 230, 240, 250, 260, 270, 280, 290, 300, 310, 320, 330, 340, 350, 360, 370, 380, 390, 400, 410, 420, 430, 440, 450, 460, 470, 480, 490]","[5, 48, 90, 132, 174, 216, 258, 300, 342, 384, 426, 468, 510, 552, 594, 636, 678, 720, 762, 804, 848, 890, 932, 974, 1016, 1058, 1100, 1142, 1184, 1226, 1270, 1312, 1354, 1396, 1438, 1480, 1522, 1564, 1606, 1648, 1692, 1734, 1776, 1818, 1860, 1902, 1944, 1986, 2028, 2070]","[128, 128]"
tqolftrn,honest-thunder-220,BC,l2f_bc,finished,https://wandb.ai/korneelvandenberghe/l2f_bc/runs/tqolftrn,2024-10-14T11:25:52Z,276.7938320652776,329.45,2.0,False,"[19.95771310888772, 16.546870059711765, 16.321975439554826, 26.032838410623896, 18.56262408507598, 19.501335366857585, 54.44210118734394, 50.927045618164414, 137.71958679007628, 13.705555265597818, 63.344697925650124, 58.695445356320235, 61.87029911255253, 183.03260832415282, 187.28889131050738, 55.82187343326476, 266.5838771216761, 182.23643591980004, 15.1315438387001, 104.33763157767035, 94.25003308002658, 139.89818337080288, 225.79359129496635, 105.49530118210154, 139.57714787220874, 150.14815952841747, 222.85831262636674, 230.67524254238356, 274.7487818525976, 178.98168601582472, 148.31608985765646, 17.31211898929876, 102.64100315196936, 144.3555284478196, 186.84317712173888, 150.03879773995595, 402.78966844082345, 227.18915312691925, 230.33299550700727, 402.24546626991, 97.68401303789429, 269.43274943688647, 403.19693243181285, 188.0308939567074, 229.07628029941537, 184.61934573161798, 187.49700805355613, 192.03677876339114, 186.87217818669617, 276.7938320652776]","[34.95, 32.5, 32.25, 45.6, 33.75, 38.95, 79.7, 82.2, 181.3, 31.2, 88.7, 81.85, 82.95, 235.0, 233.9, 86.65, 325.25, 230.15, 34.0, 137.45, 137.9, 177.35, 274.7, 135.9, 182.4, 185.3, 272.95, 279.5, 325.55, 226.85, 192.65, 35.25, 133.0, 177.7, 229.3, 189.95, 476.05, 280.0, 286.1, 468.7, 127.7, 322.3, 474.2, 227.45, 278.2, 228.4, 229.45, 233.6, 226.4, 329.45]","[12.03875184059143, 55.9152717590332, 101.45162844657898, 147.08912801742554, 194.03962540626526, 239.2896192073822, 285.4830131530762, 331.48190331459045, 379.9277808666229, 423.1782019138336, 461.08449816703796, 497.9417088031769, 536.1049444675446, 581.2938225269318, 625.860025882721, 666.3190050125122, 712.1164562702179, 757.8893594741821, 796.5981850624084, 836.7739634513855, 878.4985258579254, 923.7598345279694, 971.7675442695618, 1015.1682529449463, 1059.5830240249634, 1103.7195353507996, 1150.8475012779236, 1199.708487033844, 1249.3660893440247, 1296.9988672733307, 1345.7924144268036, 1388.9031133651733, 1434.953819990158, 1482.003403186798, 1543.777194261551, 1592.8497488498688, 1650.7465329170227, 1702.7913444042206, 1754.1224551200867, 1811.1426646709442, 1856.8965287208557, 1908.0529522895813, 1967.1755061149597, 2027.5851030349731, 2088.2287850379944, 2152.855813741684, 2212.6539528369904, 2267.300695180893, 2325.333508014679, 2384.345666885376]","[0, 10, 20, 30, 40, 50, 60, 70, 80, 90, 100, 110, 120, 130, 140, 150, 160, 170, 180, 190, 200, 210, 220, 230, 240, 250, 260, 270, 280, 290, 300, 310, 320, 330, 340, 350, 360, 370, 380, 390, 400, 410, 420, 430, 440, 450, 460, 470, 480, 490]","[5, 47, 89, 131, 173, 215, 257, 299, 341, 383, 425, 467, 509, 551, 593, 635, 677, 719, 761, 803, 845, 887, 929, 971, 1013, 1055, 1097, 1139, 1181, 1223, 1265, 1307, 1349, 1391, 1433, 1475, 1517, 1559, 1601, 1643, 1685, 1727, 1769, 1811, 1853, 1895, 1937, 1979, 2021, 2063]","[128, 128]"
p736f0sx,worthy-totem-221,TD3BC_JS_Online,l2f_bc,finished,https://wandb.ai/korneelvandenberghe/l2f_bc/runs/p736f0sx,2024-10-14T11:32:56Z,191.97393822988835,227.75,2.0,True,"[18.291829547954634, 29.128832303362024, 97.2639346632342, 147.89528036966894, 231.34778615523925, 317.98897366665557, 270.4430390494169, 358.6924848523155, 278.6498354128964, 316.68628969212546, 156.01372714665234, 104.38287021767243, 406.2706556072711, 233.09519979407477, 231.7701839806329, 102.32824878622264, 191.84573806999515, 321.98048997304136, 233.1794818438695, 237.3852800682877, 99.60732447612969, 103.6780530596657, 322.5528918933217, 230.037242996625, 275.75148860435576, 412.0194869742786, 363.55814189064006, 103.70021796543304, 144.54458312841405, 405.6427697163814, 150.33398829856102, 232.32679956899582, 280.04295088353547, 63.9667611953148, 56.02245795043484, 236.12797169619552, 191.67636652946246, 275.38718762549297, 193.10997145555967, 147.41109149879975, 190.17590275983602, 316.1789338789221, 234.7852207117316, 230.7202833530277, 194.57678467875232, 317.108917797481, 192.48008652238505, 147.67224885211766, 146.03384857567053, 191.97393822988835]","[32.85, 51.65, 130.2, 187.1, 273.65, 369.85, 320.3, 428.05, 332.75, 369.15, 193.9, 131.65, 471.4, 275.4, 281.75, 131.7, 236.65, 377.15, 277.85, 285.05, 131.6, 134.8, 376.35, 274.0, 330.0, 484.55, 420.15, 135.8, 181.45, 476.6, 186.7, 281.15, 332.3, 89.7, 79.5, 284.6, 230.6, 325.15, 239.1, 182.75, 231.15, 370.1, 278.75, 277.4, 232.5, 375.15, 234.65, 185.0, 180.3, 227.75]","[17.745447397232056, 65.7896580696106, 117.37730503082275, 171.26093125343323, 226.70518040657043, 339.45849442481995, 398.0619480609894, 458.88145899772644, 523.340234041214, 586.4170105457306, 706.5231649875641, 760.8594675064087, 825.1210994720459, 893.374588727951, 963.0915920734406, 1117.3305714130402, 1180.4116983413696, 1241.1162419319153, 1302.0779359340668, 1361.2701659202576, 1512.1510210037231, 1554.8522188663483, 1603.5422501564026, 1648.8824336528778, 1695.7375948429108, 1843.4293191432953, 1893.4600045681, 1935.0483088493347, 1977.561206817627, 2028.541447877884, 2183.863648891449, 2229.7469975948334, 2278.1815316677094, 2319.8131420612335, 2359.7070610523224, 2518.954610347748, 2563.470701932907, 2610.0124056339264, 2655.0118610858917, 2697.7178013324738, 2855.463493347168, 2904.0189497470856, 2949.0173330307007, 2995.420100927353, 3040.754166126251, 3235.5103747844696, 3295.678799390793, 3340.449036836624, 3384.2593088150024, 3430.192842721939]","[0, 10, 20, 30, 40, 50, 60, 70, 80, 90, 100, 110, 120, 130, 140, 150, 160, 170, 180, 190, 200, 210, 220, 230, 240, 250, 260, 270, 280, 290, 300, 310, 320, 330, 340, 350, 360, 370, 380, 390, 400, 410, 420, 430, 440, 450, 460, 470, 480, 490]","[28, 282, 535, 788, 1041, 1297, 1550, 1803, 2056, 2309, 2565, 2818, 3071, 3324, 3577, 3833, 4086, 4339, 4592, 4845, 5103, 5356, 5609, 5862, 6115, 6371, 6624, 6877, 7130, 7383, 7641, 7894, 8147, 8400, 8653, 8909, 9162, 9415, 9668, 9921, 10179, 10432, 10685, 10938, 11191, 11445, 11698, 11951, 12204, 12457]","[128, 128]"
tnd6vj46,royal-disco-223,BC,l2f_bc,finished,https://wandb.ai/korneelvandenberghe/l2f_bc/runs/tnd6vj46,2024-10-14T12:06:36Z,227.16979286872652,276.85,25.0,False,"[22.257007474213108, 19.35662635475419, 20.820792526657474, 16.116308447082734, 27.4271274286351, 14.353581255919655, 30.640413715855903, 146.40766404517882, 143.336453216054, 186.73500784536947, 155.2815381846849, 140.30748923984305, 148.2891162792082, 60.36735254097755, 19.1956794236444, 188.6700616415527, 190.9845247987821, 100.84211916924735, 106.30685797602118, 152.04329973665216, 20.295116656216738, 233.76062347180837, 192.08646482896165, 189.05208248991653, 193.23985767158416, 145.33852992239105, 188.2600107768984, 400.25062710426016, 315.67650107205714, 97.07402141913327, 229.5948432520871, 186.56095507360675, 187.49101991969684, 232.0100869494695, 60.315176849349186, 146.7541951094754, 277.4580744232479, 189.55286174887814, 279.706206732135, 104.68184834636176, 193.17819523195428, 195.96054945509516, 310.9491805105338, 145.617306738453, 105.32711993196503, 403.1004836213501, 19.26624118881349, 274.26639259410746, 236.18814464354176, 227.16979286872652]","[35.0, 34.6, 37.35, 35.6, 49.3, 30.8, 54.15, 177.65, 179.2, 230.0, 199.6, 172.75, 185.4, 83.0, 39.05, 226.75, 227.2, 132.15, 138.75, 191.4, 41.6, 283.25, 232.95, 227.95, 234.4, 180.55, 227.7, 465.95, 372.25, 122.55, 278.45, 227.6, 227.45, 272.4, 87.1, 182.6, 329.2, 235.5, 329.6, 132.95, 231.55, 237.75, 370.2, 182.05, 138.3, 469.4, 38.25, 324.6, 280.6, 276.85]","[15.358156442642212, 79.75671243667603, 140.44713354110718, 201.53648018836975, 257.88905119895935, 316.19861602783203, 367.0236351490021, 422.0481948852539, 474.08394956588745, 532.5587856769562, 598.8094069957733, 659.0767283439636, 714.0425446033478, 764.9039676189423, 809.2015590667725, 866.7930951118469, 926.6723029613495, 977.9701392650604, 1026.8889095783234, 1078.1369891166687, 1124.9482843875885, 1176.9468829631805, 1224.5378160476685, 1273.1216161251068, 1328.993467092514, 1380.8105010986328, 1429.0638136863708, 1484.3410966396332, 1537.1188266277313, 1581.5924470424652, 1659.7059872150421, 1731.233463525772, 1803.8830635547638, 1872.2713475227356, 1938.8160617351532, 2017.3315711021423, 2101.4656748771667, 2170.7133371829987, 2251.4316477775574, 2318.24028134346, 2391.1188530921936, 2464.873929977417, 2532.5467097759247, 2599.590017557144, 2662.999722957611, 2738.285650253296, 2794.5547881126404, 2856.4552116394043, 2931.981336593628, 2999.228593111038]","[0, 10, 20, 30, 40, 50, 60, 70, 80, 90, 100, 110, 120, 130, 140, 150, 160, 170, 180, 190, 200, 210, 220, 230, 240, 250, 260, 270, 280, 290, 300, 310, 320, 330, 340, 350, 360, 370, 380, 390, 400, 410, 420, 430, 440, 450, 460, 470, 480, 490]","[5, 47, 89, 131, 173, 215, 257, 299, 341, 383, 425, 467, 509, 551, 593, 635, 677, 719, 761, 803, 845, 887, 929, 971, 1013, 1055, 1097, 1139, 1181, 1223, 1265, 1307, 1349, 1391, 1433, 1475, 1517, 1559, 1601, 1643, 1685, 1727, 1769, 1811, 1853, 1895, 1937, 1979, 2021, 2063]","[128, 128]"
2ahyy5de,wise-disco-224,TD3BC_JS_Online,l2f_bc,finished,https://wandb.ai/korneelvandenberghe/l2f_bc/runs/2ahyy5de,2024-10-14T12:33:04Z,324.9709733351512,378.05,2.0,False,"[20.85026115046025, 17.860134770806635, 24.565944879605766, 29.044742180062325, 56.559075748887174, 57.55364644140262, 190.21501856035968, 105.3391137772297, 151.2437932223657, 143.8352430812394, 147.78012686288275, 152.13561355192022, 148.1582678973092, 16.397325210568116, 193.0040889446398, 235.66395269771368, 102.6690534379843, 145.09516980626339, 147.35661211039675, 107.74700233697308, 229.22443516628363, 185.0528761992249, 29.785127331892674, 236.46105702427013, 111.1115828927359, 21.35810815513376, 151.26543757408464, 104.78190559741563, 151.7774593092285, 150.34669697769033, 109.38935867018613, 194.31693723648075, 279.2764007838144, 104.00999742677963, 193.76331325135433, 321.6346119107399, 150.09638406708606, 194.45171483901143, 109.32762539671864, 150.9973504902065, 150.99340328644803, 233.60379200485622, 156.0829068624801, 148.6878575629463, 192.82162307514972, 235.33321362059337, 141.9016597334066, 70.23729639429166, 109.79277863030873, 324.9709733351512]","[41.15, 35.5, 40.75, 50.9, 90.0, 86.2, 232.9, 131.75, 186.25, 181.0, 185.6, 187.45, 181.5, 34.7, 229.45, 283.25, 135.65, 175.7, 186.25, 139.5, 275.75, 231.75, 55.1, 281.15, 143.2, 41.0, 188.85, 139.55, 189.6, 187.95, 141.6, 234.5, 333.85, 133.3, 239.5, 379.85, 185.7, 231.65, 144.85, 187.0, 192.2, 277.95, 193.55, 179.95, 233.25, 276.55, 179.55, 96.1, 146.95, 378.05]","[24.470704555511475, 155.44174718856812, 289.76268315315247, 429.4482419490814, 585.0146389007568, 785.4564070701599, 916.835560798645, 1050.4534542560577, 1173.8979697227478, 1281.9216101169586, 1479.1315269470215, 1586.817062139511, 1718.7169179916382, 1831.867876291275, 1938.4989964962006, 2094.4239089488983, 2137.0188143253326, 2178.9738097190857, 2220.9992196559906, 2262.2017152309418, 2397.2068433761597, 2440.010857820511, 2477.2192616462708, 2520.944054365158, 2561.8430001735687, 2700.422260284424, 2794.966603040695, 2880.5215170383453, 2961.110748529434, 3040.6675741672516, 3218.200292110443, 3310.043613433838, 3407.641503095627, 3508.9287374019623, 3594.6992616653442, 3809.9501326084137, 3890.7809257507324, 3971.4854080677032, 4049.730749607086, 4139.296894073486, 4340.679664373398, 4421.144881725311, 4487.133321523666, 4530.181277990341, 4575.361757278442, 4746.464577913284, 4789.58345079422, 4831.023175001144, 4873.269510269165, 4920.841233491898]","[0, 10, 20, 30, 40, 50, 60, 70, 80, 90, 100, 110, 120, 130, 140, 150, 160, 170, 180, 190, 200, 210, 220, 230, 240, 250, 260, 270, 280, 290, 300, 310, 320, 330, 340, 350, 360, 370, 380, 390, 400, 410, 420, 430, 440, 450, 460, 470, 480, 490]","[28, 281, 534, 787, 1040, 1296, 1549, 1802, 2055, 2308, 2564, 2817, 3070, 3323, 3576, 3832, 4085, 4338, 4591, 4844, 5100, 5353, 5606, 5859, 6112, 6368, 6621, 6874, 7127, 7380, 7636, 7889, 8142, 8395, 8648, 8904, 9157, 9410, 9663, 9916, 10172, 10425, 10678, 10931, 11184, 11438, 11691, 11944, 12197, 12450]","[64, 64]"
7fa6be5r,laced-surf-225,BC,l2f_bc,finished,https://wandb.ai/korneelvandenberghe/l2f_bc/runs/7fa6be5r,2024-10-14T12:57:42Z,192.64717843401144,236.3,50.0,False,"[19.521625212305175, 19.774449220486996, 20.80587689341896, 16.392477220253262, 29.16546593797189, 23.481806224288995, 17.037025705881856, 61.26137031479923, 18.51898284503537, 105.54644292518431, 105.26062753066044, 275.68381951626066, 148.67545794859157, 145.11324014783725, 273.14591342868675, 276.2750363789037, 360.69983649691824, 143.92127237588164, 318.0454273190281, 231.9355564738757, 321.0565341791544, 190.62096888970626, 272.5489069538931, 313.18362052226496, 146.72945045408187, 323.4872281949282, 276.5347424891114, 231.91705196797676, 107.51058965460363, 367.4312964069963, 107.49646188713902, 317.6739835597949, 405.0635473177502, 237.35856276661912, 315.81589399685873, 228.88872707515793, 315.34902971857684, 236.4586987045619, 404.21796195290403, 192.72541223574908, 277.90314637509107, 402.6551707752937, 105.8297489450465, 272.20123043161266, 358.9217394756079, 228.1739088332612, 231.42671630097425, 319.5426478741778, 186.01311956751752, 192.64717843401144]","[37.35, 34.65, 39.2, 34.35, 50.45, 42.5, 30.95, 83.45, 35.45, 130.8, 131.4, 326.95, 180.65, 180.35, 330.5, 321.05, 425.85, 180.05, 377.4, 279.45, 381.5, 230.1, 324.5, 368.75, 182.85, 382.8, 330.05, 280.95, 139.55, 428.0, 143.1, 375.2, 468.9, 284.85, 375.15, 274.2, 370.9, 280.35, 470.8, 232.7, 329.85, 468.35, 136.65, 326.4, 421.3, 276.5, 276.85, 372.05, 223.6, 236.3]","[13.987223148345947, 79.63357329368591, 156.13683438301086, 232.90580654144287, 304.41029715538025, 379.7115957736969, 449.15894651412964, 505.2979164123535, 559.4268705844879, 611.1850380897522, 673.3780827522278, 739.519629240036, 802.0526678562164, 858.6151781082153, 914.6623106002808, 970.893057346344, 1047.6505224704742, 1097.5056478977203, 1173.7634902000427, 1242.3803203105927, 1309.3837428092957, 1377.8033895492554, 1443.7513177394867, 1508.2546508312225, 1570.3581252098083, 1637.4468083381653, 1691.2977879047394, 1743.3876280784607, 1798.508644104004, 1860.5702695846558, 1918.6912367343903, 1982.3942847251892, 2046.1334495544434, 2100.7429134845734, 2159.089581489563, 2214.0024178028107, 2266.666268825531, 2315.1360993385315, 2375.4976303577423, 2428.6785922050476, 2478.8622872829437, 2536.9745223522186, 2583.936406135559, 2643.052050113678, 2700.2202751636505, 2750.1933522224426, 2796.331260204315, 2848.482097387314, 2893.8256323337555, 2942.9812591075897]","[0, 10, 20, 30, 40, 50, 60, 70, 80, 90, 100, 110, 120, 130, 140, 150, 160, 170, 180, 190, 200, 210, 220, 230, 240, 250, 260, 270, 280, 290, 300, 310, 320, 330, 340, 350, 360, 370, 380, 390, 400, 410, 420, 430, 440, 450, 460, 470, 480, 490]","[5, 47, 89, 131, 173, 215, 257, 299, 341, 383, 425, 467, 509, 551, 593, 635, 677, 719, 761, 803, 845, 887, 929, 971, 1013, 1055, 1097, 1139, 1181, 1223, 1265, 1307, 1349, 1391, 1433, 1475, 1517, 1559, 1601, 1643, 1685, 1727, 1769, 1811, 1853, 1895, 1937, 1979, 2021, 2063]","[128, 128]"
3xc78esk,unique-firebrand-226,TD3BC_JS_Online,l2f_bc,crashed,https://wandb.ai/korneelvandenberghe/l2f_bc/runs/3xc78esk,2024-10-14T13:58:04Z,151.13955561530798,188.8,25.0,False,"[17.186592471324914, 16.132146760248666, 96.5141396030625, 143.03897558326452, 16.014231269681414, 67.06431048235446, 198.18905465954597, 100.78330139236365, 108.64091192433735, 104.31777869266577, 195.8762386925748, 64.36106915994247, 109.05879347255745, 106.50684814431652, 105.24568810714993, 145.1408473470771, 316.1772844732325, 320.0885899804364, 143.70903410123185, 150.0579847752628, 61.003661288405965, 151.13955561530798]","[35.0, 36.2, 136.2, 180.8, 33.25, 89.7, 235.6, 133.75, 141.55, 134.55, 238.65, 86.6, 140.65, 136.2, 135.2, 178.9, 373.6, 377.6, 188.2, 186.65, 85.95, 188.8]","[17.69970726966858, 66.02930426597595, 120.79917979240417, 177.42637658119202, 228.3496916294098, 328.58657217025757, 384.46324586868286, 436.9201765060425, 488.05044507980347, 538.4608974456787, 658.4460647106171, 703.4854097366333, 749.6989138126373, 797.280553817749, 844.3259468078613, 3641.651489019394, 3707.7099566459656, 3775.5002024173737, 3837.997534751892, 3911.1972868442535, 4056.5827708244324, 4108.479929685593]","[0, 10, 20, 30, 40, 50, 60, 70, 80, 90, 100, 110, 120, 130, 140, 150, 160, 170, 180, 190, 200, 210]","[28, 281, 534, 787, 1040, 1296, 1549, 1802, 2055, 2308, 2564, 2817, 3070, 3323, 3576, 3832, 4085, 4338, 4591, 4844, 5100, 5353]","[64, 64]"
k19l768w,still-plasma-229,TD3BC_JS_Online,l2f_bc,finished,https://wandb.ai/korneelvandenberghe/l2f_bc/runs/k19l768w,2024-10-14T17:15:35Z,273.557744369385,331.0,2.0,False,"[20.34268692396894, 29.94657209468922, 137.59382686327305, 148.31721687307817, 231.0994533167277, 229.309764539844, 363.55522220649124, 317.2307257504732, 145.3132297995465, 318.3592685611026, 227.7082797603879, 272.49961846966505, 277.49830141053695, 278.16830850928415, 274.9899511327867, 60.81795343077927, 324.52931355767385, 231.65859409608524, 192.8238017892108, 231.34642608936224, 411.9807477201092, 315.05431113004147, 187.7394266251161, 276.86621041264414, 191.01287469697098, 362.87057997663914, 233.56325750124716, 231.22267983100215, 233.8890460964852, 280.1294726780971, 402.47665646560307, 272.2856586895199, 362.7075882618315, 359.08597846778923, 317.2081654163238, 279.29773469441375, 317.12377138322364, 141.61635370603958, 275.6387657221185, 270.74411229595455, 320.06075611433437, 403.90205476118905, 194.47242404724508, 107.45892620690772, 146.53857300887427, 233.29930231812378, 194.39071836844204, 361.5629024467226, 232.5429356962965, 273.557744369385]","[39.1, 51.95, 180.05, 183.9, 278.2, 277.45, 427.3, 372.55, 180.45, 370.85, 273.8, 326.55, 327.25, 327.6, 322.75, 88.2, 379.5, 277.9, 235.25, 276.8, 477.35, 370.8, 227.85, 331.85, 230.15, 424.25, 277.4, 274.75, 277.75, 331.85, 468.7, 325.35, 419.1, 421.95, 374.3, 332.9, 370.5, 181.65, 324.35, 327.15, 377.25, 470.85, 230.65, 143.1, 182.5, 280.85, 236.9, 420.95, 281.8, 331.0]","[16.32899761199951, 55.679019927978516, 98.7461462020874, 141.64354395866394, 187.421133518219, 287.60371446609497, 336.55023288726807, 385.0444688796997, 427.92216181755066, 475.1640717983246, 577.3769588470459, 622.924387216568, 668.7571804523468, 714.6824271678925, 760.3001248836517, 866.9170365333557, 912.0711796283722, 954.0788218975067, 995.3652079105377, 1037.3451192378998, 1169.9794294834137, 1215.549033164978, 1256.7034413814545, 1300.7929384708405, 1341.6250727176666, 1482.142664194107, 1524.3681285381317, 1566.7528860569, 1608.811118364334, 1652.734936952591, 1797.6783423423767, 1841.1580228805542, 1887.6897614002228, 1933.8226599693298, 1979.1950833797455, 2118.844076395035, 2163.489146232605, 2203.6634118556976, 2247.0736739635468, 2290.721347808838, 2449.919008731842, 2499.8631381988525, 2541.2036414146423, 2580.551043987274, 2620.1361680030823, 2785.5041210651398, 2870.1304194927216, 2925.7504045963287, 2968.6884455680847, 3013.013652086258]","[0, 10, 20, 30, 40, 50, 60, 70, 80, 90, 100, 110, 120, 130, 140, 150, 160, 170, 180, 190, 200, 210, 220, 230, 240, 250, 260, 270, 280, 290, 300, 310, 320, 330, 340, 350, 360, 370, 380, 390, 400, 410, 420, 430, 440, 450, 460, 470, 480, 490]","[28, 281, 534, 787, 1040, 1296, 1549, 1802, 2055, 2308, 2564, 2817, 3070, 3323, 3576, 3832, 4085, 4338, 4591, 4844, 5100, 5353, 5606, 5859, 6112, 6368, 6621, 6874, 7127, 7380, 7636, 7889, 8142, 8395, 8648, 8904, 9157, 9410, 9663, 9916, 10172, 10425, 10678, 10931, 11184, 11438, 11691, 11944, 12197, 12450]","[256, 128]"
1q73jgz7,still-dream-230,TD3BC_JS_Online,l2f_bc,finished,https://wandb.ai/korneelvandenberghe/l2f_bc/runs/1q73jgz7,2024-10-14T18:08:38Z,275.3278785978469,326.75,25.0,False,"[20.2374277718888, 40.07241444591732, 148.5771852428145, 185.49524611789525, 273.17505356968684, 317.70381359103936, 281.3781696232657, 318.634670217324, 320.48372339280735, 276.87816602754435, 359.64663825951095, 100.60453440650545, 229.44660710397844, 316.8178550099058, 449.42527090462744, 364.1699662688429, 319.51043631676663, 364.7937397694155, 442.73235312387743, 451.5929092782594, 314.6890722969311, 232.88397883347778, 363.2752833855817, 239.81922612265512, 451.32455504507715, 356.17243837514815, 191.14755783106517, 363.4254243659355, 363.9065957241766, 401.54051939934664, 192.46999326229619, 318.2146431315953, 275.0434933455624, 361.09249905130423, 274.06688526832073, 317.32299535821767, 283.5725297716991, 104.34681799026366, 317.5667099348557, 232.07911099527473, 270.31948677059313, 195.69045693362935, 272.52923397845336, 277.74101242924286, 323.8731195712536, 403.603999261083, 276.04405899797416, 235.56517711854636, 232.07418373741947, 275.3278785978469]","[37.7, 68.1, 180.75, 234.75, 324.55, 374.65, 335.0, 374.75, 378.45, 324.45, 424.25, 128.85, 279.05, 376.2, 519.75, 426.35, 374.95, 423.75, 514.75, 526.1, 374.9, 274.25, 421.3, 283.55, 522.5, 416.9, 230.45, 426.65, 425.95, 469.85, 236.85, 374.95, 325.15, 420.9, 326.7, 375.3, 338.4, 133.95, 377.5, 274.45, 323.0, 242.95, 329.0, 329.2, 385.55, 469.55, 327.95, 282.6, 277.65, 326.75]","[16.016273975372314, 55.65809488296509, 98.2989342212677, 142.42772507667542, 189.11903643608093, 289.5707471370697, 335.8757119178772, 382.9883646965027, 430.90186381340027, 477.6247389316559, 590.7973670959473, 630.5278544425964, 674.5572361946106, 721.1736786365509, 772.0704054832458, 892.8735890388489, 938.4779441356659, 985.2415099143982, 1034.1651248931885, 1083.728060722351, 1213.8823823928833, 3423.4114334583282, 3469.6528294086456, 3511.7830748558044, 3560.7459592819214, 3690.682220697403, 3732.71883225441, 3779.1832313537598, 3824.8785812854767, 3872.557724714279, 4026.0887145996094, 4071.018702030182, 4114.396444320679, 4160.168133020401, 4203.820911169052, 4349.507147312164, 4393.894750118256, 4432.424493789673, 4477.375377416611, 4519.819333076477, 4688.012264251709, 4753.553846359253, 4800.020154714584, 4845.530347108841, 4891.543501138687, 5067.959075927734, 5124.927134752274, 5178.001291275024, 5241.337983846664, 5293.287169933319]","[0, 10, 20, 30, 40, 50, 60, 70, 80, 90, 100, 110, 120, 130, 140, 150, 160, 170, 180, 190, 200, 210, 220, 230, 240, 250, 260, 270, 280, 290, 300, 310, 320, 330, 340, 350, 360, 370, 380, 390, 400, 410, 420, 430, 440, 450, 460, 470, 480, 490]","[28, 281, 534, 787, 1040, 1296, 1549, 1802, 2055, 2308, 2564, 2817, 3070, 3323, 3576, 3832, 4085, 4338, 4591, 4844, 5100, 5353, 5606, 5859, 6112, 6368, 6621, 6874, 7127, 7380, 7636, 7889, 8142, 8395, 8648, 8904, 9157, 9410, 9663, 9916, 10172, 10425, 10678, 10931, 11184, 11438, 11691, 11944, 12197, 12450]","[256, 128]"
zee5xkgh,dry-leaf-231,TD3BC_JS_Online,l2f_bc,finished,https://wandb.ai/korneelvandenberghe/l2f_bc/runs/zee5xkgh,2024-10-14T19:26:41Z,16.320840135364243,230.45,2.0,False,"[19.861408906217008, 54.477695791366024, 230.12810475919872, 232.57324883284005, 493.33667974451294, 267.5844568209094, 138.23382853073838, 98.45947038457885, 399.74492876630114, 442.1314354598447, 138.90099956107613, 95.951272385388, 298.7840303119608, 260.2720364096711, 178.69390514606147, 406.39976943020673, 209.73260144448176, 328.9395662198641, 330.6691266618313, 356.15552416733783, 193.21295479725933, 118.85447258246943, 275.7451649707589, 276.0214890259867, 117.45372480718393, 296.08884659971255, 259.95168777553414, 365.7767765024987, 253.7454158700641, 248.88018554887603, 290.34919492289947, 229.9759079620569, 121.7567402695147, 225.24627056117052, 274.607824320766, 285.9180738274822, 123.24560791502859, 286.466932779865, 188.68715372864193, 99.37695447891967, 167.08117940140875, 80.37119923651836, 192.66615750359017, 136.00985653005105, 170.17193912560114, 43.194591535416876, -3.708894580430666, 58.04975660512177, 84.75339035637464, 16.320840135364243]","[39.75, 81.9, 276.5, 276.15, 574.05, 321.5, 177.15, 136.05, 474.4, 522.05, 185.55, 132.2, 371.9, 323.45, 231.05, 514.95, 284.05, 427.85, 421.35, 466.1, 282.15, 174.45, 380.1, 370.05, 178.5, 424.75, 376.95, 528.95, 382.7, 373.3, 467.3, 378.35, 238.85, 380.35, 424.85, 519.1, 277.35, 520.75, 375.0, 224.9, 423.75, 283.25, 474.45, 391.85, 422.55, 329.35, 174.8, 329.55, 423.6, 230.45]","[24.16642689704895, 104.59800171852112, 214.7390956878662, 315.21964478492737, 420.2640423774719, 548.6874215602875, 623.8089909553528, 701.4673101902008, 811.1144731044769, 871.168276309967, 983.4942474365234, 1073.041404247284, 1165.5035479068756, 1257.5472524166107, 1349.7736721038818, 1527.3738822937012, 1589.1397070884705, 1649.814731836319, 1713.9841003417969, 1778.4066898822784, 1922.4084813594818, 1968.7036864757538, 2016.9572682380676, 2069.6822917461395, 2115.940433740616, 2262.652176141739, 2313.0018017292023, 2366.440532207489, 2416.061756134033, 2466.7398459911346, 2617.535704135895, 2668.405134677887, 2712.897593021393, 2766.583684206009, 2821.7784745693207, 3011.9230666160583, 3084.7645864486694, 3160.7979066371918, 3242.6390607357025, 3314.093997478485, 3531.630200147629, 3598.492595434189, 3675.490846157074, 3748.0531244277954, 3820.8892521858215, 4010.1823604106903, 4088.878462791443, 4166.203466415405, 4251.594200134277, 4329.429948806763]","[0, 10, 20, 30, 40, 50, 60, 70, 80, 90, 100, 110, 120, 130, 140, 150, 160, 170, 180, 190, 200, 210, 220, 230, 240, 250, 260, 270, 280, 290, 300, 310, 320, 330, 340, 350, 360, 370, 380, 390, 400, 410, 420, 430, 440, 450, 460, 470, 480, 490]","[28, 281, 534, 787, 1040, 1297, 1550, 1803, 2056, 2309, 2566, 2819, 3072, 3325, 3578, 3835, 4088, 4341, 4594, 4847, 5104, 5357, 5610, 5863, 6116, 6373, 6626, 6879, 7132, 7385, 7642, 7895, 8148, 8401, 8654, 8911, 9164, 9417, 9670, 9923, 10180, 10433, 10686, 10939, 11192, 11447, 11700, 11953, 12206, 12459]","[256, 128]"
c8iruf2s,spring-firefly-232,TD3BC_JS_Online,l2f_bc,finished,https://wandb.ai/korneelvandenberghe/l2f_bc/runs/c8iruf2s,2024-10-14T19:39:59Z,317.393987087031,375.95,100.0,False,"[14.931607418219901, 60.20536613034642, 146.08850945260303, 227.47756347854448, 233.15052903356644, 103.50380671787445, 190.06768702513105, 188.81638679915181, 187.09032694799194, 275.3815162508401, 275.71027860998413, 408.63732881774257, 318.56707183623143, 235.36122078554368, 487.40519152514645, 274.0835729367262, 318.2006557483222, 229.07396408088275, 320.73752056499325, 362.44797237362553, 323.9102446815235, 312.50181925820453, 322.59253842506456, 231.69499199829676, 143.21466009508515, 363.5939161330085, 274.28153108860346, 311.6443518561511, 143.33092488439547, 322.1101190466994, 194.32517856198945, 365.8792075076737, 404.6341858663749, 273.61333769286045, 321.1588552307873, 408.1814695675197, 279.38825524639293, 316.02367054406125, 276.54490779014793, 271.40439774565186, 316.1468908953213, 146.36606018005935, 317.766273272823, 317.04354082278206, 194.40470602093802, 235.3241202652273, 401.23664474542693, 199.09646525434582, 233.51559062959768, 317.393987087031]","[32.2, 89.55, 180.35, 273.05, 276.3, 133.7, 228.0, 227.7, 225.8, 327.55, 328.4, 474.5, 373.85, 280.1, 565.4, 326.95, 376.3, 278.55, 376.95, 425.55, 380.8, 377.65, 378.45, 277.65, 179.95, 427.3, 323.4, 375.65, 176.25, 382.25, 237.75, 426.65, 469.15, 324.05, 379.3, 473.95, 330.15, 375.85, 331.05, 327.0, 375.7, 180.9, 374.05, 373.6, 238.8, 282.75, 466.1, 242.6, 275.25, 375.95]","[16.357675313949585, 66.03645086288452, 113.48581552505493, 160.38180947303772, 235.398108959198, 372.7407853603363, 458.9264807701111, 543.6551148891449, 629.9632456302643, 722.0443277359009, 871.4742519855499, 953.6758682727814, 1034.8680942058563, 1119.042900800705, 1218.04545378685, 1386.353455543518, 1441.244329214096, 1491.1916382312775, 1545.5195231437683, 1603.4466474056244, 1736.264850139618, 1781.9029970169067, 1828.7545669078827, 1872.8206391334534, 1913.9166169166565, 2056.3664758205414, 2101.325359582901, 2147.8755221366882, 2188.9843339920044, 2235.138613462448, 2367.2326271533966, 2416.8989515304565, 2466.7303233146667, 2512.2678134441376, 2559.59441113472, 2710.441706418991, 2755.9102687835693, 2803.37215423584, 2848.945464372635, 2894.9191353321075, 3061.522622346878, 3129.4737796783447, 3182.5067505836487, 3229.5352821350098, 3273.1785910129547, 3442.938171863556, 3492.9867663383484, 3536.846582889557, 3581.3060743808746, 3627.980020046234]","[0, 10, 20, 30, 40, 50, 60, 70, 80, 90, 100, 110, 120, 130, 140, 150, 160, 170, 180, 190, 200, 210, 220, 230, 240, 250, 260, 270, 280, 290, 300, 310, 320, 330, 340, 350, 360, 370, 380, 390, 400, 410, 420, 430, 440, 450, 460, 470, 480, 490]","[28, 281, 534, 787, 1040, 1296, 1549, 1802, 2055, 2308, 2564, 2817, 3070, 3323, 3576, 3832, 4085, 4338, 4591, 4844, 5100, 5353, 5606, 5859, 6112, 6368, 6621, 6874, 7127, 7380, 7636, 7889, 8142, 8395, 8648, 8904, 9157, 9410, 9663, 9916, 10172, 10425, 10678, 10931, 11184, 11438, 11691, 11944, 12197, 12450]","[256, 128]"
txm2j7y9,prime-meadow-233,BC,l2f_bc,finished,https://wandb.ai/korneelvandenberghe/l2f_bc/runs/txm2j7y9,2024-10-14T19:42:56Z,107.2829404771234,143.25,2.0,True,"[21.329259457504982, 17.86610217582786, 19.58312975277297, 17.847761986486173, 99.40716954855291, 20.35268462281558, 18.673874835903092, 106.01115072956027, 134.13755184778506, 190.46579269767741, 99.83977639452416, 58.35546364059731, 98.64769869087263, 184.84439800269283, 233.0537937495482, 103.17428061267849, 100.06871382696525, 144.8173286933309, 190.8113145694443, 276.0696627204301, 361.9282805822147, 188.28167798210754, 270.6413286466165, 272.3829137107346, 191.18840075278, 313.5730088016234, 191.83926389149383, 104.01995371214291, 147.80919397625127, 230.35494578399434, 184.21233100120108, 61.105003722889975, 192.30548640907304, 361.65535091597025, 271.88497119039016, 320.12577281961023, 318.36734973683156, 274.07886629175044, 145.52772918494833, 146.46745736598038, 275.410915727682, 316.788670129328, 103.93457279861491, 322.4331796108624, 239.90818209806457, 187.92371785925508, 322.3303362408686, 230.36576793386615, 274.40352750080854, 107.28294047712339]","[37.9, 38.6, 37.9, 32.5, 132.75, 37.2, 35.3, 137.4, 177.45, 229.75, 133.65, 80.05, 131.3, 227.2, 279.35, 132.8, 131.05, 182.2, 233.2, 328.65, 425.55, 225.45, 322.4, 325.6, 228.15, 374.15, 234.5, 139.2, 181.7, 278.85, 223.1, 88.55, 231.6, 422.25, 322.8, 373.55, 377.55, 328.05, 183.6, 182.2, 330.9, 377.35, 136.7, 379.55, 290.45, 230.0, 378.6, 277.65, 327.0, 143.25]","[12.81060004234314, 59.32937574386597, 107.13839745521545, 152.66463947296143, 200.62930488586426, 249.8160252571106, 300.1543724536896, 355.7348334789276, 408.02234077453613, 462.4798882007599, 512.0407195091248, 561.4192988872528, 610.8114213943481, 659.8718860149384, 708.9412107467651, 760.7290053367615, 808.8269627094269, 858.5437908172607, 911.2296736240387, 965.3103673458099, 1022.4161431789398, 1075.800989151001, 1126.0571632385254, 1185.9156444072723, 1234.3179187774658, 1292.2239317893982, 1344.9942965507507, 1393.2278695106506, 1446.2511677742004, 1501.5514755249023, 1557.840782880783, 1606.3083848953247, 1659.3055045604706, 1711.6505694389343, 1768.6301095485687, 1829.3305954933167, 1890.2952938079834, 1954.984284877777, 2008.5484824180603, 2055.156639099121, 2105.208515405655, 2157.483017206192, 2202.2935950756073, 2252.847443342209, 2297.651067018509, 2346.247125148773, 2398.27233338356, 2441.8165271282196, 2489.08966255188, 2532.8100838661194]","[0, 10, 20, 30, 40, 50, 60, 70, 80, 90, 100, 110, 120, 130, 140, 150, 160, 170, 180, 190, 200, 210, 220, 230, 240, 250, 260, 270, 280, 290, 300, 310, 320, 330, 340, 350, 360, 370, 380, 390, 400, 410, 420, 430, 440, 450, 460, 470, 480, 490]","[5, 48, 90, 132, 174, 216, 258, 300, 342, 384, 426, 468, 510, 552, 594, 636, 678, 720, 762, 804, 848, 890, 932, 974, 1016, 1058, 1100, 1142, 1184, 1226, 1270, 1312, 1354, 1396, 1438, 1480, 1522, 1564, 1606, 1648, 1692, 1734, 1776, 1818, 1860, 1902, 1944, 1986, 2028, 2070]","[128, 128]"
jgjl55m0,worldly-cherry-234,BC,l2f_bc,finished,https://wandb.ai/korneelvandenberghe/l2f_bc/runs/jgjl55m0,2024-10-14T20:26:00Z,230.2838022901798,278.7,2.0,False,"[21.696552889185647, 19.1595277044291, 24.411287506009124, 17.343200940472006, 20.698138134409632, 21.10695114667478, 52.77932233334032, 19.889401308071537, 180.73456366369572, 140.96198490769387, 59.01403411465575, 193.6602523964497, 193.22438654305847, 103.1859205926111, 140.20833434642734, 61.44352047640349, 230.18998852218306, 105.28677165455638, 185.4484701188904, 187.6094819446884, 228.98234524020472, 185.57320596779533, 229.5523562678005, 358.2296432442564, 189.2602505719828, 270.0937572448401, 322.2868926713172, 188.96858240866996, 185.65899869892826, 234.21820544693773, 146.60237277915093, 107.04289714359079, 192.25087507015402, 58.220519750481785, 235.10572842832386, 146.41275695700062, 143.6868285474788, 322.96125448935163, 235.7336884641324, 233.08483391201193, 190.8344527053377, 145.91089533429147, 235.04912483718573, 234.74307567960562, 145.36858232181666, 277.00909514371693, 186.18741387604308, 272.8009759301425, 271.2148299013421, 230.2838022901798]","[37.4, 37.1, 40.95, 32.15, 42.6, 39.35, 81.35, 41.95, 232.15, 179.05, 83.85, 232.4, 235.1, 131.6, 180.2, 89.0, 274.8, 137.1, 235.75, 234.4, 275.35, 230.75, 278.85, 427.3, 232.15, 328.2, 380.7, 232.9, 225.2, 279.05, 180.8, 134.25, 236.55, 81.85, 289.1, 182.95, 181.85, 379.7, 283.15, 282.95, 237.45, 178.95, 279.1, 285.15, 174.6, 330.15, 227.7, 326.25, 322.4, 278.7]","[12.821214199066162, 53.994304895401, 95.61924839019775, 138.48204231262207, 179.7574303150177, 231.4995138645172, 284.0016915798187, 330.8109726905823, 379.749094247818, 432.6776900291443, 479.0153474807739, 528.8178493976593, 577.4937949180603, 627.0494787693024, 682.9212880134583, 729.662796497345, 780.9099729061127, 828.536102771759, 879.9286730289459, 931.6869053840637, 985.4161038398743, 1057.2230756282806, 1137.85697555542, 1243.248352766037, 1343.9741780757904, 1436.5572593212128, 1526.9292526245117, 1638.6054110527039, 1741.8604862689972, 1839.8382499217987, 1925.4318928718567, 2006.7587337493896, 2101.2701618671417, 2189.9961886405945, 2259.0436902046204, 2328.6697034835815, 2400.1008989810944, 2476.057298183441, 2539.2185990810394, 2611.0149919986725, 2682.5632796287537, 2753.2394666671753, 2853.535758495331, 2962.12406873703, 3069.09868311882, 3179.455630540848, 3289.567868947983, 3400.9978308677673, 3514.180402994156, 3625.738062620163]","[0, 10, 20, 30, 40, 50, 60, 70, 80, 90, 100, 110, 120, 130, 140, 150, 160, 170, 180, 190, 200, 210, 220, 230, 240, 250, 260, 270, 280, 290, 300, 310, 320, 330, 340, 350, 360, 370, 380, 390, 400, 410, 420, 430, 440, 450, 460, 470, 480, 490]","[5, 47, 89, 131, 173, 215, 257, 299, 341, 383, 425, 467, 509, 551, 593, 635, 677, 719, 761, 803, 845, 887, 929, 971, 1013, 1055, 1097, 1139, 1181, 1223, 1265, 1307, 1349, 1391, 1433, 1475, 1517, 1559, 1601, 1643, 1685, 1727, 1769, 1811, 1853, 1895, 1937, 1979, 2021, 2063]","[128, 128]"
5h2zmrvl,colorful-feather-235,TD3BC_JS_Online,l2f_bc,crashed,https://wandb.ai/korneelvandenberghe/l2f_bc/runs/5h2zmrvl,2024-10-14T20:42:33Z,290.43469072803475,371.25,25.0,False,"[16.286777604631027, 49.10932093494297, 105.1941597220355, 144.60769553953472, 399.9003127311114, 345.6439081269569, 228.39010978417863, 225.80106296051858, 309.0645182761574, 311.71943868926627, 177.22927377404432, 260.54510911873973, 345.17282391554716, 222.7260448019038, 349.6389499707214, 212.14943006214048, 208.16988944091128, 247.82777993559768, 247.1956002053659, 290.43469072803475]","[31.15, 83.7, 136.25, 179.15, 471.2, 424.4, 279.7, 271.55, 377.95, 378.5, 227.35, 329.6, 421.15, 287.15, 423.85, 278.45, 285.8, 330.25, 325.7, 371.25]","[19.76812481880188, 99.25918197631836, 176.37782335281372, 254.95610523223877, 344.00341296195984, 481.0823414325714, 555.2572288513184, 639.3411858081818, 721.7662239074707, 806.374480009079, 942.7422318458557, 1025.0259156227112, 1108.2084233760834, 1186.219040632248, 1267.6474103927612, 1415.016327381134, 1474.9448826313019, 1532.978999376297, 1590.842457294464, 1652.5444357395172]","[0, 10, 20, 30, 40, 50, 60, 70, 80, 90, 100, 110, 120, 130, 140, 150, 160, 170, 180, 190]","[28, 281, 534, 787, 1040, 1297, 1550, 1803, 2056, 2309, 2566, 2819, 3072, 3325, 3578, 3835, 4088, 4341, 4594, 4847]","[256, 128]"
rjotnwy2,exalted-lion-236,TD3BC_JS_Online,l2f_bc,crashed,https://wandb.ai/korneelvandenberghe/l2f_bc/runs/rjotnwy2,2024-10-14T20:43:22Z,187.70420496492764,224.5,2.0,True,"[16.17895511147045, 188.68235675248965, 103.63316566703918, 147.0892992900502, 144.84828682662388, 231.5089948993288, 239.84453280950962, 316.3121440317521, 271.64337294667314, 187.70420496492764]","[33.25, 231.3, 129.0, 177.85, 183.7, 282.35, 288.45, 375.05, 322.3, 224.5]","[22.536505222320557, 99.95274925231934, 174.3875892162323, 252.01884937286377, 328.1148056983948, 471.37208890914917, 547.423045873642, 631.4449961185455, 712.5597887039185, 789.628392457962]","[0, 10, 20, 30, 40, 50, 60, 70, 80, 90]","[28, 282, 535, 788, 1041, 1297, 1550, 1803, 2056, 2309]","[256, 128]"
dvz670jd,revived-dawn-237,BC,l2f_bc,finished,https://wandb.ai/korneelvandenberghe/l2f_bc/runs/dvz670jd,2024-10-14T21:28:19Z,321.6088605510446,377.7,25.0,False,"[20.15563642622887, 19.262043373342618, 21.661058830478158, 17.787036557030397, 26.160260156060907, 16.703059924217218, 103.33527444758961, 100.88885660097642, 229.44394715177054, 58.894555587009755, 316.3938510605351, 226.45195312629093, 191.28590590510038, 185.0438603970609, 187.1849678202393, 191.974651876995, 359.5174240715809, 195.88055142231804, 237.11983172758354, 275.33247062802855, 149.73960387615358, 234.06987795278832, 364.2309890092217, 236.01854446848864, 190.30396279647027, 186.5364623017479, 64.2168536601892, 145.35431311455554, 275.2241878352612, 402.11338839699897, 101.84226129427185, 318.80245405085617, 232.51863292317867, 226.39625564719444, 322.1652565277294, 276.36850366709103, 401.2611923765995, 188.9050027060585, 532.7019104159776, 318.9204605740359, 314.6969093098978, 406.8984509685067, 59.34071358959402, 318.259353404463, 404.7146827525552, 442.3375700675041, 191.06116792441216, 193.4634963357385, 144.02648584565767, 321.6088605510446]","[37.65, 38.0, 37.3, 39.15, 47.0, 36.45, 131.25, 125.25, 278.35, 83.85, 370.55, 277.45, 236.3, 232.45, 226.55, 234.6, 421.9, 239.45, 280.85, 321.1, 186.75, 277.1, 420.95, 279.55, 234.8, 229.0, 87.95, 183.2, 326.05, 469.45, 132.95, 376.5, 279.65, 277.05, 379.0, 325.85, 467.5, 229.25, 613.3, 373.45, 373.55, 474.9, 83.0, 371.25, 474.5, 514.2, 233.1, 238.0, 184.45, 377.7]","[14.078285694122314, 76.60185432434082, 139.08054900169373, 200.98967814445496, 263.00452184677124, 324.65506386756897, 388.34678959846497, 452.41094875335693, 520.4873225688934, 582.6405725479126, 652.9010398387909, 720.381564617157, 786.503413438797, 852.2160601615906, 917.4505763053894, 983.5608365535736, 1053.8159811496735, 1119.5255024433136, 1185.7558054924011, 1253.1860423088074, 1316.8613696098328, 1382.163824081421, 1452.3176946640015, 1517.876289844513, 1583.1844108104706, 1647.851969242096, 1708.364743232727, 1771.1259608268738, 1838.0432550907135, 1909.2138984203339, 1968.8986928462982, 2035.8219254016876, 2099.5226621627808, 2163.645866394043, 2230.708646774292, 2296.029272079468, 2365.5797181129456, 2427.884377002716, 2500.663605928421, 2563.849371910095, 2627.7630705833435, 2695.055944919586, 2752.8606283664703, 2819.525404691696, 2889.3241007328033, 2958.311829805374, 3018.685939311981, 3079.1214759349823, 3138.3483889102936, 3203.3122034072876]","[0, 10, 20, 30, 40, 50, 60, 70, 80, 90, 100, 110, 120, 130, 140, 150, 160, 170, 180, 190, 200, 210, 220, 230, 240, 250, 260, 270, 280, 290, 300, 310, 320, 330, 340, 350, 360, 370, 380, 390, 400, 410, 420, 430, 440, 450, 460, 470, 480, 490]","[5, 47, 89, 131, 173, 215, 257, 299, 341, 383, 425, 467, 509, 551, 593, 635, 677, 719, 761, 803, 845, 887, 929, 971, 1013, 1055, 1097, 1139, 1181, 1223, 1265, 1307, 1349, 1391, 1433, 1475, 1517, 1559, 1601, 1643, 1685, 1727, 1769, 1811, 1853, 1895, 1937, 1979, 2021, 2063]","[128, 128]"
asgrpe63,cool-thunder-238,BC,l2f_bc,crashed,https://wandb.ai/korneelvandenberghe/l2f_bc/runs/asgrpe63,2024-10-14T22:22:45Z,20.196280841509676,33.7,50.0,False,"[19.95343174514777, 15.091050024146316, 21.432132367271365, 20.196280841509676]","[33.8, 34.95, 40.75, 33.7]","[12.866581439971924, 71.89459204673767, 130.4321892261505, 187.8080244064331]","[0, 10, 20, 30]","[5, 47, 89, 131]","[128, 128]"
vogfjy8l,deep-snowflake-239,BC,l2f_bc,finished,https://wandb.ai/korneelvandenberghe/l2f_bc/runs/vogfjy8l,2024-10-15T06:17:21Z,233.97492499387312,278.65,2.0,True,"[20.6458271763917, 17.412372253959425, 56.53861550299344, 136.93487869736296, 189.88352487798983, 229.82089934661252, 55.84474084273246, 233.35286397583576, 188.98624207964525, 232.0801347142416, 277.0875444866538, 108.62988803785716, 316.8284394265378, 318.3419367691351, 186.93432847618206, 274.1960067916702, 362.2982737829699, 356.8865440215779, 152.46468810435087, 317.7336879898381, 190.78982003340388, 189.77206399207373, 230.80819255920787, 148.08746026456012, 271.5737715004248, 146.15020366564323, 313.6099785440933, 317.6038675671289, 100.69568336573346, 270.7289306097831, 448.5213250599976, 273.27298739209857, 232.76631229403515, 533.955884350107, 318.3191926778187, 364.68071806894557, 272.55701041075025, 408.4991442019944, 233.2318218926022, 230.85237973425689, 272.0716081505705, 275.49288841286415, 281.23670301354935, 276.0376214259421, 274.61355303023726, 234.82258529130587, 408.106612843196, 278.10826762042325, 285.17222654543656, 233.97492499387312]","[36.4, 33.95, 86.35, 175.15, 228.3, 277.6, 84.6, 287.45, 231.15, 278.15, 330.6, 136.1, 373.1, 374.4, 227.35, 328.3, 428.25, 421.4, 187.1, 376.1, 232.45, 226.9, 278.3, 185.0, 323.1, 183.25, 377.35, 375.7, 127.7, 321.95, 517.8, 323.35, 277.25, 615.25, 376.8, 426.3, 325.45, 471.75, 283.1, 280.25, 324.5, 327.3, 330.4, 330.45, 327.3, 277.35, 474.95, 331.9, 339.4, 278.65]","[14.578571081161499, 98.96266460418701, 175.1522455215454, 262.1137180328369, 326.9640576839447, 391.3327269554138, 446.70123744010925, 509.8642153739929, 573.2377841472626, 637.4015567302704, 703.2955226898193, 764.1674733161926, 832.0551300048828, 901.722706079483, 973.304084777832, 1043.0518312454224, 1116.1989696025848, 1188.58887052536, 1255.7905962467194, 1326.6508026123047, 1393.1172733306885, 1460.7848250865936, 1529.262263059616, 1594.6634352207184, 1663.5300040245056, 1731.5192959308624, 1803.0781843662262, 1874.9759900569916, 1940.1203169822693, 2009.7082500457764, 2085.136653661728, 2156.2177221775055, 2262.9088191986084, 2339.9361345767975, 2409.3067524433136, 2479.8009452819824, 2547.0304543972015, 2618.6579670906067, 2695.4773473739624, 2762.6854712963104, 2831.2758479118347, 2898.8852529525757, 2966.1988892555237, 3033.0946986675262, 3099.5684077739716, 3167.0040106773376, 3241.182498693466, 3309.564548254013, 3376.9238424301147, 3443.069711446762]","[0, 10, 20, 30, 40, 50, 60, 70, 80, 90, 100, 110, 120, 130, 140, 150, 160, 170, 180, 190, 200, 210, 220, 230, 240, 250, 260, 270, 280, 290, 300, 310, 320, 330, 340, 350, 360, 370, 380, 390, 400, 410, 420, 430, 440, 450, 460, 470, 480, 490]","[7, 70, 132, 194, 256, 318, 380, 442, 504, 566, 628, 690, 752, 814, 876, 938, 1000, 1062, 1124, 1186, 1250, 1312, 1374, 1436, 1498, 1560, 1622, 1684, 1746, 1808, 1872, 1934, 1996, 2058, 2120, 2182, 2244, 2306, 2368, 2430, 2494, 2556, 2618, 2680, 2742, 2804, 2866, 2928, 2990, 3052]","[256, 128]"
qk2cc2ky,rural-armadillo-241,BC,l2f_bc,finished,https://wandb.ai/korneelvandenberghe/l2f_bc/runs/qk2cc2ky,2024-10-15T07:15:56Z,406.26476343892574,471.45,2.0,False,"[16.34388121488302, 14.283661552878389, 56.94919907931556, 230.17911571849973, 146.03266481664372, 359.4716827764872, 182.04470912883642, 105.73884279786213, 182.34126429890733, 311.39694500380386, 107.73657330585647, 189.01772726290181, 360.80254548612305, 188.6063325223709, 188.6138964725452, 196.56507228547062, 367.68533472087626, 190.32953540895147, 444.86670562887974, 231.15171204030275, 145.8748599966528, 316.6903769310026, 232.76443842155953, 409.57471727200925, 360.62026044481917, 273.75883671332446, 322.4520684259744, 318.40909147933723, 61.02351457712632, 273.3285835159212, 229.6090654430206, 316.3600129212988, 402.58976966448284, 228.78471507637838, 237.17496357731505, 278.3535364027881, 227.77438345337788, 320.1831779487728, 151.05961896747723, 278.4535098655818, 279.2655025503346, 449.6608570775587, 324.025612900181, 358.66314569923907, 363.31782825998266, 404.1975605225003, 322.0217598879567, 275.64492829799235, 272.11548097897304, 406.26476343892574]","[32.45, 32.65, 85.8, 284.65, 182.15, 418.8, 224.05, 133.1, 232.25, 372.35, 139.95, 232.75, 424.1, 232.05, 232.15, 237.35, 429.3, 234.6, 516.2, 276.5, 181.5, 372.4, 279.45, 476.35, 423.9, 324.7, 378.9, 372.2, 83.7, 326.95, 275.65, 371.65, 473.0, 272.45, 282.0, 332.3, 272.65, 377.1, 188.4, 331.3, 333.1, 525.2, 387.25, 426.1, 425.4, 467.0, 380.0, 324.6, 324.05, 471.45]","[15.116096258163452, 86.75499534606934, 151.3090476989746, 220.91794848442078, 288.2880084514618, 361.9103133678436, 429.76057481765747, 495.9258360862732, 564.6761517524719, 637.8996713161469, 704.8086621761322, 774.2210040092468, 849.488165140152, 917.6711144447327, 986.1159977912903, 1054.2522025108337, 1130.7438039779663, 1198.9648265838623, 1275.2854585647583, 1344.3387291431427, 1410.132021188736, 1482.3926217556, 1551.7574033737183, 1633.4737529754639, 1708.0601813793182, 1778.972862482071, 1851.5725674629211, 1923.7682535648346, 1986.7030973434448, 2056.3036739826202, 2128.0173304080963, 2199.5865302085876, 2274.07288646698, 2343.706042766571, 2421.553434610367, 2497.470740556717, 2575.7518289089203, 2660.3911504745483, 2743.0326883792877, 2841.301885843277, 2949.833964586258, 3050.558257818222, 3132.145481109619, 3212.590053796768, 3299.6108977794647, 3378.0065133571625, 3451.95903134346, 3526.137396335602, 3599.307147026062, 3676.323613166809]","[0, 10, 20, 30, 40, 50, 60, 70, 80, 90, 100, 110, 120, 130, 140, 150, 160, 170, 180, 190, 200, 210, 220, 230, 240, 250, 260, 270, 280, 290, 300, 310, 320, 330, 340, 350, 360, 370, 380, 390, 400, 410, 420, 430, 440, 450, 460, 470, 480, 490]","[7, 69, 131, 193, 255, 317, 379, 441, 503, 565, 627, 689, 751, 813, 875, 937, 999, 1061, 1123, 1185, 1247, 1309, 1371, 1433, 1495, 1557, 1619, 1681, 1743, 1805, 1867, 1929, 1991, 2053, 2115, 2177, 2239, 2301, 2363, 2425, 2487, 2549, 2611, 2673, 2735, 2797, 2859, 2921, 2983, 3045]","[256, 128]"
fhg9i5bl,wandering-mountain-242,BC,l2f_bc,finished,https://wandb.ai/korneelvandenberghe/l2f_bc/runs/fhg9i5bl,2024-10-15T08:18:30Z,271.375402496997,326.95,25.0,False,"[19.3974965293379, 21.28455037478476, 102.00140971991634, 144.38577035671725, 321.00896448912226, 357.47239144465277, 192.5420994523861, 188.07187550237512, 357.6345913594717, 318.72597940577714, 403.79962831258877, 401.76159274098035, 318.40841855884, 317.05452433594166, 232.07640304565666, 228.18100977818258, 104.88212114145065, 492.8433624814952, 365.2520214068151, 189.92472218354834, 141.67585166747045, 228.65284290614144, 367.2847708316034, 57.24640584074755, 406.0755254198458, 360.86019029846204, 227.56166101001446, 318.35700639195636, 360.4485526186424, 275.11688583017906, 413.4816529670866, 445.2346849733608, 234.07474110759176, 277.4186543747877, 58.98104253902344, 413.27121391893917, 231.70232308897909, 276.45160490462195, 224.77698664252176, 191.29424976319245, 276.4460954440991, 144.08761103628595, 485.6663708212265, 402.59953097666977, 397.6423723890499, 400.2154548679283, 320.10980941237386, 275.85977693171094, 359.89077699825646, 271.375402496997]","[34.25, 41.4, 131.35, 176.75, 379.4, 423.85, 233.35, 227.85, 414.8, 372.3, 476.5, 473.55, 372.65, 371.6, 279.5, 272.65, 139.35, 572.45, 425.15, 231.7, 179.7, 276.85, 432.25, 83.3, 472.75, 422.45, 274.5, 376.9, 430.0, 326.05, 478.05, 520.3, 281.5, 326.4, 86.25, 478.3, 278.0, 322.35, 269.0, 239.3, 332.5, 181.4, 567.75, 469.1, 471.15, 466.7, 379.25, 322.95, 422.25, 326.95]","[15.08784818649292, 84.28744435310364, 159.06340217590332, 234.5975522994995, 309.4306552410126, 386.09054470062256, 456.2855041027069, 525.0623497962952, 598.8471055030823, 673.8679118156433, 749.8573040962219, 829.2992675304413, 901.1477587223053, 973.2064213752747, 1041.0054025650024, 1109.227830171585, 1175.2341814041138, 1252.1561920642853, 1325.058759689331, 1391.2849431037903, 1456.0007708072662, 1524.0002326965332, 1596.993984222412, 1659.8295874595642, 1734.0195965766907, 1806.2153146266937, 1875.256288766861, 1945.8076915740967, 2019.0168602466583, 2089.7167007923126, 2163.651939868927, 2238.6781589984894, 2308.118179798126, 2379.5029125213623, 2442.877187013626, 2517.666880130768, 2586.7686240673065, 2656.908391714096, 2725.507351398468, 2792.9132766723633, 2862.6160271167755, 2929.4784076213837, 3005.5268959999084, 3080.584823846817, 3155.0088617801666, 3228.80721116066, 3300.2566726207733, 3370.796986103058, 3443.7229945659637, 3513.8443644046783]","[0, 10, 20, 30, 40, 50, 60, 70, 80, 90, 100, 110, 120, 130, 140, 150, 160, 170, 180, 190, 200, 210, 220, 230, 240, 250, 260, 270, 280, 290, 300, 310, 320, 330, 340, 350, 360, 370, 380, 390, 400, 410, 420, 430, 440, 450, 460, 470, 480, 490]","[7, 69, 131, 193, 255, 317, 379, 441, 503, 565, 627, 689, 751, 813, 875, 937, 999, 1061, 1123, 1185, 1247, 1309, 1371, 1433, 1495, 1557, 1619, 1681, 1743, 1805, 1867, 1929, 1991, 2053, 2115, 2177, 2239, 2301, 2363, 2425, 2487, 2549, 2611, 2673, 2735, 2797, 2859, 2921, 2983, 3045]","[256, 128]"
hiw9fqvd,copper-darkness-244,BC,l2f_bc,finished,https://wandb.ai/korneelvandenberghe/l2f_bc/runs/hiw9fqvd,2024-10-15T09:18:13Z,231.3279102733448,273.0,50.0,False,"[17.277047308752877, 16.39515271873075, 20.87137462367178, 103.78403831511503, 192.3605333375776, 64.74202571920242, 280.0614359072037, 187.51186242776683, 189.0149866673153, 106.4224769694423, 145.95734457954566, 321.3235749912825, 188.13954365134646, 142.93244049313535, 190.69875950151217, 236.55004270777744, 152.3840745004296, 279.4099838729599, 363.9500693949236, 229.8000576127381, 189.4476439120138, 357.5009824009928, 275.1702360464571, 234.1031241303869, 272.87495144018914, 320.24395422335016, 273.44287320330517, 365.4570299256003, 278.1763230546923, 317.5325649439545, 151.73959598327014, 277.1692057044339, 276.97462884957116, 401.14357765771626, 397.19675077780187, 369.25632882464345, 188.540179294545, 275.97459331102584, 187.54093323978174, 360.6802168067195, 190.71898088366518, 276.8472590764413, 358.8832018514398, 490.30262348935076, 272.93958580174274, 403.3158257249676, 275.8904527989465, 358.0038786594298, 198.55762522697665, 231.3279102733448]","[35.05, 34.8, 36.2, 139.0, 233.85, 87.95, 325.95, 229.5, 227.7, 135.35, 181.5, 376.85, 227.05, 175.35, 236.05, 283.7, 196.65, 323.6, 426.45, 273.5, 230.45, 417.3, 325.8, 279.15, 325.2, 375.9, 325.05, 428.05, 334.7, 376.15, 186.85, 326.8, 327.55, 467.1, 465.3, 432.95, 229.15, 330.45, 230.8, 418.85, 229.25, 324.65, 420.4, 573.55, 325.2, 475.85, 326.85, 422.55, 243.7, 273.0]","[14.714885711669922, 80.6275987625122, 143.28772687911987, 208.82108211517334, 276.19947838783264, 340.7243103981018, 413.1791670322418, 482.15426874160767, 549.8613591194153, 614.8693206310272, 681.1960332393646, 753.0654470920563, 820.5843484401703, 886.2727799415588, 953.7520866394043, 1023.7761051654816, 1090.723592042923, 1161.8313534259796, 1235.3434824943542, 1305.016922712326, 1372.0811109542847, 1444.7027382850647, 1514.9340257644653, 1584.8996169567108, 1655.6062142848969, 1727.2598712444305, 1799.4713551998138, 1872.5494828224182, 1945.867850780487, 2017.3135931491852, 2084.937159538269, 2156.227621793747, 2226.9223442077637, 2301.390800714493, 2377.9886739254, 2452.786032676697, 2520.767335653305, 2596.134037256241, 2663.9776759147644, 2738.885371208191, 2806.6332864761353, 2876.8797245025635, 2952.531913995743, 3031.3787586688995, 3102.2696583271027, 3177.1763277053833, 3247.81561088562, 3321.113296985626, 3388.8518879413605, 3457.3074629306793]","[0, 10, 20, 30, 40, 50, 60, 70, 80, 90, 100, 110, 120, 130, 140, 150, 160, 170, 180, 190, 200, 210, 220, 230, 240, 250, 260, 270, 280, 290, 300, 310, 320, 330, 340, 350, 360, 370, 380, 390, 400, 410, 420, 430, 440, 450, 460, 470, 480, 490]","[7, 69, 131, 193, 255, 317, 379, 441, 503, 565, 627, 689, 751, 813, 875, 937, 999, 1061, 1123, 1185, 1247, 1309, 1371, 1433, 1495, 1557, 1619, 1681, 1743, 1805, 1867, 1929, 1991, 2053, 2115, 2177, 2239, 2301, 2363, 2425, 2487, 2549, 2611, 2673, 2735, 2797, 2859, 2921, 2983, 3045]","[256, 128]"
bfjbk9kq,peach-terrain-245,BC,l2f_bc,finished,https://wandb.ai/korneelvandenberghe/l2f_bc/runs/bfjbk9kq,2024-10-15T10:17:02Z,359.7853621907,423.95,100.0,False,"[18.95977507852256, 20.1545644646791, 100.36269815346047, 105.47024389135102, 61.652669193145655, 100.14303859283169, 99.22907706468472, 236.51385994543938, 232.49810595465027, 148.92798001324607, 109.59036714384146, 233.04968236178925, 224.95377369321713, 187.39044657409116, 316.69808808167744, 59.04017903895796, 231.2327888899788, 190.05405506323444, 281.21400812661216, 320.57822982455843, 183.56034880480541, 358.65804453340303, 186.4281633579018, 318.77825579769285, 188.96560247123116, 236.70383128830605, 364.17353997998833, 191.9404764449416, 360.61454354710156, 236.29645678800958, 229.0569844726894, 405.77814324639365, 367.6830516835033, 184.74367160460602, 271.63319059445723, 317.3666637113308, 152.53148379642343, 274.70298930914, 185.68056866796502, 275.49423498104045, 279.514278808408, 232.6616689894628, 360.02915769850586, 524.8253026717667, 232.15215694767116, 362.79496024732373, 325.42752704985185, 404.4122803380982, 280.5730414848877, 359.7853621907]","[37.25, 37.3, 131.4, 136.85, 86.65, 133.8, 129.75, 282.45, 282.35, 192.1, 138.45, 284.65, 277.0, 230.4, 374.9, 83.55, 277.6, 230.95, 333.1, 378.7, 222.15, 420.8, 233.1, 375.3, 225.4, 283.4, 426.8, 235.1, 423.75, 279.3, 276.25, 475.5, 434.1, 226.25, 319.4, 376.3, 191.6, 325.2, 228.2, 333.45, 330.8, 279.0, 423.0, 613.5, 279.05, 424.8, 378.05, 471.6, 334.55, 423.95]","[14.749144077301025, 89.31057453155518, 157.2816240787506, 232.53881406784058, 300.47894620895386, 369.50700068473816, 438.21725392341614, 510.8402042388916, 584.0928020477295, 660.6548233032227, 730.1161806583405, 803.8223094940186, 876.4075455665588, 948.229832649231, 1022.7686250209808, 1088.5413565635681, 1159.0114378929138, 1231.5339560508728, 1305.9291234016418, 1380.2977132797241, 1450.9443037509918, 1527.1596503257751, 1597.3986456394196, 1672.0273873806, 1741.8696579933167, 1815.8145143985748, 1891.2426054477692, 1961.4593436717987, 2035.7339913845062, 2105.9161252975464, 2176.7109303474426, 2253.7486579418182, 2328.731164932251, 2397.773404598236, 2472.5496859550476, 2545.6731946468353, 2614.365596294403, 2686.636785030365, 2755.2769062519073, 2827.606434106827, 2899.7357745170593, 2971.533084154129, 3046.045063018799, 3127.8201065063477, 3199.676526069641, 3275.3724842071533, 3349.6943142414093, 3425.827157974243, 3501.19660115242, 3577.7032737731934]","[0, 10, 20, 30, 40, 50, 60, 70, 80, 90, 100, 110, 120, 130, 140, 150, 160, 170, 180, 190, 200, 210, 220, 230, 240, 250, 260, 270, 280, 290, 300, 310, 320, 330, 340, 350, 360, 370, 380, 390, 400, 410, 420, 430, 440, 450, 460, 470, 480, 490]","[7, 69, 131, 193, 255, 317, 379, 441, 503, 565, 627, 689, 751, 813, 875, 937, 999, 1061, 1123, 1185, 1247, 1309, 1371, 1433, 1495, 1557, 1619, 1681, 1743, 1805, 1867, 1929, 1991, 2053, 2115, 2177, 2239, 2301, 2363, 2425, 2487, 2549, 2611, 2673, 2735, 2797, 2859, 2921, 2983, 3045]","[256, 128]"
j48dw3py,woven-butterfly-249,TD3BC_JS_Online,l2f_bc,finished,https://wandb.ai/korneelvandenberghe/l2f_bc/runs/j48dw3py,2024-10-15T13:09:49Z,205.56025906587624,248.45,25.0,False,"[19.69867952645195, 66.77918837272128, 101.15095892384939, 91.09972507279653, 159.34210236817603, 140.23485206783818, 101.58816669899441, 84.97303495871142, 197.04711453155446, 96.57143422048227, 16.41128652553747, 104.42422224237266, 141.41738201561185, 69.68198856031748, 344.5038878336525, 160.72094394246773, 131.51159190986286, 225.87135093879638, 194.2814881553591, 281.41933532795645, 152.73496295269928, 182.31217919934895, 317.79906927490896, 219.9918956712376, 280.5784477153406, 257.0010346349693, 234.50158990440818, 106.87856215362686, 195.88285691280925, 204.45899586554282, 304.2670932479565, 264.09444361889297, 363.98603874563435, 219.32973716616897, 265.03684392978397, 184.77044971565996, 158.19177239059562, 180.38744331465668, 455.3799601599255, 204.04403136440814, 177.88434115355807, 283.6921114812848, 217.39257742435743, 209.6622246860261, 275.11711271056413, 261.89846445674755, 172.61786800671646, 200.55865665067418, 365.69908865742997, 205.56025906587624]","[36.4, 99.7, 134.65, 119.85, 200.0, 175.35, 129.75, 111.9, 237.85, 126.7, 34.2, 139.5, 176.0, 91.35, 411.3, 198.65, 169.1, 270.3, 235.25, 333.85, 184.95, 220.95, 370.05, 266.0, 332.45, 307.55, 280.35, 136.85, 233.3, 246.85, 358.4, 309.3, 423.0, 262.7, 312.95, 220.95, 191.3, 216.2, 526.05, 248.4, 213.55, 336.0, 256.2, 252.45, 326.15, 303.6, 206.1, 246.65, 433.6, 248.45]","[532.2867164611816, 584.7595312595367, 646.4172332286835, 814.8257772922516, 875.9689576625824, 1092.4952890872955, 1156.3744368553162, 1224.4337162971497, 1448.477733373642, 1507.8080868721008, 1736.4558115005493, 1808.7889440059662, 1877.0213487148285, 2161.8656854629517, 2281.278350353241, 2608.3907520771027, 2732.686779499054, 2821.5928099155426, 3134.225303173065, 3264.1594161987305, 3570.993987560272, 3690.277013063431, 3822.7553889751434, 4182.998142242432, 4329.567621231079, 4693.724546670914, 4813.842703342438, 4940.580276250839, 5263.609110116959, 5389.462609291077, 5744.011426210403, 5876.890868663788, 6014.866747617722, 6391.278223514557, 6545.2832453250885, 6967.833291769028, 7129.620427370071, 7292.264296293259, 7758.651437044144, 7925.5941281318665, 8394.280070066452, 8568.037278175354, 8749.748884677887, 8932.690429210663, 9106.430488586426, 9538.29825425148, 9717.756665945053, 9901.89799284935, 10097.099606990814, 10283.354322910309]","[0, 10, 20, 30, 40, 50, 60, 70, 80, 90, 100, 110, 120, 130, 140, 150, 160, 170, 180, 190, 200, 210, 220, 230, 240, 250, 260, 270, 280, 290, 300, 310, 320, 330, 340, 350, 360, 370, 380, 390, 400, 410, 420, 430, 440, 450, 460, 470, 480, 490]","[28, 281, 534, 808, 1091, 1383, 1726, 2069, 2433, 2806, 3188, 3621, 4054, 4526, 5019, 5518, 6041, 6564, 7126, 7709, 8298, 8911, 9524, 10176, 10849, 11531, 12264, 12997, 13751, 14514, 15286, 16109, 16932, 17776, 18629, 19491, 20404, 21317, 22269, 23242, 24221, 25224, 26227, 27230, 28233, 29243, 30306, 31369, 32432, 33495]","[256, 128]"
xydj7qgf,hearty-bird-257,TD3BC_JS_Online,l2f_bc,crashed,https://wandb.ai/korneelvandenberghe/l2f_bc/runs/xydj7qgf,2024-10-16T15:32:11Z,219.22706532442865,418.1,2.0,False,"[23.377598990408547, 22.678848098770644, 217.2546735990272, 132.61675072052134, 122.9965149140798, 207.49964595432184, 232.9165576323502, 204.6301453793624, 373.18484594888366, 251.58668344244512, 158.07621368662328, 263.12541200768993, 183.6698653623981, 260.0418943511725, 305.7886237819459, 169.14303768951035, 252.93077829346083, 370.8637034559042, 160.38493046526096, 219.22706532442865]","[40.36666666666667, 44.96666666666667, 261.56666666666666, 171.9, 163.46666666666667, 261.3, 296.3333333333333, 260.9, 489.93333333333334, 330.03333333333336, 232.96666666666667, 360.8666666666667, 263.6333333333333, 387.56666666666666, 457.93333333333334, 300.3666666666667, 430.7, 582.6333333333333, 328.1333333333333, 418.1]","[20.798818588256836, 103.3564875125885, 205.2033724784851, 437.8193747997284, 542.7530629634857, 796.7022879123688, 922.7727460861206, 1050.951218366623, 1341.9456686973572, 1446.1376323699951, 1717.8883063793182, 1827.9498071670532, 1919.9838359355927, 2207.972013950348, 2327.88951587677, 2627.879941701889, 2747.6364789009094, 2872.1065707206726, 5367.174034833908, 5497.4512848854065]","[0, 10, 20, 30, 40, 50, 60, 70, 80, 90, 100, 110, 120, 130, 140, 150, 160, 170, 180, 190]","[27, 280, 533, 808, 1091, 1384, 1727, 2070, 2435, 2808, 3191, 3624, 4057, 4530, 5023, 5523, 6046, 6569, 7132, 7715]","[256, 128]"
eg40lsaz,dark-forest-258,TD3BC_JS_Online,l2f_bc,killed,https://wandb.ai/korneelvandenberghe/l2f_bc/runs/eg40lsaz,2024-10-16T20:25:59Z,73.65817945748485,105.1,2.0,False,"[15.846313820356709, 73.65817945748485]","[30.333333333333332, 105.1]","[23.52362823486328, 161.18742084503174]","[0, 10]","[27, 280]","[256, 128]"
hkuwkagq,curious-field-259,TD3BC_JS_Online,l2f_bc,crashed,https://wandb.ai/korneelvandenberghe/l2f_bc/runs/hkuwkagq,2024-10-16T20:31:09Z,-18.191032151598808,327.43333333333334,25.0,False,"[18.916436997639767, 21.746848336260545, 210.57222700961503, 268.7417371306912, 155.0808463137702, 259.7128264457907, 290.3867536457848, 289.1820132570517, 245.0448616133347, 274.1049235385306, 261.5794826466581, 408.718860001378, 308.6198564146234, 314.3737800983157, 264.9751164631824, 126.61964359477415, 124.28119166893262, 300.7510057868752, 97.96132847414437, 90.78837453421393, 136.01891985579348, 97.01466973189866, 133.03807894879284, 64.24976168019047, 67.51722120806072, -6.917085424448033, 16.025603545358255, -18.191032151598808]","[36.6, 42.7, 259.8, 329.0, 197.6, 324.7, 362.03333333333336, 359.76666666666665, 325.1333333333333, 355.26666666666665, 362.8666666666667, 553.7, 416.1333333333333, 453.26666666666665, 396.76666666666665, 230.36666666666667, 228.2, 485.3, 229.2, 228.23333333333332, 355.53333333333336, 335.26666666666665, 363.6333333333333, 326.56666666666666, 360.6666666666667, 421.1333333333333, 517.1666666666666, 327.43333333333334]","[24.302135467529297, 175.87110042572021, 334.8805158138275, 629.1500513553619, 811.5894134044647, 1127.7238886356354, 1345.3113813400269, 1519.8988664150238, 1811.4507627487183, 1951.6403810977936, 2254.662991285324, 2423.090098142624, 2570.07887506485, 2870.044037103653, 2966.9495193958282, 3206.672641515732, 3301.214171886444, 3405.1091392040253, 3659.3779723644257, 3763.4703691005707, 4044.5869932174683, 4154.496471405029, 4270.324324607849, 4599.510307312012, 4804.483203411102, 5205.584637880325, 5406.211354732513, 5601.295869588852]","[0, 10, 20, 30, 40, 50, 60, 70, 80, 90, 100, 110, 120, 130, 140, 150, 160, 170, 180, 190, 200, 210, 220, 230, 240, 250, 260, 270]","[27, 280, 533, 808, 1091, 1384, 1727, 2070, 2435, 2808, 3191, 3624, 4057, 4530, 5023, 5523, 6046, 6569, 7132, 7715, 8305, 8918, 9531, 10184, 10857, 11540, 12273, 13006]","[256, 128]"
45a9sdmt,wild-forest-260,TD3BC_JS_Online,l2f_bc,killed,https://wandb.ai/korneelvandenberghe/l2f_bc/runs/45a9sdmt,2024-10-17T07:29:57Z,-31.94574945140848,265.8,2.0,False,"[15.946701507930152, 132.48122153767434, 130.23581153174334, 296.3471182952969, 317.53733231259207, 178.78000226746346, 149.13204375535653, 203.66679009027004, 117.2332395697827, 199.86805431238014, 265.3215395286225, 342.02566791090067, 233.1140501624752, 291.57683878347956, 166.11732885653353, 102.47106959759074, 194.3778342094886, 192.7185056368368, 189.8710883921573, 286.00895853763575, 134.1463265269803, 105.32608652562558, 122.58532695170616, 81.98559702655456, 39.7826941976645, -16.297530459544387, -39.903030057351586, -31.94574945140848]","[32.166666666666664, 166.5, 163.53333333333333, 356.46666666666664, 386.3333333333333, 229.9, 200.66666666666666, 259.5, 168.43333333333334, 266.6, 355.23333333333335, 458.53333333333336, 324.4, 420.1666666666667, 260.43333333333334, 198.93333333333334, 325.8333333333333, 327.8333333333333, 391.4, 520.7333333333333, 365.76666666666665, 327.0, 360.06666666666666, 392.3333333333333, 291.73333333333335, 331.3, 166.66666666666666, 265.8]","[15.396876811981201, 84.47808027267456, 159.15202450752258, 346.26393604278564, 424.5952205657959, 610.5698008537292, 672.039055109024, 734.8845047950745, 927.0108256340027, 993.1642005443573, 1208.4123840332031, 1310.628731250763, 1389.9484162330627, 1660.281091928482, 1758.4430816173553, 2030.8651640415192, 2137.2298917770386, 2248.9194645881653, 2584.686599969864, 2757.442342042923, 3120.9525310993195, 3271.491138935089, 3412.6778910160065, 3777.781587600708, 3927.725992679596, 4317.333985567093, 4498.0521149635315, 4677.727232933044]","[0, 10, 20, 30, 40, 50, 60, 70, 80, 90, 100, 110, 120, 130, 140, 150, 160, 170, 180, 190, 200, 210, 220, 230, 240, 250, 260, 270]","[27, 280, 533, 808, 1091, 1384, 1727, 2070, 2435, 2808, 3191, 3624, 4057, 4530, 5023, 5523, 6046, 6569, 7132, 7715, 8305, 8918, 9531, 10184, 10857, 11540, 12273, 13006]","[256, 128]"
1acpmqkt,mild-smoke-262,TD3BC_JS_Online,l2f_bc,finished,https://wandb.ai/korneelvandenberghe/l2f_bc/runs/1acpmqkt,2024-10-17T08:53:28Z,-168.28994543879725,295.96666666666664,2.0,False,"[17.247107209260186, 34.67476394219795, 176.7009477226123, 126.43047896616002, 208.63360423140705, 227.95034612588017, 231.22145290187228, 294.94360783212323, 192.26076747203797, 226.6285730357895, 131.94675577278701, 339.10077793742624, 203.63234205829565, 265.3671870160259, 270.4947752813473, 263.31185875864315, 233.4480756307006, 252.49298095698617, 151.3160458160539, 198.2249766398587, 91.86774675555712, 199.0576927959991, 117.69415974087346, 26.52552694503223, -8.883285997834802, -2.1130331877902204, -42.637443603783396, -62.632687410457926, -123.29076524298826, -115.88116226954118, -226.3865572602102, -185.6706847324566, -176.35380437310374, -258.14393623835525, -207.88974761207004, -174.25247245683803, -199.52255673507122, -172.93213229876082, -175.2527072497538, -169.26072817299368, -174.79931317332893, -231.34185342001126, -172.9209941896252, -201.41273639198013, -178.0001611796435, -161.91170875390614, -155.2135034088471, -164.93479034585752, -191.317858075386, -168.28994543879725]","[35.93333333333333, 52.4, 230.03333333333333, 162.23333333333332, 261.76666666666665, 293.2, 293.93333333333334, 365.1666666666667, 257.53333333333336, 295.3666666666667, 198.43333333333334, 451.8666666666667, 292.06666666666666, 390.7, 391.43333333333334, 421.5, 395.53333333333336, 422.3333333333333, 325.6666666666667, 390.26666666666665, 295.03333333333336, 520.6666666666666, 327.06666666666666, 268.56666666666666, 205.76666666666668, 329.26666666666665, 163.16666666666666, 205.9, 431.8666666666667, 424.6333333333333, 398.43333333333334, 264.06666666666666, 264.76666666666665, 461.3, 423.53333333333336, 265.26666666666665, 424.6, 266.06666666666666, 266.73333333333335, 295.9, 295.46666666666664, 486.93333333333334, 327.8333333333333, 391.7, 330.23333333333335, 258.3, 259.03333333333336, 263.03333333333336, 363.1666666666667, 295.96666666666664]","[18.4086651802063, 96.17422437667847, 181.85234379768372, 386.3797128200531, 475.74831652641296, 707.4709222316742, 810.6457324028015, 917.8528587818146, 1153.8338289260864, 1237.5423603057861, 1478.0130491256714, 1583.308226108551, 1672.4478867053986, 1971.1470465660095, 2087.1372146606445, 2388.6737475395203, 2517.073856830597, 2640.1791203022003, 2956.3609211444855, 3076.5416464805603, 3414.5249519348145, 3569.6731169223785, 3716.5544295310974, 4076.4486174583435, 4230.9960725307465, 4618.158504724503, 4798.19859457016, 4987.015782833099, 5414.904549121857, 5620.89085817337, 6102.474818944931, 6311.635751008987, 6519.68944644928, 7019.755935907364, 7234.9986407756805, 7727.005517721176, 7954.279489040375, 8171.446758985519, 8694.104374170303, 8921.961406230927, 9462.047876119614, 9718.641595840454, 9969.676423311234, 10225.745184659958, 10479.262385368347, 11057.583697080612, 11320.772122383118, 11590.024798870087, 11860.445090293884, 12126.25949883461]","[0, 10, 20, 30, 40, 50, 60, 70, 80, 90, 100, 110, 120, 130, 140, 150, 160, 170, 180, 190, 200, 210, 220, 230, 240, 250, 260, 270, 280, 290, 300, 310, 320, 330, 340, 350, 360, 370, 380, 390, 400, 410, 420, 430, 440, 450, 460, 470, 480, 490]","[27, 280, 533, 808, 1091, 1384, 1727, 2070, 2435, 2808, 3191, 3624, 4057, 4530, 5023, 5523, 6046, 6569, 7132, 7715, 8305, 8918, 9531, 10184, 10857, 11540, 12273, 13006, 13761, 14524, 15297, 16120, 16943, 17788, 18641, 19504, 20417, 21330, 22283, 23256, 24236, 25239, 26242, 27245, 28248, 29259, 30322, 31385, 32448, 33511]","[256, 128]"
8nug4rj6,upbeat-hill-263,TD3BC_JS_Online,l2f_bc,finished,https://wandb.ai/korneelvandenberghe/l2f_bc/runs/8nug4rj6,2024-10-17T12:25:15Z,-236.422893702286,518.0666666666667,25.0,False,"[20.65422465986378, 44.22994362303367, 105.40505792543095, 157.47563206227366, 211.46251859349283, 96.14256696215483, 287.5305260470369, 232.0365903623575, 170.03152184577738, 250.84120782559975, 285.2600204918929, 153.70235326727328, 237.27919079371767, 327.03030450260883, 267.73038856445254, 281.29911129151895, 296.4745520988991, 216.91836673647222, 189.4937482489823, 245.31287805981884, 113.65261943874856, 140.75892144867896, 111.22388997876259, 28.120971864394754, 63.887799343068174, -6.040519178802322, -0.29973800131000083, -18.866712068551045, -97.60061181176158, -94.36083431755381, -191.11264899935367, -201.05637857886893, -200.2751787705578, -212.4986583683799, -226.5831206124021, -213.2061013287315, -176.7991496726233, -199.8454294659542, -184.32687902390234, -225.51930027678594, -191.055559261506, -165.35728138575058, -179.3594757248516, -169.8077216020164, -170.2764099694428, -166.7143201010034, -210.8275050351642, -174.2648419479244, -171.96399886043542, -236.422893702286]","[36.56666666666667, 69.86666666666666, 135.63333333333333, 197.16666666666666, 258.6666666666667, 134.3, 363.46666666666664, 294.0, 231.76666666666668, 331.6333333333333, 391.6333333333333, 232.53333333333333, 330.06666666666666, 484.6666666666667, 391.73333333333335, 456.26666666666665, 489.76666666666665, 358.3333333333333, 393.8666666666667, 487.7, 326.5, 391.3333333333333, 325.6, 331.96666666666664, 358.73333333333335, 359.96666666666664, 422.0, 359.3333333333333, 264.1333333333333, 231.23333333333332, 359.1333333333333, 363.46666666666664, 449.8666666666667, 365.56666666666666, 452.6, 422.56666666666666, 296.2, 361.3333333333333, 328.3333333333333, 487.4, 268.3, 258.9, 297.7, 235.9, 326.96666666666664, 296.26666666666665, 328.43333333333334, 298.0, 323.0, 518.0666666666667]","[19.248042106628418, 106.69852685928345, 197.52177572250366, 424.6395502090454, 526.0099656581879, 757.4133894443512, 868.8831562995911, 980.2805047035217, 1210.0176434516907, 1290.0185973644257, 1523.743236064911, 1608.4222440719604, 1698.5900166034698, 1979.1865935325623, 2082.271513223648, 2367.583724498749, 2481.030037164688, 2588.9854288101196, 2883.8036003112793, 3009.65465426445, 3318.7198526859283, 3467.2394704818726, 3613.668986558914, 3976.858261823654, 4132.4740109443665, 4543.905131816864, 4720.878753185272, 4898.28972363472, 5323.458494186401, 5496.45850110054, 5920.6700184345245, 6126.332743167877, 6340.341236591339, 6876.314478635788, 7071.44911980629, 7538.589824676514, 7737.861155748367, 7935.849022626877, 8445.977213859558, 8681.146036863327, 9199.95804643631, 9431.802586078644, 9665.386189937592, 9892.70312666893, 10131.710721492767, 10651.579959869385, 10912.902636528015, 11177.283734798431, 11439.193012714386, 11749.789942502975]","[0, 10, 20, 30, 40, 50, 60, 70, 80, 90, 100, 110, 120, 130, 140, 150, 160, 170, 180, 190, 200, 210, 220, 230, 240, 250, 260, 270, 280, 290, 300, 310, 320, 330, 340, 350, 360, 370, 380, 390, 400, 410, 420, 430, 440, 450, 460, 470, 480, 490]","[27, 280, 533, 808, 1091, 1384, 1727, 2070, 2435, 2808, 3191, 3624, 4057, 4530, 5023, 5523, 6046, 6569, 7132, 7715, 8305, 8918, 9531, 10184, 10857, 11540, 12273, 13006, 13761, 14524, 15297, 16120, 16943, 17788, 18641, 19504, 20417, 21330, 22283, 23256, 24236, 25239, 26242, 27245, 28248, 29259, 30322, 31385, 32448, 33511]","[256, 128]"
pok662h3,drawn-feather-264,BC,l2f_bc,finished,https://wandb.ai/korneelvandenberghe/l2f_bc/runs/pok662h3,2024-10-17T13:27:18Z,19.938064365280376,39.45,2.0,False,"[14.800222141507035, 21.046033835323087, 21.747348914963368, 17.952598235979643, 14.319971281145333, 21.70944650317508, 13.93714701276782, 20.570324819764938, 19.420856209777533, 18.833389329330263, 22.73557432181324, 22.438903448323607, 21.971272342253002, 16.69119060848346, 16.854200160395585, 23.678016089471434, 24.342040297236846, 16.53628279172993, 17.50694345496155, 17.739335733571195, 18.478717036550456, 14.776593635776369, 16.53628505439436, 17.57078104883753, 15.310657225875493, 16.4317636020047, 23.54048384002603, 22.121372530418746, 20.96679067479166, 19.938064365280376]","[32.1, 38.85, 43.7, 35.7, 29.7, 38.45, 30.85, 39.5, 36.25, 34.85, 42.2, 41.5, 42.0, 35.1, 35.35, 39.75, 40.45, 34.05, 33.9, 34.25, 38.65, 32.65, 33.3, 34.65, 33.45, 36.4, 40.35, 36.5, 39.05, 39.45]","[17.84080719947815, 86.6175217628479, 158.5303988456726, 233.0219440460205, 304.36541843414307, 374.1909763813019, 442.2713792324066, 517.7874867916107, 593.5556139945984, 670.479204416275, 734.0370082855225, 799.3683061599731, 866.0598921775818, 934.6242029666901, 1001.5942714214325, 1070.481882572174, 1138.5941202640533, 1206.3599452972412, 1278.4828941822052, 1352.763519525528, 1426.7151534557343, 1495.1500971317291, 1562.1270027160645, 1630.1972870826721, 1697.5852003097534, 1764.212542772293, 1830.0847673416138, 1899.4669761657715, 1967.6230626106262, 2033.440337896347]","[0, 10, 20, 30, 40, 50, 60, 70, 80, 90, 100, 110, 120, 130, 140, 150, 160, 170, 180, 190, 200, 210, 220, 230, 240, 250, 260, 270, 280, 290]","[7, 69, 131, 193, 255, 317, 379, 441, 503, 565, 627, 689, 751, 813, 875, 937, 999, 1061, 1123, 1185, 1247, 1309, 1371, 1433, 1495, 1557, 1619, 1681, 1743, 1805]","[256, 128]"
r6y3lg8x,drawn-plant-265,BC,l2f_bc,finished,https://wandb.ai/korneelvandenberghe/l2f_bc/runs/r6y3lg8x,2024-10-17T14:02:32Z,21.484072802744823,36.7,100.0,False,"[16.791759725909657, 19.91504855695579, 17.18704882295144, 12.465007992292659, 15.85730156238446, 20.036418308630353, 16.829009230507214, 19.40257968144511, 17.381271256986356, 18.12432277697684, 14.735630763772871, 18.729597100862343, 21.731343366833904, 17.812570941380777, 18.622615785154803, 20.241072141729116, 15.596435178321892, 22.019718176838246, 12.397792013154882, 20.695638720991578, 21.721397132160554, 17.023791659103804, 17.419771812560338, 14.578547482024188, 24.929980674589835, 18.610164489789447, 18.137518391849866, 17.916752047375535, 20.43912844196639, 21.484072802744826]","[34.5, 35.05, 37.85, 30.6, 34.9, 35.7, 34.0, 38.95, 30.9, 35.35, 33.6, 33.95, 42.05, 36.05, 37.7, 41.55, 31.6, 41.65, 27.25, 37.6, 42.15, 36.4, 33.05, 35.45, 44.4, 35.35, 34.5, 38.3, 35.95, 36.7]","[18.188370943069458, 95.60034537315369, 168.38092851638794, 239.84584999084473, 310.70761370658875, 381.852499961853, 457.67055225372314, 536.8383183479309, 614.4774687290192, 699.4720754623413, 791.1982712745667, 884.8804619312286, 976.7490181922913, 1040.4787640571594, 1106.4106359481812, 1173.7815754413605, 1242.1517534255981, 1314.8118913173676, 1384.6981587409973, 1450.8374445438385, 1515.4916813373566, 1580.007298707962, 1642.2984488010406, 1707.7375767230988, 1774.8168132305145, 1841.8375277519226, 1908.6374068260193, 1976.0368556976318, 2042.8934326171875, 2109.109828233719]","[0, 10, 20, 30, 40, 50, 60, 70, 80, 90, 100, 110, 120, 130, 140, 150, 160, 170, 180, 190, 200, 210, 220, 230, 240, 250, 260, 270, 280, 290]","[7, 69, 131, 193, 255, 317, 379, 441, 503, 565, 627, 689, 751, 813, 875, 937, 999, 1061, 1123, 1185, 1247, 1309, 1371, 1433, 1495, 1557, 1619, 1681, 1743, 1805]","[256, 128]"
7s45f3jh,distinctive-breeze-266,BC,l2f_bc,finished,https://wandb.ai/korneelvandenberghe/l2f_bc/runs/7s45f3jh,2024-10-17T14:39:00Z,17.037045081675892,38.9,2.0,False,"[21.28545498254974, 17.316695172283364, 30.87757238337134, 14.982864358983102, 102.35319865757374, 57.593536838081626, 19.11260522930188, 100.20506204738297, 132.6173241714206, 56.74583349383626, 100.19706459650995, 56.794791889807904, 96.56633321687622, 57.13621297220781, 94.14875779889884, 98.54101045734896, 62.41775163469856, 16.68144854214426, 61.31977625351061, 198.41364618409975, 130.45050145704613, 17.138972959349648, 90.63016971798103, 91.81091036511933, 16.330037771570723, 19.435967065051635, 16.684774606351276, 45.542561295009904, 151.65818496846813, 17.037045081675892]","[38.15, 35.35, 58.35, 31.95, 136.3, 87.1, 36.5, 129.85, 182.75, 82.0, 130.5, 85.35, 132.85, 80.3, 129.85, 131.25, 93.0, 34.6, 86.5, 280.5, 178.85, 35.3, 131.5, 126.35, 34.5, 34.55, 31.4, 78.8, 208.6, 38.9]","[20.012742519378662, 93.8755989074707, 165.91095495224, 233.06392788887024, 308.511837720871, 385.54273891448975, 458.4548428058624, 535.6673359870911, 616.4966073036194, 690.5782299041748, 768.2090611457825, 845.9457485675812, 923.3842918872833, 995.9767816066742, 1071.982829093933, 1148.4861915111542, 1224.118932723999, 1295.36337351799, 1370.1196446418762, 1460.1783802509308, 1541.9954481124878, 1613.7615435123444, 1712.3218879699707, 1791.1643087863922, 1861.6717629432678, 1933.5806229114532, 2005.3227443695068, 2082.0141410827637, 2167.3634493350983, 2240.5787727832794]","[0, 10, 20, 30, 40, 50, 60, 70, 80, 90, 100, 110, 120, 130, 140, 150, 160, 170, 180, 190, 200, 210, 220, 230, 240, 250, 260, 270, 280, 290]","[7, 69, 131, 193, 255, 317, 379, 441, 503, 565, 627, 689, 751, 813, 875, 937, 999, 1061, 1123, 1185, 1247, 1309, 1371, 1433, 1495, 1557, 1619, 1681, 1743, 1805]","[256, 128]"
nzfii7fo,lunar-thunder-267,BC,l2f_bc,finished,https://wandb.ai/korneelvandenberghe/l2f_bc/runs/nzfii7fo,2024-10-17T15:17:44Z,16.982281320305407,35.95,100.0,False,"[19.866478821531175, 19.526796778403316, 18.752693890696783, 30.90961179768459, 16.997229029406878, 79.8251570627074, 34.41291949928895, 26.80257385131764, 56.365516703722825, 17.47548915623786, 58.85230745641836, 57.46375412681981, 79.4966279119084, 56.83982048134895, 18.189282264560273, 52.983471288891124, 57.16501478032585, 80.08823110062394, 56.539341457074485, 27.377903932870897, 184.6842059174749, 19.588677922071845, 58.47539552752228, 143.16473105870924, 60.22960244162315, 17.657736095500095, 93.80964708868099, 23.02578608872131, 54.05020762494682, 16.982281320305407]","[39.15, 38.5, 36.7, 48.7, 33.25, 109.0, 51.8, 47.15, 81.75, 33.4, 82.25, 85.65, 110.65, 83.3, 37.3, 81.2, 83.2, 121.05, 84.1, 49.45, 234.3, 35.75, 82.55, 180.95, 85.85, 38.65, 128.05, 39.75, 85.05, 35.95]","[20.199190616607666, 88.43376779556274, 156.2462031841278, 228.71118783950806, 302.15561723709106, 382.6784338951111, 458.2481005191803, 532.2858905792236, 608.8995530605316, 685.3188970088959, 765.7944486141205, 853.4403748512268, 938.4323589801788, 1019.7663505077362, 1100.0494947433472, 1185.2048170566559, 1270.7959423065186, 1361.1375641822815, 1441.6437919139862, 1521.9356045722961, 1619.4854788780212, 1704.149719953537, 1791.233550786972, 1892.6559891700745, 1988.9942922592163, 2070.629818677902, 2154.934107065201, 2238.7488327026367, 2325.7111649513245, 2407.3324575424194]","[0, 10, 20, 30, 40, 50, 60, 70, 80, 90, 100, 110, 120, 130, 140, 150, 160, 170, 180, 190, 200, 210, 220, 230, 240, 250, 260, 270, 280, 290]","[7, 69, 131, 193, 255, 317, 379, 441, 503, 565, 627, 689, 751, 813, 875, 937, 999, 1061, 1123, 1185, 1247, 1309, 1371, 1433, 1495, 1557, 1619, 1681, 1743, 1805]","[256, 128]"
2e6urzsq,young-silence-269,TD3BC_JS_Online,l2f_bc,crashed,https://wandb.ai/korneelvandenberghe/l2f_bc/runs/2e6urzsq,2024-10-17T15:51:34Z,391.15422766145537,459.1,2.0,False,"[18.34913007615569, 68.7316263275618, 130.2115250921762, 266.76480519327333, 355.6384791784175, 279.49076957629626, 217.45215965927025, 417.17451297682294, 303.22840117292907, 388.8937604360542, 273.7001401752751, 247.9954831796288, 278.17818798000906, 357.8414238471868, 218.27365053990806, 277.5177876605427, 275.51791277780836, 301.7227659733765, 159.52739350384502, 217.90842923276875, 362.12722121173414, 218.7562031318017, 248.48222834284155, 447.7749054134245, 273.9111254007519, 194.4312345106213, 302.2457147281599, 131.0259253996514, 247.15596978926754, 102.01567379005692, 271.6483686185823, 306.43504748703606, 389.35777839127024, 365.1430957512274, 275.23781149232025, 215.36793634266834, 303.05493075486606, 274.882399813084, 393.0453855797889, 278.7096705205817, 389.88805458122334, 249.23783903508533, 102.13686563045286, 302.5214857538363, 335.5700788336869, 333.6908227505465, 253.04980201417493, 273.7256611960098, 275.4539667516936, 128.19685342748758, 391.60599892770284, 391.5757712474604, 394.92883776598103, 391.15422766145537]","[35.8, 96.53333333333333, 166.43333333333334, 321.43333333333334, 419.46666666666664, 330.3, 260.1333333333333, 487.2, 360.1333333333333, 454.2, 325.06666666666666, 295.26666666666665, 330.8333333333333, 423.6666666666667, 263.3666666666667, 327.1333333333333, 328.9, 358.6, 199.26666666666668, 264.93333333333334, 425.7, 262.1666666666667, 295.56666666666666, 523.7333333333333, 328.1333333333333, 234.2, 356.73333333333335, 161.7, 294.46666666666664, 135.03333333333333, 328.56666666666666, 362.73333333333335, 454.8, 427.9, 327.76666666666665, 259.9, 353.6, 327.0, 456.23333333333335, 335.3666666666667, 456.06666666666666, 297.23333333333335, 132.53333333333333, 359.03333333333336, 391.6333333333333, 393.8333333333333, 309.56666666666666, 326.73333333333335, 329.3333333333333, 160.3, 457.7, 456.5, 458.8333333333333, 459.1]","[16.116626501083374, 109.38071155548096, 213.194002866745, 323.2096905708313, 422.37970089912415, 664.2348027229309, 804.7951259613037, 919.124724149704, 1035.209772825241, 1147.6154737472534, 1384.7102048397064, 1496.9982414245605, 1606.0931141376495, 1719.05415558815, 1823.0064115524292, 2072.946176290512, 2168.55499458313, 2266.3241262435913, 2357.450798034668, 2448.408228635788, 2716.3512799739838, 2809.99241232872, 2903.215339422226, 3011.5662848949432, 3107.2917807102203, 3371.9868710041046, 3478.5045852661133, 3579.858314037323, 3685.0436024665833, 3782.210475921631, 4067.072298526764, 4178.923630237579, 4296.63841676712, 4413.083975791931, 4525.7840712070465, 4838.014044284821, 4968.819282531738, 5090.681011676788, 5218.734637975693, 5335.2785766124725, 5668.102978229523, 5797.880855083466, 5916.218362092972, 6044.163519620895, 6171.7628808021545, 10689.877326726913, 10825.845507621765, 10960.201776504517, 11089.100948810577, 11212.323149204254, 11571.766744613647, 11765.446729183197, 11957.896348237991, 12150.647521972656]","[0, 10, 20, 30, 40, 50, 60, 70, 80, 90, 100, 110, 120, 130, 140, 150, 160, 170, 180, 190, 200, 210, 220, 230, 240, 250, 260, 270, 280, 290, 300, 310, 320, 330, 340, 350, 360, 370, 380, 390, 400, 410, 420, 430, 440, 450, 460, 470, 480, 490, 500, 510, 520, 530]","[25, 276, 527, 778, 1029, 1286, 1567, 1848, 2129, 2410, 2700, 3041, 3382, 3723, 4064, 4411, 4782, 5153, 5524, 5895, 6275, 6706, 7137, 7568, 7999, 8439, 8930, 9421, 9912, 10403, 10900, 11421, 11942, 12463, 12984, 13514, 14095, 14676, 15257, 15838, 16425, 17036, 17647, 18258, 18869, 19489, 20160, 20831, 21502, 22173, 22853, 23584, 24315, 25046]","[256, 128]"
z9shmovz,fragrant-snow-270,BC,l2f_bc,killed,https://wandb.ai/korneelvandenberghe/l2f_bc/runs/z9shmovz,2024-10-17T15:59:18Z,60.684866037138214,88.8,25.0,False,"[14.999188865610495, 20.97015614180366, 15.640242335988077, 59.658486926206294, 60.684866037138214]","[30.9, 35.95, 32.45, 87.35, 88.8]","[20.426002979278564, 101.90170931816101, 182.74373030662537, 274.7553732395172, 369.73654532432556]","[0, 10, 20, 30, 40]","[7, 69, 131, 193, 255]","[256, 128]"
jijtb6zv,light-river-271,BC,l2f_bc,crashed,https://wandb.ai/korneelvandenberghe/l2f_bc/runs/jijtb6zv,2024-10-17T16:09:31Z,16.544159427828255,35.2,100.0,False,[16.544159427828255],[35.2],[20.3104088306427],[0],[8],"[256, 128]"
lj5zpfsq,whole-rain-272,BC,l2f_bc,finished,https://wandb.ai/korneelvandenberghe/l2f_bc/runs/lj5zpfsq,2024-10-17T16:10:59Z,256.68032671519484,418.6,100.0,False,"[16.60053548542385, 19.79457537610154, 60.27090117596894, 99.63579241916189, 258.12401868807893, 132.69697714542613, 213.3926340107784, 300.446048939806, 226.6746100327006, 180.199733590135, 202.69236242586285, 166.3592870113242, 365.98936944446604, 252.54231441208134, 281.54697136619245, 235.77505716103806, 81.2566893687045, 160.33834336854318, 159.18033041023108, 392.8366276309648, 212.52007080064442, 209.71474218850116, 143.7907787563916, 301.16329551057254, 179.21351453357244, 191.11811478383063, 259.68162137682657, 360.1033864897205, 185.85043142796462, 256.68032671519484]","[39.5, 43.75, 90.15, 134.7, 323.3, 179.4, 274.9, 372.35, 279.7, 224.85, 278.95, 230.55, 472.85, 332.5, 382.2, 324.6, 127.8, 233.4, 230.2, 517.65, 328.15, 325.35, 230.05, 428.95, 277.4, 324.4, 419.7, 566.25, 339.7, 418.6]","[19.74921441078186, 98.91229772567749, 180.5681459903717, 263.66248512268066, 359.8909454345703, 449.66409158706665, 544.8825352191925, 650.3690619468689, 748.8836040496826, 840.0498397350311, 930.648323059082, 1024.579772233963, 1128.899534702301, 1224.7587730884552, 1323.2081837654114, 1414.799777507782, 1489.8862607479095, 1575.4730341434479, 1665.2018475532532, 1777.2976129055023, 1873.224199771881, 1964.8103079795837, 2049.2777211666107, 2145.9211382865906, 2235.250193834305, 2335.117927312851, 2437.8021318912506, 2551.792111158371, 2657.085022687912, 2760.9549510478973]","[0, 10, 20, 30, 40, 50, 60, 70, 80, 90, 100, 110, 120, 130, 140, 150, 160, 170, 180, 190, 200, 210, 220, 230, 240, 250, 260, 270, 280, 290]","[8, 70, 132, 194, 256, 319, 381, 443, 505, 567, 630, 692, 754, 816, 878, 941, 1003, 1065, 1127, 1189, 1252, 1314, 1376, 1438, 1500, 1563, 1625, 1687, 1749, 1811]","[256, 128]"
1smi5ovv,rich-music-273,BC,l2f_bc,finished,https://wandb.ai/korneelvandenberghe/l2f_bc/runs/1smi5ovv,2024-10-17T16:58:26Z,153.4656527557185,274.25,100.0,False,"[12.015423442581913, 20.09832641264404, 24.669534721780643, 97.06781119987303, 100.29789894354421, 53.19525354548357, 88.48317344136754, 181.60227271129185, 223.1560350721398, 174.3036268206343, 281.3430826057731, 197.23477503253048, 170.59984745851972, 245.3150044209367, 286.762441802583, 119.03916674353816, 153.0548404881801, 268.95741520691035, 197.8732520881344, 194.57681971028939, 286.5550265585754, 206.89290896281108, 322.58400963485275, 288.5064111305827, 292.7135180353815, 263.12876705699694, 155.97878168993537, 187.01957982362478, 283.3382397575539, 153.4656527557185]","[30.45, 41.4, 46.1, 133.7, 134.05, 86.3, 128.75, 235.4, 284.85, 228.35, 368.5, 277.7, 240.0, 331.9, 369.4, 183.1, 226.85, 375.75, 277.25, 280.9, 416.2, 330.55, 472.15, 426.3, 420.85, 417.4, 281.2, 325.6, 467.45, 274.25]","[19.157856464385986, 98.76516962051392, 179.73716259002686, 265.2045202255249, 352.88546872138977, 431.6663672924042, 513.5033240318298, 602.1226918697357, 694.3894946575165, 782.2844979763031, 878.5363526344299, 967.196720123291, 1058.2900264263153, 1152.2133331298828, 1251.4240958690643, 1341.2066633701324, 1428.773900270462, 1525.8371758460999, 1620.3185875415802, 1712.1723418235779, 1817.5600929260254, 1918.0411231517792, 2030.4010407924652, 2140.655531644821, 2246.8697447776794, 2350.2392971515656, 2441.036769390106, 2536.4598376750946, 2642.50204539299, 2730.808380842209]","[0, 10, 20, 30, 40, 50, 60, 70, 80, 90, 100, 110, 120, 130, 140, 150, 160, 170, 180, 190, 200, 210, 220, 230, 240, 250, 260, 270, 280, 290]","[8, 70, 132, 194, 256, 319, 381, 443, 505, 567, 630, 692, 754, 816, 878, 941, 1003, 1065, 1127, 1189, 1252, 1314, 1376, 1438, 1500, 1563, 1625, 1687, 1749, 1811]","[256, 128]"
tz9k41ur,dulcet-dust-274,BC,l2f_bc,finished,https://wandb.ai/korneelvandenberghe/l2f_bc/runs/tz9k41ur,2024-10-17T17:45:18Z,268.80517957625807,420.65,2.0,False,"[14.013593763449942, 16.393109965421623, 58.63780744538046, 58.76558205815604, 213.67628233208143, 211.3721298000225, 179.39504374345998, 138.26354858570022, 138.17237834516396, 216.7172081564053, 124.74389661212697, 208.73767861012158, 332.5871808244277, 127.30198010183521, 369.9343567895354, 315.34075647930865, 318.88199491602205, 159.96465109390027, 157.1735102672258, 310.0325914390517, 183.14829870116554, 173.19383168346866, 176.44262304206697, 369.1450343740551, 141.29819786262297, 161.70517590199657, 157.64993613181537, 187.5087543800021, 264.8868575522849, 268.80517957625807]","[34.5, 34.05, 88.05, 85.4, 277.0, 276.55, 235.0, 188.8, 181.55, 276.9, 181.2, 279.9, 420.85, 178.75, 477.6, 423.05, 425.95, 231.45, 241.1, 426.45, 282.35, 280.9, 283.85, 521.3, 224.5, 287.6, 284.5, 325.6, 425.6, 420.65]","[18.722740650177002, 89.70573496818542, 165.9071011543274, 240.46901845932007, 333.22420597076416, 423.45616841316223, 511.3442602157593, 595.5826542377472, 680.2220232486725, 771.8765761852264, 859.6885805130005, 954.5243985652924, 1057.5505027770996, 1138.509913444519, 1243.9584457874298, 1344.4618575572968, 1451.839860200882, 1540.1162958145142, 1625.8262526988983, 1724.0071802139282, 1812.499627828598, 1903.074321269989, 1995.406950712204, 2102.505460500717, 2187.4502427577972, 2280.6056668758392, 2372.4800720214844, 2465.5620062351227, 2565.974280834198, 2668.8728137016296]","[0, 10, 20, 30, 40, 50, 60, 70, 80, 90, 100, 110, 120, 130, 140, 150, 160, 170, 180, 190, 200, 210, 220, 230, 240, 250, 260, 270, 280, 290]","[8, 70, 132, 194, 256, 319, 381, 443, 505, 567, 630, 692, 754, 816, 878, 941, 1003, 1065, 1127, 1189, 1252, 1314, 1376, 1438, 1500, 1563, 1625, 1687, 1749, 1811]","[256, 128]"
wsupkf15,fresh-capybara-275,BC,l2f_bc,finished,https://wandb.ai/korneelvandenberghe/l2f_bc/runs/wsupkf15,2024-10-17T18:31:13Z,158.89760797462316,278.05,2.0,False,"[13.037036950498045, 12.07626257305918, 46.02077604503687, 135.9053676353397, 179.93696543560264, 293.94768419630634, 90.63567889278224, 255.68552011629626, 93.9818646827286, 219.6341811048845, 247.58217189618318, 253.9775252770597, 46.068599585271556, 247.24813030372312, 83.63121005771681, 242.72494186543358, 159.6281577477041, 234.29277468388204, 244.15842148458304, 195.98076053342294, 176.5236196660523, 246.85926552149402, 368.47055416400684, 175.29612346917088, 365.0232653552271, 195.19074182019804, 185.95901484668, 292.15471400644907, 151.93925810416957, 158.89760797462316]","[31.5, 37.2, 87.1, 180.1, 229.25, 372.55, 126.35, 325.1, 136.45, 275.3, 325.05, 328.0, 83.15, 329.05, 140.85, 329.85, 232.05, 327.15, 327.75, 282.7, 276.2, 366.15, 519.6, 279.6, 518.1, 323.7, 334.25, 480.95, 280.85, 278.05]","[18.838135242462158, 94.23348140716553, 170.16934657096863, 255.9821276664734, 340.62703251838684, 432.8254346847534, 508.54452323913574, 598.1978859901428, 681.3525607585907, 770.9612197875977, 861.0158202648163, 951.5963914394379, 1023.6223118305206, 1119.7331175804138, 1202.9946732521057, 1301.5169467926025, 1390.790620803833, 1487.1429159641266, 1584.3288161754608, 1677.8880863189697, 1773.2291405200958, 1874.6687848567963, 1981.4532070159912, 2071.2132313251495, 2177.122454404831, 2270.094509124756, 2363.7220611572266, 2468.4882340431213, 2558.401749610901, 2647.7449054718018]","[0, 10, 20, 30, 40, 50, 60, 70, 80, 90, 100, 110, 120, 130, 140, 150, 160, 170, 180, 190, 200, 210, 220, 230, 240, 250, 260, 270, 280, 290]","[8, 70, 132, 194, 256, 319, 381, 443, 505, 567, 630, 692, 754, 816, 878, 941, 1003, 1065, 1127, 1189, 1252, 1314, 1376, 1438, 1500, 1563, 1625, 1687, 1749, 1811]","[256, 128]"
y5r3c0h5,woven-snow-283,TD3BC_JS_Online,l2f_bc,crashed,https://wandb.ai/korneelvandenberghe/l2f_bc/runs/y5r3c0h5,2024-10-17T19:19:50Z,276.2563321144558,326.8,2.0,False,"[19.875595559755432, 20.824100100806227, 151.9740213359349, 184.2220464199325, 303.9022846537515, 245.4278667114909, 186.6483782227422, 184.29176999871743, 192.87392200526585, 185.18134770639747, 332.21344041967933, 185.91546681440963, 188.83575348180383, 387.56238933530574, 190.43009102153766, 332.0475702032248, 300.83119182421495, 389.0343756697386, 333.232781550147, 276.2563321144558]","[37.53333333333333, 38.93333333333333, 190.93333333333334, 225.96666666666667, 358.1666666666667, 295.96666666666664, 227.03333333333333, 227.03333333333333, 235.53333333333333, 227.0, 392.03333333333336, 226.03333333333333, 227.43333333333334, 452.73333333333335, 228.8, 392.4, 357.73333333333335, 452.6666666666667, 391.93333333333334, 326.8]","[13.233444690704346, 57.527413845062256, 110.06954097747803, 165.64217233657837, 225.88977193832397, 400.4925274848938, 459.6222426891327, 516.8828957080841, 577.1006557941437, 636.1434581279755, 833.6785974502563, 900.006240606308, 966.1379306316376, 1043.2168686389923, 1110.25870347023, 1323.9513819217682, 1398.7315890789032, 1476.4879670143127, 1551.4434428215027, 1623.7316620349884]","[0, 10, 20, 30, 40, 50, 60, 70, 80, 90, 100, 110, 120, 130, 140, 150, 160, 170, 180, 190]","[25, 276, 527, 778, 1029, 1286, 1567, 1848, 2129, 2410, 2700, 3041, 3382, 3723, 4064, 4411, 4782, 5153, 5524, 5895]","[256, 128]"
j6nc0mjv,daily-music-284,BC,l2f_bc,finished,https://wandb.ai/korneelvandenberghe/l2f_bc/runs/j6nc0mjv,2024-10-18T07:45:58Z,-263.099809989605,385.25,100.0,False,"[11.817168896914147, 11.32731392090083, 15.013809265189826, 48.59148836679848, 131.7978977508205, 245.93579670242806, 199.21843976616333, 191.93218505546508, 291.856000248296, 179.15196714772884, 126.67152962219328, 151.73331982672647, 147.34774743466951, 164.45930535209067, 108.84472519106177, 38.79194493360609, 58.100687371923314, 73.76501121657819, -21.12438688708797, -10.520674201463345, -119.95030856510373, -100.01287538786538, -170.80028952347365, -141.19377195774013, -178.04718413673137, -212.76458117503222, -223.14833398694577, -268.9317073099182, -238.36582578922471, -263.099809989605]","[33.8, 34.35, 40.25, 80.2, 193.1, 328.75, 272.7, 280.6, 426.2, 279.65, 231.65, 289.05, 327.0, 328.35, 335.25, 184.15, 380.45, 370.55, 277.1, 325.95, 372.95, 232.75, 276.05, 224.05, 277.85, 372.8, 421.9, 516.45, 333.25, 385.25]","[17.242079973220825, 105.31317901611328, 177.4480059146881, 245.54388976097107, 319.32286381721497, 420.05995869636536, 497.14749908447266, 571.7985608577728, 650.7972548007965, 721.059205532074, 787.012570142746, 859.5538744926453, 933.765011548996, 1007.5333428382874, 1084.7864701747894, 1156.4836115837097, 1233.3001909255981, 1307.76114153862, 1386.7489140033722, 1473.3025307655334, 1577.5455396175385, 1674.9843337535858, 1759.6288402080536, 1845.5379705429077, 1930.3668925762177, 2005.0259804725647, 2081.978380203247, 2165.3894362449646, 2241.551092147827, 2321.7858242988586]","[0, 10, 20, 30, 40, 50, 60, 70, 80, 90, 100, 110, 120, 130, 140, 150, 160, 170, 180, 190, 200, 210, 220, 230, 240, 250, 260, 270, 280, 290]","[8, 70, 133, 195, 258, 320, 383, 445, 508, 570, 633, 695, 758, 820, 883, 945, 1008, 1070, 1133, 1195, 1258, 1320, 1383, 1445, 1508, 1570, 1633, 1695, 1758, 1820]","[256, 128]"
3r9wjbku,amber-wave-285,TD3BC_JS_Online,l2f_bc,crashed,https://wandb.ai/korneelvandenberghe/l2f_bc/runs/3r9wjbku,2024-10-18T07:50:49Z,243.17911266782815,294.76666666666665,2.0,False,"[17.08486910144703, 129.29577028204258, 185.50721404689418, 136.76422465226852, 79.0367558084156, 216.7168776739665, 162.61203131558415, 273.13408353004417, 165.36151037032266, 248.94109749773548, 332.1535761493247, 362.5261058087916, 301.5004318982846, 273.59051849171624, 449.62484101076944, 159.33623976909422, 332.7845997050692, 219.18077553172245, 162.66453836239805, 328.11894536778556, 187.8282537002947, 335.2575902043818, 301.9537142258115, 246.99589920978966, 249.32751684463003, 190.06084463753922, 302.7556377805819, 416.5640251807681, 303.9254442543559, 273.359919062439, 279.74363312741923, 219.6758934236924, 193.39059406187064, 217.919346327034, 243.17911266782818]","[35.3, 167.23333333333332, 225.96666666666667, 171.16666666666666, 106.76666666666667, 257.96666666666664, 201.6, 324.4, 207.03333333333333, 297.23333333333335, 392.76666666666665, 428.3333333333333, 359.4, 327.6, 519.8, 194.86666666666667, 387.9, 264.8333333333333, 203.46666666666667, 387.56666666666666, 226.46666666666667, 392.2, 358.96666666666664, 294.46666666666664, 295.5, 232.53333333333333, 358.93333333333334, 485.0, 362.4, 329.3666666666667, 332.06666666666666, 266.6666666666667, 235.73333333333332, 260.3666666666667, 294.76666666666665]","[15.490331411361694, 103.33594703674316, 188.08940386772156, 266.98894906044006, 337.4722080230713, 522.3136806488037, 599.0285699367523, 679.9925916194916, 761.3331108093262, 841.4426889419556, 1050.2701451778412, 1152.723878622055, 1316.5251121520996, 1442.6528980731964, 1564.1857006549835, 1801.724815607071, 1891.084718465805, 1973.444904088974, 2054.6311218738556, 2143.375346183777, 2352.8919293880463, 2434.797009706497, 2515.9597775936127, 2593.520434141159, 2670.364508867264, 2899.2283866405487, 2987.4604246616364, 3082.0502648353577, 3171.1257948875427, 3258.444995164871, 3509.870126724243, 3599.2938957214355, 3686.784815311432, 3775.853307247162, 3868.420516014099]","[0, 10, 20, 30, 40, 50, 60, 70, 80, 90, 100, 110, 120, 130, 140, 150, 160, 170, 180, 190, 200, 210, 220, 230, 240, 250, 260, 270, 280, 290, 300, 310, 320, 330, 340]","[25, 276, 527, 778, 1029, 1286, 1567, 1848, 2129, 2410, 2700, 3041, 3382, 3723, 4064, 4411, 4782, 5153, 5524, 5895, 6275, 6706, 7137, 7568, 7999, 8439, 8930, 9421, 9912, 10403, 10900, 11421, 11942, 12463, 12984]","[256, 128]"
ofg85j4l,ancient-water-286,BC,l2f_bc,finished,https://wandb.ai/korneelvandenberghe/l2f_bc/runs/ofg85j4l,2024-10-18T08:25:57Z,-252.0781982960661,514.45,100.0,False,"[14.436122068391086, 26.061432629843228, 57.413154410474235, 54.112165223111354, 203.81753119314666, 333.03580556600156, 155.46234983248945, 157.0010422272391, 66.32289140979177, 177.6182743475255, 189.50579466152107, 154.81304513455675, 190.3400330046099, 65.09398284934028, 113.68698173253685, 59.002084912225406, 111.95135705272818, -18.180252972724873, -2.471822607486911, -71.49153357694206, -119.76388220956036, -114.63160940617811, -241.6273031914522, -173.06626566987063, -185.3317806251111, -201.63255828898053, -168.3234618352995, -272.6308370299863, -276.9768644985452, -252.07819829606606]","[30.6, 49.8, 87.9, 92.9, 279.9, 428.0, 237.6, 228.2, 134.3, 282.25, 323.85, 286.25, 373.6, 180.55, 332.65, 232.9, 466.5, 133.0, 480.35, 135.65, 279.6, 616.35, 369.85, 183.05, 276.2, 282.5, 184.1, 470.85, 427.65, 514.45]","[14.534044981002808, 81.60576963424683, 145.68128538131714, 208.02389240264893, 280.37844157218933, 358.25242614746094, 430.73505330085754, 501.5201756954193, 569.4446413516998, 641.0655307769775, 711.701406955719, 781.9202511310577, 856.431459903717, 925.7652699947357, 1013.1943643093109, 1108.330325126648, 1200.8488421440125, 1281.1883721351624, 1372.7884094715118, 1444.4039905071259, 1518.1033647060394, 1601.6264154911041, 1678.8103065490723, 1750.209288597107, 1823.129427433014, 1905.9734146595001, 1990.4199833869934, 2080.6232719421387, 2167.023158311844, 2254.459955215454]","[0, 10, 20, 30, 40, 50, 60, 70, 80, 90, 100, 110, 120, 130, 140, 150, 160, 170, 180, 190, 200, 210, 220, 230, 240, 250, 260, 270, 280, 290]","[8, 70, 133, 195, 258, 320, 383, 445, 508, 570, 633, 695, 758, 820, 883, 945, 1008, 1070, 1133, 1195, 1258, 1320, 1383, 1445, 1508, 1570, 1633, 1695, 1758, 1820]","[256, 128]"
hxbr3hkk,rare-plasma-287,BC,l2f_bc,finished,https://wandb.ai/korneelvandenberghe/l2f_bc/runs/hxbr3hkk,2024-10-18T09:04:56Z,-226.9449184494659,471.55,2.0,False,"[18.24230327690794, 16.53681107801527, 84.69448692029312, 172.57227477565556, 170.9078011095558, 128.4837500644672, 154.7296611243889, 120.71000244601332, 395.81744374756914, 287.21340056609455, 121.00089789182508, 298.5547507656538, 152.07994622650838, 162.9742368903091, 6.281110420946337, 137.7254332542402, 17.712326841451834, 30.10841414983821, -43.829801561487336, -27.92716636883845, -123.91348122674897, -120.80485666001148, -217.72452511605675, -172.47049191411057, -196.92503853645894, -203.43350946684387, -181.97985181116854, -191.21538888225828, -219.23784054495155, -226.9449184494659]","[37.15, 36.2, 125.9, 222.15, 230.5, 186.8, 230.5, 180.2, 567.0, 422.0, 234.55, 474.2, 326.35, 328.7, 133.15, 375.5, 230.85, 276.1, 182.35, 226.0, 284.25, 328.55, 374.6, 275.3, 280.55, 326.75, 236.0, 284.6, 377.35, 471.55]","[17.106976985931396, 110.93422389030457, 210.65327405929565, 313.07308554649353, 414.2026572227478, 501.5615711212158, 600.2417604923248, 682.7927362918854, 773.445324420929, 861.8370952606201, 944.6323947906494, 1039.4727382659912, 1125.7013096809387, 1211.7265288829803, 1291.0054895877838, 1383.0417988300323, 1465.7818048000336, 1549.7345850467682, 1630.7747955322266, 1717.671313047409, 1801.338139295578, 1886.3683574199677, 1971.6920275688171, 2052.654378890991, 2132.4938955307007, 2214.27640914917, 2301.2328402996063, 2383.511381149292, 2465.6112179756165, 2550.2436888217926]","[0, 10, 20, 30, 40, 50, 60, 70, 80, 90, 100, 110, 120, 130, 140, 150, 160, 170, 180, 190, 200, 210, 220, 230, 240, 250, 260, 270, 280, 290]","[8, 70, 133, 195, 258, 320, 383, 445, 508, 570, 633, 695, 758, 820, 883, 945, 1008, 1070, 1133, 1195, 1258, 1320, 1383, 1445, 1508, 1570, 1633, 1695, 1758, 1820]","[256, 128]"
v8wxpp4z,glad-firefly-288,BC,l2f_bc,crashed,https://wandb.ai/korneelvandenberghe/l2f_bc/runs/v8wxpp4z,2024-10-18T09:48:48Z,-166.27898715965193,372.7,2.0,False,"[18.681515530890508, 16.376109276099506, 10.938687290654578, 130.47614946772165, 162.81827851163263, 287.37234545370325, 81.93143671174228, 193.30934297885983, 102.92066641256508, 216.8264434138945, 286.0512005676328, 123.13614281316492, 84.94374265665348, 127.90384329826028, 10.616665982156153, 187.0856983766335, 60.072645049946345, 73.21104219842913, 11.251962488762626, 2.7265891679365377, -105.82551436828528, -124.39662940698686, -166.27898715965193]","[33.7, 35.8, 31.35, 176.55, 227.25, 372.8, 130.45, 280.6, 178.3, 332.6, 472.3, 228.35, 231.45, 276.15, 132.7, 475.6, 324.75, 374.85, 370.75, 373.9, 323.55, 237.8, 372.7]","[14.887300252914429, 86.02592945098877, 159.2670340538025, 246.4030032157898, 331.070353269577, 413.9283244609833, 494.8951416015625, 574.3970255851746, 649.6234085559845, 733.4881098270416, 817.825258731842, 896.8595781326294, 975.9899668693542, 1058.1879737377167, 1150.0429801940918, 1271.7236828804016, 1362.3592550754547, 1462.2859947681427, 1559.8392231464386, 1659.9990043640137, 1757.3890657424927, 1852.8626770973206, 1953.9059228897095]","[0, 10, 20, 30, 40, 50, 60, 70, 80, 90, 100, 110, 120, 130, 140, 150, 160, 170, 180, 190, 200, 210, 220]","[8, 70, 133, 195, 258, 320, 383, 445, 508, 570, 633, 695, 758, 820, 883, 945, 1008, 1070, 1133, 1195, 1258, 1320, 1383]","[256, 128]"
i0ag9lag,copper-pine-289,TD3BC_JS_Online,l2f_bc,finished,https://wandb.ai/korneelvandenberghe/l2f_bc/runs/i0ag9lag,2024-10-18T14:56:53Z,-216.7139809219737,172.03333333333333,2.0,False,"[16.31654292434325, 160.50343554655922, 127.74235230706674, 274.0931707827034, 161.7826188085115, 214.9178356862173, 242.6555537928884, 272.4232201129064, 240.08251839533057, 380.0352263979838, 206.1898007866029, 178.6605891171895, 398.80130750583686, 372.3922230021016, 291.19661599380186, 252.94292256423847, 273.4930955688261, 252.61495698965538, 273.79013019834844, 332.9738294473472, 256.88696499919996, 231.82278907205833, 416.34292824258335, 268.2953432735042, 234.94854508598368, 158.1454091707165, 215.8929347362445, 195.7079501432546, 288.1675670492618, 265.20698996352684, 162.8902318613405, 197.35815083466196, 119.86939459391823, 119.86416419853558, 192.8528591887255, 170.86342742876047, 70.68621699009466, 178.47144271692437, 156.69848579067582, 179.94344381820426, 145.8655049264156, 110.13273674270262, 25.40441333252856, 87.6340650314187, 78.99781973589621, -1.4761679514591532, 9.378872228759857, 34.77615143199168, -12.342691876334978, 50.513867152091755, 12.173459243572063, -54.726231245748416, -19.275384824171695, -31.469985744868207, 1.297862865338981, -124.60028673900202, -117.33556852182218, -115.0037789496202, -112.23567328795576, -129.53944539630393, -225.3550052845547, -147.49639653597416, -187.13154214542377, -205.96786672596056, -174.75224140887744, -153.40071040025762, -181.00251808547364, -203.88983646044966, -190.1578407346975, -215.34059740433668, -184.19692070809714, -189.49383450321304, -269.0559258344573, -195.45087932721358, -180.9382898797288, -172.98082560902165, -265.805864220533, -180.5229964781085, -234.12603058833506, -235.54123924379792, -236.0729018187185, -207.83533869573688, -201.39285417723625, -245.7686726634514, -171.90159378034528, -227.53941041057334, -248.17256873863445, -231.4925570455089, -245.04740070350346, -177.96824157088884, -243.66870894166274, -237.89136758562952, -224.69370508905303, -221.16645835010885, -247.1045616459549, -228.00553171266446, -291.40151685199584, -222.32802224486542, -231.38949310790468, -216.7139809219737]","[32.2, 200.53333333333333, 160.53333333333333, 326.7, 198.56666666666666, 262.93333333333334, 296.56666666666666, 327.73333333333335, 294.1666666666667, 458.6333333333333, 262.1333333333333, 227.73333333333332, 489.53333333333336, 455.9, 361.6, 332.1666666666667, 360.73333333333335, 333.6666666666667, 359.0, 425.1, 354.7, 327.3333333333333, 549.0666666666667, 363.3666666666667, 328.23333333333335, 270.9, 329.3, 302.1666666666667, 429.3, 393.43333333333334, 295.43333333333334, 327.3333333333333, 235.26666666666668, 224.53333333333333, 324.5, 363.56666666666666, 197.16666666666666, 356.96666666666664, 324.5, 359.8333333333333, 393.96666666666664, 360.23333333333335, 166.16666666666666, 299.6333333333333, 262.6, 201.7, 231.6, 299.2, 163.7, 329.1, 454.03333333333336, 132.1, 293.3, 297.03333333333336, 458.3666666666667, 428.43333333333334, 420.43333333333334, 361.93333333333334, 259.2, 359.06666666666666, 390.6333333333333, 162.93333333333334, 269.06666666666666, 333.26666666666665, 232.16666666666666, 256.8, 325.8666666666667, 358.96666666666664, 329.3, 330.93333333333334, 266.1666666666667, 298.2, 522.9, 386.46666666666664, 266.0, 260.6333333333333, 519.3666666666667, 293.26666666666665, 428.43333333333334, 425.1, 362.4, 269.6, 242.83333333333334, 393.8333333333333, 229.96666666666667, 389.1666666666667, 491.23333333333335, 418.5, 462.8333333333333, 260.06666666666666, 454.1, 359.1, 326.2, 298.06666666666666, 393.93333333333334, 324.3, 489.7, 324.93333333333334, 358.3333333333333, 172.03333333333333]","[19.053611516952515, 129.37578678131104, 311.405033826828, 484.83532094955444, 646.8354985713959, 870.2565732002258, 979.4242451190948, 1095.796974182129, 1208.4146347045898, 1330.7661547660828, 1483.2123708724976, 1595.6816165447235, 1724.034061908722, 1844.982048034668, 1965.1474030017853, 2160.2751924991608, 2350.0643758773804, 2555.4739949703217, 2775.3753304481506, 2991.464362859726, 3272.701122522354, 3575.8547501564026, 3754.0123834609985, 3905.66677069664, 4046.5422756671906, 4263.93581366539, 4358.837771654129, 4448.429884195328, 4548.0745844841, 4648.113489866257, 4835.382204532623, 4937.727427005768, 5038.179772138596, 5132.916516780853, 5232.48695063591, 5436.851851701736, 5536.31000995636, 5645.151508569717, 5752.017304182053, 5850.435352802277, 6016.995536565781, 6093.585291147232, 6162.3267521858215, 9370.50388598442, 9445.207597255707, 9604.97824382782, 9681.698148012161, 9761.533515691757, 9835.472278356552, 9916.257368803024, 10102.781871318817, 10180.23053908348, 10264.05136680603, 10346.547065734863, 10435.830318450928, 10613.496532917023, 10702.964795827866, 10789.918449401855, 10872.577966928482, 10959.19597697258, 11143.398283720016, 11226.196959733963, 11311.75330877304, 11401.509273290634, 11487.275430440903, 11696.695937395096, 11790.756229162216, 11886.425781726837, 11982.935856103897, 12079.818149089813, 12283.941421985626, 12382.840030431747, 12488.826623916626, 12591.29810500145, 12688.709522008896, 12902.30520606041, 13014.233239889145, 13117.404341459274, 13225.528957366943, 13336.314925909042, 13572.150416135788, 13693.912819623947, 13808.466970443726, 13935.120486021042, 14051.12338399887, 14308.601218938828, 14425.908564090729, 14543.026636123657, 14667.501738071442, 14771.541252374649, 15018.929420232773, 15163.34150981903, 15300.687112569809, 15429.96368932724, 15573.232012271881, 15878.311181783676, 16082.633891105652, 16298.940339803696, 16492.679032087326, 16674.871141910553]","[0, 10, 20, 30, 40, 50, 60, 70, 80, 90, 100, 110, 120, 130, 140, 150, 160, 170, 180, 190, 200, 210, 220, 230, 240, 250, 260, 270, 280, 290, 300, 310, 320, 330, 340, 350, 360, 370, 380, 390, 400, 410, 420, 430, 440, 450, 460, 470, 480, 490, 500, 510, 520, 530, 540, 550, 560, 570, 580, 590, 600, 610, 620, 630, 640, 650, 660, 670, 680, 690, 700, 710, 720, 730, 740, 750, 760, 770, 780, 790, 800, 810, 820, 830, 840, 850, 860, 870, 880, 890, 900, 910, 920, 930, 940, 950, 960, 970, 980, 990]","[25, 276, 527, 778, 1029, 1284, 1535, 1786, 2037, 2288, 2546, 2827, 3108, 3389, 3670, 3958, 4269, 4580, 4891, 5202, 5520, 5861, 6202, 6543, 6884, 7232, 7603, 7974, 8345, 8716, 9091, 9462, 9833, 10204, 10575, 10953, 11354, 11755, 12156, 12557, 12965, 13396, 13827, 14258, 14689, 15127, 15588, 16049, 16510, 16971, 17439, 17930, 18421, 18912, 19403, 19898, 20389, 20880, 21371, 21862, 22360, 22881, 23402, 23923, 24444, 24972, 25523, 26074, 26625, 27176, 27734, 28315, 28896, 29477, 30058, 30646, 31257, 31868, 32479, 33090, 33705, 34316, 34927, 35538, 36149, 36765, 37406, 38047, 38688, 39329, 39975, 40646, 41317, 41988, 42659, 43335, 44036, 44737, 45438, 46139]","[256, 128]"
swyqwuyg,hearty-aardvark-290,TD3BC_JS_Online,l2f_bc,crashed,https://wandb.ai/korneelvandenberghe/l2f_bc/runs/swyqwuyg,2024-10-18T18:16:16Z,319.58398855896326,583.2666666666667,2.0,False,"[16.798606157664036, 17.075702958717933, 126.7769144636011, 186.11186510833085, 356.70990520614413, 99.6082151846718, 156.18581153028876, 244.5993353015169, 295.90516364723885, 188.22573047007162, 127.1037541907401, 399.887589739032, 376.70627751949456, 287.61460278489307, 231.07664877441314, 226.29403755186007, 301.0813172253715, 274.87326693304107, 144.33344297326158, 165.12886933288465, 180.29728133803857, 308.311157209148, 264.7638439900512, 207.2172074084509, 333.93738541674577, 238.43489169434054, 238.41662465021003, 214.3251078973463, 383.663875570593, 307.3087368755947, 171.93954801916462, 167.3028784982143, 238.85655518648906, 293.85441837258514, 162.7556888642596, 178.5194000571235, 156.7108583989875, 241.22350409377447, 157.89565849140635, 319.58398855896326]","[34.46666666666667, 34.53333333333333, 166.8, 228.43333333333334, 423.8, 132.06666666666666, 195.3, 299.1666666666667, 356.0, 231.9, 166.0, 486.93333333333334, 458.2, 360.6, 289.1666666666667, 296.7, 399.6333333333333, 357.56666666666666, 200.46666666666667, 226.86666666666667, 269.4, 420.1333333333333, 360.2, 290.26666666666665, 451.06666666666666, 357.3333333333333, 359.3666666666667, 327.3, 557.2333333333333, 454.8, 293.6666666666667, 296.56666666666666, 386.06666666666666, 490.96666666666664, 299.0, 358.8333333333333, 329.56666666666666, 455.93333333333334, 329.0, 583.2666666666667]","[17.031354665756226, 111.60232853889465, 200.33824348449707, 288.88418650627136, 388.86445021629333, 574.0026824474335, 674.1616499423981, 779.1850414276123, 877.323575258255, 968.880674123764, 1215.252285003662, 1322.0522742271423, 1424.4888427257538, 1520.7340614795685, 1625.6164960861206, 1860.7396574020386, 1937.62948012352, 2019.247843503952, 2086.235990047455, 2160.146873474121, 2373.7907152175903, 2468.5632441043854, 2555.4672107696533, 2634.6102051734924, 2726.253830909729, 2977.914952516556, 3062.9518513679504, 3153.044796705246, 3253.7936339378357, 3363.9215557575226, 3637.4535660743713, 3731.873542547226, 3822.080282688141, 3917.606736421585, 4013.487331390381, 4279.589447021484, 4384.167676448822, 4498.930915355682, 4609.60326218605, 4727.463682889938]","[0, 10, 20, 30, 40, 50, 60, 70, 80, 90, 100, 110, 120, 130, 140, 150, 160, 170, 180, 190, 200, 210, 220, 230, 240, 250, 260, 270, 280, 290, 300, 310, 320, 330, 340, 350, 360, 370, 380, 390]","[25, 276, 527, 778, 1029, 1287, 1568, 1849, 2130, 2411, 2702, 3043, 3384, 3725, 4066, 4414, 4785, 5156, 5527, 5898, 6279, 6710, 7141, 7572, 8003, 8444, 8935, 9426, 9917, 10408, 10906, 11427, 11948, 12469, 12990, 13521, 14102, 14683, 15264, 15845]","[256, 128]"
gxp6ian3,true-firebrand-291,TD3BC_JS_Online,l2f_bc,crashed,https://wandb.ai/korneelvandenberghe/l2f_bc/runs/gxp6ian3,2024-10-18T19:40:02Z,268.76252782350116,325.9,100.0,False,"[16.6756114877284, 73.0300820598858, 74.25358317583628, 303.38386531158983, 329.1466501814937, 181.2620658160841, 241.46690396156114, 347.09537419004295, 127.2207393959854, 268.76252782350116]","[35.86666666666667, 97.36666666666666, 97.26666666666667, 359.0, 392.2, 233.53333333333333, 297.5, 420.43333333333334, 166.2, 325.9]","[16.913286447525024, 107.36015176773071, 204.3389036655426, 306.8503761291504, 391.6564645767212, 590.1000683307648, 696.0803673267365, 811.2318363189697, 918.7505230903625, 1031.426555633545]","[0, 10, 20, 30, 40, 50, 60, 70, 80, 90]","[25, 276, 527, 778, 1029, 1287, 1568, 1849, 2130, 2411]","[256, 128]"
5c0ul8y2,gentle-capybara-292,TD3BC_JS_Online,l2f_bc,crashed,https://wandb.ai/korneelvandenberghe/l2f_bc/runs/5c0ul8y2,2024-10-19T08:15:01Z,259.09017515569855,364.7,2.0,False,"[16.444281293106016, 48.63147939371903, 130.37989969145156, 189.71305149757433, 272.12333918506636, 211.65050221428336, 354.4684897725015, 297.98629554924264, 354.59726578423147, 237.95850440912494, 257.45300571497745, 116.53129968889425, 427.1833991367632, 366.8696227889457, 259.8373367103222, 303.6413526900631, 306.3558710117441, 411.6102678246704, 280.83085631473745, 299.92402915506165, 261.44959028771075, 157.00047980398233, 387.82556160106014, 180.90663051274848, 259.09017515569855]","[33.8, 68.56666666666666, 167.53333333333333, 230.16666666666666, 324.2, 259.6, 423.1666666666667, 359.8666666666667, 423.6, 291.7, 322.6, 165.4, 519.4333333333333, 456.5, 322.26666666666665, 390.96666666666664, 388.9, 520.2333333333333, 361.0, 391.46666666666664, 357.3, 236.23333333333332, 517.3, 263.6, 364.7]","[21.421422243118286, 96.56088328361511, 175.35598301887512, 250.9051535129547, 326.30531334877014, 529.5664503574371, 625.7752857208252, 717.7438633441925, 808.6688470840454, 896.4579374790192, 1109.2696449756622, 1202.6889004707336, 1314.150468826294, 1435.005516052246, 1533.1776933670044, 1781.0024967193604, 1872.6278512477875, 1968.1853048801422, 2045.8986661434174, 2123.220064640045, 2362.561021089554, 2442.477628469467, 2536.5378453731537, 2618.220397233963, 2708.1147739887238]","[0, 10, 20, 30, 40, 50, 60, 70, 80, 90, 100, 110, 120, 130, 140, 150, 160, 170, 180, 190, 200, 210, 220, 230, 240]","[25, 276, 527, 778, 1029, 1287, 1568, 1849, 2130, 2411, 2702, 3043, 3384, 3725, 4066, 4414, 4785, 5156, 5527, 5898, 6279, 6710, 7141, 7572, 8003]","[256, 128]"
dbcll1j0,laced-bee-293,TD3BC_JS_Online,l2f_bc,crashed,https://wandb.ai/korneelvandenberghe/l2f_bc/runs/dbcll1j0,2024-10-19T08:17:01Z,104.21313487678091,162.96666666666667,2.0,False,"[22.507228483011644, 98.52646666184319, 128.97201476789908, 155.80180152777012, 241.81787270026734, 300.7930836681971, 214.09363773778912, 265.219795395972, 244.13808437432087, 236.78624833270933, 231.66175683003542, 177.0755728017861, 148.09665564312652, 291.4265773777997, 268.28450189314776, 139.1045070654943, 279.29490425514916, 223.54260505332724, 305.08269841124155, 329.68667280674396, 262.862598201467, 210.8870551875244, 76.27642754697254, 314.975966621904, 104.21313487678093]","[41.06666666666667, 138.53333333333333, 167.26666666666668, 193.73333333333332, 293.8, 358.06666666666666, 266.1, 324.1666666666667, 296.3333333333333, 295.3333333333333, 293.9, 231.93333333333334, 196.33333333333334, 357.6666666666667, 333.6666666666667, 198.23333333333332, 363.06666666666666, 295.53333333333336, 394.6, 424.73333333333335, 363.1666666666667, 293.1, 141.83333333333334, 422.96666666666664, 162.96666666666667]","[15.129811525344849, 89.50826525688171, 167.44221210479736, 244.20766401290894, 328.2740478515625, 545.2283647060394, 634.0250341892242, 719.2901895046234, 812.080794095993, 902.1438591480255, 1114.5757975578308, 1196.4121704101562, 1282.6255071163177, 1376.0412924289703, 1473.993024110794, 1693.3084065914154, 1765.1204953193665, 1831.5531277656555, 1904.0002598762512, 1985.4210963249207, 2203.924829006195, 2285.8901028633118, 2360.6421978473663, 2443.4574286937714, 2514.578649044037]","[0, 10, 20, 30, 40, 50, 60, 70, 80, 90, 100, 110, 120, 130, 140, 150, 160, 170, 180, 190, 200, 210, 220, 230, 240]","[25, 276, 527, 778, 1029, 1287, 1568, 1849, 2130, 2411, 2702, 3043, 3384, 3725, 4066, 4414, 4785, 5156, 5527, 5898, 6279, 6710, 7141, 7572, 8003]","[256, 128]"
nr6zcuvh,graceful-fog-294,TD3BC_JS_Online,l2f_bc,crashed,https://wandb.ai/korneelvandenberghe/l2f_bc/runs/nr6zcuvh,2024-10-19T08:17:22Z,285.684415364355,394.2,2.0,False,"[13.27439471112346, 42.71959096092152, 132.7107788938233, 215.62814661090377, 242.7175963051042, 298.514435562716, 240.17336904336847, 213.1081850660453, 355.9106920179119, 185.54597285903577, 205.2736111510817, 229.94363542862078, 256.266915367993, 366.7465812904358, 236.32396768843196, 305.0989123615281, 271.3776591311381, 250.80616427461266, 253.19711862534712, 304.80367970414056, 107.62483454083379, 184.6856411962755, 263.7579013759703, 235.3655563744695, 285.684415364355]","[32.266666666666666, 68.53333333333333, 166.6, 259.8666666666667, 293.76666666666665, 364.5, 287.73333333333335, 264.4, 425.1333333333333, 233.1, 261.53333333333336, 296.5, 327.73333333333335, 455.43333333333334, 296.4, 393.53333333333336, 355.26666666666665, 331.4, 335.46666666666664, 393.8666666666667, 169.8, 261.26666666666665, 363.2, 326.73333333333335, 394.2]","[12.921192407608032, 70.04822087287903, 130.46523308753967, 194.96003246307373, 258.89481949806213, 448.84055161476135, 533.9586954116821, 606.145674943924, 685.1325798034668, 757.3287630081177, 955.9065597057343, 1047.325520992279, 1135.8393230438232, 1229.3657248020172, 1313.2274136543274, 1543.5464735031128, 1611.820576429367, 1678.6116313934326, 1746.8015129566193, 1817.835607290268, 2015.3012177944183, 2088.220631837845, 2165.9067554473877, 2241.9901490211487, 2322.017258167267]","[0, 10, 20, 30, 40, 50, 60, 70, 80, 90, 100, 110, 120, 130, 140, 150, 160, 170, 180, 190, 200, 210, 220, 230, 240]","[25, 276, 527, 778, 1029, 1287, 1568, 1849, 2130, 2411, 2702, 3043, 3384, 3725, 4066, 4414, 4785, 5156, 5527, 5898, 6279, 6710, 7141, 7572, 8003]","[256, 128]"
nrqs9xnc,still-armadillo-295,TD3BC_JS_Online,l2f_bc,crashed,https://wandb.ai/korneelvandenberghe/l2f_bc/runs/nrqs9xnc,2024-10-19T13:09:03Z,257.4819494048123,398.46666666666664,2.0,False,"[22.279670546587212, 49.43545028599252, 267.4334409131292, 245.22657146120306, 273.7940356086801, 153.64995456855982, 320.27125499329577, 188.6402812363166, 183.14610601337534, 184.47574327282194, 286.4450841370409, 259.9127375863328, 256.35803886847566, 228.3273196865438, 261.74698143792716, 465.7694621420017, 274.6903421398667, 276.627831190033, 353.5968325739486, 169.46976725453175, 212.61518419619716, 160.43509382941073, 180.80777250369104, 184.1722921458453, 154.8084206288283, 391.7586477961503, 218.15078733555745, 262.21688331389316, 187.37000787246714, 257.4819494048123]","[37.4, 71.76666666666667, 321.76666666666665, 294.3333333333333, 329.96666666666664, 196.6, 388.4, 233.8, 225.86666666666667, 232.16666666666666, 363.2, 330.6, 326.73333333333335, 294.26666666666665, 333.6666666666667, 584.1333333333333, 362.06666666666666, 367.9, 452.4, 231.06666666666666, 292.53333333333336, 229.43333333333334, 256.96666666666664, 260.8, 230.66666666666666, 554.0333333333333, 332.4, 391.1666666666667, 294.46666666666664, 398.46666666666664]","[15.950802087783813, 95.31616425514221, 185.17764329910278, 261.5251271724701, 341.3096225261688, 519.034298658371, 647.5937106609344, 749.4883062839508, 847.3818392753601, 948.9483320713043, 1166.889622926712, 1271.8164167404175, 1398.1414768695831, 1492.7358889579773, 1592.3606071472168, 1828.6672444343567, 1900.3522610664368, 1973.3105177879333, 2052.8822524547577, 2128.7107191085815, 2350.3865807056427, 2432.427328824997, 2514.5756556987762, 2591.4550845623016, 2667.476741552353, 2942.0502960681915, 3035.860510826111, 3137.939607858658, 3222.067507505417, 3317.406766653061]","[0, 10, 20, 30, 40, 50, 60, 70, 80, 90, 100, 110, 120, 130, 140, 150, 160, 170, 180, 190, 200, 210, 220, 230, 240, 250, 260, 270, 280, 290]","[25, 276, 527, 778, 1029, 1287, 1568, 1849, 2130, 2411, 2702, 3043, 3384, 3725, 4066, 4414, 4785, 5156, 5527, 5898, 6279, 6710, 7141, 7572, 8003, 8444, 8935, 9426, 9917, 10408]","[256, 128]"
drh0ry6u,effortless-firefly-296,TD3BC_JS_Online,l2f_bc,crashed,https://wandb.ai/korneelvandenberghe/l2f_bc/runs/drh0ry6u,2024-10-19T13:09:25Z,269.9966899638704,395.8,2.0,False,"[17.49977826820111, 46.15413255568531, 159.20728473738234, 186.21516601264037, 186.70269068681753, 324.4871412060216, 186.38302733528954, 324.97701837631064, 267.2058898696961, 269.8469066212336, 179.75838767146496, 290.66531702554363, 230.95286494407384, 205.72510904144218, 94.03621544443972, 145.75593513213326, 224.26993239128598, 268.2051030862939, 248.86120813759456, 296.285803435828, 264.8902468106387, 314.4475968189505, 235.37859506132466, 255.17864069198419, 258.51590289293995, 241.72034077813908, 191.66531976796568, 190.70100736597345, 71.22158288548017, 269.9966899638704]","[34.9, 68.76666666666667, 197.6, 226.93333333333334, 228.43333333333334, 389.53333333333336, 231.4, 389.93333333333334, 327.76666666666665, 329.23333333333335, 234.86666666666667, 359.6666666666667, 297.3333333333333, 265.43333333333334, 135.7, 200.7, 302.3666666666667, 360.26666666666665, 324.03333333333336, 391.4, 358.46666666666664, 424.23333333333335, 330.93333333333334, 359.7, 361.53333333333336, 356.1666666666667, 297.0, 295.3333333333333, 136.4, 395.8]","[15.908583641052246, 105.68090915679932, 204.52395391464233, 305.35792899131775, 411.9865388870239, 652.56329870224, 757.3910369873047, 868.4213752746582, 983.5260388851166, 1125.7427134513855, 1371.7866036891937, 1475.265460729599, 1577.619140625, 1688.5210087299347, 1820.4764375686646, 2053.743829011917, 2143.86794757843, 2239.3380494117737, 2332.2234184741974, 2424.3326411247253, 2660.3885333538055, 2742.2789747714996, 2818.6524279117584, 2898.2458889484406, 2984.8269476890564, 3244.216207742691, 3330.9784219264984, 3426.4757730960846, 3513.392019033432, 3602.6330592632294]","[0, 10, 20, 30, 40, 50, 60, 70, 80, 90, 100, 110, 120, 130, 140, 150, 160, 170, 180, 190, 200, 210, 220, 230, 240, 250, 260, 270, 280, 290]","[25, 276, 527, 778, 1029, 1287, 1568, 1849, 2130, 2411, 2702, 3043, 3384, 3725, 4066, 4414, 4785, 5156, 5527, 5898, 6279, 6710, 7141, 7572, 8003, 8444, 8935, 9426, 9917, 10408]","[256, 128]"
1dou6ctf,grateful-elevator-297,TD3BC_JS_Online,l2f_bc,crashed,https://wandb.ai/korneelvandenberghe/l2f_bc/runs/1dou6ctf,2024-10-19T19:51:42Z,243.23813439039367,359.6333333333333,2.0,False,"[19.349966318111072, 90.31308464046562, 101.02906151973986, 184.6421068729531, 189.75193415322533, 296.9560801985944, 183.64221517327346, 242.59970271282276, 206.1467189468962, 211.3890001100727, 287.35501580102385, 229.6553865957059, 149.4557087145366, 174.82310868971706, 231.55906932213537, 228.89969616795625, 220.86071388537886, 172.5612927376186, 196.23449518300532, 274.54526194008423, 283.8987431735654, 158.73865602850069, 227.41267500292835, 132.466677247341, 315.0445419097761, 245.89365308285667, 289.1737282114973, 287.6484419821775, 195.5945555103811, 243.23813439039367]","[38.93333333333333, 132.1, 132.26666666666668, 227.13333333333333, 229.9, 356.0, 232.4, 297.9, 262.8333333333333, 261.1333333333333, 358.76666666666665, 291.1666666666667, 202.36666666666667, 231.96666666666667, 294.0, 302.23333333333335, 293.03333333333336, 230.0, 259.46666666666664, 355.93333333333334, 387.3333333333333, 232.63333333333333, 324.0, 197.3, 424.76666666666665, 364.06666666666666, 424.76666666666665, 425.1666666666667, 296.2, 359.6333333333333]","[16.45450711250305, 110.81482672691345, 221.44094896316528, 376.3346335887909, 540.0287749767303, 777.3503177165985, 908.8142514228821, 1049.5736215114594, 1141.7977313995361, 1239.546232700348, 1490.4136164188385, 1581.7609372138977, 1665.6653130054474, 1760.8748533725739, 1866.0739154815674, 2117.7504122257233, 2176.9411673545837, 2229.930237531662, 2284.6333327293396, 2345.8099246025085, 2579.9318487644196, 2635.608900308609, 2696.9783959388733, 2748.8741958141327, 2810.9704027175903, 3022.5843646526337, 3088.4230148792267, 3152.901209831238, 3214.2538471221924, 3280.0831134319305]","[0, 10, 20, 30, 40, 50, 60, 70, 80, 90, 100, 110, 120, 130, 140, 150, 160, 170, 180, 190, 200, 210, 220, 230, 240, 250, 260, 270, 280, 290]","[25, 276, 527, 778, 1029, 1284, 1535, 1786, 2037, 2288, 2543, 2794, 3045, 3296, 3547, 3802, 4053, 4304, 4555, 4806, 5061, 5312, 5563, 5814, 6065, 6320, 6571, 6822, 7073, 7324]","[256, 128]"
h8hnyv8r,drawn-pond-298,TD3BC_JS_Online,l2f_bc,crashed,https://wandb.ai/korneelvandenberghe/l2f_bc/runs/h8hnyv8r,2024-10-19T19:51:54Z,330.98299507260435,488.56666666666666,2.0,False,"[18.73730986374972, 45.11384012107001, 322.72029448442083, 161.2526833569837, 246.81412419672822, 265.4208199597921, 242.02679574752705, 240.0467233511551, 244.56053184896368, 239.21396067985305, 286.8441708425523, 236.6811711868957, 291.59402742693015, 288.65094708805066, 317.555830414387, 435.2686130409398, 274.5696430917709, 198.24858938782873, 249.13766903413838, 359.4295747209326, 184.67186087145768, 235.5182364086778, 154.29737120289138, 233.0810637868145, 183.03657353493145, 217.95652763267907, 266.1319274086391, 264.93342117308845, 242.80648104930248, 330.98299507260435]","[35.36666666666667, 69.86666666666666, 387.06666666666666, 200.9, 298.03333333333336, 323.26666666666665, 294.7, 302.96666666666664, 298.26666666666665, 292.53333333333336, 355.6, 299.1666666666667, 366.4, 362.03333333333336, 396.93333333333334, 555.4, 358.3666666666667, 273.6, 331.5, 455.76666666666665, 262.23333333333335, 337.3, 234.3, 331.26666666666665, 257.46666666666664, 322.96666666666664, 387.4, 389.23333333333335, 363.93333333333334, 488.56666666666666]","[17.574812173843384, 112.37380242347717, 234.84278440475464, 365.0419819355011, 514.3702607154846, 736.7226047515869, 824.9738383293152, 996.69646692276, 1083.6187233924866, 1172.2777953147888, 1414.633644104004, 1514.9100623130798, 1608.5311048030853, 1703.167121887207, 1806.5539062023163, 2056.9439725875854, 2123.117164373398, 2183.5311241149902, 2245.6317801475525, 2316.108562707901, 2537.2390875816345, 2598.6641807556152, 2656.7677941322327, 2717.7681093215942, 2772.7877485752106, 2996.5708956718445, 3061.091621398926, 3125.7355482578278, 3191.4866552352905, 3264.4504568576813]","[0, 10, 20, 30, 40, 50, 60, 70, 80, 90, 100, 110, 120, 130, 140, 150, 160, 170, 180, 190, 200, 210, 220, 230, 240, 250, 260, 270, 280, 290]","[25, 276, 527, 778, 1029, 1284, 1535, 1786, 2037, 2288, 2543, 2794, 3045, 3296, 3547, 3802, 4053, 4304, 4555, 4806, 5061, 5312, 5563, 5814, 6065, 6320, 6571, 6822, 7073, 7324]","[256, 128]"
46lxfrpq,stoic-frost-299,TD3BC_JS_Online,l2f_bc,crashed,https://wandb.ai/korneelvandenberghe/l2f_bc/runs/46lxfrpq,2024-10-20T08:00:44Z,-252.0882764254548,420.6333333333333,2.0,False,"[18.277485843154224, 71.99648232559242, 132.22106527746377, 305.9858430878546, 131.54166522982618, 258.819416591731, 156.1585770214856, 235.06951641974902, 181.15758949414794, 208.12792617378437, 216.0247987548053, 183.50214106643634, 211.58311463338254, 315.95124555065206, 235.67716522759798, 127.0088206912992, 185.17101505477615, 277.8383821490014, 210.67183091080432, 167.84134408322132, 52.86211658191183, 192.26421477153673, 50.20842447711598, 39.603763140486464, 110.01899292212413, -31.538146272159743, -16.206178913841132, -33.72845023802312, -31.761902023500507, -42.82649464302556, -169.55602873401276, -188.4765958152385, -162.08521750709076, -237.5741197040675, -210.40226392578, -171.13006603975538, -210.35037508862487, -225.40712392043415, -172.4314192695726, -192.69065070332664, -192.52133462333643, -165.4400001606754, -171.96999076520805, -152.8449925379469, -227.9258375004911, -218.8936681704077, -226.0944896973023, -156.75851270693568, -209.29718130757266, -199.68401638790712, -235.85240400149536, -225.75592164196732, -269.22813548238435, -245.95149244691038, -221.11311412401255, -288.1261740500151, -254.341180368536, -206.36931738139964, -234.71783527463268, -278.76266613024745, -235.9014945785287, -243.4898641776576, -239.04693376909756, -280.45331049106176, -230.92509899391857, -265.9150457163903, -270.509156983172, -247.9994406867108, -241.27619956205223, -241.71138658280518, -260.0678344845907, -280.7506840167159, -229.43832830855771, -242.42868506081953, -248.69594142627327, -229.64489108009076, -194.3971592375069, -213.2416532609361, -179.94740380520219, -252.08827642545478]","[34.666666666666664, 99.3, 165.4, 360.8333333333333, 165.73333333333332, 328.76666666666665, 208.33333333333334, 298.03333333333336, 233.86666666666667, 263.3333333333333, 303.1333333333333, 267.2, 295.6666666666667, 422.6, 332.93333333333334, 231.06666666666666, 330.3333333333333, 455.23333333333335, 359.3, 302.1666666666667, 232.23333333333332, 489.3333333333333, 200.06666666666666, 202.53333333333333, 329.93333333333334, 300.06666666666666, 332.0, 265.1, 263.9, 229.96666666666667, 233.86666666666667, 326.26666666666665, 171.53333333333333, 489.46666666666664, 424.93333333333334, 233.33333333333334, 357.3333333333333, 372.5, 269.4, 293.8333333333333, 358.2, 198.56666666666666, 263.96666666666664, 170.36666666666667, 333.96666666666664, 392.8, 361.9, 195.63333333333333, 298.8333333333333, 324.9, 389.6666666666667, 267.06666666666666, 396.3, 329.1333333333333, 293.56666666666666, 365.6333333333333, 387.23333333333335, 168.76666666666668, 173.06666666666666, 424.93333333333334, 322.0, 327.1333333333333, 387.9, 334.8333333333333, 325.6, 423.5, 391.1, 298.7, 263.43333333333334, 355.76666666666665, 395.03333333333336, 489.43333333333334, 294.26666666666665, 357.7, 388.1333333333333, 264.76666666666665, 199.06666666666666, 263.3333333333333, 226.2, 420.6333333333333]","[14.010910034179688, 77.84665369987488, 163.7900230884552, 272.36972641944885, 348.5226664543152, 544.9702088832855, 638.2162485122681, 730.9485275745392, 823.2764964103699, 919.6403152942657, 1137.0405468940735, 1216.2020013332367, 1293.620554447174, 1380.9027264118195, 1459.7411255836487, 1657.141128540039, 1705.6334631443024, 1758.6262431144714, 1809.5908417701721, 1857.0276453495026, 2036.6087853908539, 2091.6489536762238, 2135.464706659317, 2178.3782045841217, 2227.8462998867035, 2424.40953540802, 2472.9953396320343, 2519.807053089142, 2567.018883228302, 2611.900626182556, 2809.6610300540924, 2857.6639289855957, 2899.6132123470306, 2954.5836210250854, 3007.1458473205566, 3205.559046983719, 3254.683982849121, 3304.62384724617, 3350.3643975257874, 3397.3757634162903, 3615.1769857406616, 3658.161952495575, 3703.8153414726257, 3745.6118516921997, 3793.3146483898163, 4015.1663570404053, 4064.4709553718567, 4107.260447740555, 4154.3255252838135, 4202.381144046783, 4443.145611286163, 4497.449684381485, 4569.535218954086, 4651.797968626022, 4723.846007347107, 4965.407552480698, 5021.421484708786, 5068.32423043251, 5115.571877002716, 5173.60626077652, 5431.895753145218, 5488.403067111969, 5548.237205505371, 5605.623946428299, 5662.690495014191, 5936.390880584717, 5995.374422311783, 6051.146713018417, 6105.139876127243, 6162.68425488472, 6455.786412239075, 6517.664890766144, 6585.412529230118, 6672.653209686279, 6731.486293077469, 7037.029684782028, 7086.856109857559, 7139.623215913773, 7191.179783582687, 7251.442135095596]","[0, 10, 20, 30, 40, 50, 60, 70, 80, 90, 100, 110, 120, 130, 140, 150, 160, 170, 180, 190, 200, 210, 220, 230, 240, 250, 260, 270, 280, 290, 300, 310, 320, 330, 340, 350, 360, 370, 380, 390, 400, 410, 420, 430, 440, 450, 460, 470, 480, 490, 500, 510, 520, 530, 540, 550, 560, 570, 580, 590, 600, 610, 620, 630, 640, 650, 660, 670, 680, 690, 700, 710, 720, 730, 740, 750, 760, 770, 780, 790]","[25, 276, 527, 778, 1029, 1285, 1536, 1787, 2038, 2289, 2545, 2796, 3047, 3298, 3549, 3805, 4056, 4307, 4558, 4809, 5065, 5316, 5567, 5818, 6069, 6325, 6576, 6827, 7078, 7329, 7585, 7836, 8087, 8338, 8589, 8845, 9096, 9347, 9598, 9849, 10105, 10356, 10607, 10858, 11109, 11365, 11616, 11867, 12118, 12369, 12625, 12876, 13127, 13378, 13629, 13885, 14136, 14387, 14638, 14889, 15145, 15396, 15647, 15898, 16149, 16405, 16656, 16907, 17158, 17409, 17665, 17916, 18167, 18418, 18669, 18925, 19176, 19427, 19678, 19929]","[256, 128]"
8742bkvv,apricot-sun-301,TD3BC_JS_Online,l2f_bc,crashed,https://wandb.ai/korneelvandenberghe/l2f_bc/runs/8742bkvv,2024-10-20T08:30:12Z,321.8246629173216,381.8,2.0,False,"[18.983163236837754, 19.370208596034015, 17.132723371981925, 20.187476722163677, 20.202053430883606, 19.911069399210408, 19.20979108076481, 19.846552771671256, 19.971882703333968, 19.453622511129712, 20.81658897268091, 26.27595402529221, 55.23450211720189, 41.4679741385671, 196.16616015461153, 103.4544074235986, 46.44656963124255, 77.5525948058791, 135.23316616347861, 321.8246629173216]","[36.233333333333334, 35.56666666666667, 34.3, 37.6, 39.233333333333334, 36.86666666666667, 36.03333333333333, 39.3, 35.63333333333333, 39.36666666666667, 36.56666666666667, 47.833333333333336, 81.7, 65.13333333333334, 240.5, 137.4, 68.3, 105.66666666666667, 168.86666666666667, 381.8]","[6.915968656539917, 8.641916751861572, 10.462199687957764, 12.378236532211304, 14.131411790847778, 234.66018629074097, 249.87267875671387, 263.39989590644836, 276.9834337234497, 290.9666223526001, 451.02380895614624, 475.2462246417999, 500.6704249382019, 523.9376912117004, 554.1302955150604, 716.4271087646484, 757.8554885387421, 799.9555106163025, 844.6681106090546, 901.4010305404663]","[0, 10, 20, 30, 40, 50, 60, 70, 80, 90, 100, 110, 120, 130, 140, 150, 160, 170, 180, 190]","[1, 12, 23, 34, 45, 62, 103, 144, 185, 226, 276, 377, 478, 579, 680, 787, 918, 1049, 1180, 1311]","[256, 128]"
03p5hql6,devout-wood-302,TD3BC_JS_Online,l2f_bc,killed,https://wandb.ai/korneelvandenberghe/l2f_bc/runs/03p5hql6,2024-10-20T15:01:43Z,18.171517747234187,35.9,2.0,False,"[21.069252611749352, 17.78086900512357, 19.374162511869088, 20.33198553149256, 18.171517747234187]","[37.06666666666667, 34.36666666666667, 36.166666666666664, 37.03333333333333, 35.9]","[7.1252686977386475, 8.731092691421509, 10.229392528533936, 11.762030601501465, 13.251186609268188]","[0, 10, 20, 30, 40]","[1, 12, 23, 34, 45]","[256, 128]"
1rcwwacs,fanciful-silence-303,TD3BC_JS_Online,l2f_bc,killed,https://wandb.ai/korneelvandenberghe/l2f_bc/runs/1rcwwacs,2024-10-20T15:02:02Z,18.900019941277364,38.5,2.0,False,"[19.563263120800293, 19.20226475430838, 19.01907919538439, 19.547729448135573, 18.900019941277364]","[36.3, 34.5, 32.96666666666667, 36.0, 38.5]","[6.717641115188599, 8.342757940292358, 9.70998215675354, 11.217098951339722, 12.821535110473633]","[0, 10, 20, 30, 40]","[1, 12, 23, 34, 45]","[256, 128]"
81lbmhia,chocolate-shadow-304,TD3BC_JS_Online,l2f_bc,crashed,https://wandb.ai/korneelvandenberghe/l2f_bc/runs/81lbmhia,2024-10-20T15:04:49Z,-155.32702646797404,130.23333333333332,2.0,False,"[16.957992042866277, 16.310668982651595, 18.511654132872895, 18.50401860460185, 16.974694517150844, 11.939274111675136, 14.80277087214431, 11.971537213911368, 13.055465312882458, 15.437907290427168, 5.63236795390992, 10.40233028140401, 4.025204210797644, 33.131195190747654, 9.741505105114895, 17.483420790329102, 65.55376769884508, 31.049706379910468, -2.906999692648577, 17.176118054361456, 43.91382398903515, -6.0385913524872175, 28.423139307354845, -9.165685376578635, -16.575691772006294, -25.701011908013005, -34.0960247141764, -58.251921794227556, -34.72311348696617, -51.6937440837524, -135.5845588403816, -105.38791957316533, -96.64525411771348, -110.5827485020399, -109.79238972084673, -114.80532444389169, -158.95707928105227, -100.79966347793824, -146.20978576079366, -148.20891194156414, -132.08486003929693, -159.54597341157927, -159.28667504394255, -143.39642793156636, -126.39382996292666, -154.77388964170143, -164.319629388832, -195.2440414025194, -178.20306690151756, -158.3761872804397, -243.6291369005897, -241.64628361043088, -155.32702646797404]","[32.6, 35.6, 35.666666666666664, 34.1, 33.833333333333336, 33.36666666666667, 36.03333333333333, 37.766666666666666, 32.9, 40.666666666666664, 33.53333333333333, 45.733333333333334, 35.86666666666667, 74.93333333333334, 39.86666666666667, 67.16666666666667, 132.03333333333333, 95.4, 35.0, 72.86666666666666, 174.13333333333333, 99.2, 138.46666666666667, 93.86666666666666, 66.03333333333333, 178.0, 86.1, 125.33333333333333, 83.43333333333334, 43.266666666666666, 232.0, 139.26666666666668, 131.4, 226.2, 199.9, 166.8, 359.56666666666666, 129.0, 238.5, 232.1, 139.2, 359.6666666666667, 235.4, 109.0, 165.26666666666668, 201.0, 232.63333333333333, 239.83333333333334, 202.36666666666667, 227.36666666666667, 264.6333333333333, 270.43333333333334, 130.23333333333332]","[7.442190408706665, 9.204323053359985, 10.723746538162231, 12.681701898574829, 14.482650995254517, 760.4035902023315, 770.3161482810974, 780.2510900497437, 789.8517360687256, 799.4327845573425, 1140.909874677658, 1174.9146995544434, 1209.3541724681854, 1244.8302538394928, 1280.1472578048706, 1699.3540077209473, 1737.1375560760498, 1777.2852087020874, 1819.8407008647919, 1865.0836598873138, 2271.831282377243, 2321.962893486023, 2374.690729856491, 2430.0416147708893, 2498.4243755340576, 2931.2406527996063, 3047.902403831482, 3119.4082510471344, 3188.6796979904175, 3255.7886860370636, 3771.1039566993713, 3845.413093328476, 3920.1559052467346, 3994.8114609718323, 4069.34934091568, 4510.682823419571, 4592.014121055603, 4664.831168889999, 4742.485003232956, 4819.288347005844, 5272.52970457077, 5354.170938968658, 5430.494267702103, 5500.790630817413, 5606.272838830948, 6061.479874134064, 6136.523418188095, 6212.406512975693, 6290.772189378738, 6414.1889564991, 6867.689340353012, 6996.229764223099, 7109.921668291092]","[0, 10, 20, 30, 40, 50, 60, 70, 80, 90, 100, 110, 120, 130, 140, 150, 160, 170, 180, 190, 200, 210, 220, 230, 240, 250, 260, 270, 280, 290, 300, 310, 320, 330, 340, 350, 360, 370, 380, 390, 400, 410, 420, 430, 440, 450, 460, 470, 480, 490, 500, 510, 520]","[1, 12, 23, 34, 45, 64, 105, 146, 187, 228, 280, 381, 482, 583, 684, 793, 924, 1055, 1186, 1317, 1459, 1650, 1841, 2032, 2223, 2425, 2676, 2927, 3178, 3429, 3685, 3936, 4187, 4438, 4689, 4945, 5196, 5447, 5698, 5949, 6205, 6456, 6707, 6958, 7209, 7465, 7716, 7967, 8218, 8469, 8725, 8976, 9227]","[256, 128]"
xp6lstwt,crisp-snowball-305,TD3BC_JS_Online,l2f_bc,crashed,https://wandb.ai/korneelvandenberghe/l2f_bc/runs/xp6lstwt,2024-10-20T15:04:58Z,307.8852085412485,363.8333333333333,2.0,False,"[19.876347110200587, 18.703825336921792, 22.299672340096887, 13.134535823337549, 15.814670519081046, 19.603257136684782, 22.743335772827823, 20.164538674369496, 19.56873751809377, 23.066612843759152, 17.16200131632261, 18.885992276842384, 19.903117807700063, 48.90397352649561, 22.50725072595095, 22.22493475414789, 103.96226304319075, 44.4502718051077, 48.60007836422029, 160.41796861497406, 105.02170703159682, 152.09494759059498, 69.58312285126586, 196.75609362725436, 153.10207829166708, 109.46515942091692, 134.23547318702558, 65.32352272613326, 41.81793403843626, 80.8036833682109, 117.16878830043956, 106.60298922580638, 106.06567487365712, 165.05482933870192, 188.59840104809288, 136.05570588783934, 275.69581762613365, 159.76923949357433, 79.72226135412056, 190.89539137636243, 135.9326552689461, 166.8789723436471, 332.37299583948806, 187.04544591711837, 105.79397351735386, 223.6965431429857, 190.820755214771, 105.78486519392635, 165.33645821291958, 307.8852085412485]","[36.43333333333333, 36.56666666666667, 38.93333333333333, 26.533333333333335, 32.96666666666667, 35.733333333333334, 40.8, 39.43333333333333, 36.63333333333333, 41.0, 34.4, 37.03333333333333, 41.43333333333333, 71.46666666666667, 43.4, 40.733333333333334, 133.96666666666667, 67.73333333333333, 70.36666666666666, 199.03333333333333, 133.53333333333333, 188.26666666666668, 94.3, 236.96666666666667, 187.6, 140.76666666666668, 164.36666666666667, 87.73333333333333, 63.56666666666667, 105.23333333333333, 146.56666666666666, 136.03333333333333, 138.63333333333333, 204.73333333333332, 227.06666666666666, 171.03333333333333, 324.1333333333333, 198.0, 107.26666666666667, 230.96666666666667, 167.66666666666666, 204.33333333333334, 395.6333333333333, 228.13333333333333, 137.03333333333333, 271.46666666666664, 232.1, 135.26666666666668, 199.5, 363.8333333333333]","[6.700322151184082, 8.525279760360718, 10.529945373535156, 11.828607559204102, 13.227866649627686, 530.264078617096, 538.286675453186, 546.4686906337738, 554.2745761871338, 562.2873833179474, 906.8981921672821, 953.2045996189117, 998.6331889629364, 1044.1367664337158, 1091.9984257221222, 1458.500161409378, 1522.1624467372894, 1584.0932228565216, 1645.863820552826, 1697.6029031276703, 2045.2397112846375, 2142.4929835796356, 2235.449862241745, 2291.752913236618, 2346.155298948288, 3050.3162848949432, 3120.5152180194855, 3183.3419539928436, 3245.27658867836, 3308.7102286815643, 3738.6784069538116, 3808.6242513656616, 3878.0682294368744, 3950.687537431717, 4019.7962305545807, 4417.708710193634, 4523.313290119171, 4594.759576797485, 4660.793080806732, 4732.679509878159, 5104.775492191315, 5232.655001163483, 5315.897000551224, 5390.861265182495, 5456.153371334076, 5824.070909500122, 5957.151990652084, 6059.659489154816, 6128.946258544922, 6204.623449087143]","[0, 10, 20, 30, 40, 50, 60, 70, 80, 90, 100, 110, 120, 130, 140, 150, 160, 170, 180, 190, 200, 210, 220, 230, 240, 250, 260, 270, 280, 290, 300, 310, 320, 330, 340, 350, 360, 370, 380, 390, 400, 410, 420, 430, 440, 450, 460, 470, 480, 490]","[1, 12, 23, 34, 45, 62, 103, 144, 185, 226, 276, 377, 478, 579, 680, 787, 918, 1049, 1180, 1311, 1451, 1642, 1833, 2024, 2215, 2415, 2666, 2917, 3168, 3419, 3673, 3924, 4175, 4426, 4677, 4931, 5182, 5433, 5684, 5935, 6189, 6440, 6691, 6942, 7193, 7447, 7698, 7949, 8200, 8451]","[256, 128]"
7430c6w3,wise-moon-306,TD3BC_JS_Online,l2f_bc,crashed,https://wandb.ai/korneelvandenberghe/l2f_bc/runs/7430c6w3,2024-10-20T21:06:28Z,294.7411302243564,390.1333333333333,2.0,False,"[45.65120425885261, 42.58687473886933, 43.77459809741053, 47.80249577887366, 38.66553271878322, 51.55179426678019, 52.15138468199582, 72.88010487509082, 36.59293366993959, 86.87153921449216, 56.91205411727216, 77.19098822375554, 148.19630098842333, 123.26969277194489, 251.99613475637761, 330.7340482784435, 410.02633512259206, 274.831286400498, 433.9716412118299, 484.6946058070575, 276.58301735819816, 596.9765077453243, 448.84902137618343, 368.5951920482026, 610.3768579669852, 432.27480140781284, 526.6889685756493, 486.2776430257678, 403.5797102389626, 515.8287773333913, 566.0531045079402, 430.9541951765386, 290.67246305615976, 486.1446085642683, 481.87819799998937, 393.7155983775899, 289.59187705577057, 526.91637663089, 475.3926755981859, 294.7411302243564]","[66.43333333333334, 65.63333333333334, 64.9, 65.56666666666666, 58.03333333333333, 76.23333333333333, 72.16666666666667, 100.9, 58.7, 117.0, 84.96666666666667, 108.3, 186.73333333333332, 153.6, 301.3, 409.26666666666665, 494.6, 344.76666666666665, 524.5666666666667, 583.6, 342.53333333333336, 710.1666666666666, 545.8666666666667, 446.46666666666664, 721.7333333333333, 521.5333333333333, 637.2333333333333, 578.8333333333334, 495.3, 618.9666666666667, 676.2666666666667, 519.4333333333333, 360.6, 583.4, 580.9, 516.8, 386.73333333333335, 679.7666666666667, 615.9333333333333, 390.1333333333333]","[8.16483736038208, 11.454571723937988, 14.374212265014648, 17.474926948547363, 20.232013702392578, 451.01597785949707, 472.4150445461273, 491.24645018577576, 510.2705774307251, 529.0944890975952, 927.4367685317993, 955.7214188575745, 985.0883874893188, 1014.0351219177246, 1048.7830228805542, 10747.898051977158, 10835.43827009201, 10901.758967161179, 10954.52618432045, 11005.731499195099, 11367.631329536438, 11434.10949754715, 11494.751968860626, 11556.887435436249, 11637.669358730316, 11996.006271362305, 12072.040357112885, 12144.917437314987, 12213.94641160965, 12288.2076420784, 12696.660651683807, 12771.042106628418, 12841.256386756897, 12915.68057346344, 12992.070901632309, 13368.533811569214, 13434.484006643295, 13514.142875432968, 13589.719868183136, 13659.19735622406]","[0, 10, 20, 30, 40, 50, 60, 70, 80, 90, 100, 110, 120, 130, 140, 150, 160, 170, 180, 190, 200, 210, 220, 230, 240, 250, 260, 270, 280, 290, 300, 310, 320, 330, 340, 350, 360, 370, 380, 390]","[1, 12, 23, 34, 45, 62, 103, 144, 185, 226, 276, 377, 478, 579, 680, 789, 920, 1051, 1182, 1313, 1453, 1644, 1835, 2026, 2217, 2417, 2668, 2919, 3170, 3421, 3675, 3926, 4177, 4428, 4679, 4935, 5186, 5437, 5688, 5939]","[256, 128]"
orn53tzn,valiant-plasma-307,TD3BC_JS_Online,l2f_bc,crashed,https://wandb.ai/korneelvandenberghe/l2f_bc/runs/orn53tzn,2024-10-20T21:06:58Z,49.613338399177984,70.66666666666667,2.0,False,"[39.99716149496409, 40.48595223392068, 52.524288325458166, 48.68531021813386, 49.613338399177984]","[62.0, 59.13333333333333, 74.1, 70.1, 70.66666666666667]","[8.665451765060425, 12.170838356018066, 16.47508478164673, 20.489420413970947, 23.730238437652588]","[0, 10, 20, 30, 40]","[1, 12, 23, 34, 45]","[256, 128]"
1doy26yw,cool-shadow-308,TD3BC_JS_Online,l2f_bc,crashed,https://wandb.ai/korneelvandenberghe/l2f_bc/runs/1doy26yw,2024-10-21T00:01:29Z,476.7531974713607,553.6333333333333,2.0,False,"[47.10589188159494, 49.98987747689907, 42.4082990263163, 37.325118307808715, 56.75197329467244, 45.65121618971977, 55.6229363641197, 57.02843252316044, 49.41068340361398, 58.601025707042226, 100.46333929013417, 268.04638028360665, 457.28241566110853, 350.49262492641196, 479.67157997552374, 399.4868689983817, 540.0944998625883, 423.2437216135517, 505.3088479014844, 433.63376212428545, 565.6457818416728, 333.28678194301244, 566.7371354517685, 500.88550641148436, 446.1816750650234, 534.2145496285377, 388.77859603068885, 420.7940788448106, 589.6903761751045, 476.75319747136075]","[72.5, 72.1, 66.46666666666667, 55.266666666666666, 79.1, 68.96666666666667, 80.93333333333334, 81.36666666666666, 75.43333333333334, 83.3, 136.63333333333333, 330.2, 527.6333333333333, 411.1666666666667, 548.5333333333333, 459.3333333333333, 619.7333333333333, 489.8333333333333, 581.0666666666667, 500.26666666666665, 651.4333333333333, 388.0, 643.4666666666667, 583.1333333333333, 516.1, 614.6, 451.46666666666664, 484.26666666666665, 677.6666666666666, 553.6333333333333]","[10.07297682762146, 13.614208221435547, 17.57119345664978, 20.9322407245636, 25.372191905975342, 422.8648135662079, 433.52069640159607, 443.3971061706543, 453.39016366004944, 464.92801117897034, 800.1702420711517, 835.2299957275391, 876.3358578681946, 913.4199216365814, 956.6570167541504, 1351.6254451274872, 1411.249418258667, 1459.7789673805237, 1516.2086505889893, 1566.8761444091797, 1996.5347516536713, 2095.879543066025, 2193.969448328018, 2260.8823120594025, 2321.3905193805695, 2720.3636558055878, 2796.0404250621796, 2871.2606842517853, 2956.973696947098, 3032.3647978305817]","[0, 10, 20, 30, 40, 50, 60, 70, 80, 90, 100, 110, 120, 130, 140, 150, 160, 170, 180, 190, 200, 210, 220, 230, 240, 250, 260, 270, 280, 290]","[1, 12, 23, 34, 45, 62, 103, 144, 185, 226, 276, 377, 478, 579, 680, 787, 918, 1049, 1180, 1311, 1451, 1642, 1833, 2024, 2215, 2415, 2666, 2917, 3168, 3419]","[256, 128]"
ya41egrs,charmed-universe-309,TD3BC_JS_Online,l2f_bc,crashed,https://wandb.ai/korneelvandenberghe/l2f_bc/runs/ya41egrs,2024-10-21T13:48:20Z,451.5670494119218,546.9,2.0,False,"[39.171157054631145, 52.67748079922963, 36.524132968805155, 44.169134980662285, 49.28295839036952, 43.52288692043078, 51.36243317944007, 46.751834412759635, 49.74488030529993, 44.682647856762706, 84.95529621038436, 102.79703250075362, 161.67250513928562, 145.48844758326894, 241.50026804827573, 306.5302275854728, 394.70169855463763, 279.71460487244656, 367.7672395812532, 433.1241780319219, 397.7430586407205, 421.2273487618167, 540.4725362779121, 313.3167588559429, 241.15305119854068, 553.9096900916746, 483.3489962382171, 325.32624614868485, 349.5642435056461, 451.5670494119218]","[60.93333333333333, 73.3, 59.93333333333333, 64.3, 69.76666666666667, 63.666666666666664, 73.03333333333333, 71.93333333333334, 72.16666666666667, 69.43333333333334, 115.6, 138.56666666666666, 216.36666666666667, 193.46666666666667, 293.93333333333334, 380.2, 484.26666666666665, 350.23333333333335, 457.76666666666665, 527.3333333333334, 485.76666666666665, 505.1, 647.0, 391.06666666666666, 301.3333333333333, 664.2333333333333, 586.3, 400.2, 426.8, 546.9]","[8.218145847320557, 11.716720819473267, 14.619763851165771, 17.710171699523926, 20.88692855834961, 378.56763100624084, 404.2583634853363, 424.7144601345062, 443.42916917800903, 462.19592809677124, 833.4738447666168, 881.4040806293488, 928.2494959831238, 966.482316493988, 1017.6812028884888, 1383.4315297603607, 1481.4290447235107, 1576.1891281604767, 1669.5215260982513, 1768.4158623218536, 2294.069855928421, 2409.3144092559814, 2537.544160604477, 2644.7923452854156, 2757.5627901554108, 3292.6911566257477, 3438.685832262039, 3582.790285348892, 3730.901167869568, 3883.636711835861]","[0, 10, 20, 30, 40, 50, 60, 70, 80, 90, 100, 110, 120, 130, 140, 150, 160, 170, 180, 190, 200, 210, 220, 230, 240, 250, 260, 270, 280, 290]","[1, 12, 23, 34, 45, 62, 103, 144, 185, 226, 276, 377, 478, 579, 680, 789, 920, 1051, 1182, 1313, 1453, 1644, 1835, 2026, 2217, 2417, 2668, 2919, 3170, 3421]","[256, 128]"
o3cz6fem,trim-monkey-310,TD3BC_JS_Online,l2f_bc,crashed,https://wandb.ai/korneelvandenberghe/l2f_bc/runs/o3cz6fem,2024-10-21T13:49:06Z,448.6310288844023,517.5333333333333,100.0,False,"[52.74210344382393, 49.09826507978633, 50.694599549446224, 55.73264277644093, 41.717655612286556, 48.75316744241192, 52.52872193073325, 46.834495611846584, 47.953580152466635, 81.10512052977658, 83.36129068239742, 93.8832827909368, 86.46958402287778, 280.89864001475496, 288.4172938666279, 355.0556480463996, 439.6136919103236, 513.23685590253, 402.55660317165945, 482.65556690261644, 376.8760235099319, 427.2690778652159, 423.1251077185108, 328.838846209198, 427.11429143717453, 375.90992539490486, 419.429490838455, 452.4829109297627, 444.514868366452, 448.6310288844023]","[75.36666666666666, 73.3, 74.5, 79.83333333333333, 66.7, 71.43333333333334, 73.46666666666667, 70.93333333333334, 72.36666666666666, 113.66666666666667, 114.73333333333333, 126.5, 117.23333333333333, 338.03333333333336, 342.2, 419.6666666666667, 506.73333333333335, 598.8666666666667, 467.3, 559.6666666666666, 443.06666666666666, 495.1333333333333, 488.7, 386.8333333333333, 498.6333333333333, 436.3, 486.8333333333333, 525.9333333333333, 512.1, 517.5333333333333]","[8.598314046859741, 12.199852466583252, 15.639397382736206, 19.518107175827026, 22.83503270149231, 345.39403009414673, 365.45730233192444, 385.8424472808838, 404.112496137619, 423.9306843280792, 793.7608733177185, 842.3302545547485, 881.5689673423767, 929.7541406154633, 975.4715752601624, 1341.88370347023, 1415.9499459266663, 1509.613932609558, 1593.6691069602966, 1687.8317167758942, 2220.6429159641266, 2332.384693145752, 2453.829728603363, 2571.3627297878265, 2680.754006385803, 3208.930328845978, 3354.182257413864, 3497.910569667816, 3629.6694316864014, 3766.5759830474854]","[0, 10, 20, 30, 40, 50, 60, 70, 80, 90, 100, 110, 120, 130, 140, 150, 160, 170, 180, 190, 200, 210, 220, 230, 240, 250, 260, 270, 280, 290]","[1, 12, 23, 34, 45, 62, 103, 144, 185, 226, 276, 377, 478, 579, 680, 787, 918, 1049, 1180, 1311, 1451, 1642, 1833, 2024, 2215, 2415, 2666, 2917, 3168, 3419]","[256, 128]"
zw3ajuij,dashing-plant-311,TD3BC_JS_Online,l2f_bc,crashed,https://wandb.ai/korneelvandenberghe/l2f_bc/runs/zw3ajuij,2024-10-21T20:00:57Z,42.32462208612268,64.63333333333334,100.0,False,"[41.10566320347781, 44.29967066694438, 50.15266421016488, 47.33657130750591, 42.32462208612268]","[62.333333333333336, 66.2, 72.43333333333334, 69.83333333333333, 64.63333333333334]","[8.130324840545654, 11.345953464508057, 14.789184331893921, 18.540714502334595, 22.22109055519104]","[0, 10, 20, 30, 40]","[1, 12, 23, 34, 45]","[256, 128]"
vzxmpz6s,effortless-snow-312,TD3BC_JS_Online,l2f_bc,crashed,https://wandb.ai/korneelvandenberghe/l2f_bc/runs/vzxmpz6s,2024-10-21T20:01:47Z,48.77210493948041,71.3,2.0,False,"[49.98882510057957, 38.26090413576981, 53.06821663239662, 35.003462238332965, 48.77210493948041]","[68.6, 55.86666666666667, 72.66666666666667, 56.5, 71.3]","[8.400517702102661, 11.296743631362915, 14.734735250473022, 17.58642292022705, 21.148341417312622]","[0, 10, 20, 30, 40]","[1, 12, 23, 34, 45]","[256, 128]"
g2vnvrud,floral-valley-315,TD3BC_JS_Online,l2f_bc,crashed,https://wandb.ai/korneelvandenberghe/l2f_bc/runs/g2vnvrud,2024-10-21T20:06:14Z,46.49994118104593,68.03333333333333,2.0,False,"[46.20166934672668, 50.197395236181094, 46.97918183444687, 37.31584462721749, 46.49994118104593]","[67.76666666666667, 72.46666666666667, 65.83333333333333, 60.766666666666666, 68.03333333333333]","[8.454840421676636, 12.01551342010498, 15.292641639709473, 18.37576937675476, 21.645255088806152]","[0, 10, 20, 30, 40]","[1, 12, 23, 34, 45]","[256, 128]"
yl0a0rmg,dulcet-meadow-316,TD3BC_JS_Online,l2f_bc,crashed,https://wandb.ai/korneelvandenberghe/l2f_bc/runs/yl0a0rmg,2024-10-21T20:06:18Z,39.9643805791953,61.666666666666664,100.0,False,"[50.99106647184711, 44.376722352278854, 35.674236415693855, 39.2831899071726, 39.9643805791953]","[73.3, 70.96666666666667, 58.4, 61.333333333333336, 61.666666666666664]","[8.920737743377686, 13.234306812286377, 16.586386919021606, 19.701045989990234, 22.604660034179688]","[0, 10, 20, 30, 40]","[1, 12, 23, 34, 45]","[256, 128]"
a9fusrcj,dazzling-hill-317,TD3BC_JS_Online,l2f_bc,crashed,https://wandb.ai/korneelvandenberghe/l2f_bc/runs/a9fusrcj,2024-10-21T20:12:27Z,39.63043976259941,59.86666666666667,2.0,False,"[43.910102065865544, 39.18283459106446, 45.53199767688839, 48.63276731665267, 39.63043976259941]","[66.6, 58.96666666666667, 70.2, 67.2, 59.86666666666667]","[9.856116771697998, 12.839216947555542, 16.11614441871643, 19.613028287887573, 22.579072952270508]","[0, 10, 20, 30, 40]","[1, 12, 23, 34, 45]","[256, 128]"
8nflrhv6,swept-monkey-318,TD3BC_JS_Online,l2f_bc,crashed,https://wandb.ai/korneelvandenberghe/l2f_bc/runs/8nflrhv6,2024-10-21T21:41:12Z,41.396991009352625,61.166666666666664,2.0,False,"[52.48840387144257, 48.17535113426273, 47.99260489323074, 37.78261130907264, 41.396991009352625]","[76.93333333333334, 64.9, 70.13333333333334, 59.86666666666667, 61.166666666666664]","[9.335270881652832, 12.574520826339722, 15.818706274032593, 18.795060396194458, 21.691418886184692]","[0, 10, 20, 30, 40]","[1, 12, 23, 34, 45]","[256, 128]"
dredxz2z,winter-river-319,TD3BC_JS_Online,l2f_bc,crashed,https://wandb.ai/korneelvandenberghe/l2f_bc/runs/dredxz2z,2024-10-21T21:45:37Z,51.51290702480608,72.33333333333333,25.0,False,"[47.664817449017725, 40.617924175893094, 47.526774028291605, 51.43215778004243, 51.51290702480608]","[74.3, 59.1, 68.23333333333333, 71.56666666666666, 72.33333333333333]","[9.219515800476074, 12.133982181549072, 15.248426914215088, 18.7036714553833, 22.21501350402832]","[0, 10, 20, 30, 40]","[1, 12, 23, 34, 45]","[256, 128]"
t994putg,upbeat-pine-320,TD3BC_JS_Online,l2f_bc,crashed,https://wandb.ai/korneelvandenberghe/l2f_bc/runs/t994putg,2024-10-21T21:49:52Z,46.25209791120378,69.1,2.0,False,"[45.920778820318425, 54.075377804924, 37.47554393825518, 51.903098312117784, 46.25209791120378]","[62.7, 72.96666666666667, 56.96666666666667, 74.9, 69.1]","[8.639959573745728, 12.200111389160156, 15.011932611465454, 18.66900634765625, 21.929328203201294]","[0, 10, 20, 30, 40]","[1, 12, 23, 34, 45]","[256, 128]"
vt0d7p3y,dutiful-microwave-321,TD3BC_JS_Online,l2f_bc,crashed,https://wandb.ai/korneelvandenberghe/l2f_bc/runs/vt0d7p3y,2024-10-21T21:55:09Z,54.96016650381265,77.5,2.0,False,"[54.43786485894588, 57.99523970531958, 40.30852248712534, 56.133017652864865, 54.96016650381265]","[79.36666666666666, 80.16666666666667, 57.833333333333336, 80.76666666666667, 77.5]","[10.136686325073242, 14.859775304794312, 18.85382843017578, 23.660595178604126, 27.46456551551819]","[0, 10, 20, 30, 40]","[1, 12, 23, 34, 45]","[256, 128]"
kzvwythy,dashing-field-322,TD3BC_JS_Online,l2f_bc,crashed,https://wandb.ai/korneelvandenberghe/l2f_bc/runs/kzvwythy,2024-10-22T00:14:41Z,43.66489154155611,67.53333333333333,100.0,False,"[47.75653638796231, 41.50911435688415, 47.57941696868496, 44.96962807061048, 43.66489154155611]","[70.13333333333334, 63.233333333333334, 73.26666666666667, 68.33333333333333, 67.53333333333333]","[9.020401000976562, 12.086766004562378, 15.4804527759552, 18.854063034057617, 21.98279309272766]","[0, 10, 20, 30, 40]","[1, 12, 23, 34, 45]","[256, 128]"
jfc1asau,giddy-water-323,TD3BC_JS_Online,l2f_bc,crashed,https://wandb.ai/korneelvandenberghe/l2f_bc/runs/jfc1asau,2024-10-22T01:32:44Z,50.670852502518066,71.53333333333333,25.0,False,"[61.07860790157244, 36.38615344723787, 43.89210214863496, 46.285829233118385, 50.670852502518066]","[84.1, 56.666666666666664, 64.0, 66.93333333333334, 71.53333333333333]","[10.607193946838379, 14.069766759872437, 17.761186122894287, 21.508880376815796, 24.86578392982483]","[0, 10, 20, 30, 40]","[1, 12, 23, 34, 45]","[256, 128]"
5cfra887,spring-bee-324,TD3BC_JS_Online,l2f_bc,crashed,https://wandb.ai/korneelvandenberghe/l2f_bc/runs/5cfra887,2024-10-22T03:45:26Z,52.81721534716392,76.3,100.0,False,"[53.12899331127758, 38.32845771618203, 58.70419116320479, 52.07398840757243, 52.81721534716392]","[77.83333333333333, 58.13333333333333, 84.33333333333333, 73.93333333333334, 76.3]","[9.503828048706055, 12.382615089416504, 16.261651515960693, 20.058068990707397, 23.60894203186035]","[0, 10, 20, 30, 40]","[1, 12, 23, 34, 45]","[256, 128]"
vvyj3gxc,crimson-microwave-325,TD3BC_JS_Online,l2f_bc,crashed,https://wandb.ai/korneelvandenberghe/l2f_bc/runs/vvyj3gxc,2024-10-22T03:49:29Z,36.60896103441805,59.166666666666664,2.0,False,"[50.35872882187454, 51.52761737339249, 51.01845655324304, 60.07715853881887, 36.608961034418044]","[74.76666666666667, 73.43333333333334, 70.23333333333333, 86.9, 59.166666666666664]","[9.621386528015137, 13.36725401878357, 16.874634265899658, 21.285452365875244, 24.34958529472351]","[0, 10, 20, 30, 40]","[1, 12, 23, 34, 45]","[256, 128]"
j29et2xs,fluent-brook-326,TD3BC_JS_Online,l2f_bc,crashed,https://wandb.ai/korneelvandenberghe/l2f_bc/runs/j29et2xs,2024-10-22T06:30:27Z,54.324849433262926,75.46666666666667,25.0,False,"[48.81768428206147, 45.867710806646656, 40.503335641216935, 44.4863722209636, 54.324849433262926]","[68.0, 66.1, 62.2, 65.1, 75.46666666666667]","[9.81005048751831, 13.540095090866089, 17.107369661331177, 20.945841312408447, 25.137299299240112]","[0, 10, 20, 30, 40]","[1, 12, 23, 34, 45]","[256, 128]"
earix521,solar-snow-327,TD3BC_JS_Online,l2f_bc,crashed,https://wandb.ai/korneelvandenberghe/l2f_bc/runs/earix521,2024-10-22T06:43:53Z,47.38234271425304,71.66666666666667,2.0,False,"[45.336111876838935, 46.810977959391856, 32.58780008652341, 40.37103533282063, 47.38234271425304]","[66.46666666666667, 70.8, 50.36666666666667, 58.9, 71.66666666666667]","[8.892133712768555, 12.576085805892944, 15.109902143478394, 17.811325311660767, 21.321332216262817]","[0, 10, 20, 30, 40]","[1, 12, 23, 34, 45]","[256, 128]"
5x0zvtls,worldly-morning-328,TD3BC_JS_Online,l2f_bc,crashed,https://wandb.ai/korneelvandenberghe/l2f_bc/runs/5x0zvtls,2024-10-22T06:57:38Z,48.896817184546755,72.3,25.0,False,"[34.49128715343626, 46.01256079342865, 49.90516379663804, 57.39579400349204, 48.896817184546755]","[54.333333333333336, 65.83333333333333, 73.3, 81.1, 72.3]","[8.93359088897705, 12.710907697677612, 16.556206464767456, 20.66998863220215, 24.09845781326294]","[0, 10, 20, 30, 40]","[1, 12, 23, 34, 45]","[256, 128]"
kvz2a05n,apricot-sky-330,TD3BC_JS_Online,l2f_bc,failed,https://wandb.ai/korneelvandenberghe/l2f_bc/runs/kvz2a05n,2024-10-22T14:24:14Z,50.19374081114563,74.33333333333333,2.0,False,"[53.163142345259345, 42.966056405774346, 60.7921368231249, 45.595764015294364, 45.919325068153164, 44.8902518004364, 48.53851361701374, 61.55607550029478, 39.02618941021015, 50.19374081114563]","[79.23333333333333, 64.73333333333333, 83.0, 66.63333333333334, 66.66666666666667, 64.23333333333333, 68.2, 81.76666666666667, 62.0, 74.33333333333333]","[134.92185044288635, 138.0279598236084, 141.74396514892578, 144.90226292610168, 147.88099884986877, 272.54519414901733, 275.63090467453003, 279.283132314682, 282.25880670547485, 286.1958668231964]","[0, 10, 20, 30, 40, 50, 60, 70, 80, 90]","[3, 14, 25, 36, 47, 60, 71, 82, 93, 104]","[256, 128]"
i6q893z8,ethereal-oath-331,TD3BC_JS_Online,l2f_bc,failed,https://wandb.ai/korneelvandenberghe/l2f_bc/runs/i6q893z8,2024-10-22T15:50:07Z,42.43986548048754,61.93333333333333,100.0,False,"[34.26827492759852, 37.67128478920046, 48.256775522171786, 43.676666803638945, 43.71939006566729, 57.09590820424919, 45.91599754645222, 51.73437878907397, 52.05814375439152, 42.43986548048754]","[52.8, 60.56666666666667, 69.83333333333333, 63.13333333333333, 64.03333333333333, 74.86666666666666, 65.56666666666666, 75.4, 73.8, 61.93333333333333]","[521.152391910553, 524.0737600326538, 527.3994588851929, 530.4466435909271, 533.3691947460175, 917.3144111633301, 920.4793901443481, 923.9190135002136, 927.3098027706146, 930.1492700576782]","[0, 10, 20, 30, 40, 50, 60, 70, 80, 90]","[3, 14, 25, 36, 47, 60, 71, 82, 93, 104]","[256, 128]"
h7jboz8k,jumping-energy-332,TD3BC_JS_Online,l2f_bc,failed,https://wandb.ai/korneelvandenberghe/l2f_bc/runs/h7jboz8k,2024-10-22T16:14:32Z,44.618588202077625,68.46666666666667,2.0,False,"[40.44764869607935, 53.89623693437828, 50.70979088963811, 47.06919458205149, 52.65390501433635, 46.00373171693848, 42.36684330978074, 53.86953344527479, 51.868344105868864, 44.618588202077625]","[63.86666666666667, 74.63333333333334, 72.83333333333333, 69.33333333333333, 75.36666666666666, 67.6, 60.63333333333333, 78.26666666666667, 74.76666666666667, 68.46666666666667]","[233.7006242275238, 237.34642052650452, 240.90611720085144, 244.15442776679993, 247.6612868309021, 440.81301379203796, 443.683073759079, 447.34324836730957, 450.8475158214569, 454.06534075737]","[0, 10, 20, 30, 40, 50, 60, 70, 80, 90]","[3, 14, 25, 36, 47, 60, 71, 82, 93, 104]","[256, 128]"
9o5yuub7,earnest-sea-333,TD3BC_JS_Online,l2f_bc,crashed,https://wandb.ai/korneelvandenberghe/l2f_bc/runs/9o5yuub7,2024-10-22T16:17:29Z,53.10003158482364,77.23333333333333,2.0,False,"[49.042763646903744, 39.564427022564026, 49.50201202035544, 46.17118494761781, 53.10003158482364]","[69.26666666666667, 59.833333333333336, 68.93333333333334, 65.46666666666667, 77.23333333333333]","[224.24775910377502, 230.03215146064758, 234.04663395881653, 238.07198905944824, 242.5458984375]","[0, 10, 20, 30, 40]","[3, 14, 25, 36, 47]","[256, 128]"
9h75kq2s,swept-fog-340,TD3BC_JS_Online,l2f_bc,crashed,https://wandb.ai/korneelvandenberghe/l2f_bc/runs/9h75kq2s,2024-10-22T16:48:56Z,64.68205745721508,93.86666666666666,2.0,False,"[57.699927625426795, 45.966686367401614, 48.186228785130645, 53.97282106359541, 41.9825839183504, 60.17361191509172, 52.74589753039028, 45.86903057488462, 62.82716860552649, 64.68205745721508]","[80.56666666666666, 72.93333333333334, 74.96666666666667, 80.46666666666667, 67.16666666666667, 85.83333333333333, 76.23333333333333, 68.33333333333333, 91.1, 93.86666666666666]","[130.0485029220581, 151.94706344604492, 173.76169896125793, 195.58275485038757, 217.22255754470825, 330.79986596107483, 372.40752840042114, 411.77619981765747, 452.38405537605286, 493.3486189842224]","[0, 10, 20, 30, 40, 50, 60, 70, 80, 90]","[18, 179, 340, 501, 662, 840, 1151, 1462, 1773, 2084]","[256, 128]"
h7xcjuo6,desert-frost-341,TD3BC_JS_Online,l2f_bc,crashed,https://wandb.ai/korneelvandenberghe/l2f_bc/runs/h7xcjuo6,2024-10-22T16:49:13Z,47.19072758503156,70.0,2.0,False,"[51.76343566285769, 47.19072758503156]","[75.56666666666666, 70.0]","[312.63744378089905, 339.73978209495544]","[0, 10]","[18, 179]","[256, 128]"
x205vtcj,floral-cherry-356,TD3BC_JS_Online,l2f_bc,crashed,https://wandb.ai/korneelvandenberghe/l2f_bc/runs/x205vtcj,2024-10-22T17:57:20Z,-50.20554769444469,77.36666666666666,2.0,False,"[51.02603000277618, 55.89126696028325, 46.931367958512546, 43.76040982451972, 43.12084596142775, 48.808631552129356, 50.50981133750215, 51.959901470884105, 42.08381977114083, 55.72298570589389, 62.16663351130376, 43.679782299600625, 54.858972539568974, 56.602408986615835, 58.56722626083274, 37.41153660890505, 62.15420754032455, 52.00778241773687, 39.08404327007322, 62.17081257570881, 47.6098818089382, 53.832903541367, 39.7323242524964, 49.275455796761996, 57.14409436124298, 52.868663013522536, 62.14498245295332, 48.08173599765437, 53.10548320473648, 56.77687905257867, 50.82166237328534, 49.39828194225319, 51.47722008198644, 37.244516031828155, 61.90630290697979, 39.62717678308933, 39.62307835538789, 42.260214047286276, 34.91473736263428, 44.064725699422326, 47.84378390471181, 41.289815206760046, 46.55573500601939, 37.96960065986272, 44.12010178835487, 36.5973487494516, 41.476275197162614, 37.44073900832305, 40.655010799580346, 40.036020335300385, 35.813327613187354, 43.90167234135435, 39.70070902105128, 52.21943434484636, 36.5044473193806, 9.560708770311132, 14.671324498642692, 17.211449768937385, 13.253357623562348, 30.249998917939767, 20.487300692155955, 7.213593999214754, 14.774776815825225, 17.957039218407342, 15.442142477278738, 10.422227741323448, 27.865650323366076, 24.478142832577344, 20.63277479538286, 15.854879114822682, 9.992833210167081, 16.238861886597885, 14.827764381321247, 5.755295647642342, 17.051858890219386, -2.9089648787533933, -14.113661069763356, -13.38448632143396, -17.926145495609777, -7.699005455872803, -18.500845853719582, -17.932655030638866, -19.241109332258116, -23.715594800341258, -12.853295923441697, -35.647815689074335, -46.75823936329634, -49.56316479892273, -40.84414838898965, -50.20554769444469]","[74.43333333333334, 77.23333333333333, 73.5, 68.06666666666666, 67.06666666666666, 74.63333333333334, 74.13333333333334, 68.66666666666667, 64.63333333333334, 79.73333333333333, 86.16666666666667, 64.9, 80.46666666666667, 83.43333333333334, 84.83333333333333, 67.8, 97.46666666666667, 88.83333333333333, 65.66666666666667, 99.96666666666667, 80.43333333333334, 85.63333333333334, 75.5, 87.06666666666666, 94.4, 83.16666666666667, 97.2, 79.0, 83.2, 90.96666666666667, 82.86666666666666, 83.6, 84.1, 68.6, 96.43333333333334, 86.96666666666667, 79.7, 89.33333333333333, 79.96666666666667, 87.3, 93.8, 88.76666666666667, 89.2, 85.93333333333334, 89.0, 83.7, 84.56666666666666, 77.73333333333333, 86.56666666666666, 85.56666666666666, 81.0, 84.8, 85.16666666666667, 100.63333333333334, 84.16666666666667, 71.0, 89.06666666666666, 90.63333333333334, 76.56666666666666, 105.6, 89.13333333333334, 64.3, 88.33333333333333, 88.5, 86.6, 80.53333333333333, 96.1, 85.36666666666666, 92.5, 87.36666666666666, 81.66666666666667, 80.53333333333333, 75.23333333333333, 71.8, 94.2, 101.23333333333333, 85.9, 89.63333333333334, 80.4, 100.76666666666667, 83.2, 77.33333333333333, 111.33333333333333, 99.9, 104.93333333333334, 100.7, 87.8, 88.3, 78.06666666666666, 77.36666666666666]","[214.11242818832397, 237.02960872650146, 260.9769606590271, 283.2831070423126, 305.0781970024109, 439.0901801586151, 479.9367437362671, 521.6095054149628, 562.909871339798, 605.892746925354, 763.6970565319061, 824.3254337310791, 885.3421638011932, 946.2873303890228, 1007.6474726200104, 1147.477217912674, 1227.5575304031372, 1307.6242430210114, 1388.3294699192047, 1469.142678976059, 1640.5464403629303, 1739.5588982105255, 1838.1065349578857, 1940.580596446991, 2039.9591898918152, 2244.604241371155, 2362.505729675293, 2479.569188117981, 2596.980773448944, 2713.838262319565, 2929.9226393699646, 3070.3864805698395, 3205.8489966392517, 3341.4348969459534, 3478.7464764118195, 3728.852242231369, 3883.662343978882, 4044.9726598262787, 4201.777434587479, 4359.3086631298065, 4601.052449464798, 4778.319358825684, 4954.278299808502, 5129.388051509857, 5306.8893876075745, 5571.220237493515, 5766.564280986786, 5961.330692052841, 6161.337213516235, 6360.898735046387, 6640.2236495018005, 6860.439349412918, 7076.634633541107, 7293.7338078022, 7508.646122932434, 7824.874142885208, 8060.694056987762, 8294.769625425339, 8530.242645025253, 8764.559568881989, 9074.586818695068, 9329.395160913467, 9586.226389408112, 9842.669995546341, 10095.53459739685, 10447.465689659119, 10722.561257600784, 10997.135612487793, 11272.427138328552, 11548.103901863098, 11914.378510951996, 12207.376791715622, 12503.166825056076, 12796.641798496246, 13089.640452384949, 13491.78741979599, 13806.235382318497, 14126.255883932114, 14441.556418180466, 14755.718826293945, 15066.779891729355, 15378.15635061264, 15694.604277610779, 16007.761594057083, 16321.622995615005, 16973.161456346512, 17313.197024345398, 17650.72689795494, 17987.37225174904, 18321.413442134857]","[0, 10, 20, 30, 40, 50, 60, 70, 80, 90, 100, 110, 120, 130, 140, 150, 160, 170, 180, 190, 200, 210, 220, 230, 240, 250, 260, 270, 280, 290, 300, 310, 320, 330, 340, 350, 360, 370, 380, 390, 400, 410, 420, 430, 440, 450, 460, 470, 480, 490, 500, 510, 520, 530, 540, 550, 560, 570, 580, 590, 600, 610, 620, 630, 640, 650, 660, 670, 680, 690, 700, 710, 720, 730, 740, 750, 760, 770, 780, 790, 800, 810, 820, 830, 840, 850, 860, 870, 880, 890]","[18, 179, 340, 501, 662, 840, 1151, 1462, 1773, 2084, 2412, 2873, 3334, 3795, 4256, 4736, 5347, 5958, 6569, 7180, 7808, 8569, 9330, 10091, 10852, 11630, 12541, 13452, 14363, 15274, 16202, 17263, 18324, 19385, 20446, 21526, 22737, 23948, 25159, 26370, 27598, 28959, 30320, 31681, 33042, 34420, 35931, 37442, 38953, 40464, 41992, 43653, 45314, 46975, 48636, 50316, 52127, 53938, 55749, 57560, 59388, 61349, 63310, 65271, 67232, 69210, 71321, 73432, 75543, 77654, 79782, 82043, 84304, 86565, 88826, 91106, 93517, 95928, 98339, 100750, 103161, 105572, 107983, 110394, 112805, 115233, 117794, 120355, 122916, 125477]","[256, 128]"
3589qq71,serene-disco-357,TD3BC_JS_Online,l2f_bc,crashed,https://wandb.ai/korneelvandenberghe/l2f_bc/runs/3589qq71,2024-10-22T17:57:26Z,89.76246145661908,121.66666666666669,100.0,False,"[55.721193113119654, 51.3602082791519, 53.95507587108308, 52.61173711720486, 51.433820547306205, 41.540882591934256, 42.99148949829616, 57.02690105665939, 54.67495010068144, 54.397800225621104, 56.4577614257639, 63.055638571191075, 64.2845178550716, 65.72525788699656, 52.514065649458445, 56.98865562790709, 61.387262741097906, 56.17154635482847, 56.434061731703565, 58.944234011952545, 46.70301382662284, 45.107718888260315, 63.91311291988442, 58.42042759909598, 48.5050609668609, 61.74548056507272, 58.155753355198414, 48.31584982674417, 57.12446375437795, 52.247309246274384, 69.19028459969732, 70.32407407297622, 67.65153408337758, 59.68781114607428, 73.56605384326467, 73.84032831169803, 72.46981376319671, 59.37526389074519, 61.15444320421352, 76.03765345470339, 58.72238199778568, 61.26625949527262, 43.074920460937186, 84.6118653572269, 78.50653863610428, 69.90635349243124, 61.64632543093489, 83.71483751129514, 67.9449525997955, 74.18308302618149, 66.60634688411928, 76.60707128017638, 88.25629707985594, 62.540621805161706, 69.79766012115849, 75.22030238591975, 94.19730809077531, 79.82604225549231, 62.0047210998219, 67.1644595498167, 75.30191635748689, 78.29168845084766, 81.77460378663535, 75.44899408475517, 76.95532665259195, 76.08859414186038, 77.43719900154477, 75.09755809204954, 74.18565607407905, 79.96352823192699, 72.05233945068889, 64.70525685118538, 74.02110430188081, 47.61785151391937, 79.18992899982284, 73.71078693619852, 71.83796220983254, 63.90573127916608, 70.22284839804841, 67.13177401955004, 66.59113729227523, 72.90139319039704, 56.199493971988694, 96.5985615123372, 79.84892212034691, 73.97643383252935, 72.62119814720458, 66.73516433372927, 70.53437673146888, 89.76246145661908]","[79.86666666666666, 77.4, 79.56666666666666, 77.46666666666667, 72.6, 62.266666666666666, 63.06666666666667, 82.5, 81.76666666666667, 79.1, 81.3, 88.33333333333333, 90.83333333333333, 92.26666666666667, 73.9, 78.13333333333334, 82.7, 82.93333333333334, 81.5, 81.8, 72.46666666666667, 67.0, 89.93333333333334, 80.23333333333333, 71.83333333333333, 86.03333333333333, 82.23333333333333, 72.16666666666667, 83.9, 74.63333333333334, 96.33333333333333, 98.43333333333334, 90.53333333333333, 87.73333333333333, 99.5, 98.56666666666666, 101.8, 84.3, 86.46666666666667, 102.0, 84.16666666666667, 87.63333333333334, 64.96666666666667, 109.7, 101.93333333333334, 92.5, 87.0, 111.93333333333334, 93.53333333333333, 100.93333333333334, 88.66666666666667, 103.0, 114.63333333333334, 85.83333333333333, 92.2, 102.0, 123.66666666666667, 106.96666666666667, 85.5, 96.36666666666666, 102.43333333333334, 106.76666666666667, 110.6, 101.83333333333333, 106.36666666666666, 103.06666666666666, 105.43333333333334, 99.83333333333333, 102.43333333333334, 108.86666666666666, 97.16666666666667, 89.96666666666667, 98.53333333333333, 67.9, 107.73333333333333, 100.0, 98.3, 87.7, 93.1, 97.5, 91.56666666666666, 99.46666666666667, 79.33333333333333, 123.73333333333333, 105.66666666666667, 100.73333333333333, 96.33333333333333, 92.9, 99.33333333333333, 121.66666666666667]","[235.73339772224426, 258.2717776298523, 281.04273676872253, 303.2198944091797, 324.3798494338989, 458.8262474536896, 499.21068143844604, 541.6144981384277, 585.2652997970581, 626.4713089466095, 763.525312423706, 827.1624472141266, 886.6456594467163, 958.6871738433838, 1024.098394870758, 1164.7807655334473, 1245.1221325397491, 1327.7905461788177, 1404.1704993247986, 1484.4176633358002, 1672.1869058609009, 1769.8550627231598, 1866.0478086471558, 1959.3755369186401, 2051.8976571559906, 2238.1333227157593, 2361.250670194626, 2474.3442442417145, 2600.4266266822815, 2726.8342349529266, 2936.2550830841064, 3078.82452917099, 3217.6686522960663, 3358.5743300914764, 3512.280340194702, 3739.854770898819, 3905.59454369545, 4064.7417273521423, 4221.509342432022, 4378.953351974487, 4638.259234428406, 4813.549728870392, 4989.877721071243, 5166.573445081711, 5341.620080471039, 5617.242630004883, 5809.715882539749, 6006.235792398453, 6203.298559427261, 6398.788713693619, 6672.78045463562, 6888.145344257355, 7105.472321271896, 7319.783702135086, 7531.910755872726, 7843.21817278862, 8078.2208025455475, 8313.41333246231, 8543.468747854233, 8778.295860290527, 9080.450476646423, 9335.425145626068, 9587.960893630981, 9840.374722480774, 10092.958401203156, 10441.06237077713, 10713.788910627365, 10984.090124845505, 11255.697999954224, 11531.347719430923, 11883.268118619919, 12171.906518220901, 12462.76547551155, 12753.78998541832, 13047.06998538971, 13434.913895368576, 13748.826246261597, 14061.326786994934, 14374.916837453842, 14686.963414669037, 14996.506629228592, 15303.800439834595, 15613.622513532639, 15921.35693860054, 16232.01822257042, 16887.96863269806, 17226.636345148087, 17566.90863108635, 17906.876566648483, 18244.906554937363]","[0, 10, 20, 30, 40, 50, 60, 70, 80, 90, 100, 110, 120, 130, 140, 150, 160, 170, 180, 190, 200, 210, 220, 230, 240, 250, 260, 270, 280, 290, 300, 310, 320, 330, 340, 350, 360, 370, 380, 390, 400, 410, 420, 430, 440, 450, 460, 470, 480, 490, 500, 510, 520, 530, 540, 550, 560, 570, 580, 590, 600, 610, 620, 630, 640, 650, 660, 670, 680, 690, 700, 710, 720, 730, 740, 750, 760, 770, 780, 790, 800, 810, 820, 830, 840, 850, 860, 870, 880, 890]","[18, 179, 340, 501, 662, 840, 1151, 1462, 1773, 2084, 2412, 2873, 3334, 3795, 4256, 4734, 5345, 5956, 6567, 7178, 7806, 8567, 9328, 10089, 10850, 11628, 12539, 13450, 14361, 15272, 16200, 17261, 18322, 19383, 20444, 21522, 22733, 23944, 25155, 26366, 27594, 28955, 30316, 31677, 33038, 34416, 35927, 37438, 38949, 40460, 41988, 43649, 45310, 46971, 48632, 50310, 52121, 53932, 55743, 57554, 59382, 61343, 63304, 65265, 67226, 69204, 71315, 73426, 75537, 77648, 79776, 82037, 84298, 86559, 88820, 91098, 93509, 95920, 98331, 100742, 103153, 105564, 107975, 110386, 112797, 115224, 117785, 120346, 122907, 125468]","[256, 128]"
560xh5rt,ruby-feather-358,TD3BC_JS_Online,l2f_bc,crashed,https://wandb.ai/korneelvandenberghe/l2f_bc/runs/560xh5rt,2024-10-23T08:58:37Z,169.4571615460542,205.56666666666663,2.0,False,"[54.09216969480338, 106.0659968976105, 114.73200150044755, 129.79098630778563, 173.21871914121323, 230.446524472686, 226.84430523902373, 124.58713528482316, 219.44695064675608, 188.00257045826507, 169.80435921742702, 189.5075852334917, 172.78465978434647, 176.4142351718419, 284.2184935093189, 138.92236589044666, 170.4532010216977, 240.50362818011257, 447.0793222222676, 105.07146119445382, 259.0639628881192, 244.25180891476097, 117.76330397074845, 202.35166658088414, 283.4405852966416, 133.5317323978131, 206.3607413207856, 347.87894300548555, 195.0669269441974, 149.41115637639422, 115.62743237764363, 293.0098930474882, 332.7763251746168, 260.12392319586417, 168.15913148828847, 457.5480744222611, 220.26194553518266, 97.06976588832391, 150.88836686242846, 317.92580531032525, 162.60610951759796, 143.29809639250752, 435.7944424989263, 223.4992624547532, 98.25347016769055, 312.18397399242343, 147.72903857366884, 131.00178019571544, 202.08005393688708, 140.93224748280048, 196.67233250556077, 112.10381589998363, 182.66817886331467, 196.6803854827978, 136.24782888161022, 286.3478561771337, 396.20867665381957, 265.83661620026663, 182.76795696186494, 140.90251138820952, 435.80845865618875, 167.7708066720289, 410.56126239942444, 226.68399946124023, 290.9600508516677, 364.9804585446469, 243.68241114590157, 248.23415856874072, 397.54113327144086, 305.26115548253154, 195.52543790041494, 324.6963786799755, 229.79340101739265, 266.0807487510936, 169.4571615460542]","[78.5, 141.63333333333333, 143.73333333333332, 160.16666666666666, 210.76666666666668, 274.0, 270.53333333333336, 157.56666666666666, 260.56666666666666, 225.93333333333334, 208.46666666666667, 227.66666666666666, 211.2, 217.36666666666667, 336.3666666666667, 166.83333333333334, 205.56666666666666, 282.9, 518.0, 135.5, 304.7, 292.96666666666664, 147.23333333333332, 238.3, 331.23333333333335, 172.53333333333333, 249.16666666666666, 406.03333333333336, 233.83333333333334, 180.63333333333333, 144.86666666666667, 342.6, 385.7, 308.3, 204.46666666666667, 529.1666666666666, 261.53333333333336, 121.46666666666667, 185.1, 368.6666666666667, 200.2, 176.26666666666668, 500.03333333333336, 264.73333333333335, 126.0, 366.6, 177.76666666666668, 161.16666666666666, 242.53333333333333, 172.56666666666666, 237.0, 140.4, 219.73333333333332, 234.83333333333334, 164.93333333333334, 335.1, 455.4, 314.6, 219.53333333333333, 175.1, 503.7, 205.46666666666667, 477.1, 270.56666666666666, 342.03333333333336, 426.1333333333333, 288.7, 295.06666666666666, 458.3, 358.73333333333335, 238.66666666666666, 378.26666666666665, 275.76666666666665, 311.6666666666667, 205.56666666666666]","[96.65288352966309, 123.3388979434967, 148.83988642692566, 175.34850215911865, 203.77593445777893, 313.63985776901245, 345.2523920536041, 371.0489091873169, 401.7706551551819, 431.14583444595337, 536.6858386993408, 566.1140005588531, 594.8187961578369, 623.6047477722168, 657.6725475788116, 777.6776914596558, 806.1849181652069, 838.286468744278, 880.8565051555634, 907.0681753158569, 1027.5395877361298, 1078.6091294288635, 1123.3415315151215, 1173.0562489032745, 1226.805858373642, 1350.866759777069, 1419.1403450965881, 1493.990936756134, 1562.3214361667633, 1628.0449867248535, 1750.1895055770874, 1823.1347124576569, 1897.5979619026184, 1969.8091757297516, 2035.504090309143, 2187.3272252082825, 2276.3867926597595, 2358.9185938835144, 2444.664381980896, 2538.0569603443146, 2711.7608411312103, 2815.7633080482483, 2934.522149324417, 3043.299024105072, 3145.9501855373383, 3334.7916662693024, 3455.4396028518677, 3578.60564661026, 3705.1987409591675, 3828.137349128723, 4033.2514102458954, 4171.4964158535, 4316.005840539932, 4459.451218128204, 4603.659501791, 4818.9672768116, 4976.572730779648, 5127.87572312355, 5273.103036165237, 5414.318838596344, 5648.401770353317, 5811.236224412918, 5987.0500502586365, 6150.906088352203, 6320.782816886902, 6586.704682588577, 6772.867402076721, 6960.80322265625, 7154.06002163887, 7343.093706846237, 7612.735246419907, 7820.70396232605, 8024.442983150482, 8230.090091228485, 8430.233143806458]","[0, 10, 20, 30, 40, 50, 60, 70, 80, 90, 100, 110, 120, 130, 140, 150, 160, 170, 180, 190, 200, 210, 220, 230, 240, 250, 260, 270, 280, 290, 300, 310, 320, 330, 340, 350, 360, 370, 380, 390, 400, 410, 420, 430, 440, 450, 460, 470, 480, 490, 500, 510, 520, 530, 540, 550, 560, 570, 580, 590, 600, 610, 620, 630, 640, 650, 660, 670, 680, 690, 700, 710, 720, 730, 740]","[19, 180, 341, 502, 663, 827, 988, 1149, 1310, 1471, 1635, 1796, 1957, 2118, 2279, 2443, 2604, 2765, 2926, 3087, 3266, 3577, 3888, 4199, 4510, 4839, 5300, 5761, 6222, 6683, 7147, 7608, 8069, 8530, 8991, 9470, 10081, 10692, 11303, 11914, 12543, 13304, 14065, 14826, 15587, 16366, 17277, 18188, 19099, 20010, 20939, 22000, 23061, 24122, 25183, 26247, 27308, 28369, 29430, 30491, 31570, 32781, 33992, 35203, 36414, 37643, 39004, 40365, 41726, 43087, 44466, 45977, 47488, 48999, 50510]","[256, 128]"
fxo8oxlm,celestial-frost-359,TD3BC_JS_Online,l2f_bc,crashed,https://wandb.ai/korneelvandenberghe/l2f_bc/runs/fxo8oxlm,2024-10-23T09:00:29Z,217.6239605299658,260.76666666666665,100.0,False,"[47.69608216806502, 37.26666752828619, 40.21635544301768, 38.73626502916587, 49.11905235455274, 55.094174213234055, 54.825672240032176, 171.9011555149873, 211.5828908187668, 164.35996697339505, 155.45451427052492, 110.78574171484512, 162.2193514897154, 236.95067350085517, 244.22025915604425, 172.3906345001876, 99.08465859974991, 91.92440122458562, 161.80651197045123, 189.20962052226915, 76.71375415365375, 151.8362458915322, 181.1509364084286, 256.28674094081987, 180.64028991600793, 102.1765841014503, 136.15606978092325, 224.80630449369576, 117.94019598377228, 176.2586992543097, 139.84099383283254, 135.0267896939485, 246.77385891244924, 130.2529842943637, 115.167301471826, 163.45187272619373, 172.24239984103957, 113.18950222156217, 276.8247241004081, 151.0812424807947, 232.5262822978779, 150.95296168120296, 125.5328940826703, 172.37117153231597, 170.2761437391896, 174.13379536610054, 150.48953073891164, 258.10605367286684, 186.28409513797664, 192.5441990824114, 129.1438001197397, 212.5719326162675, 147.45194648223347, 246.33907728429762, 253.16282888243094, 270.42669002349794, 217.43112603596808, 230.6218254702279, 267.2378686888116, 122.89744924494428, 149.89036695434712, 223.6822836939115, 208.12088206528526, 272.5691392715764, 220.51099636629473, 242.10699522365658, 150.2468373910886, 151.9758839812929, 171.04465931991265, 289.7202222260232, 273.6388857291776, 147.55669055966172, 247.9391088921489, 199.99970787944534, 347.0621264980189, 219.29689046406682, 245.79266140264403, 217.62396052996579]","[71.26666666666667, 59.63333333333333, 61.06666666666667, 61.43333333333333, 70.53333333333333, 78.26666666666667, 77.83333333333333, 214.6, 253.8, 200.36666666666667, 193.26666666666668, 138.8, 200.7, 280.9, 291.96666666666664, 211.03333333333333, 129.16666666666666, 118.1, 196.53333333333333, 226.66666666666666, 105.66666666666667, 185.5, 218.46666666666667, 303.4, 217.53333333333333, 129.53333333333333, 168.5, 270.53333333333336, 148.3, 214.13333333333333, 173.86666666666667, 164.96666666666667, 294.53333333333336, 165.66666666666666, 143.66666666666666, 197.1, 209.53333333333333, 143.43333333333334, 327.43333333333334, 187.6, 277.03333333333336, 183.86666666666667, 156.13333333333333, 208.96666666666667, 210.23333333333332, 212.23333333333332, 183.13333333333333, 304.7, 227.4, 232.03333333333333, 157.16666666666666, 255.46666666666667, 179.7, 289.93333333333334, 301.56666666666666, 319.5, 260.8, 276.53333333333336, 319.3333333333333, 153.4, 183.26666666666668, 268.93333333333334, 246.3, 321.73333333333335, 264.7, 291.26666666666665, 182.2, 187.13333333333333, 208.1, 340.6, 323.43333333333334, 183.8, 293.56666666666666, 240.93333333333334, 406.73333333333335, 263.93333333333334, 293.7, 260.76666666666665]","[107.38214015960693, 110.58534550666809, 113.50690412521362, 116.48176407814026, 119.86499834060669, 206.10795187950134, 229.99554133415222, 259.3315894603729, 290.7172849178314, 319.72994923591614, 441.3081765174866, 467.1681981086731, 496.0277695655823, 528.4377193450928, 561.8239510059357, 692.2028794288635, 737.719740152359, 782.3187954425812, 829.6668679714203, 878.077910900116, 1002.6275660991669, 1069.5605108737946, 1138.433964729309, 1210.7142374515533, 1279.591878414154, 1428.2834339141846, 1513.5514404773712, 1604.9401597976685, 1688.581357717514, 1774.5364203453064, 1935.4894585609436, 2039.1179192066193, 2148.546900987625, 2253.11696267128, 2356.116064310074, 2542.959696531296, 2668.0733785629272, 2792.1784365177155, 2923.927316904068, 3050.5865213871, 3258.7757432460785, 3403.5656275749207, 3546.886956214905, 3692.3458778858185, 3835.613669395447, 4087.0030646324158, 4250.588703155518, 4420.428000688553, 4587.297749519348, 4750.479462623596, 5009.090332984924, 5193.419125795364, 5376.198466062546, 5561.05574798584, 5749.587004899979, 6018.716486692429, 6223.83894777298, 6428.964691877365, 6636.508024692535, 6838.16481089592, 7132.448556184769, 7355.277442216873, 7576.916434288025, 7803.943922996521, 8028.158566951752, 8326.76540184021, 8564.015105009079, 8797.538837909698, 9028.644142389297, 9263.645850896835, 9582.738757133484, 9834.019461393356, 10089.665850639343, 10344.502571821213, 10606.825787782669, 10927.641510009766, 11203.435799121857, 11477.91818857193]","[0, 10, 20, 30, 40, 50, 60, 70, 80, 90, 100, 110, 120, 130, 140, 150, 160, 170, 180, 190, 200, 210, 220, 230, 240, 250, 260, 270, 280, 290, 300, 310, 320, 330, 340, 350, 360, 370, 380, 390, 400, 410, 420, 430, 440, 450, 460, 470, 480, 490, 500, 510, 520, 530, 540, 550, 560, 570, 580, 590, 600, 610, 620, 630, 640, 650, 660, 670, 680, 690, 700, 710, 720, 730, 740, 750, 760, 770]","[4, 15, 26, 37, 48, 77, 238, 399, 560, 721, 885, 1046, 1207, 1368, 1529, 1708, 2019, 2330, 2641, 2952, 3281, 3742, 4203, 4664, 5125, 5604, 6215, 6826, 7437, 8048, 8677, 9438, 10199, 10960, 11721, 12500, 13411, 14322, 15233, 16144, 17073, 18134, 19195, 20256, 21317, 22396, 23607, 24818, 26029, 27240, 28469, 29830, 31191, 32552, 33913, 35292, 36803, 38314, 39825, 41336, 42865, 44526, 46187, 47848, 49509, 51188, 52999, 54810, 56621, 58432, 60261, 62222, 64183, 66144, 68105, 70084, 72195, 74306]","[256, 128]"
49y5yqrg,northern-field-361,TD3BC_JS_Online,l2f_bc,crashed,https://wandb.ai/korneelvandenberghe/l2f_bc/runs/49y5yqrg,2024-10-23T21:27:09Z,134.40138579430598,168.5,100.0,True,"[34.42286728660291, 34.47367555840416, 42.80729216679534, 42.88718014359981, 45.646566558409674, 44.39851362971093, 87.19310915903763, 178.97384915041098, 186.86408364807497, 148.88519966348886, 153.66426010820834, 249.0902253849006, 195.07691779317943, 178.88587497153438, 244.659614345648, 217.6378888541709, 128.53195514051285, 91.16971020830782, 165.09371968415263, 171.51382965185286, 89.3686934239643, 103.65716316146678, 155.1771059844638, 149.44249560999256, 100.6522656672933, 121.57336653020586, 105.80677078380126, 133.5092394485503, 104.33337681790847, 122.12723790885238, 134.0621438375749, 116.88281718879198, 107.53827837401582, 83.84847267262117, 78.30478873111475, 87.01538087294172, 123.27712891535575, 85.62729952697812, 152.01783084336026, 136.7831550787611, 130.7876864041949, 119.23390553658152, 90.02274380625639, 142.09622620605427, 157.77774107417403, 121.64328101836493, 128.36671862427357, 121.08495521943429, 155.4647506077172, 168.2633590821809, 143.71681091765282, 108.51678835262463, 106.47324634467478, 120.03147538798133, 104.5138462943255, 172.03963434739168, 94.56907084514427, 195.96514976158244, 158.23169993062993, 97.71565937469427, 120.81072136198242, 91.32683561995505, 113.86590433822974, 160.25373793313796, 155.41795948126483, 170.69932911606267, 169.80378795352675, 138.17589968619046, 141.88337630587387, 148.36734839225437, 179.15116724858638, 184.1757044786701, 155.70286270968214, 110.48554008271232, 134.40138579430598]","[54.53333333333333, 56.1, 62.56666666666667, 67.46666666666667, 68.0, 66.5, 119.13333333333334, 222.66666666666666, 226.7, 186.2, 193.2, 289.73333333333335, 234.26666666666668, 212.63333333333333, 291.8, 257.0, 161.13333333333333, 122.2, 199.1, 207.8, 114.46666666666667, 128.8, 191.63333333333333, 184.93333333333334, 128.5, 149.93333333333334, 133.4, 165.66666666666666, 133.66666666666666, 153.63333333333333, 164.8, 146.8, 134.73333333333332, 109.36666666666666, 105.26666666666667, 110.83333333333333, 154.63333333333333, 111.7, 187.23333333333332, 167.46666666666667, 165.8, 150.96666666666667, 117.86666666666666, 173.93333333333334, 190.83333333333334, 150.7, 164.03333333333333, 151.5, 188.3, 203.7, 176.73333333333332, 138.1, 134.6, 149.86666666666667, 134.9, 211.03333333333333, 123.03333333333333, 236.4, 194.63333333333333, 124.33333333333333, 148.8, 117.23333333333333, 143.93333333333334, 195.56666666666666, 191.36666666666667, 209.13333333333333, 208.03333333333333, 171.93333333333334, 173.66666666666666, 183.9, 214.66666666666666, 224.86666666666667, 192.9, 139.9, 168.5]","[88.06452250480652, 90.88632798194885, 93.9652669429779, 97.27508997917175, 100.64546298980713, 201.58805894851685, 225.9141674041748, 255.19263625144958, 284.21693539619446, 311.4479808807373, 423.3479495048523, 474.50728392601013, 523.8648145198822, 571.5082445144653, 621.0716788768768, 769.2718577384949, 833.8530297279358, 896.5992729663849, 962.7655613422394, 1028.3007764816284, 1175.708967924118, 1257.3782782554626, 1341.72199344635, 1423.6786782741547, 1505.1961495876312, 1676.293747663498, 1775.884607553482, 1877.3862879276276, 1977.1941411495209, 2078.603723526001, 2260.9631679058075, 2380.8709967136383, 2500.2925112247467, 2618.749248981476, 2738.048119544983, 2930.1941335201263, 3069.517396211624, 3205.4190216064453, 3346.7935395240784, 3485.49325799942, 3707.0825357437134, 3865.968641281128, 4021.3937079906464, 4179.20322561264, 4337.657412290573, 4580.211484193802, 4756.0841755867, 4932.097495794296, 5109.578790664673, 5287.376282691956, 5534.808926343918, 5728.393261194229, 5925.572092056274, 6119.110905647278, 6314.374085903168, 6591.183558940887, 6803.08340716362, 7019.336111307144, 7232.929241657257, 7443.409688711166, 7727.689564228058, 7959.090086936951, 8189.69455242157, 8423.073370218277, 8657.300961256027, 8981.193642139435, 9234.38019156456, 9485.601682424545, 9741.050080060959, 9992.8777384758, 10318.94293832779, 10589.67183303833, 10859.17904829979, 11128.066091775894, 11395.375773906708]","[0, 10, 20, 30, 40, 50, 60, 70, 80, 90, 100, 110, 120, 130, 140, 150, 160, 170, 180, 190, 200, 210, 220, 230, 240, 250, 260, 270, 280, 290, 300, 310, 320, 330, 340, 350, 360, 370, 380, 390, 400, 410, 420, 430, 440, 450, 460, 470, 480, 490, 500, 510, 520, 530, 540, 550, 560, 570, 580, 590, 600, 610, 620, 630, 640, 650, 660, 670, 680, 690, 700, 710, 720, 730, 740]","[4, 15, 26, 37, 48, 77, 238, 399, 560, 721, 900, 1211, 1522, 1833, 2144, 2473, 2934, 3395, 3856, 4317, 4796, 5407, 6018, 6629, 7240, 7869, 8630, 9391, 10152, 10913, 11692, 12603, 13514, 14425, 15336, 16265, 17326, 18387, 19448, 20509, 21590, 22801, 24012, 25223, 26434, 27663, 29024, 30385, 31746, 33107, 34486, 35997, 37508, 39019, 40530, 42059, 43720, 45381, 47042, 48703, 50384, 52195, 54006, 55817, 57628, 59457, 61418, 63379, 65340, 67301, 69280, 71391, 73502, 75613, 77724]","[256, 128]"
a2525nyf,iconic-frost-362,TD3BC_JS_Online,l2f_bc,crashed,https://wandb.ai/korneelvandenberghe/l2f_bc/runs/a2525nyf,2024-10-23T21:27:18Z,153.2644925769531,373.46666666666664,100.0,False,"[37.63977139446449, 49.23703220895045, 52.57909135926437, 46.99115457999313, 44.80062224712625, 52.215240485860036, 64.62304815305384, 63.97881140470238, 246.6706248204395, 268.6378975390297, 79.22265323818512, 148.61912984348496, 200.3351245936452, 137.54013483847834, 165.9116415226438, 110.66867974106731, 136.10667026120709, 155.00624217558365, 69.52634295080937, 143.10216073196204, 166.96726611951576, 183.49632492379945, 152.04482115990476, 182.21517457847787, 104.00526110456245, 230.28455483574945, 281.77084196398965, 176.1352106914301, 174.3027655442518, 198.05403100895583, 248.060552401359, 183.52235711067408, 202.30438596111995, 165.24786581765218, 241.0490926338067, 80.27396218158172, 291.15553087064785, 236.10420824653195, 243.41633019069798, 296.3853829793181, 133.10414209029514, 250.86186888413667, 169.0158349831142, 208.93674433857083, 205.44986245802212, 203.22462905848673, 284.6956132184177, 295.4405978766379, 192.9106520167157, 143.34668100459496, 141.88886085761533, 234.74332784512654, 209.6605159085282, 150.1832827405761, 350.493753481144, 209.25066986286163, 130.51518640754438, 90.68006824790994, 170.2490886693422, 164.16446171556692, 112.12682372908313, 258.4492153853373, 231.04773387501845, 65.85769758618599, 226.744330870024, 286.53700310715806, 172.70307604338313, 118.64066055015513, 253.26051740715332, 186.08834513276068, 302.4882427919864, 282.2544900432048, 317.2989580763003, 291.892334588744, 301.90244098719126, 153.40531433091581, 132.13017580449602, 190.36759999763242, 108.81560387671718, 150.18399839797704, 153.2644925769531]","[59.06666666666667, 70.66666666666667, 77.13333333333334, 70.73333333333333, 63.833333333333336, 75.73333333333333, 92.53333333333333, 92.33333333333333, 294.1333333333333, 317.9, 104.43333333333334, 184.26666666666668, 238.66666666666666, 166.8, 197.06666666666666, 144.66666666666666, 174.93333333333334, 194.13333333333333, 102.03333333333333, 181.7, 211.9, 226.96666666666667, 192.63333333333333, 228.36666666666667, 140.96666666666667, 283.23333333333335, 344.8666666666667, 227.03333333333333, 226.73333333333332, 248.96666666666667, 304.46666666666664, 234.46666666666667, 256.03333333333336, 209.66666666666666, 296.3, 134.93333333333334, 393.6666666666667, 322.53333333333336, 327.23333333333335, 393.1, 194.43333333333334, 336.56666666666666, 243.1, 289.1, 284.1333333333333, 281.46666666666664, 379.3666666666667, 388.03333333333336, 266.03333333333336, 209.63333333333333, 208.43333333333334, 323.06666666666666, 291.46666666666664, 213.5, 455.7, 331.6666666666667, 232.0, 176.93333333333334, 291.46666666666664, 268.53333333333336, 198.43333333333334, 420.23333333333335, 363.96666666666664, 144.83333333333334, 372.5, 453.8, 288.5, 226.26666666666668, 398.8333333333333, 303.43333333333334, 478.5, 441.06666666666666, 494.06666666666666, 448.53333333333336, 467.6, 378.3333333333333, 340.03333333333336, 453.1666666666667, 295.8333333333333, 404.3, 373.46666666666664]","[96.69815826416016, 100.46051526069641, 104.28815817832947, 107.8185453414917, 110.8040280342102, 193.09444379806519, 216.70397806167603, 241.75212621688843, 275.36963176727295, 316.28001642227173, 413.65271949768066, 440.35708022117615, 469.2211217880249, 494.99920868873596, 523.927517414093, 626.4779524803162, 655.0762755870819, 685.0498843193054, 708.0053536891937, 734.4794707298279, 863.890777349472, 920.2514967918396, 976.7154717445374, 1028.1025054454803, 1074.7695739269257, 1206.9492070674896, 1285.2885682582855, 1363.084998846054, 1432.4048528671265, 1512.3562712669373, 1679.5644946098328, 1768.901125907898, 1857.2880554199219, 1940.0251920223236, 2036.6231100559235, 2195.796518087387, 2317.5254304409027, 2433.311366081238, 2551.053827047348, 2675.187055826187, 2884.237195968628, 3025.5810759067535, 3155.6516377925873, 3289.3334238529205, 3419.793679714203, 3635.3632214069366, 3797.35307097435, 3952.7672412395477, 4099.432240009308, 4242.263109445572, 4476.172680139542, 4656.8209836483, 4824.747643232346, 5008.804702758789, 5179.98840880394, 5478.7913365364075, 5662.613445520401, 5855.1528906822205, 6055.194142103195, 6260.220520734787, 6521.197867393494, 6747.152088165283, 6966.902880907059, 7176.115546941757, 7384.349284648895, 7696.344377279282, 7922.967660188675, 8152.863132238388, 8388.075999975204, 8625.643785476685, 8945.922320842743, 9201.21093082428, 9485.252345561981, 9745.266961336136, 9996.930718660355, 10303.505741357803, 10566.620802402496, 10819.054549455643, 11092.152529239655, 11356.47072315216, 11621.672245264053]","[0, 10, 20, 30, 40, 50, 60, 70, 80, 90, 100, 110, 120, 130, 140, 150, 160, 170, 180, 190, 200, 210, 220, 230, 240, 250, 260, 270, 280, 290, 300, 310, 320, 330, 340, 350, 360, 370, 380, 390, 400, 410, 420, 430, 440, 450, 460, 470, 480, 490, 500, 510, 520, 530, 540, 550, 560, 570, 580, 590, 600, 610, 620, 630, 640, 650, 660, 670, 680, 690, 700, 710, 720, 730, 740, 750, 760, 770, 780, 790, 800]","[4, 15, 26, 37, 48, 77, 238, 399, 560, 721, 885, 1046, 1207, 1368, 1529, 1695, 1856, 2017, 2178, 2339, 2518, 2829, 3140, 3451, 3762, 4091, 4552, 5013, 5474, 5935, 6414, 7025, 7636, 8247, 8858, 9489, 10250, 11011, 11772, 12533, 13312, 14223, 15134, 16045, 16956, 17885, 18946, 20007, 21068, 22129, 23208, 24419, 25630, 26841, 28052, 29283, 30644, 32005, 33366, 34727, 36106, 37617, 39128, 40639, 42150, 43679, 45340, 47001, 48662, 50323, 52002, 53813, 55624, 57435, 59246, 61077, 63038, 64999, 66960, 68921, 70882]","[256, 128]"
qpf8lgni,pretty-eon-363,TD3BC_JS_Online,l2f_bc,crashed,https://wandb.ai/korneelvandenberghe/l2f_bc/runs/qpf8lgni,2024-10-23T21:28:23Z,328.596160893611,383.7,100.0,False,"[55.77738129807987, 124.3743455489264, 158.71875078866006, 272.7024195938967, 187.35342052765884, 268.7889700463769, 192.29160406131237, 177.34288279963693, 304.77788771644003, 316.79003147745345, 152.44070517838114, 211.2602074746825, 290.13966765135984, 233.5056311963805, 132.31881142602674, 112.52063730043042, 356.38676876417014, 269.3825482385237, 454.8386938582837, 357.8830575137984, 411.68774736679256, 261.84781303522925, 320.61659007760653, 408.5332379202927, 492.47618671917644, 307.3727376534363, 347.19764259890314, 272.09575122205246, 242.7056651732504, 497.91611075045915, 311.2804445114759, 130.34160537543224, 346.1008012133444, 409.984445826911, 192.53313043021186, 173.83406140501955, 153.61718510553519, 210.73288439269538, 113.19246683704151, 221.06784006403203, 368.92845728109234, 213.72520014200182, 221.88528952888728, 275.66770686090405, 250.46013661058066, 319.4859089434394, 220.52981553020166, 241.18306379900685, 280.30949580561634, 324.10941858465594, 399.00592385901524, 287.8076412740756, 413.5628818366329, 352.112274456219, 349.19381504703284, 306.38536478100997, 356.56107142317035, 257.2095579925591, 294.98305965707925, 328.3717384306237, 305.370730183183, 201.58614967459164, 297.39545959217673, 386.06966533866205, 400.91331326263787, 372.52293759713285, 343.4722503092878, 181.79554999843816, 229.3206244826192, 397.4820498678862, 267.0711323087781, 249.7083376249371, 274.32280796622507, 211.65675032928343, 224.78693285466358, 247.34393216186848, 262.610878963138, 375.7365758725147, 354.63872609887017, 328.596160893611]","[77.03333333333333, 175.23333333333332, 210.26666666666668, 338.6666666666667, 230.83333333333334, 318.2, 236.0, 218.83333333333334, 361.1, 375.1333333333333, 188.43333333333334, 252.86666666666667, 343.3666666666667, 277.56666666666666, 161.63333333333333, 142.4, 421.4, 318.93333333333334, 527.6, 421.76666666666665, 478.8333333333333, 311.5, 373.96666666666664, 475.73333333333335, 571.7, 364.7, 402.23333333333335, 321.8666666666667, 292.73333333333335, 576.5666666666667, 367.76666666666665, 162.5, 409.8333333333333, 476.6333333333333, 230.3, 212.96666666666667, 189.03333333333333, 252.93333333333334, 143.06666666666666, 266.6666666666667, 435.1666666666667, 256.53333333333336, 267.0, 326.5, 297.96666666666664, 376.56666666666666, 262.8, 291.53333333333336, 333.56666666666666, 383.6666666666667, 466.03333333333336, 339.73333333333335, 481.3666666666667, 413.5, 410.3, 358.8666666666667, 415.8666666666667, 303.4, 345.53333333333336, 389.2, 356.76666666666665, 243.03333333333333, 351.03333333333336, 449.23333333333335, 473.2, 436.0, 399.1333333333333, 221.16666666666666, 273.1666666666667, 459.53333333333336, 313.46666666666664, 298.26666666666665, 323.06666666666666, 257.8666666666667, 270.1333333333333, 294.3666666666667, 311.73333333333335, 437.7, 417.03333333333336, 383.7]","[95.51960158348083, 122.9298791885376, 152.2787127494812, 187.33774399757385, 217.24041366577148, 342.4177565574646, 372.7704360485077, 402.0411448478699, 437.51885199546814, 474.36025047302246, 584.1561644077301, 614.5222625732422, 648.562023639679, 680.3155405521393, 707.0834217071533, 812.0547862052917, 849.9915657043457, 884.1054289340973, 926.6371541023254, 965.547286272049, 1091.5610649585724, 1124.4549133777618, 1160.754014968872, 1201.7859807014465, 1246.9192039966583, 1361.6293141841888, 1418.176432132721, 1470.9202721118927, 1522.8084902763367, 1586.3720755577087, 1724.0810074806213, 1770.3854720592499, 1827.2383751869202, 1886.8634037971497, 1935.0459735393524, 2060.4261429309845, 2125.5732083320618, 2194.9162418842316, 2259.84698677063, 2330.0406045913696, 2496.918379306793, 2585.129499197006, 2673.8994183540344, 2764.0551385879517, 2853.286514520645, 3036.436287879944, 3144.297521352768, 3253.854158639908, 3364.79065990448, 3478.8271906375885, 3667.225113391876, 3808.745409488678, 3963.4852855205536, 4120.329572200775, 4260.259250164032, 4497.362263202667, 4667.380821466446, 4822.407186746597, 4972.5485227108, 5151.182983636856, 5370.628761053085, 5540.940887451172, 5723.087784290314, 5907.743002653122, 6093.17117857933, 6387.67834854126, 6587.564246416092, 6773.02193903923, 6960.424812078476, 7154.310113668442, 7460.829263210297, 7657.9262182712555, 7860.684497117996, 8061.939517498016, 8269.386377334595, 8540.625045537949, 8756.530430316925, 8970.20034122467, 9198.71806192398, 9410.272258758545]","[0, 10, 20, 30, 40, 50, 60, 70, 80, 90, 100, 110, 120, 130, 140, 150, 160, 170, 180, 190, 200, 210, 220, 230, 240, 250, 260, 270, 280, 290, 300, 310, 320, 330, 340, 350, 360, 370, 380, 390, 400, 410, 420, 430, 440, 450, 460, 470, 480, 490, 500, 510, 520, 530, 540, 550, 560, 570, 580, 590, 600, 610, 620, 630, 640, 650, 660, 670, 680, 690, 700, 710, 720, 730, 740, 750, 760, 770, 780, 790]","[19, 180, 341, 502, 663, 827, 988, 1149, 1310, 1471, 1635, 1796, 1957, 2118, 2279, 2443, 2604, 2765, 2926, 3087, 3251, 3412, 3573, 3734, 3895, 4074, 4385, 4696, 5007, 5318, 5632, 5943, 6254, 6565, 6876, 7205, 7666, 8127, 8588, 9049, 9528, 10139, 10750, 11361, 11972, 12601, 13362, 14123, 14884, 15645, 16424, 17335, 18246, 19157, 20068, 20997, 22058, 23119, 24180, 25241, 26320, 27531, 28742, 29953, 31164, 32393, 33754, 35115, 36476, 37837, 39201, 40562, 41923, 43284, 44645, 46024, 47535, 49046, 50557, 52068]","[256, 128]"
y7spj8s8,resilient-elevator-364,TD3BC_JS_Online,l2f_bc,crashed,https://wandb.ai/korneelvandenberghe/l2f_bc/runs/y7spj8s8,2024-10-24T07:13:33Z,-18.79500020737669,368.0,2.0,False,"[49.22788587517677, 41.25035251729649, 54.83463975754242, 39.98433997118435, 47.15710337401727, 47.22545467180029, 62.358182060624095, 86.66640524790165, 110.73928926329681, 81.02239498480456, 228.9280159331319, 123.78390007671729, 76.2714788663304, 143.43119465953626, 68.94262997961148, 91.31621135863789, 87.58871029958547, 101.08839368715034, 96.83484462014086, 51.83893933419108, 92.26198473651066, 75.77442910416767, 71.56110690660329, 90.3311166114281, 70.89727866470315, 53.41166643303486, 52.22675266097614, 39.274802579191714, 33.66954388148615, 55.85249549577821, 71.14649300395018, 65.40589364144874, 58.973869735340124, 66.66413278042288, 57.59842035518084, 75.60606416467472, 60.49558652752794, 109.00627581953766, 86.42270516768271, 112.29205506368285, 77.42336783004285, 75.43141336229559, 96.36361559628973, 155.8412212083874, 75.8848136800667, 138.8978917678464, 80.60687156266741, 189.42180545933442, 192.785256097663, 150.29089322786095, 185.16151334031426, 193.36803760034536, 150.09988120959807, 283.57393682177957, 140.55623687131535, 92.85293255312058, 72.81383560426448, 88.07073064018563, 109.71996752216332, 94.09414647411673, 71.02355898238504, 177.1387258676921, 110.82904505440003, 27.995543567081686, 128.2566827168567, 118.79089265231123, 41.74069897049749, 73.88215725211717, 86.36961842488158, 39.629352345965245, 6.413473792201362, -3.681104610829627, -7.994996266403101, -15.99486907093777, -18.79500020737669]","[72.93333333333334, 61.333333333333336, 79.7, 61.5, 73.13333333333334, 69.6, 90.36666666666666, 118.7, 140.43333333333334, 109.9, 287.3, 167.4, 116.26666666666667, 192.8, 103.86666666666666, 132.0, 124.46666666666667, 142.56666666666666, 134.73333333333332, 80.83333333333333, 133.56666666666666, 108.06666666666666, 107.23333333333333, 129.26666666666668, 108.8, 94.83333333333333, 100.8, 81.23333333333333, 74.33333333333333, 101.5, 127.13333333333334, 119.5, 103.93333333333334, 115.73333333333333, 101.26666666666667, 126.9, 109.2, 174.7, 142.8, 173.96666666666667, 174.9, 171.16666666666666, 182.5, 273.23333333333335, 157.1, 246.83333333333334, 171.4, 340.56666666666666, 333.1666666666667, 263.0, 335.1, 334.2, 271.0, 449.96666666666664, 260.4, 287.9, 251.46666666666667, 302.3, 323.26666666666665, 288.6666666666667, 257.03333333333336, 450.8, 320.53333333333336, 172.4, 365.03333333333336, 327.8666666666667, 189.6, 262.43333333333334, 277.73333333333335, 172.03333333333333, 429.0, 426.76666666666665, 265.1333333333333, 303.8333333333333, 368.0]","[92.08062267303467, 95.11072874069214, 98.78830313682556, 101.80656170845032, 105.19219923019409, 191.13022899627686, 214.1578712463379, 238.26050448417664, 263.3560733795166, 287.1325340270996, 396.2708821296692, 423.60859274864197, 447.69158697128296, 474.87326431274414, 498.7572228908539, 604.7354335784912, 648.9080295562744, 693.154382944107, 736.6798183917999, 778.1759068965912, 896.9111459255219, 958.2504715919495, 1019.4390347003937, 1082.7413704395294, 1144.8033771514893, 1292.8484289646149, 1372.744294166565, 1452.1748101711273, 1530.3046734333038, 1608.8375613689423, 1763.9507930278778, 1863.4744637012482, 1962.66464304924, 2062.266213417053, 2160.4644768238068, 2338.267825126648, 2455.285076856613, 2576.934604406357, 2695.036069393158, 2816.246949195862, 3023.453839302063, 3162.6006433963776, 3301.8095927238464, 3446.9251108169556, 3586.579338312149, 3815.212289571762, 3973.348428249359, 4135.705734729767, 4301.339978218079, 4462.990390300751, 4723.504298210144, 4907.3966364860535, 5088.092806100845, 5278.668655872345, 5461.498799324036, 5721.171807527542, 5919.7601001262665, 6120.732718706131, 6323.338922739029, 6526.367661237717, 6799.728370666504, 7027.050180196762, 7246.522583723068, 7462.099107980728, 7684.4477252960205, 7987.690403223038, 8220.804332971573, 8459.172468662262, 8699.241443872452, 8927.73762011528, 9250.642899036407, 9508.683110237122, 9758.745560646057, 10010.807926893234, 10265.88638663292]","[0, 10, 20, 30, 40, 50, 60, 70, 80, 90, 100, 110, 120, 130, 140, 150, 160, 170, 180, 190, 200, 210, 220, 230, 240, 250, 260, 270, 280, 290, 300, 310, 320, 330, 340, 350, 360, 370, 380, 390, 400, 410, 420, 430, 440, 450, 460, 470, 480, 490, 500, 510, 520, 530, 540, 550, 560, 570, 580, 590, 600, 610, 620, 630, 640, 650, 660, 670, 680, 690, 700, 710, 720, 730, 740]","[4, 15, 26, 37, 48, 77, 238, 399, 560, 721, 887, 1048, 1209, 1370, 1531, 1710, 2021, 2332, 2643, 2954, 3283, 3744, 4205, 4666, 5127, 5608, 6219, 6830, 7441, 8052, 8681, 9442, 10203, 10964, 11725, 12504, 13415, 14326, 15237, 16148, 17079, 18140, 19201, 20262, 21323, 22402, 23613, 24824, 26035, 27246, 28475, 29836, 31197, 32558, 33919, 35300, 36811, 38322, 39833, 41344, 42873, 44534, 46195, 47856, 49517, 51196, 53007, 54818, 56629, 58440, 60271, 62232, 64193, 66154, 68115]","[256, 128]"
v64bkri6,flowing-gorge-365,TD3BC_JS_Online,l2f_bc,crashed,https://wandb.ai/korneelvandenberghe/l2f_bc/runs/v64bkri6,2024-10-24T07:18:17Z,234.71305544693237,278.5,100.0,True,"[57.46125931485183, 42.24829439264839, 35.2334497651597, 33.83635069523017, 43.46739308356207, 54.948407844657225, 88.09603967411002, 119.11596129768621, 154.69050311105036, 184.9286319809028, 280.4529598642775, 296.2879555419746, 303.95586620327833, 257.41540006376016, 373.98250986662555, 117.9771991582823, 198.8085261153713, 192.80291585046956, 284.17026978986195, 219.77006305856622, 238.32473534911304, 320.4401072473972, 199.13599913383612, 165.10385971990115, 203.78194838581345, 224.6923988122085, 269.4112004917415, 270.66363000175903, 312.45581845212797, 354.10331728169353, 302.1462995960583, 233.63751425421523, 245.96228373241127, 270.8077735678298, 336.0126209558345, 218.7578348725273, 335.41389660907186, 314.193760706429, 251.90876907440764, 226.4995435028603, 192.8238342761139, 264.1359829658758, 337.0666359052467, 274.61948085892703, 213.2793674112409, 176.94167564528345, 220.8168491788553, 306.1678308888912, 237.4734096158375, 164.71208566847497, 189.6270098987223, 226.87714202050014, 286.50228488957407, 168.01709360285915, 193.7831106817362, 137.1983025016176, 253.9967919876811, 323.8000004495245, 214.86195743834378, 216.6281332507309, 173.8681027621329, 222.220008440291, 285.18068389752335, 307.93307603490547, 299.07783408218245, 277.72539885489533, 285.1682447862356, 287.72313621341215, 296.6173827872363, 234.71305544693237]","[79.86666666666666, 63.233333333333334, 56.266666666666666, 53.233333333333334, 66.73333333333333, 77.56666666666666, 123.0, 152.5, 192.5, 227.66666666666666, 325.6, 342.3333333333333, 351.43333333333334, 304.93333333333334, 427.8333333333333, 150.33333333333334, 241.93333333333334, 231.86666666666667, 331.73333333333335, 263.76666666666665, 284.1666666666667, 371.8, 237.53333333333333, 198.5, 243.26666666666668, 269.6333333333333, 316.56666666666666, 317.3666666666667, 367.93333333333334, 408.8666666666667, 353.43333333333334, 275.4, 294.03333333333336, 316.8333333333333, 393.3666666666667, 259.23333333333335, 389.26666666666665, 368.4, 298.06666666666666, 268.5, 233.96666666666667, 309.23333333333335, 392.8666666666667, 325.2, 254.93333333333334, 214.8, 265.1333333333333, 357.93333333333334, 282.3, 203.1, 226.86666666666667, 270.8, 337.2, 204.93333333333334, 229.16666666666666, 171.73333333333332, 300.26666666666665, 377.96666666666664, 259.6333333333333, 259.46666666666664, 211.7, 263.2, 336.3333333333333, 357.8333333333333, 349.3333333333333, 328.43333333333334, 337.43333333333334, 338.3666666666667, 345.93333333333334, 278.5]","[116.60239601135254, 119.82094073295593, 122.46992373466492, 125.3650393486023, 128.47328543663025, 238.0435073375702, 262.9404294490814, 291.1309235095978, 323.58129382133484, 355.874520778656, 478.37773966789246, 512.9707143306732, 548.6413056850433, 582.0449230670929, 621.5146384239197, 731.3896164894104, 781.1980888843536, 829.545910358429, 882.3321149349213, 933.1343944072723, 1071.8625729084015, 1126.7827982902527, 1176.3209311962128, 1224.3055200576782, 1274.793524980545, 1413.510486125946, 1485.0173025131226, 1556.376938343048, 1630.4701879024506, 1706.719331741333, 1860.7310240268707, 1950.3067700862885, 2039.7382125854492, 2130.194860935211, 2224.0382952690125, 2391.8523182868958, 2506.178951740265, 2619.616943359375, 2727.9504420757294, 2836.348827123642, 3034.1337740421295, 3163.1398453712463, 3295.1673533916473, 3425.0283069610596, 3551.564846277237, 3763.9600393772125, 3910.7016916275024, 4061.701814174652, 4209.788100481033, 4353.437597751617, 4581.822617769241, 4745.9072506427765, 4914.948454141617, 5077.299710273743, 5241.238189697266, 5478.796023845673, 5666.801500082016, 5854.1252653598785, 6037.807077169418, 6220.616352319717, 6488.447373867035, 6691.544089078903, 6899.739270448685, 7108.4086747169495, 7316.759883642197, 7598.434741735458, 7823.424044132233, 8052.128616809845, 8278.787611722946, 8503.060248374939]","[0, 10, 20, 30, 40, 50, 60, 70, 80, 90, 100, 110, 120, 130, 140, 150, 160, 170, 180, 190, 200, 210, 220, 230, 240, 250, 260, 270, 280, 290, 300, 310, 320, 330, 340, 350, 360, 370, 380, 390, 400, 410, 420, 430, 440, 450, 460, 470, 480, 490, 500, 510, 520, 530, 540, 550, 560, 570, 580, 590, 600, 610, 620, 630, 640, 650, 660, 670, 680, 690]","[4, 15, 26, 37, 48, 77, 238, 399, 560, 721, 885, 1046, 1207, 1368, 1529, 1708, 2019, 2330, 2641, 2952, 3286, 3597, 3908, 4219, 4530, 4859, 5320, 5781, 6242, 6703, 7182, 7793, 8404, 9015, 9626, 10255, 11016, 11777, 12538, 13299, 14138, 15049, 15960, 16871, 17782, 18711, 19772, 20833, 21894, 22955, 24034, 25245, 26456, 27667, 28878, 30107, 31468, 32829, 34190, 35551, 37030, 38541, 40052, 41563, 43074, 44603, 46264, 47925, 49586, 51247]","[256, 128]"
jewl1gp1,dark-lake-367,BC,l2f_bc,crashed,https://wandb.ai/korneelvandenberghe/l2f_bc/runs/jewl1gp1,2024-10-25T08:22:21Z,14.402186062459624,33.3,100.0,False,[14.402186062459625],[33.3],[32.49994874000549],[0],[24],"[64, 64]"
vfkg481x,autumn-shape-368,BC,l2f_bc,crashed,https://wandb.ai/korneelvandenberghe/l2f_bc/runs/vfkg481x,2024-10-25T08:23:33Z,20.88294362973119,38.35,100.0,False,[20.882943629731194],[38.35],[32.47123599052429],[0],[24],"[128, 128]"
odbyd6el,splendid-valley-369,BC,l2f_bc,crashed,https://wandb.ai/korneelvandenberghe/l2f_bc/runs/odbyd6el,2024-10-25T08:24:56Z,15.804681632048652,37.95,100.0,False,[15.804681632048652],[37.95],[32.42703175544739],[0],[24],"[32, 32]"
vbw3uhka,zesty-fog-370,BC,l2f_bc,crashed,https://wandb.ai/korneelvandenberghe/l2f_bc/runs/vbw3uhka,2024-10-25T08:25:46Z,63.87823872807676,89.65,100.0,False,"[17.190051176045436, 21.170019494330823, 18.98178958385889, 20.41931223712454, 19.726584156410844, 14.744783263078824, 23.720095621212984, 16.028068885326572, 18.603324365889044, 15.77864736113366, 36.71726039871001, 18.934273613983528, 16.477571935949644, 22.766752120971773, 149.27425797177327, 138.50723412613885, 15.706679550089053, 23.028184634737634, 195.80922377901172, 62.34808396252129, 61.772955371894604, 63.87823872807676]","[37.45, 39.25, 37.1, 35.8, 37.8, 34.95, 43.5, 34.5, 32.9, 35.15, 60.5, 39.45, 34.7, 47.4, 189.6, 178.05, 35.3, 46.9, 234.75, 86.0, 83.4, 89.65]","[34.62289524078369, 289.7113115787506, 545.5536544322968, 792.8384947776794, 1046.1563878059387, 1294.1145839691162, 1539.0145325660706, 1791.7417476177216, 2051.6140599250793, 2300.211733818054, 2548.723539829254, 2800.019132375717, 3061.7450828552246, 3310.1871037483215, 3560.5575053691864, 3822.47811293602, 4073.2554502487183, 4330.543992996216, 4592.785443544388, 4848.124765396118, 5097.371167898178, 5354.278253793716]","[0, 10, 20, 30, 40, 50, 60, 70, 80, 90, 100, 110, 120, 130, 140, 150, 160, 170, 180, 190, 200, 210]","[23, 245, 467, 689, 911, 1133, 1355, 1577, 1799, 2021, 2243, 2465, 2687, 2909, 3131, 3353, 3575, 3797, 4019, 4241, 4463, 4685]","[32, 32]"
bvz36hpu,drawn-fog-371,BC,l2f_bc,crashed,https://wandb.ai/korneelvandenberghe/l2f_bc/runs/bvz36hpu,2024-10-25T08:25:51Z,357.4114052861904,421.8,100.0,False,"[21.167850505709428, 18.254661592284194, 63.428094766347044, 235.95884754970925, 187.46798918852778, 233.7219260479169, 233.58918945412103, 105.45267753202037, 149.33086823146508, 320.4297418978478, 361.7908644664223, 277.46695480466786, 315.89680354833996, 400.07923267806655, 312.66680125298785, 231.72057214581687, 271.29946699833164, 189.82345393365577, 316.68330248075074, 275.7714282840842, 357.4114052861904]","[39.85, 39.2, 91.7, 282.45, 227.65, 280.8, 278.75, 137.7, 183.05, 380.05, 422.95, 324.65, 374.6, 474.5, 372.85, 279.95, 321.1, 233.2, 372.15, 327.2, 421.8]","[32.3838255405426, 284.76984667778015, 534.0313711166382, 801.9047873020172, 1056.245379447937, 1328.6137175559998, 1586.4043493270874, 1842.2161512374878, 2092.5781989097595, 2361.8192908763885, 2628.845078229904, 2887.2060854434967, 3153.7119901180267, 3423.785253763199, 3689.020363807678, 3948.8561441898346, 4212.608530759811, 4469.016968011856, 4727.095348119736, 5004.10000371933, 5263.521492481232]","[0, 10, 20, 30, 40, 50, 60, 70, 80, 90, 100, 110, 120, 130, 140, 150, 160, 170, 180, 190, 200]","[23, 245, 467, 689, 911, 1133, 1355, 1577, 1799, 2021, 2243, 2465, 2687, 2909, 3131, 3353, 3575, 3797, 4019, 4241, 4463]","[128, 128]"
4zorrudk,olive-wildflower-372,BC,l2f_bc,crashed,https://wandb.ai/korneelvandenberghe/l2f_bc/runs/4zorrudk,2024-10-25T08:25:59Z,144.82671593204535,180.55,100.0,False,"[17.570106565372356, 20.78179184602643, 147.56043367552354, 190.65377572681615, 186.00923608824053, 245.57108997671494, 157.53924760680098, 191.09905343085845, 106.468507097206, 321.78679156661804, 106.1195206450142, 109.4652201856813, 108.94304359904424, 106.1855305337369, 194.36942744562754, 242.68055633378282, 231.3717456099063, 235.98668536308463, 107.83941032010746, 145.48529111152342, 102.56687025611384, 364.84614471108483, 144.82671593204535]","[35.55, 39.35, 180.1, 235.1, 231.45, 299.2, 194.1, 231.9, 136.95, 376.45, 137.4, 139.8, 140.85, 138.2, 239.5, 289.45, 275.7, 281.7, 141.95, 183.3, 131.8, 426.85, 180.55]","[32.53996205329895, 270.80863857269287, 514.5938894748688, 761.0698044300079, 1006.8531618118286, 1254.049736738205, 1497.5051946640015, 1742.0109853744507, 1982.7383818626404, 2232.244713783264, 2474.460949420929, 2715.9764773845673, 2958.359349966049, 3199.639205932617, 3442.978500843048, 3688.8920891284943, 3934.509423017502, 4180.39059138298, 4421.698693037033, 4665.411594629288, 4906.410637378693, 5156.461379528046, 5399.365962266922]","[0, 10, 20, 30, 40, 50, 60, 70, 80, 90, 100, 110, 120, 130, 140, 150, 160, 170, 180, 190, 200, 210, 220]","[23, 245, 467, 689, 911, 1133, 1355, 1577, 1799, 2021, 2243, 2465, 2687, 2909, 3131, 3353, 3575, 3797, 4019, 4241, 4463, 4685, 4907]","[64, 64]"
8ybcdi08,colorful-armadillo-373,BC,l2f_bc,finished,https://wandb.ai/korneelvandenberghe/l2f_bc/runs/8ybcdi08,2024-10-25T11:35:20Z,21.2704541390757,41.0,50.0,False,"[20.379104270908115, 20.212300815126778, 68.53804044043997, 146.45517832806507, 150.21351397606844, 16.742946738975753, 63.04505727669732, 65.53929565154502, 107.26298958298995, 18.95666753354029, 60.25077247386564, 109.48561022002878, 18.9819725119134, 110.43976572443879, 146.95097918534194, 104.81983833074875, 152.44093036077237, 235.32851715746466, 105.21102612901427, 104.43277482283945, 113.35768879275406, 61.498863204759644, 19.448108858339697, 20.126314597556807, 149.22311761553527, 141.5745066924607, 107.23082016869174, 20.102149257960203, 106.31278914769348, 21.2704541390757]","[33.6, 37.85, 92.35, 185.2, 186.1, 32.95, 87.4, 92.45, 137.5, 38.9, 85.3, 136.35, 39.2, 141.55, 185.15, 132.25, 184.85, 283.8, 130.65, 133.1, 147.85, 89.7, 38.45, 40.05, 180.95, 173.4, 136.85, 39.2, 139.3, 41.0]","[30.3818302154541, 276.41391587257385, 530.2806329727173, 790.903156042099, 1043.097205400467, 1291.9605543613434, 1542.591810464859, 1795.8674159049988, 2049.838121175766, 2301.2225766181946, 2547.9761550426483, 2798.943233013153, 3051.754084587097, 3325.1925573349, 3585.959039926529, 3846.75048327446, 4108.773739099503, 4364.941217422485, 4614.516002655029, 4864.9294810295105, 5122.491984844208, 5374.203260421753, 5613.935832977295, 5865.5192267894745, 6119.626594781876, 6374.517309188843, 6630.890241384506, 6884.3570165634155, 7132.254346609116, 7388.4537358284]","[0, 10, 20, 30, 40, 50, 60, 70, 80, 90, 100, 110, 120, 130, 140, 150, 160, 170, 180, 190, 200, 210, 220, 230, 240, 250, 260, 270, 280, 290]","[23, 245, 467, 689, 911, 1133, 1355, 1577, 1799, 2021, 2243, 2465, 2687, 2909, 3131, 3353, 3575, 3797, 4019, 4241, 4463, 4685, 4907, 5129, 5351, 5573, 5795, 6017, 6239, 6461]","[32, 32]"
c8r6e19g,dutiful-waterfall-374,BC,l2f_bc,finished,https://wandb.ai/korneelvandenberghe/l2f_bc/runs/c8r6e19g,2024-10-25T11:36:02Z,190.15883714219729,227.3,50.0,False,"[16.514900881262403, 104.64533115702663, 103.47199413784563, 236.32515380018717, 194.8776401771458, 240.56988851333267, 106.74218278628022, 316.10400592720504, 152.98394624108738, 454.8140308948008, 232.4568736697021, 190.32746593402297, 150.0636570806941, 233.73982501276336, 276.3987317238415, 143.9390719741749, 193.27193057412683, 145.81346314494357, 237.25433342174992, 229.4467258051854, 100.75274693884053, 279.374849075933, 147.5729176854494, 191.60879495886698, 146.86498797628386, 235.04243048492967, 191.02444287443666, 149.53792294157725, 231.72690594181412, 190.15883714219726]","[35.1, 140.65, 133.25, 281.3, 236.15, 285.7, 142.5, 372.65, 190.65, 524.65, 279.85, 229.7, 187.25, 280.6, 322.15, 180.0, 239.3, 185.75, 283.95, 275.8, 129.9, 334.2, 185.2, 233.65, 181.7, 276.9, 229.8, 185.3, 276.45, 227.3]","[35.89456820487976, 300.4416308403015, 556.6151902675629, 817.0122737884521, 1068.5107061862946, 1327.227421283722, 1583.4744234085083, 1848.723462343216, 2106.9675998687744, 2377.0688672065735, 2637.9239313602448, 2898.987191438675, 3146.9362852573395, 3403.197439432144, 3654.3504872322083, 3911.737874984741, 4168.204813957214, 4427.516194105148, 4690.095462322235, 4952.7329931259155, 5212.245308160782, 5474.106812000275, 5730.848806858063, 5987.630425691605, 6244.175838708878, 6493.641396522522, 6755.224058151245, 7015.621708393097, 7270.75151014328, 7534.023855924606]","[0, 10, 20, 30, 40, 50, 60, 70, 80, 90, 100, 110, 120, 130, 140, 150, 160, 170, 180, 190, 200, 210, 220, 230, 240, 250, 260, 270, 280, 290]","[23, 245, 467, 689, 911, 1133, 1355, 1577, 1799, 2021, 2243, 2465, 2687, 2909, 3131, 3353, 3575, 3797, 4019, 4241, 4463, 4685, 4907, 5129, 5351, 5573, 5795, 6017, 6239, 6461]","[64, 64]"
240kfc00,fancy-monkey-376,BC,l2f_bc,finished,https://wandb.ai/korneelvandenberghe/l2f_bc/runs/240kfc00,2024-10-25T11:36:40Z,230.82342001714824,278.95,50.0,False,"[23.298814447563668, 232.69495119624457, 101.75971641004523, 105.55835306790775, 366.46414019459473, 189.16376337213214, 146.1828130342639, 268.5704507323961, 186.32360406725076, 278.12140440009017, 532.6221015430746, 277.0237626053527, 193.4070870387806, 440.0255091910575, 405.84166109878663, 404.74170297581924, 145.45872767121404, 274.6953156570684, 447.1068346127221, 147.84665179154254, 360.7863857153972, 279.84653039888616, 320.1034110306936, 277.8728424045727, 102.95417930971549, 403.9723147046982, 320.4232161220809, 235.2657147419822, 151.37256806551804, 230.82342001714824]","[40.65, 275.65, 127.15, 135.4, 432.6, 227.95, 184.8, 324.05, 225.8, 324.7, 620.4, 330.5, 241.65, 515.85, 479.5, 472.45, 179.65, 322.8, 517.8, 182.9, 420.75, 335.05, 379.5, 333.1, 134.5, 473.95, 380.5, 293.6, 188.25, 278.95]","[31.907417058944702, 273.01304268836975, 510.4314179420471, 747.1848709583282, 991.9047176837921, 1231.7800107002258, 1469.459980726242, 1712.11456990242, 1952.2575423717499, 2196.124064683914, 2446.0435087680817, 2689.808704853058, 2934.303344964981, 3182.7029037475586, 3430.459591150284, 3677.9227368831635, 3917.21146440506, 4160.504799127579, 4409.359781265259, 4652.288811922073, 4898.887319803238, 5141.5709817409515, 5385.631855249405, 5629.78112411499, 5866.269818067551, 6115.129461526871, 6361.458924531937, 6601.574867248535, 6841.537086248398, 7081.405988931656]","[0, 10, 20, 30, 40, 50, 60, 70, 80, 90, 100, 110, 120, 130, 140, 150, 160, 170, 180, 190, 200, 210, 220, 230, 240, 250, 260, 270, 280, 290]","[23, 245, 467, 689, 911, 1133, 1355, 1577, 1799, 2021, 2243, 2465, 2687, 2909, 3131, 3353, 3575, 3797, 4019, 4241, 4463, 4685, 4907, 5129, 5351, 5573, 5795, 6017, 6239, 6461]","[128, 128]"
n95owr5w,sweet-sunset-377,BC,l2f_bc,finished,https://wandb.ai/korneelvandenberghe/l2f_bc/runs/n95owr5w,2024-10-25T13:38:28Z,531.9806164667376,615.0,50.0,False,"[20.10222334650898, 232.49916428359, 276.0078560769036, 103.3292861572238, 316.69509235951625, 275.3936450693451, 237.57876797111422, 147.48217766867776, 272.7438799137509, 359.2831459618204, 363.6341158665298, 318.80505351177214, 193.50368711124105, 318.57416726735954, 275.4581840478458, 102.52701841937703, 237.3324110839447, 273.91115073805247, 149.12472175782946, 273.8476554434982, 363.6069380606379, 313.09152732456636, 273.74393377159987, 318.6054805424509, 445.36556120258655, 407.2561367637953, 318.8844424918754, 188.52487044338284, 143.20921195198653, 531.9806164667376]","[37.05, 282.65, 328.6, 128.4, 374.05, 326.1, 282.9, 182.3, 322.5, 421.0, 423.95, 377.3, 238.2, 376.2, 327.35, 130.25, 282.7, 330.7, 186.15, 324.2, 429.85, 365.0, 324.5, 377.55, 515.65, 478.45, 375.25, 225.6, 176.9, 615.0]","[32.427727699279785, 273.2117156982422, 514.9682087898254, 764.6228413581848, 1008.2671196460724, 1252.233817100525, 1492.6119229793549, 1730.9495453834534, 1971.800389289856, 2215.5144653320312, 2457.770467042923, 2699.317195415497, 2936.904100894928, 3178.5109980106354, 3419.8739948272705, 3655.8741493225098, 3893.214699268341, 4133.654859304428, 4369.925156116486, 4610.840761423111, 4854.584086179733, 5095.152846336365, 5334.469439744949, 5577.3184950351715, 5822.368317127228, 6068.683594703674, 6312.075304985046, 6551.200574874878, 6788.295034170151, 7038.740022420883]","[0, 10, 20, 30, 40, 50, 60, 70, 80, 90, 100, 110, 120, 130, 140, 150, 160, 170, 180, 190, 200, 210, 220, 230, 240, 250, 260, 270, 280, 290]","[23, 245, 467, 689, 911, 1133, 1355, 1577, 1799, 2021, 2243, 2465, 2687, 2909, 3131, 3353, 3575, 3797, 4019, 4241, 4463, 4685, 4907, 5129, 5351, 5573, 5795, 6017, 6239, 6461]","[128, 128]"
88iydys7,breezy-galaxy-378,BC,l2f_bc,finished,https://wandb.ai/korneelvandenberghe/l2f_bc/runs/88iydys7,2024-10-25T13:42:25Z,154.07683690834435,191.75,50.0,False,"[19.013349578884625, 19.210049875868634, 97.98011350304023, 59.193315275856854, 69.21272523074558, 65.2045917932779, 108.49944958059332, 154.25366193425847, 105.36482644371006, 145.06411260630097, 149.30466369565556, 55.8062717725537, 112.65942199613346, 190.81695619619003, 152.20356898485198, 188.85093897894754, 62.53245918804356, 193.86151835031148, 105.56616528580578, 60.095808423042534, 149.57648314318644, 59.80448919140592, 17.961930521662133, 107.63978251931364, 20.66541728759895, 66.66266254375968, 105.60103126761555, 21.14609994040125, 107.37445474701755, 154.07683690834435]","[37.45, 37.85, 134.0, 87.5, 99.8, 88.4, 139.95, 193.05, 134.2, 184.4, 186.75, 78.25, 143.15, 229.9, 191.35, 230.2, 85.35, 238.25, 135.8, 85.5, 188.4, 83.6, 36.4, 134.65, 42.55, 93.35, 133.9, 39.25, 135.65, 191.75]","[34.05380702018738, 286.729834318161, 547.4962592124939, 799.7643465995789, 1052.5348961353302, 1307.7985906600952, 1559.37069106102, 1811.9799401760101, 2059.244089126587, 2314.5616250038147, 2571.028908967972, 2825.9532136917114, 3080.5320971012115, 3338.92413187027, 3604.315549850464, 3862.4868416786194, 4121.160483598709, 4372.494621515274, 4623.512006521225, 4877.390751123428, 5128.720241785049, 5377.281069755554, 5635.435735940933, 5897.8749322891235, 6147.553741931915, 6408.856333494186, 6660.536691904068, 6898.635801076889, 7154.198318481445, 7424.534055948257]","[0, 10, 20, 30, 40, 50, 60, 70, 80, 90, 100, 110, 120, 130, 140, 150, 160, 170, 180, 190, 200, 210, 220, 230, 240, 250, 260, 270, 280, 290]","[23, 245, 467, 689, 911, 1133, 1355, 1577, 1799, 2021, 2243, 2465, 2687, 2909, 3131, 3353, 3575, 3797, 4019, 4241, 4463, 4685, 4907, 5129, 5351, 5573, 5795, 6017, 6239, 6461]","[32, 32]"
wxsx8xl7,winter-tree-379,BC,l2f_bc,finished,https://wandb.ai/korneelvandenberghe/l2f_bc/runs/wxsx8xl7,2024-10-25T13:45:37Z,230.84898152286792,277.9,50.0,False,"[16.68039865017652, 101.31753787042906, 107.26643256298385, 199.92762610194922, 103.15121632453751, 325.2189397460113, 240.10414140432204, 190.15598706739578, 100.72024832450543, 275.1453125285101, 232.75524496302916, 149.22911005741437, 234.17161400359728, 277.32022475718014, 315.3223452075052, 109.29839907239916, 104.47886349676287, 104.10144139475896, 105.81270740127471, 108.31768870422704, 278.8053353431043, 318.7511382829219, 360.04456030431163, 187.54535486393485, 59.746326828314125, 102.34395883549462, 198.57519931868416, 199.30611199360442, 148.57762358765234, 230.84898152286792]","[36.2, 128.75, 138.65, 243.0, 132.0, 383.8, 287.5, 229.4, 131.5, 325.9, 278.75, 185.8, 281.25, 324.85, 366.85, 144.65, 136.05, 135.9, 135.05, 136.4, 330.15, 375.5, 429.1, 223.9, 79.35, 133.05, 244.65, 240.35, 184.6, 277.9]","[31.927550554275513, 288.50017523765564, 544.6478264331818, 800.1702620983124, 1058.943814277649, 1324.6235649585724, 1585.1241183280945, 1846.1816272735596, 2101.0807495117188, 2358.0357575416565, 2607.1991064548492, 2858.497039794922, 3112.945905685425, 3365.4572126865387, 3623.187464237213, 3870.2293903827667, 4121.474918842316, 4376.18324136734, 4626.76810002327, 4883.152311086655, 5141.935933828354, 5402.501196146011, 5658.522749185562, 5918.7254955768585, 6169.77668762207, 6418.89354634285, 6686.655110836029, 6948.266533136368, 7194.453258275986, 7454.413988828659]","[0, 10, 20, 30, 40, 50, 60, 70, 80, 90, 100, 110, 120, 130, 140, 150, 160, 170, 180, 190, 200, 210, 220, 230, 240, 250, 260, 270, 280, 290]","[23, 245, 467, 689, 911, 1133, 1355, 1577, 1799, 2021, 2243, 2465, 2687, 2909, 3131, 3353, 3575, 3797, 4019, 4241, 4463, 4685, 4907, 5129, 5351, 5573, 5795, 6017, 6239, 6461]","[64, 64]"
v6vhhmr1,lyric-sunset-380,BC,l2f_bc,finished,https://wandb.ai/korneelvandenberghe/l2f_bc/runs/v6vhhmr1,2024-10-25T15:39:33Z,276.1062052485033,329.35,50.0,False,"[18.593071302926795, 149.743563884171, 61.18186874715583, 188.3458835024385, 272.9236875620642, 228.3318756043961, 359.6058525450307, 233.41211247636124, 186.3353495804034, 359.2462143246757, 150.57030857153126, 272.3872574225878, 318.7572627871105, 229.60900276817202, 268.1094947813768, 364.68106470521747, 446.46259518304396, 402.3028991108609, 452.0405072990332, 277.9158985704683, 318.4897316985075, 266.1797855733424, 238.0139074948633, 323.25268073585147, 196.6977307173555, 236.603337106979, 355.4525953121723, 324.5742576145945, 363.5012194134558, 276.1062052485033]","[37.9, 188.7, 85.9, 229.45, 323.6, 276.05, 432.25, 284.85, 224.2, 422.0, 192.2, 325.95, 379.2, 279.3, 324.9, 430.25, 519.6, 475.5, 518.35, 329.55, 376.45, 320.85, 284.1, 380.75, 245.6, 286.05, 422.5, 379.75, 426.15, 329.35]","[32.05748772621155, 274.0281193256378, 511.3196039199829, 752.456337928772, 997.0177762508392, 1240.63627743721, 1488.1667211055756, 1733.2144055366516, 1976.6331312656403, 2224.3251917362213, 2464.486524105072, 2709.2301313877106, 2956.304335832596, 3199.370457649231, 3444.296602487564, 3691.913252353668, 3941.943244934082, 4190.443302631378, 4440.695791244507, 4685.324938297272, 4931.097437620163, 5175.164087533951, 5417.94543671608, 5664.597002506256, 5904.763568401337, 6146.704229354858, 6394.1928794384, 6640.67352437973, 6888.017791509628, 7133.392614364624]","[0, 10, 20, 30, 40, 50, 60, 70, 80, 90, 100, 110, 120, 130, 140, 150, 160, 170, 180, 190, 200, 210, 220, 230, 240, 250, 260, 270, 280, 290]","[23, 245, 467, 689, 911, 1133, 1355, 1577, 1799, 2021, 2243, 2465, 2687, 2909, 3131, 3353, 3575, 3797, 4019, 4241, 4463, 4685, 4907, 5129, 5351, 5573, 5795, 6017, 6239, 6461]","[128, 128]"
s1v2trz8,usual-shape-381,BC,l2f_bc,finished,https://wandb.ai/korneelvandenberghe/l2f_bc/runs/s1v2trz8,2024-10-25T15:50:16Z,190.92770303507075,231.45,2.0,False,"[18.13379606811717, 20.15734295571011, 17.354246535584117, 19.524117834549862, 40.720442792510916, 28.157726087047717, 72.60300712698114, 17.694938893385437, 186.82702794724634, 153.40716969893452, 67.24818112711617, 104.82749218796566, 196.25672004575293, 152.56988724182776, 66.99049526918836, 108.42773931414365, 148.8504449212006, 110.89109488624703, 189.71188607950177, 103.55977468325432, 106.00386560229597, 74.85538335080977, 107.53141113830853, 109.96645073478392, 236.2530330336504, 62.21172050256854, 233.1704295618647, 110.05775948620585, 194.61463131424287, 190.92770303507075]","[35.9, 38.2, 35.2, 37.3, 67.4, 47.8, 98.4, 37.65, 230.55, 193.65, 89.85, 135.3, 234.9, 191.8, 93.65, 139.8, 187.5, 137.8, 228.75, 133.45, 137.85, 96.9, 139.65, 138.1, 282.75, 88.05, 276.15, 142.8, 233.35, 231.45]","[31.701284408569336, 270.09747338294983, 513.2602739334106, 759.2812330722809, 1009.8372967243195, 1261.423190355301, 1521.3818397521973, 1771.1446285247803, 2024.6052734851837, 2276.6552662849426, 2520.768001317978, 2772.717125415802, 3033.6798088550568, 3281.0769486427307, 3522.1568150520325, 3770.7203810214996, 4021.583662509918, 4267.022531747818, 4516.16841006279, 4772.406536579132, 5023.108761310577, 5266.130516529083, 5518.982344150543, 5762.6243143081665, 6009.440190553665, 6252.429372787476, 6502.158105134964, 6743.6879098415375, 6991.829709291458, 7244.456967353821]","[0, 10, 20, 30, 40, 50, 60, 70, 80, 90, 100, 110, 120, 130, 140, 150, 160, 170, 180, 190, 200, 210, 220, 230, 240, 250, 260, 270, 280, 290]","[23, 245, 467, 689, 911, 1133, 1355, 1577, 1799, 2021, 2243, 2465, 2687, 2909, 3131, 3353, 3575, 3797, 4019, 4241, 4463, 4685, 4907, 5129, 5351, 5573, 5795, 6017, 6239, 6461]","[32, 32]"
1xaihl01,brisk-cherry-382,BC,l2f_bc,finished,https://wandb.ai/korneelvandenberghe/l2f_bc/runs/1xaihl01,2024-10-25T15:53:54Z,237.38946195484883,281.9,50.0,False,"[17.586762963148026, 16.32716652383609, 59.50634140608271, 64.7482305718978, 229.08564956637707, 188.42499037718375, 230.39158617612105, 201.68599793021454, 63.201982520312626, 152.02159787566006, 193.25423113789094, 187.66331622972615, 150.64323026866106, 184.04585231662543, 191.58078101229762, 362.57741775484493, 192.12683208114268, 230.1682319831206, 107.8777823510851, 231.6636328953676, 327.8869575824306, 235.39190448042422, 147.51987784563798, 63.91541658985632, 154.3346433304269, 21.299751542650426, 146.2395203221554, 280.9734162783741, 190.9138892467222, 237.38946195484885]","[35.5, 36.15, 88.5, 93.75, 279.8, 223.75, 280.15, 244.15, 88.65, 187.4, 229.05, 226.95, 186.65, 224.1, 234.65, 422.0, 233.6, 278.15, 137.35, 274.65, 381.65, 278.6, 178.2, 92.6, 190.55, 43.2, 189.0, 330.95, 232.75, 281.9]","[33.74493384361267, 281.66505551338196, 527.271861076355, 771.7596228122711, 1022.8448102474213, 1271.1035401821136, 1521.939035654068, 1769.861493587494, 2013.3708481788635, 2275.231568813324, 2525.0216207504272, 2772.449482679367, 3027.2088391780853, 3293.580790042877, 3543.319192647934, 3801.681445837021, 4059.522071838379, 4311.807051420212, 4552.496204376221, 4803.368998765945, 5061.902858018875, 5311.6911034584045, 5564.910355329514, 5822.480974197388, 6077.379318714142, 6323.885909080505, 6588.476793527603, 6847.742116451263, 7093.732048749924, 7351.16917181015]","[0, 10, 20, 30, 40, 50, 60, 70, 80, 90, 100, 110, 120, 130, 140, 150, 160, 170, 180, 190, 200, 210, 220, 230, 240, 250, 260, 270, 280, 290]","[23, 245, 467, 689, 911, 1133, 1355, 1577, 1799, 2021, 2243, 2465, 2687, 2909, 3131, 3353, 3575, 3797, 4019, 4241, 4463, 4685, 4907, 5129, 5351, 5573, 5795, 6017, 6239, 6461]","[64, 64]"
ojcy5k5s,grateful-dust-383,BC,l2f_bc,finished,https://wandb.ai/korneelvandenberghe/l2f_bc/runs/ojcy5k5s,2024-10-25T17:42:13Z,407.3806477419678,472.65,2.0,True,"[12.361917782778956, 54.83886047920589, 100.148602634194, 315.58582429224646, 141.67621185708947, 106.30660201086167, 147.53396185493713, 233.16296204722107, 275.16042685298993, 316.2748164735889, 326.7163300027736, 316.6118744650295, 274.0824924195591, 315.8311742804339, 313.9336229170752, 281.8976908599643, 234.21679361427067, 191.87732879129777, 396.74701499561036, 188.61986659062407, 276.40593280656117, 364.2159417098525, 401.66495229886726, 192.3027521999913, 234.58065368808235, 317.0990982454589, 488.91810977701044, 232.58977543830937, 282.47247536875346, 407.3806477419678]","[30.35, 81.9, 130.4, 378.0, 179.35, 142.0, 185.35, 282.75, 325.65, 370.8, 387.25, 376.15, 325.0, 370.65, 367.05, 332.7, 285.15, 229.55, 466.05, 234.45, 328.7, 427.1, 471.25, 233.05, 281.65, 372.4, 563.9, 278.55, 336.7, 472.65]","[31.54172372817993, 267.94228625297546, 506.90583634376526, 751.923582315445, 992.1602375507355, 1232.5354380607605, 1473.32275557518, 1716.8181056976318, 1962.3760454654694, 2210.53652715683, 2457.4871301651, 2703.9699771404266, 2946.4201707839966, 3191.4887182712555, 3437.6402966976166, 3695.8139736652374, 3939.2471125125885, 4182.65224313736, 4430.746748209, 4674.128997564316, 4919.128497600555, 5168.070151090622, 5439.079062700272, 5684.462690353394, 5930.619224786758, 6177.054836511612, 6430.341579914093, 6675.4848279953, 6921.335136413574, 7171.954667329788]","[0, 10, 20, 30, 40, 50, 60, 70, 80, 90, 100, 110, 120, 130, 140, 150, 160, 170, 180, 190, 200, 210, 220, 230, 240, 250, 260, 270, 280, 290]","[23, 245, 467, 689, 911, 1133, 1355, 1577, 1799, 2021, 2283, 2505, 2727, 2949, 3171, 3393, 3615, 3837, 4059, 4281, 4543, 4765, 4987, 5209, 5431, 5653, 5875, 6097, 6319, 6541]","[128, 128]"
71bvgaks,blooming-sun-384,BC,l2f_bc,finished,https://wandb.ai/korneelvandenberghe/l2f_bc/runs/71bvgaks,2024-10-25T17:54:59Z,60.58984899295116,87.4,2.0,False,"[17.24151041704598, 23.30459172794593, 18.758712632429436, 45.105401991879276, 61.208664717469354, 21.80097042903028, 141.7372724881869, 145.12079733300487, 67.55852834005633, 21.39924881990826, 194.09542915086075, 148.61524475956307, 25.84598804120637, 64.28404248113807, 61.853543863060125, 232.8628081767319, 101.83020370875877, 107.01638489407961, 64.67103372805451, 106.4007246958865, 109.51017804021023, 186.75378498553454, 102.32746801755658, 102.08544289857676, 104.1207208266782, 71.59654093539251, 65.50049705157254, 232.2872455359257, 146.93942262833693, 60.58984899295116]","[35.5, 38.75, 35.85, 72.75, 86.3, 45.9, 179.7, 185.9, 92.95, 45.7, 233.6, 185.1, 50.5, 91.25, 87.1, 279.45, 133.45, 135.8, 89.7, 139.65, 136.7, 223.35, 131.8, 128.65, 131.05, 102.85, 88.4, 278.05, 183.8, 87.4]","[31.1410129070282, 272.25626826286316, 525.5534529685974, 777.4956376552582, 1023.1695516109467, 1271.5306282043457, 1531.3522865772247, 1796.996887922287, 2052.315523147583, 2307.3385343551636, 2560.62867975235, 2828.990367412567, 3079.6680867671967, 3335.8973064422607, 3588.879094362259, 3842.8687415122986, 4100.176792383194, 4360.507401704788, 4608.184977531433, 4863.11136507988, 5117.90548324585, 5372.544942140579, 5628.697689533234, 5880.513727903366, 6140.502546072006, 6401.444629669189, 6651.097158670425, 6905.4916908741, 7165.911971569061, 7417.096804857254]","[0, 10, 20, 30, 40, 50, 60, 70, 80, 90, 100, 110, 120, 130, 140, 150, 160, 170, 180, 190, 200, 210, 220, 230, 240, 250, 260, 270, 280, 290]","[23, 245, 467, 689, 911, 1133, 1355, 1577, 1799, 2021, 2243, 2465, 2687, 2909, 3131, 3353, 3575, 3797, 4019, 4241, 4463, 4685, 4907, 5129, 5351, 5573, 5795, 6017, 6239, 6461]","[32, 32]"
ip5xzc28,radiant-shape-385,BC,l2f_bc,finished,https://wandb.ai/korneelvandenberghe/l2f_bc/runs/ip5xzc28,2024-10-25T18:00:27Z,190.92354933894595,229.85,2.0,True,"[19.018126400954518, 19.90560993572769, 150.1716961611327, 147.77416843761443, 191.9582673622984, 182.56937200856822, 60.74945335635162, 194.1321113729779, 192.62875687223908, 188.89271326738586, 276.8457822977053, 187.84772390484687, 277.5123002182154, 60.33603179738535, 276.4867498481923, 277.9302004799693, 193.10638597387373, 155.73513825753741, 237.98811133737362, 21.829462790481116, 147.50017805968537, 192.24499750479356, 281.43043647757406, 274.5833171849023, 61.435495308405976, 193.89222419869463, 150.48925945785885, 278.3959540033519, 62.63544885129835, 190.92354933894597]","[34.55, 38.85, 185.95, 182.7, 234.85, 227.1, 88.05, 233.45, 235.25, 226.1, 329.6, 228.7, 328.65, 87.5, 323.45, 330.45, 238.1, 191.3, 289.1, 41.1, 181.4, 235.75, 333.8, 329.4, 87.4, 234.2, 184.55, 325.4, 90.4, 229.85]","[34.481505393981934, 288.5589156150818, 553.1359961032867, 809.1730930805206, 1072.7101933956146, 1328.219351053238, 1584.4538867473602, 1844.888500213623, 2104.141175508499, 2370.4936921596527, 2649.8119587898254, 2914.040803670883, 3178.4321069717407, 3433.3110382556915, 3701.107328891754, 3956.2387704849243, 4219.363393306732, 4485.190213918686, 4750.749637126923, 5008.787486553192, 5270.448516368866, 5536.8952424526215, 5804.632055282593, 6066.621144771576, 6331.1697289943695, 6599.681615591049, 6859.008018493652, 7127.483280420303, 7385.804700374603, 7658.392105102539]","[0, 10, 20, 30, 40, 50, 60, 70, 80, 90, 100, 110, 120, 130, 140, 150, 160, 170, 180, 190, 200, 210, 220, 230, 240, 250, 260, 270, 280, 290]","[23, 245, 467, 689, 911, 1133, 1355, 1577, 1799, 2021, 2283, 2505, 2727, 2949, 3171, 3393, 3615, 3837, 4059, 4281, 4543, 4765, 4987, 5209, 5431, 5653, 5875, 6097, 6319, 6541]","[64, 64]"
5z8cuwwh,earthy-water-386,BC,l2f_bc,finished,https://wandb.ai/korneelvandenberghe/l2f_bc/runs/5z8cuwwh,2024-10-25T19:45:37Z,231.9009949077113,279.55,2.0,True,"[16.471945508442122, 131.9550165530983, 102.27528746251403, 224.98332149129652, 315.5652578138386, 238.08282054450996, 100.38345456158936, 357.6100305509275, 189.21863675338417, 190.08865484046297, 187.94723140846176, 316.70551157971545, 320.38875625494154, 407.09398056929666, 280.02654007077155, 225.39563127437154, 447.6749179845854, 228.06309164909612, 234.5783751032032, 323.1897306292018, 188.93060389062455, 233.2461471883169, 407.1815943121761, 104.03861887271913, 409.4565365112722, 273.1128390826937, 236.6782801317243, 275.41832178268857, 278.61307700527095, 231.90099490771127]","[32.4, 177.2, 131.65, 273.95, 372.2, 282.25, 128.6, 422.15, 226.75, 230.85, 224.85, 372.0, 379.5, 475.5, 336.5, 276.1, 521.7, 274.9, 282.15, 377.0, 228.0, 278.9, 474.95, 134.45, 471.05, 325.55, 289.4, 321.6, 333.2, 279.55]","[33.05421757698059, 284.13333201408386, 534.7033064365387, 787.862446308136, 1044.597413301468, 1297.359850883484, 1544.3366656303406, 1801.8256876468658, 2051.9961388111115, 2303.009680747986, 2554.4232070446014, 2809.0621931552887, 3062.869291305542, 3321.0720784664154, 3575.0791647434235, 3827.2343237400055, 4085.8740844726562, 4342.263385057449, 4601.888861656189, 4858.1498811244965, 5108.090940475464, 5359.759331226349, 5616.740720272064, 5864.443284034729, 6123.251869440079, 6377.572110414505, 6631.025412559509, 6885.170489311218, 7140.330255508423, 7393.083510637283]","[0, 10, 20, 30, 40, 50, 60, 70, 80, 90, 100, 110, 120, 130, 140, 150, 160, 170, 180, 190, 200, 210, 220, 230, 240, 250, 260, 270, 280, 290]","[23, 245, 467, 689, 911, 1133, 1355, 1577, 1799, 2021, 2283, 2505, 2727, 2949, 3171, 3393, 3615, 3837, 4059, 4281, 4543, 4765, 4987, 5209, 5431, 5653, 5875, 6097, 6319, 6541]","[128, 128]"
b9jh6ses,misty-snowflake-387,BC,l2f_bc,finished,https://wandb.ai/korneelvandenberghe/l2f_bc/runs/b9jh6ses,2024-10-25T20:02:44Z,149.9883444223281,186.85,2.0,True,"[18.253127717546192, 20.27528801857771, 22.359355946145115, 24.77048444732561, 59.374450968889676, 153.24768844132274, 108.84570482115733, 101.7138044106144, 147.43633222279598, 145.14940485295122, 193.38551653757625, 62.21238797625995, 61.68035923003136, 23.242960048447856, 192.53000191059445, 101.93155763790213, 192.52491446760285, 192.93792727191803, 60.929994091064394, 144.44014554367735, 187.8633776153168, 103.7155112319401, 154.23281583989652, 20.57486006341352, 153.29104508198333, 276.54238996937585, 193.39973273752932, 152.78558421227962, 60.740688826884856, 149.9883444223281]","[37.5, 36.2, 42.7, 47.65, 83.1, 187.2, 140.65, 132.2, 182.15, 176.45, 241.35, 87.05, 84.65, 46.5, 234.75, 132.75, 232.35, 230.8, 84.95, 178.7, 228.2, 133.5, 190.1, 41.05, 187.85, 327.85, 229.85, 190.4, 89.35, 186.85]","[31.83030605316162, 271.9453375339508, 518.534973859787, 767.5055387020111, 1009.2804262638092, 1255.0868322849274, 1510.3555788993835, 1765.0406982898712, 2013.014282464981, 2261.118040084839, 2522.2700884342194, 2776.6403470039368, 3019.9348199367523, 3259.9035160541534, 3522.195471763611, 3768.4630448818207, 4021.908804178238, 4267.8656487464905, 4516.04206943512, 4762.4238176345825, 5009.772935152054, 5255.94069314003, 5516.9888734817505, 5762.952925682068, 6017.931548833847, 6269.575895547867, 6529.88375377655, 6775.147962808609, 7028.878178358078, 7288.562630176544]","[0, 10, 20, 30, 40, 50, 60, 70, 80, 90, 100, 110, 120, 130, 140, 150, 160, 170, 180, 190, 200, 210, 220, 230, 240, 250, 260, 270, 280, 290]","[23, 245, 467, 689, 911, 1133, 1355, 1577, 1799, 2021, 2283, 2505, 2727, 2949, 3171, 3393, 3615, 3837, 4059, 4281, 4543, 4765, 4987, 5209, 5431, 5653, 5875, 6097, 6319, 6541]","[32, 32]"
5paknlbk,volcanic-hill-388,BC,l2f_bc,finished,https://wandb.ai/korneelvandenberghe/l2f_bc/runs/5paknlbk,2024-10-25T20:12:08Z,190.44097113273045,230.15,2.0,True,"[15.195412103597565, 106.50712341369521, 143.82928808443717, 105.73118148701785, 108.36857411828211, 230.39270387983606, 317.55144444589513, 149.37954943712688, 109.17840809648132, 64.66541124317965, 105.93966171836435, 361.83432050537306, 152.36006980091543, 149.29128117035967, 101.00103178191276, 192.5469671521227, 107.93551966511541, 147.17978227222946, 190.54006465837864, 150.71018415811835, 113.09321834663622, 237.35057435248436, 191.71574122815136, 193.46306316875751, 110.17179953433333, 187.41076483166623, 234.78107124145544, 234.04983501076558, 143.20775966749403, 190.44097113273045]","[32.55, 135.5, 183.0, 135.85, 138.5, 278.1, 372.75, 184.15, 138.1, 90.95, 139.4, 424.0, 184.95, 184.8, 131.3, 233.5, 137.55, 182.65, 228.05, 193.7, 152.05, 281.0, 234.15, 233.25, 142.9, 228.15, 278.25, 279.8, 183.25, 230.15]","[35.70259499549866, 291.6099193096161, 559.8021817207336, 820.233761548996, 1073.439926624298, 1341.9126715660095, 1614.19571352005, 1868.924810886383, 2123.7099459171295, 2394.9269139766693, 2657.8910088539124, 2919.1586101055145, 3173.8614072799683, 3432.6361162662506, 3694.407313108444, 3951.5924911499023, 4208.663046836853, 4467.721383571625, 4736.462027549744, 4990.070632696152, 5250.689426898956, 5513.748660326004, 5774.143710374832, 6028.745258331299, 6293.3788430690765, 6554.180406570435, 6812.489646911621, 7078.001437664032, 7338.335839271545, 7605.9491419792175]","[0, 10, 20, 30, 40, 50, 60, 70, 80, 90, 100, 110, 120, 130, 140, 150, 160, 170, 180, 190, 200, 210, 220, 230, 240, 250, 260, 270, 280, 290]","[23, 245, 467, 689, 911, 1133, 1355, 1577, 1799, 2021, 2283, 2505, 2727, 2949, 3171, 3393, 3615, 3837, 4059, 4281, 4543, 4765, 4987, 5209, 5431, 5653, 5875, 6097, 6319, 6541]","[64, 64]"
8pvjpjwe,upbeat-snowball-389,BC,l2f_bc,crashed,https://wandb.ai/korneelvandenberghe/l2f_bc/runs/8pvjpjwe,2024-10-25T21:52:43Z,361.45364016924543,423.6,2.0,True,"[18.428090173848364, 227.77316556888718, 232.12700550416488, 230.73003226771442, 272.82062137437003, 234.05836685945488, 147.1744246632078, 233.54739498882697, 234.18638639022842, 365.9051363024672, 194.29250020182275, 402.8377488221493, 449.4305394757101, 230.44422065912286, 149.33513577010677, 234.0298177159588, 104.91659100330449, 320.03968355155797, 151.2744757463076, 361.45364016924543]","[37.2, 276.4, 275.3, 279.8, 325.6, 278.05, 185.25, 277.75, 282.25, 429.55, 244.35, 471.4, 522.75, 273.5, 189.0, 282.15, 136.35, 378.05, 189.55, 423.6]","[33.31049180030823, 280.17956256866455, 528.1308541297913, 774.6933422088623, 1023.4493489265442, 1270.430406332016, 1515.1151249408722, 1761.64191532135, 2008.3580062389374, 2260.202602148056, 2511.426896095276, 2764.4579112529755, 3018.807103872299, 3263.7907016277313, 3506.5144169330597, 3751.2572865486145, 3994.6983110904694, 4244.204686880112, 4502.308558940887, 4767.961298465729]","[0, 10, 20, 30, 40, 50, 60, 70, 80, 90, 100, 110, 120, 130, 140, 150, 160, 170, 180, 190]","[23, 245, 467, 689, 911, 1133, 1355, 1577, 1799, 2021, 2283, 2505, 2727, 2949, 3171, 3393, 3615, 3837, 4059, 4281]","[128, 128]"
wjib6dem,blooming-pyramid-390,BC,l2f_bc,crashed,https://wandb.ai/korneelvandenberghe/l2f_bc/runs/wjib6dem,2024-10-25T22:08:03Z,59.69355019569731,83.75,2.0,True,"[20.263562856557787, 23.030907457983016, 18.92344811814798, 63.48937843783214, 103.66236784413177, 102.68630189451287, 20.36953259452718, 20.926975155842957, 20.111050027721355, 104.86146792592535, 110.15018080407094, 105.0958172797576, 19.847670630661177, 197.33922469905048, 108.71575096969988, 59.69355019569731]","[36.7, 41.7, 35.8, 86.55, 134.35, 130.65, 40.8, 40.7, 42.6, 135.05, 141.3, 134.75, 37.7, 238.6, 136.6, 83.75]","[34.323683738708496, 280.20838928222656, 523.8015580177307, 771.6367242336273, 1024.091621875763, 1278.764899969101, 1525.759066104889, 1769.0698890686035, 2009.0690031051636, 2253.760645866394, 2498.361721277237, 2741.564351081848, 2989.8117215633392, 3244.22226023674, 3502.755004644394, 3765.569456100464]","[0, 10, 20, 30, 40, 50, 60, 70, 80, 90, 100, 110, 120, 130, 140, 150]","[23, 245, 467, 689, 911, 1133, 1355, 1577, 1799, 2021, 2283, 2505, 2727, 2949, 3171, 3393]","[32, 32]"
s9btlp8f,wobbly-surf-391,BC,l2f_bc,crashed,https://wandb.ai/korneelvandenberghe/l2f_bc/runs/s9btlp8f,2024-10-25T22:23:02Z,271.3044130728988,324.75,2.0,True,"[17.354513222073734, 20.030078417510726, 61.435353158847946, 101.89436616713348, 276.0831368022383, 228.67288420803771, 271.7767389199688, 276.7350162295054, 188.1512353285904, 234.56594243643252, 231.9541433950405, 271.3044130728988]","[36.5, 36.55, 88.2, 135.1, 331.3, 276.9, 327.0, 333.1, 229.25, 287.6, 279.35, 324.75]","[32.87024974822998, 286.91881370544434, 547.1872148513794, 808.9817938804626, 1076.6928281784058, 1348.1897265911102, 1625.5996050834656, 1895.6694331169128, 2154.9349682331085, 2424.4477059841156, 2701.3650715351105, 2975.4999368190765]","[0, 10, 20, 30, 40, 50, 60, 70, 80, 90, 100, 110]","[23, 245, 467, 689, 911, 1133, 1355, 1577, 1799, 2021, 2283, 2505]","[64, 64]"
3y507olm,fanciful-snowflake-392,TD3BC_JS_Online,l2f_bc,crashed,https://wandb.ai/korneelvandenberghe/l2f_bc/runs/3y507olm,2024-10-26T11:29:14Z,-138.8809821901094,248.63333333333333,100.0,False,"[49.3909794973703, 41.789945873675755, 40.608627421093814, 46.91514520157265, 49.39495923882332, 36.15046529567902, 33.27734683491811, 50.019274590725935, 37.31313596190293, 40.862613028819894, 44.68902125973747, 55.69237904393591, 89.90930951655491, 70.2835011555558, 165.65363045464136, 115.27111270870036, 194.86052293380595, 118.17180417755486, 186.13852213317688, 190.31881043804364, 247.87145993644168, 170.88423754175537, 104.97205939875691, 121.33370704194594, 148.32345529253314, 203.74584848469664, 96.53069166806696, 132.80729820779706, 116.38937056670241, 188.41342071114943, 155.4491161541188, 162.67919125087164, 150.9821981117337, 113.5462833358199, 160.70563367372628, 81.74378125581921, 72.61740506579868, 65.71516322793538, 99.30414876551478, 114.68035162051079, 76.11153216532237, 80.30754026864246, 34.66122334879451, 63.95208185353456, 68.96544619637037, -14.814457139618488, -31.860112853074146, 1.6109748856559711, -14.055850734850932, -20.278394755159358, -21.117824806623837, -42.79632497647716, -24.40977259777751, -19.805051042325267, -19.46630344432166, -132.159418858305, -139.25484664352715, -117.87507347024562, -154.87536912277176, -130.1090242214459, -128.53529694684207, -186.92701548553842, -93.1682045493805, -158.9893387891256, -117.65085885643037, -127.57414784831857, -130.29277897121096, -138.8809821901094]","[67.36666666666666, 62.8, 59.46666666666667, 67.3, 69.96666666666667, 61.733333333333334, 60.2, 79.1, 63.5, 69.26666666666667, 72.86666666666666, 90.83333333333333, 133.56666666666666, 108.33333333333333, 219.4, 173.33333333333334, 277.03333333333336, 175.03333333333333, 265.03333333333336, 260.7, 341.93333333333334, 248.13333333333333, 163.43333333333334, 176.73333333333332, 213.7, 330.6666666666667, 187.7, 234.46666666666667, 208.9, 310.53333333333336, 269.0, 290.76666666666665, 260.06666666666666, 205.93333333333334, 270.1666666666667, 257.23333333333335, 215.9, 216.8, 293.9, 310.7, 246.66666666666666, 240.1, 161.26666666666668, 222.36666666666667, 235.03333333333333, 247.33333333333334, 188.83333333333334, 299.6666666666667, 201.86666666666667, 204.56666666666666, 178.06666666666666, 193.33333333333334, 220.66666666666666, 210.03333333333333, 120.43333333333334, 287.56666666666666, 237.73333333333332, 208.7, 333.8666666666667, 269.23333333333335, 245.23333333333332, 430.53333333333336, 171.23333333333332, 329.6, 191.13333333333333, 238.36666666666667, 236.33333333333334, 248.63333333333333]","[87.36467361450195, 90.68801093101501, 93.73048949241638, 97.19375920295715, 100.7752914428711, 183.1218810081482, 186.07448887825012, 189.92866730690002, 193.21701455116272, 196.6191976070404, 277.6100981235504, 310.3234622478485, 342.74067878723145, 374.9409110546112, 412.9954891204834, 529.9218049049377, 568.7575223445892, 602.9937102794647, 641.0769147872925, 678.9387912750244, 817.1117126941681, 888.5321390628815, 961.3566672801971, 1024.23153758049, 1090.8516736030579, 1259.3326642513275, 1350.886361837387, 1441.2510306835175, 1530.2021594047546, 1639.3534259796143, 1808.8002960681915, 1930.248202085495, 2047.9015548229218, 2183.91668343544, 2303.7217631340027, 2513.6543407440186, 2627.0062341690063, 2738.5671463012695, 2881.4457292556763, 2999.5145382881165, 3211.2096099853516, 3357.995375394821, 3506.43815946579, 3650.5610694885254, 3792.046807050705, 4026.2781670093536, 4191.902077198029, 4381.150320291519, 4547.184446573257, 4712.055788516998, 4948.189015626907, 5110.663583278656, 5295.986849308014, 5459.349094390869, 5621.091984272003, 5888.21439743042, 6083.154341936111, 6280.468888998032, 6480.72682094574, 6671.807996749878, 6959.146385669708, 7199.039013624191, 7482.771845340729, 7773.612781047821, 8059.570900440216, 8418.100180387497, 8741.467334985733, 9065.430446147919]","[0, 10, 20, 30, 40, 50, 60, 70, 80, 90, 100, 110, 120, 130, 140, 150, 160, 170, 180, 190, 200, 210, 220, 230, 240, 250, 260, 270, 280, 290, 300, 310, 320, 330, 340, 350, 360, 370, 380, 390, 400, 410, 420, 430, 440, 450, 460, 470, 480, 490, 500, 510, 520, 530, 540, 550, 560, 570, 580, 590, 600, 610, 620, 630, 640, 650, 660, 670]","[4, 15, 26, 37, 48, 64, 75, 86, 97, 108, 137, 298, 459, 620, 781, 947, 1108, 1269, 1430, 1591, 1770, 2081, 2392, 2703, 3014, 3345, 3806, 4267, 4728, 5189, 5668, 6279, 6890, 7501, 8112, 8728, 9339, 9950, 10561, 11172, 11801, 12562, 13323, 14084, 14845, 15626, 16537, 17448, 18359, 19270, 20184, 21095, 22006, 22917, 23828, 24759, 25820, 26881, 27942, 29003, 30082, 31293, 32504, 33715, 34926, 36157, 37518, 38879]","[256, 128]"
ggiaxgzs,dark-vortex-393,TD3BC_JS_Online,l2f_bc,crashed,https://wandb.ai/korneelvandenberghe/l2f_bc/runs/ggiaxgzs,2024-10-26T11:30:51Z,-98.91485845413588,171.23333333333332,100.0,False,"[43.139466463338174, 47.58739219007146, 50.52765569079465, 46.19823645162149, 50.64895610022649, 53.146349115026105, 95.00501431633485, 84.40033942390573, 114.87804763723615, 113.92586568691259, 136.98761467473864, 145.28764543238847, 158.13045046339576, 139.0807570075878, 93.94436909434138, 85.84113119655052, 133.1612570422736, 51.69911478186203, 71.85507710175489, 167.49415055537094, 245.9222446386575, 217.1200424225675, 212.6682616442207, 182.21065988514655, 206.81854923965741, 68.27656389566012, 169.44904929741227, 151.78353983405714, 53.43030697101796, 46.341220069602144, 147.42163388577825, 117.5610542660627, 135.67517191726236, 53.282790409944404, 85.03859496811393, 49.02845872637565, 41.88459077367137, 39.709557924586676, 118.35434879227127, 41.7437043320292, 75.64569064392414, 17.4242061235666, 22.44414470693077, 68.88989949389278, 87.86641838380636, -32.212269789837734, 18.365192055126954, -9.926482774871367, -12.106803915048083, -40.90448894182457, -21.837687922743843, -48.02201899597811, -8.193062602313095, -10.972856671414034, -34.10993738859472, -117.22971009843937, -157.2143713468913, -142.4395692014622, -108.40775295259355, -98.91485845413587]","[64.26666666666667, 70.83333333333333, 68.83333333333333, 69.6, 73.16666666666667, 89.56666666666666, 149.23333333333332, 124.1, 154.66666666666666, 152.4, 179.06666666666666, 184.0, 198.76666666666668, 185.36666666666667, 129.33333333333334, 139.36666666666667, 202.6, 100.93333333333334, 121.83333333333333, 238.26666666666668, 340.1, 299.93333333333334, 297.6333333333333, 260.1666666666667, 278.8333333333333, 150.53333333333333, 293.3, 258.76666666666665, 120.2, 119.86666666666666, 248.43333333333334, 207.1, 238.3, 137.06666666666666, 165.96666666666667, 204.96666666666667, 190.46666666666667, 187.23333333333332, 307.03333333333336, 175.66666666666666, 224.26666666666668, 122.4, 155.73333333333332, 228.43333333333334, 260.53333333333336, 176.36666666666667, 323.6, 204.23333333333332, 251.43333333333334, 136.4, 264.06666666666666, 127.1, 300.8333333333333, 246.03333333333333, 207.33333333333334, 178.26666666666668, 272.1666666666667, 219.7, 167.5, 171.23333333333332]","[117.26258587837219, 121.18582701683044, 124.57973098754883, 127.99440836906433, 131.44840288162231, 232.46569061279297, 268.1935007572174, 303.31884360313416, 338.67902398109436, 380.9483892917633, 554.1412580013275, 592.7963328361511, 631.8695209026337, 679.5432107448578, 722.4899518489838, 842.6498799324036, 878.7630717754364, 908.106997013092, 941.9350373744965, 978.5177302360535, 1113.6740086078644, 1191.440001964569, 1258.597512960434, 1318.642907857895, 1382.206485748291, 1519.7170763015747, 1610.6290979385376, 1722.943478345871, 1807.379525899887, 1888.8101012706757, 2066.976005792618, 2190.641217947006, 2309.2160584926605, 2446.2541444301605, 2558.3793613910675, 2760.623136281967, 2872.508763551712, 2986.572379589081, 3129.2779698371887, 3239.8140292167664, 3447.040974378586, 3581.6599633693695, 3714.893215417862, 3862.868871688843, 4012.6743252277374, 4229.465245008469, 4393.064594507217, 4554.402450799942, 4713.633355617523, 4891.132123470306, 5132.017477989197, 5292.043409109116, 5463.689474582672, 5623.136363983154, 5813.721835136414, 6055.160452365875, 6250.0230123996735, 6445.097409963608, 6635.458338260651, 6845.231376886368]","[0, 10, 20, 30, 40, 50, 60, 70, 80, 90, 100, 110, 120, 130, 140, 150, 160, 170, 180, 190, 200, 210, 220, 230, 240, 250, 260, 270, 280, 290, 300, 310, 320, 330, 340, 350, 360, 370, 380, 390, 400, 410, 420, 430, 440, 450, 460, 470, 480, 490, 500, 510, 520, 530, 540, 550, 560, 570, 580, 590]","[4, 15, 26, 37, 48, 79, 240, 401, 562, 723, 887, 1048, 1209, 1370, 1531, 1697, 1858, 2019, 2180, 2341, 2520, 2831, 3142, 3453, 3764, 4095, 4556, 5017, 5478, 5939, 6418, 7029, 7640, 8251, 8862, 9478, 10089, 10700, 11311, 11922, 12551, 13312, 14073, 14834, 15595, 16376, 17287, 18198, 19109, 20020, 20934, 21845, 22756, 23667, 24578, 25509, 26570, 27631, 28692, 29753]","[256, 128]"
49pa7nt4,revived-oath-395,TD3BC_JS_Online,l2f_bc,crashed,https://wandb.ai/korneelvandenberghe/l2f_bc/runs/49pa7nt4,2024-10-26T18:18:11Z,47.90654204400085,207.6,100.0,False,"[49.96240074072533, 48.26537865477201, 41.45416062464777, 47.72922652988588, 40.95947054904584, 51.82587139223141, 66.48162985528471, 48.932233085235175, 71.63593003284839, 97.09340237170345, 117.76824977184742, 98.46636809885624, 164.95910371547654, 208.7120142305599, 262.83888333526033, 102.67625091895982, 115.74469119238681, 81.49823063262171, 147.1900176132066, 98.59900947202223, 119.29991751059123, 124.12676077858853, 139.85516832348148, 148.37576199343403, 183.1275621305843, 136.8765890831398, 231.61240605100065, 117.37406195682338, 102.83815565154333, 113.74664969722815, 123.20759787214065, 187.53514114318264, 188.7700679737467, 124.40571806044574, 128.77514864089622, 108.77415165412, 92.37233147044748, 136.69616721959105, 86.30924988597138, 94.60841033537903, 156.23234566665678, 101.32435274716187, 147.75840518982724, 87.86305770453643, 97.26867629650305, 99.92038459733257, 118.02698393371396, 210.87345299061786, 110.56580643908872, 82.36912727354579, 115.50615217276507, 142.08753091271058, 156.80608469856986, 160.66484665899367, 205.65617239847595, 83.59531387950118, 106.77886431760844, 102.38251734108829, 152.99953644534668, 125.55138456699154, 140.4636048756824, 96.2114399025538, 113.68135631951878, 116.43801817742437, 63.993701610583244, 122.91589492947233, 92.72727277635741, 112.91279350213593, 168.13115790773867, 125.27207690738268, 104.50685220969599, 76.22651567726659, 133.0565722790554, 54.591884247275466, 64.14136406429597, 54.27200428104732, 80.72082646097498, 49.47016651755648, 33.891042521772654, 89.392767162453, 97.9099459818224, 113.43444080557951, 93.43112338705716, 71.5150415493623, 47.90654204400085]","[73.43333333333334, 71.23333333333333, 63.4, 72.93333333333334, 64.4, 82.4, 103.53333333333333, 80.36666666666666, 105.96666666666667, 132.73333333333332, 159.33333333333334, 137.66666666666666, 213.3, 263.56666666666666, 315.6666666666667, 144.1, 160.36666666666667, 123.16666666666667, 192.66666666666666, 140.06666666666666, 160.63333333333333, 176.9, 185.86666666666667, 193.06666666666666, 238.93333333333334, 189.73333333333332, 310.4, 174.2, 151.86666666666667, 166.5, 176.73333333333332, 254.03333333333333, 253.8, 178.4, 179.33333333333334, 180.73333333333332, 145.56666666666666, 200.26666666666668, 141.96666666666667, 152.96666666666667, 236.5, 147.56666666666666, 217.33333333333334, 149.26666666666668, 155.16666666666666, 172.96666666666667, 197.93333333333334, 318.0, 183.76666666666668, 155.76666666666668, 196.96666666666667, 240.0, 259.5, 251.26666666666668, 318.56666666666666, 187.6, 217.4, 200.13333333333333, 269.8, 230.46666666666667, 269.8666666666667, 192.56666666666666, 219.5, 233.06666666666666, 146.16666666666666, 274.6333333333333, 232.5, 279.4, 341.2, 273.8333333333333, 250.63333333333333, 206.56666666666666, 290.06666666666666, 174.9, 181.2, 223.2, 273.1, 206.56666666666666, 205.0, 294.3333333333333, 292.73333333333335, 319.5, 281.56666666666666, 270.3333333333333, 207.6]","[111.73110818862915, 115.2391586303711, 118.33803033828735, 122.08325386047363, 125.14835023880005, 212.58997893333435, 252.6487331390381, 282.980384349823, 317.5829403400421, 351.58947563171387, 474.89753460884094, 510.1664946079254, 547.356618642807, 585.4289054870605, 629.6205317974091, 745.9107308387756, 800.8359911441803, 856.5985264778137, 913.0018932819366, 968.2412605285645, 1127.8302865028381, 1219.0624632835388, 1304.1688601970673, 1389.1567389965057, 1477.7551560401917, 1642.7805652618408, 1731.391324043274, 1814.2404925823212, 1904.477211713791, 1990.0818190574646, 2168.7675790786743, 2278.982850551605, 2389.840416908264, 2498.8556547164917, 2611.5028851032257, 2794.1693148612976, 2918.5485277175903, 3047.6018607616425, 3182.7420284748077, 3317.5180010795593, 3542.4448046684265, 3671.516982316971, 3805.7872548103333, 3934.2607905864716, 4066.727480173111, 4295.985636234283, 4459.6866500377655, 4622.924478054047, 4786.385890722275, 4939.620915412903, 5181.36413025856, 5370.468886613846, 5551.833253860474, 5741.776041507721, 5935.698456764221, 6191.800927639008, 6389.922606468201, 6594.048321962357, 6800.869179487228, 7008.476761579514, 7311.0687046051025, 7514.543204784393, 7717.461119890213, 7924.915385246277, 8123.208793878555, 8422.62241435051, 8655.401006221771, 8895.878634691238, 9137.573615074158, 9373.09736275673, 9696.700830221176, 9945.449142456055, 10213.42839550972, 10471.273599386215, 10726.11316728592, 11073.713469266891, 11346.126258850098, 11610.133233070374, 11869.92503619194, 12124.072184324265, 12458.759621858597, 12743.616610527039, 13030.396134614944, 13326.35846543312, 13599.278881549835]","[0, 10, 20, 30, 40, 50, 60, 70, 80, 90, 100, 110, 120, 130, 140, 150, 160, 170, 180, 190, 200, 210, 220, 230, 240, 250, 260, 270, 280, 290, 300, 310, 320, 330, 340, 350, 360, 370, 380, 390, 400, 410, 420, 430, 440, 450, 460, 470, 480, 490, 500, 510, 520, 530, 540, 550, 560, 570, 580, 590, 600, 610, 620, 630, 640, 650, 660, 670, 680, 690, 700, 710, 720, 730, 740, 750, 760, 770, 780, 790, 800, 810, 820, 830, 840]","[4, 15, 26, 37, 48, 78, 239, 400, 561, 722, 886, 1047, 1208, 1369, 1530, 1710, 2021, 2332, 2643, 2954, 3283, 3744, 4205, 4666, 5127, 5592, 6053, 6514, 6975, 7436, 7915, 8526, 9137, 9748, 10359, 10989, 11750, 12511, 13272, 14033, 14797, 15558, 16319, 17080, 17841, 18621, 19532, 20443, 21354, 22265, 23194, 24255, 25316, 26377, 27438, 28518, 29729, 30940, 32151, 33362, 34576, 35787, 36998, 38209, 39420, 40650, 42011, 43372, 44733, 46094, 47473, 48984, 50495, 52006, 53517, 55032, 56543, 58054, 59565, 61076, 62605, 64266, 65927, 67588, 69249]","[256, 128]"
fetyy6te,frosty-resonance-396,TD3BC_JS_Online,l2f_bc,crashed,https://wandb.ai/korneelvandenberghe/l2f_bc/runs/fetyy6te,2024-10-26T18:18:38Z,20.287212489701556,156.66666666666666,100.0,False,"[37.56045472926939, 41.698860016757166, 39.03377486089668, 46.3117261270556, 40.57965923667322, 44.01427418593911, 73.76728288122771, 139.68338580881928, 73.2754472838247, 91.15440015280514, 170.09740765274395, 166.82188122850155, 102.6581942539, 65.3200003023029, 40.8550355551492, 78.74396553395836, 78.62418260069717, 69.60559142166625, 67.91593220582399, 100.44024852136963, 93.87102529722945, 113.1379535419619, 124.61021025425143, 130.79447075136915, 146.06758736320435, 170.25171830198963, 104.72314425755755, 120.9255150351651, 150.9241025149312, 135.6317911248792, 158.29640838163243, 157.16989636341785, 151.00610356404607, 63.07084085295175, 134.62513098141773, 114.13918400772441, 187.43456155716095, 120.83348713412106, 141.00123606611777, 101.02899433368705, 189.02849466700874, 172.24177855109934, 91.99442685406531, 112.22819338240954, 99.3213886392789, 40.76835558655169, 142.14793891672406, 153.56786650571075, 108.98022219470276, 53.67244790302166, 72.55819441145019, 57.81301152153128, 108.73722651290076, 100.88982650351156, 98.32207016929215, 75.41884193828186, 91.60475764012902, 100.5387817433281, 64.96731418511186, 42.921360684162444, 39.84302611174473, 54.023037194499615, 54.07616510665072, 108.6415061535076, 66.90228719068328, 36.364239249703225, 45.598301152975644, 53.63541076175104, 117.99686790900306, 81.21689139194606, 32.14382732836906, 94.60350401739944, 94.97211564135901, 44.56348362721747, 26.61401740576056, 29.147204377855694, 24.200928531441868, 17.99441257264094, 71.56953777926199, 57.16614691499634, 9.735983286131944, 51.0173486725008, 23.291884626613996, 18.858087190247243, 20.287212489701556]","[58.46666666666667, 65.3, 62.03333333333333, 68.8, 64.93333333333334, 69.3, 109.36666666666666, 184.66666666666666, 104.53333333333333, 125.13333333333334, 212.33333333333334, 214.26666666666668, 134.43333333333334, 93.73333333333333, 65.4, 111.5, 114.46666666666667, 109.63333333333334, 103.73333333333333, 140.03333333333333, 134.3, 156.06666666666666, 167.8, 180.8, 193.5, 239.63333333333333, 153.53333333333333, 175.8, 209.63333333333333, 193.93333333333334, 223.63333333333333, 218.76666666666668, 217.6, 112.83333333333333, 192.86666666666667, 178.93333333333334, 275.3666666666667, 193.5, 216.83333333333334, 166.03333333333333, 280.93333333333334, 252.53333333333333, 148.33333333333334, 178.4, 163.23333333333332, 96.3, 252.03333333333333, 255.3, 181.23333333333332, 122.53333333333333, 142.46666666666667, 120.86666666666666, 197.03333333333333, 176.26666666666668, 182.5, 173.36666666666667, 198.73333333333332, 198.36666666666667, 152.83333333333334, 139.66666666666666, 114.66666666666667, 147.13333333333333, 132.06666666666666, 211.8, 150.8, 126.06666666666666, 150.76666666666668, 184.7, 264.8333333333333, 223.0, 136.76666666666668, 227.03333333333333, 270.6, 151.9, 121.1, 184.7, 199.2, 158.56666666666666, 282.3333333333333, 251.1, 177.23333333333332, 249.23333333333332, 182.13333333333333, 159.56666666666666, 156.66666666666666]","[96.37377738952637, 99.9165587425232, 103.05470013618469, 106.3713743686676, 109.62657117843628, 212.82879185676575, 245.44190192222595, 279.9275050163269, 309.50863313674927, 341.7647316455841, 454.03912472724915, 488.77164340019226, 520.05095744133, 548.3791372776031, 578.5217940807343, 714.1345875263214, 772.9182214736938, 828.2312235832214, 885.6093716621399, 943.4967856407166, 1081.8261177539825, 1161.8942608833313, 1241.3696746826172, 1325.825807094574, 1412.344820022583, 1592.1255478858948, 1674.782480955124, 1759.6398646831512, 1843.5445394515991, 1928.2988348007202, 2118.739366531372, 2228.313232421875, 2342.7489387989044, 2452.5160303115845, 2562.500326395035, 2766.0934796333313, 2900.798505306244, 3039.7694261074066, 3174.3658912181854, 3305.358522415161, 3530.5142917633057, 3675.2620856761932, 3814.5825974941254, 3950.5299224853516, 4076.5700702667236, 4300.911911010742, 4464.423347711563, 4626.298061847687, 4788.544571638107, 4944.741876125336, 5183.094158649445, 5367.330913066864, 5552.555309057236, 5734.252668142319, 5910.77228307724, 6177.65513920784, 6396.541175127029, 6620.9350781440735, 6832.731404781342, 7035.714586019516, 7335.029076576233, 7545.23465514183, 7755.5853435993195, 7964.932608127594, 8179.258926391602, 8471.32956790924, 8707.518317699432, 8938.281478643417, 9178.504735946655, 9418.130942821503, 9724.572838306427, 9998.72045326233, 10260.880178451538, 10515.205534219742, 10773.263772249222, 11105.273615598679, 11358.134056568146, 11617.781179189682, 11884.776802778244, 12154.00072312355, 12510.875089406967, 12796.190757751465, 13080.105963468552, 13351.943802118301, 13637.01551580429]","[0, 10, 20, 30, 40, 50, 60, 70, 80, 90, 100, 110, 120, 130, 140, 150, 160, 170, 180, 190, 200, 210, 220, 230, 240, 250, 260, 270, 280, 290, 300, 310, 320, 330, 340, 350, 360, 370, 380, 390, 400, 410, 420, 430, 440, 450, 460, 470, 480, 490, 500, 510, 520, 530, 540, 550, 560, 570, 580, 590, 600, 610, 620, 630, 640, 650, 660, 670, 680, 690, 700, 710, 720, 730, 740, 750, 760, 770, 780, 790, 800, 810, 820, 830, 840]","[4, 15, 26, 37, 48, 78, 239, 400, 561, 722, 886, 1047, 1208, 1369, 1530, 1710, 2021, 2332, 2643, 2954, 3283, 3744, 4205, 4666, 5127, 5592, 6053, 6514, 6975, 7436, 7915, 8526, 9137, 9748, 10359, 10989, 11750, 12511, 13272, 14033, 14797, 15558, 16319, 17080, 17841, 18621, 19532, 20443, 21354, 22265, 23194, 24255, 25316, 26377, 27438, 28518, 29729, 30940, 32151, 33362, 34576, 35787, 36998, 38209, 39420, 40650, 42011, 43372, 44733, 46094, 47473, 48984, 50495, 52006, 53517, 55032, 56543, 58054, 59565, 61076, 62605, 64266, 65927, 67588, 69249]","[256, 128]"
vw9girzq,crimson-serenity-397,TD3BC_JS_Online,l2f_bc,crashed,https://wandb.ai/korneelvandenberghe/l2f_bc/runs/vw9girzq,2024-10-26T18:19:27Z,71.67720154507691,268.2,100.0,False,"[43.489539814055576, 40.08170928681828, 32.4546298538579, 50.33672149904749, 48.66675061973354, 47.5854005971202, 81.45787174425317, 121.12958565170511, 133.174275840316, 78.34937652367411, 140.280423457812, 137.09105315942827, 154.41122918630666, 153.9553123434111, 82.14911137755013, 166.41406223036364, 127.79539828404772, 78.65294083012054, 154.55438165917775, 160.32261929017656, 75.15272315896874, 111.90952335016503, 204.72110619764103, 216.2288613022268, 271.09922760327805, 146.84137908814458, 140.96580380640606, 141.2359799403747, 93.0465212460863, 132.1284830727939, 50.33288829639335, 189.32456621839594, 105.1748936828818, 214.02604596679328, 245.3148164005287, 136.2906926258771, 268.6101827196075, 253.02683335610598, 167.18960682036806, 214.10352868000305, 186.58299957165235, 145.9855469667336, 179.57082326487222, 155.44570295893016, 143.9869302667136, 302.23039309654513, 159.1829563907232, 178.83325739817886, 234.72723569415064, 135.6719100050153, 211.94034164810594, 165.72578792192206, 225.80238651581374, 270.62751804582507, 115.56190971282267, 210.92485372173945, 86.33890081663436, 137.3581217198641, 99.74007502038987, 86.41624667111408, 133.90349337610004, 105.43421906394164, 104.76660686169063, 72.03271726184632, 104.66087136176102, 55.438747493055935, 84.48641430673574, 64.82265427508314, 58.35429184913777, 126.09026210190095, 47.81521674713375, 104.47059321265624, 267.29278448064554, 67.99932662785154, 142.3724816967531, 97.13675271772978, 109.03222625046111, 61.29579654544288, 18.998498215330173, 88.54375623950025, 87.8173123648362, 30.21046848572583, 48.229964734612196, 65.68367803737048, 71.67720154507691]","[68.63333333333334, 57.8, 54.86666666666667, 74.46666666666667, 74.86666666666666, 75.93333333333334, 119.3, 161.73333333333332, 168.23333333333332, 109.83333333333333, 177.7, 172.5, 198.96666666666667, 193.63333333333333, 114.33333333333333, 214.4, 174.43333333333334, 113.86666666666666, 201.1, 203.96666666666667, 108.86666666666666, 157.93333333333334, 262.1333333333333, 276.1, 341.6666666666667, 203.1, 194.13333333333333, 194.03333333333333, 141.06666666666666, 183.26666666666668, 89.9, 253.8, 149.1, 283.56666666666666, 320.73333333333335, 200.83333333333334, 364.1333333333333, 349.1, 237.73333333333332, 304.06666666666666, 262.56666666666666, 212.06666666666666, 257.73333333333335, 228.8, 212.53333333333333, 433.3333333333333, 248.8, 283.26666666666665, 351.4, 227.26666666666668, 308.9, 272.3666666666667, 332.43333333333334, 402.3, 194.4, 355.76666666666665, 176.36666666666667, 244.53333333333333, 189.9, 179.86666666666667, 245.1, 199.2, 207.36666666666667, 149.66666666666666, 211.1, 182.66666666666666, 214.66666666666666, 190.63333333333333, 173.23333333333332, 284.6666666666667, 159.3, 244.53333333333333, 503.8, 179.1, 309.56666666666666, 305.53333333333336, 309.26666666666665, 237.9, 170.46666666666667, 281.0, 280.93333333333334, 186.43333333333334, 204.03333333333333, 238.63333333333333, 268.2]","[102.56828212738037, 105.42347168922424, 108.30362486839294, 111.7332854270935, 115.30756402015686, 206.17361116409302, 234.8173770904541, 265.517249584198, 296.13908314704895, 325.60007333755493, 442.5991361141205, 473.99878573417664, 506.15233159065247, 537.4589984416962, 565.5217440128326, 684.6460530757904, 739.4251971244812, 791.1723093986511, 847.8024070262909, 904.067666053772, 1042.52366065979, 1119.6704108715057, 1201.686175584793, 1284.4929506778717, 1369.7952468395233, 1528.8505327701569, 1610.5399429798126, 1688.4001915454865, 1764.5547106266022, 1842.4911348819733, 1988.1212413311005, 2107.1168689727783, 2207.7579979896545, 2314.3645412921906, 2422.3599801063538, 2606.111414909363, 2747.875280857086, 2881.2783675193787, 3007.3871355056763, 3135.877087831497, 3334.9278144836426, 3471.890414237976, 3601.503533601761, 3728.9326457977295, 3855.765293598175, 4072.3851549625397, 4226.7036073207855, 4376.216661691666, 4525.533762216568, 4673.684275388718, 4895.261065006256, 5067.87113237381, 5247.717865943909, 5425.986146688461, 5597.409130811691, 5848.5620930194855, 6040.893970251083, 6242.269842624664, 6434.6225163936615, 6629.938026189804, 6902.156045913696, 7095.680656194687, 7296.825160980225, 7488.792235136032, 7684.090213298798, 7955.933450460434, 8177.901200294495, 8396.668570756912, 8613.919451475143, 8836.320690870285, 9119.165731430054, 9360.587217092514, 9612.357390403748, 9858.191650390625, 10108.046962738037, 10425.90347623825, 10676.660635948181, 10921.868582963943, 11167.024538755417, 11409.170445680618, 11735.027455091476, 11998.334226608276, 12265.381865739822, 12532.936030626297, 12801.186922550201]","[0, 10, 20, 30, 40, 50, 60, 70, 80, 90, 100, 110, 120, 130, 140, 150, 160, 170, 180, 190, 200, 210, 220, 230, 240, 250, 260, 270, 280, 290, 300, 310, 320, 330, 340, 350, 360, 370, 380, 390, 400, 410, 420, 430, 440, 450, 460, 470, 480, 490, 500, 510, 520, 530, 540, 550, 560, 570, 580, 590, 600, 610, 620, 630, 640, 650, 660, 670, 680, 690, 700, 710, 720, 730, 740, 750, 760, 770, 780, 790, 800, 810, 820, 830, 840]","[4, 15, 26, 37, 48, 78, 239, 400, 561, 722, 886, 1047, 1208, 1369, 1530, 1710, 2021, 2332, 2643, 2954, 3283, 3744, 4205, 4666, 5127, 5592, 6053, 6514, 6975, 7436, 7915, 8526, 9137, 9748, 10359, 10989, 11750, 12511, 13272, 14033, 14797, 15558, 16319, 17080, 17841, 18621, 19532, 20443, 21354, 22265, 23194, 24255, 25316, 26377, 27438, 28518, 29729, 30940, 32151, 33362, 34576, 35787, 36998, 38209, 39420, 40650, 42011, 43372, 44733, 46094, 47473, 48984, 50495, 52006, 53517, 55032, 56543, 58054, 59565, 61076, 62605, 64266, 65927, 67588, 69249]","[256, 128]"
mhz82vwm,proud-blaze-398,TD3BC_JS_Online,l2f_bc,crashed,https://wandb.ai/korneelvandenberghe/l2f_bc/runs/mhz82vwm,2024-10-27T17:26:40Z,158.4702041854477,230.5,100.0,False,"[203.2299851481001, 250.37575391334045, 180.8974856796084, 373.7052917027484, 211.48379249742055, 153.28368295477648, 159.981012170233, 259.5215802881631, 199.97456650383316, 241.64728881257622, 186.66590532633512, 291.8870441138218, 205.83489186362618, 410.75375845101377, 398.3410455571783, 154.3622243349967, 356.2024533552913, 284.6883072926784, 309.19324923156785, 426.41983018023967, 291.7620812748845, 336.5269893108982, 285.15383515814455, 200.12839980472052, 279.9100891843314, 209.09407984888333, 196.42162485336846, 214.6154403428855, 190.23150213944342, 199.95291908628192, 139.86545575601824, 271.1965373346573, 176.8366300474973, 254.33101308136884, 143.15584040933342, 206.69368235328326, 150.68210877058675, 207.51830628607226, 158.4702041854477]","[241.93333333333334, 294.3, 219.33333333333334, 433.43333333333334, 250.5, 191.56666666666666, 202.33333333333334, 310.2, 243.66666666666666, 294.6333333333333, 234.86666666666667, 352.53333333333336, 251.5, 482.8, 470.3666666666667, 204.4, 437.03333333333336, 349.23333333333335, 378.53333333333336, 517.6, 362.5, 408.53333333333336, 356.3666666666667, 256.1666666666667, 342.3333333333333, 276.23333333333335, 264.7, 283.96666666666664, 257.6333333333333, 269.8666666666667, 194.16666666666666, 352.1666666666667, 240.7, 331.8, 195.56666666666666, 289.73333333333335, 221.8, 288.73333333333335, 230.5]","[98.23514008522034, 111.31826663017273, 120.89329361915588, 139.3231499195099, 150.5774862766266, 233.3154742717743, 242.57768058776855, 255.80556416511536, 266.30647587776184, 278.93124866485596, 360.92317366600037, 375.88458228111267, 387.5662314891815, 408.03294682502747, 428.52304911613464, 500.6907434463501, 519.4028890132904, 534.3606705665588, 550.4267334938049, 572.3740472793579, 688.4144599437714, 729.9513537883759, 770.0297102928162, 805.2555422782898, 843.5511472225189, 957.8170511722565, 1020.1488728523254, 1083.04416847229, 1143.9799618721008, 1206.574838399887, 1348.428671836853, 1439.6157505512238, 1526.5529098510742, 1617.232126235962, 1702.0302197933197, 1872.5802266597748, 1958.040146112442, 2050.9976420402527, 2146.150076150894]","[0, 10, 20, 30, 40, 50, 60, 70, 80, 90, 100, 110, 120, 130, 140, 150, 160, 170, 180, 190, 200, 210, 220, 230, 240, 250, 260, 270, 280, 290, 300, 310, 320, 330, 340, 350, 360, 370, 380]","[4, 15, 26, 37, 48, 63, 74, 85, 96, 107, 121, 132, 143, 154, 165, 180, 191, 202, 213, 224, 253, 414, 575, 736, 897, 1077, 1388, 1699, 2010, 2321, 2650, 3111, 3572, 4033, 4494, 4959, 5420, 5881, 6342]","[256, 128]"
gx8akwhb,exalted-dew-399,TD3BC_JS_Online,l2f_bc,crashed,https://wandb.ai/korneelvandenberghe/l2f_bc/runs/gx8akwhb,2024-10-27T18:00:09Z,286.0416945400238,342.06666666666666,2.0,False,"[160.5633416007867, 252.4980193247655, 228.13049346753465, 360.8652858355586, 410.947110929291, 258.85585311830835, 226.63570618130686, 223.39365788445053, 332.885211415417, 286.0416945400238]","[197.83333333333334, 297.8666666666667, 271.23333333333335, 419.46666666666664, 476.5, 315.1333333333333, 278.53333333333336, 276.0, 396.46666666666664, 342.06666666666666]","[109.58416986465454, 123.71784973144531, 135.76770210266113, 154.88399958610535, 176.1357021331787, 9063.140659093857, 9075.307064533234, 9087.478285551071, 9105.33364200592, 9120.20318698883]","[0, 10, 20, 30, 40, 50, 60, 70, 80, 90]","[4, 15, 26, 37, 48, 63, 74, 85, 96, 107]","[256, 128]"
17rfrxqi,golden-microwave-400,TD3BC_JS_Online,l2f_bc,crashed,https://wandb.ai/korneelvandenberghe/l2f_bc/runs/17rfrxqi,2024-10-27T18:00:26Z,148.10105740035897,183.5,100.0,True,"[279.6462146617216, 142.84044710820916, 300.00103962953847, 367.8543221769017, 301.56129078180203, 176.60291656505385, 180.1155504143925, 235.66918568358207, 386.3196435689969, 304.64982493870656, 220.81586022067796, 405.85037528906804, 251.40064085423728, 282.6074944035305, 148.10105740035897]","[330.2, 175.8, 351.8333333333333, 427.2, 354.56666666666666, 214.73333333333332, 217.56666666666666, 280.6666666666667, 447.5, 358.3333333333333, 260.6, 467.46666666666664, 295.03333333333336, 331.3666666666667, 183.5]","[114.17538976669312, 121.93215370178223, 137.02132368087769, 155.88143301010132, 195.2649631500244, 9047.285149335861, 9056.803934574127, 9068.723326683044, 9088.025171756744, 9103.507532119751, 22359.92994952202, 22380.546516656876, 22393.749546051025, 22408.243703842163, 22416.3451461792]","[0, 10, 20, 30, 40, 50, 60, 70, 80, 90, 100, 110, 120, 130, 140]","[4, 15, 26, 37, 48, 62, 73, 84, 95, 106, 120, 131, 142, 153, 164]","[256, 128]"
saiwa49k,neat-microwave-401,TD3BC_JS_Online,l2f_bc,crashed,https://wandb.ai/korneelvandenberghe/l2f_bc/runs/saiwa49k,2024-10-27T20:29:58Z,402.9587734186037,473.93333333333334,2.0,False,"[258.372582896285, 214.2592016708658, 204.339349117407, 245.4196779834889, 255.02583486737964, 252.26254982756456, 252.49863880079593, 163.98653137612618, 330.3084025295339, 279.49896307083077, 156.96161205107578, 242.76304649115403, 272.1069543857944, 284.3222998743682, 402.9587734186037]","[308.4, 254.86666666666667, 240.86666666666667, 292.1333333333333, 301.0, 304.0, 303.56666666666666, 208.73333333333332, 392.7, 338.43333333333334, 199.13333333333333, 296.6666666666667, 325.6666666666667, 342.8666666666667, 473.93333333333334]","[102.89803218841553, 114.41624331474304, 125.44186425209045, 138.2561137676239, 151.78668022155762, 13401.721620082855, 13416.171114683151, 13425.488262414932, 13443.052075624466, 13458.668638467789, 27990.630521774292, 28003.804828882217, 28018.170702457428, 28033.237582206726, 28054.122022867203]","[0, 10, 20, 30, 40, 50, 60, 70, 80, 90, 100, 110, 120, 130, 140]","[4, 15, 26, 37, 48, 63, 74, 85, 96, 107, 121, 132, 143, 154, 165]","[256, 128]"
jrtz9feh,stilted-frog-402,TD3BC_JS_Online,l2f_bc,crashed,https://wandb.ai/korneelvandenberghe/l2f_bc/runs/jrtz9feh,2024-10-28T00:13:02Z,398.859134420163,470.1333333333333,100.0,False,"[164.44623195365733, 200.00505251826365, 178.9723359972649, 222.02117821347235, 316.9248903856048, 166.32955949978478, 300.3580206348066, 276.1822440050844, 339.19179672660914, 282.2846250597473, 152.44071533808125, 189.9527268255042, 259.24073953033314, 239.5097719761139, 398.859134420163]","[201.6, 238.83333333333334, 216.2, 266.3666666666667, 369.23333333333335, 210.43333333333334, 362.3333333333333, 333.2, 406.1333333333333, 338.96666666666664, 190.7, 238.66666666666666, 312.46666666666664, 287.2, 470.1333333333333]","[119.73396253585815, 130.57735061645508, 14559.529211521149, 14571.510776042938, 14589.486830234528, 14687.172738075256, 14706.613153934479, 14722.311564445496, 14739.646336555481, 31376.413949489594, 31462.298250436783, 31472.530878305435, 31485.84202814102, 31500.801872968674, 31525.59033679962]","[0, 10, 20, 30, 40, 50, 60, 70, 80, 90, 100, 110, 120, 130, 140]","[4, 15, 26, 37, 48, 63, 74, 85, 96, 107, 121, 132, 143, 154, 165]","[256, 128]"
vbnc3f1s,mild-music-403,TD3BC_JS_Online,l2f_bc,crashed,https://wandb.ai/korneelvandenberghe/l2f_bc/runs/vbnc3f1s,2024-10-28T04:15:54Z,278.3304681127341,329.26666666666665,2.0,True,"[131.63084982947788, 179.45697207703768, 307.6653350368653, 253.21912468860734, 401.62430881361104, 213.59029792100011, 230.49910106675287, 137.9557129027992, 244.88631799421316, 242.64561179138062, 333.4334499642478, 322.2876631051883, 312.46436432941385, 207.24955563273113, 160.74947568431665, 278.3304681127341]","[163.3, 215.73333333333332, 361.96666666666664, 300.8666666666667, 461.0, 255.16666666666666, 278.7, 170.1, 295.8666666666667, 288.3, 388.6666666666667, 376.53333333333336, 365.96666666666664, 247.23333333333332, 194.66666666666666, 329.26666666666665]","[92.27058458328247, 101.7433352470398, 117.61877298355103, 130.9003040790558, 150.98035073280334, 16865.595639705658, 16877.793437480927, 16885.239156723022, 16898.049458026886, 16910.611941337585, 35544.71940088272, 35563.372163295746, 35579.7695877552, 35590.73458361626, 35599.37574148178, 35694.283657073975]","[0, 10, 20, 30, 40, 50, 60, 70, 80, 90, 100, 110, 120, 130, 140, 150]","[4, 15, 26, 37, 48, 62, 73, 84, 95, 106, 120, 131, 142, 153, 164, 178]","[256, 128]"
pxg0t0mz,golden-silence-404,TD3BC_JS_Online,l2f_bc,crashed,https://wandb.ai/korneelvandenberghe/l2f_bc/runs/pxg0t0mz,2024-10-28T08:56:02Z,351.464862805531,419.06666666666666,2.0,False,"[221.6536106860784, 233.45718276423938, 152.45943324728043, 264.5417524430213, 221.54589993646363, 349.7614937296386, 350.71183659188705, 261.8730247757556, 193.135710669766, 318.2601842983656, 199.27210114450136, 273.09783871852164, 309.0121675503896, 347.57949586810867, 351.464862805531]","[262.9, 275.03333333333336, 184.6, 309.26666666666665, 265.03333333333336, 415.1, 410.8, 317.2, 234.33333333333334, 380.03333333333336, 244.2, 330.6333333333333, 367.03333333333336, 415.53333333333336, 419.06666666666666]","[122.33580088615417, 134.33258938789368, 142.5219476222992, 156.04826712608337, 168.12569975852966, 18813.723869085312, 18832.239315986633, 18847.177038669586, 18857.173908233643, 18873.718549013138, 33819.190764427185, 33833.25219321251, 33848.62833380699, 33866.430579423904, 33884.42261719704]","[0, 10, 20, 30, 40, 50, 60, 70, 80, 90, 100, 110, 120, 130, 140]","[4, 15, 26, 37, 48, 63, 74, 85, 96, 107, 121, 132, 143, 154, 165]","[256, 128]"
ay54nf8v,good-music-405,TD3BC_JS_Online,l2f_bc,crashed,https://wandb.ai/korneelvandenberghe/l2f_bc/runs/ay54nf8v,2024-10-28T14:08:17Z,170.35591146046278,201.26666666666668,2.0,False,"[290.1696165696919, 301.8667373103259, 179.98587268499801, 317.290137618295, 272.7033088979524, 234.91921435284877, 330.1985339742029, 402.4048387960829, 181.55258693329662, 292.7688449638627, 254.1993354711234, 192.86926036851747, 321.57560290769015, 211.30679754684263, 203.24199367582145, 244.9889549594244, 231.30519669480765, 356.37297332405365, 163.58846216903657, 148.00049423570738, 356.2276390361952, 268.5806394008098, 256.2118316659323, 248.33640430641265, 277.4841997331401, 241.58947307560112, 297.81222287100115, 205.28548169006663, 208.9234978440146, 175.1107291038797, 359.4501468655022, 144.74635605671727, 254.98406275288127, 193.2530424292985, 170.35591146046278]","[343.56666666666666, 352.8, 218.5, 371.23333333333335, 317.4, 286.3666666666667, 386.06666666666666, 465.76666666666665, 214.46666666666667, 342.1333333333333, 301.23333333333335, 231.63333333333333, 376.1666666666667, 251.06666666666666, 243.53333333333333, 287.73333333333335, 272.0, 411.1666666666667, 198.23333333333332, 179.7, 416.8333333333333, 314.8333333333333, 300.06666666666666, 292.8, 324.8, 281.23333333333335, 351.6333333333333, 245.43333333333334, 250.56666666666666, 207.13333333333333, 418.3, 179.93333333333334, 299.8, 234.86666666666667, 201.26666666666668]","[119.28908801078796, 138.21558499336243, 148.420152425766, 15017.087470054626, 15031.197913646698, 15129.050883054733, 15170.818109989166, 15215.063502311707, 15255.397579908371, 15303.587319135666, 15435.309461832047, 15496.844137430191, 29355.02955365181, 29410.637799978256, 29477.509910821915, 35646.03031992912, 35709.60817337036, 35778.483179569244, 62057.870259046555, 62108.747715473175, 62255.97828125954, 62334.64602828026, 62412.8441824913, 62495.00942826271, 62576.76206731796, 62730.30316781998, 62830.632142305374, 62930.81165146828, 63021.62506818771, 63110.344980955124, 63308.52514028549, 63427.4248418808, 63551.48055124283, 63659.28877234459, 63765.08559823036]","[0, 10, 20, 30, 40, 50, 60, 70, 80, 90, 100, 110, 120, 130, 140, 150, 160, 170, 180, 190, 200, 210, 220, 230, 240, 250, 260, 270, 280, 290, 300, 310, 320, 330, 340]","[3, 14, 25, 36, 47, 75, 236, 397, 558, 719, 897, 1208, 1519, 1830, 2141, 2454, 2765, 3076, 3387, 3698, 4026, 4487, 4948, 5409, 5870, 6348, 6959, 7570, 8181, 8792, 9420, 10181, 10942, 11703, 12464]","[256, 128]"
lv9jz194,dainty-snowball-406,TD3BC_JS_Online,l2f_bc,crashed,https://wandb.ai/korneelvandenberghe/l2f_bc/runs/lv9jz194,2024-10-28T18:18:34Z,296.89555971872437,345.3,100.0,True,"[155.4714728545731, 241.23541143893695, 230.00686096694665, 144.49218668377458, 300.23065777921056, 141.478696539668, 296.30425638410395, 247.21173503931587, 330.9427007593394, 331.41105016298445, 224.25256780473475, 191.93549938193252, 293.08846170285176, 274.9158429429594, 296.89555971872437]","[186.36666666666667, 288.03333333333336, 271.0, 179.06666666666666, 352.03333333333336, 176.93333333333334, 345.8666666666667, 293.93333333333334, 383.6, 385.1666666666667, 267.6, 231.8, 345.1666666666667, 322.3, 345.3]","[121.52689957618713, 134.5369348526001, 146.63924360275269, 154.99843621253967, 170.6049041748047, 267.3686451911926, 282.3186984062195, 295.17209553718567, 311.9013798236847, 329.50991010665894, 422.54794669151306, 432.82096219062805, 448.3822503089905, 462.39408469200134, 477.3713722229004]","[0, 10, 20, 30, 40, 50, 60, 70, 80, 90, 100, 110, 120, 130, 140]","[4, 15, 26, 37, 48, 62, 73, 84, 95, 106, 120, 131, 142, 153, 164]","[256, 128]"
fxyfgb77,clean-pine-407,TD3BC_JS_Online,l2f_bc,crashed,https://wandb.ai/korneelvandenberghe/l2f_bc/runs/fxyfgb77,2024-10-28T18:22:45Z,290.7863371749079,342.03333333333336,100.0,False,"[247.33503660167673, 175.9330942516839, 163.7329126440441, 204.2007190762975, 342.41233812169463, 96.36798905617782, 223.30846714496084, 273.46670833552884, 307.5915716918518, 384.9408622478328, 256.88899654591233, 203.0365044816482, 227.50761218571552, 306.6974523979255, 290.7863371749079]","[294.06666666666666, 209.73333333333332, 200.8, 248.63333333333333, 398.03333333333336, 124.26666666666667, 268.26666666666665, 320.46666666666664, 361.9, 444.7, 306.6666666666667, 243.5, 270.0, 359.3666666666667, 342.03333333333336]","[91.69311094284058, 101.17291021347046, 110.10840606689453, 121.3194727897644, 138.72142958641052, 214.71383357048035, 226.58097195625305, 240.81538152694702, 257.76061606407166, 14069.454405069351, 14167.426528692245, 14178.350851535797, 14191.237844944, 14207.141512870789, 14222.668263196945]","[0, 10, 20, 30, 40, 50, 60, 70, 80, 90, 100, 110, 120, 130, 140]","[4, 15, 26, 37, 48, 62, 73, 84, 95, 106, 120, 131, 142, 153, 164]","[256, 128]"
nrjn8czy,polished-butterfly-408,TD3BC_JS_Online,l2f_bc,crashed,https://wandb.ai/korneelvandenberghe/l2f_bc/runs/nrjn8czy,2024-10-28T22:17:08Z,307.7564573290657,359.6,2.0,True,"[346.4121927660446, 216.69553041594975, 139.05039911788035, 196.99200372062754, 254.1405167618804, 305.45698677585693, 179.73211178245683, 143.8903011541989, 256.081748604717, 197.25272613623864, 221.2868053979679, 275.82969840263394, 208.16649378048626, 322.13550401985873, 307.7564573290657]","[402.06666666666666, 258.56666666666666, 171.23333333333332, 237.03333333333333, 299.7, 359.56666666666666, 218.36666666666667, 175.76666666666668, 305.43333333333334, 231.93333333333334, 264.3666666666667, 325.3333333333333, 248.7, 376.0, 359.6]","[120.99927377700806, 132.77862429618835, 140.38987851142883, 151.13519978523254, 164.31370401382446, 247.86506128311157, 6254.0324013233185, 6261.870175600052, 6275.2124054431915, 6285.318181753159, 6385.476450920105, 6403.509520769119, 6416.738551616669, 6433.897306442261, 6450.2277138233185]","[0, 10, 20, 30, 40, 50, 60, 70, 80, 90, 100, 110, 120, 130, 140]","[4, 15, 26, 37, 48, 62, 73, 84, 95, 106, 120, 131, 142, 153, 164]","[256, 128]"
nri1dbl3,skilled-star-409,TD3BC_JS_Online,l2f_bc,crashed,https://wandb.ai/korneelvandenberghe/l2f_bc/runs/nri1dbl3,2024-10-29T00:01:22Z,237.64380585152455,280.8,2.0,False,"[327.26422665430897, 223.0958344380116, 247.76497904885454, 245.30384739632532, 171.89208874812394, 165.13869866563365, 275.1578831911514, 228.12374483463444, 187.42812884331175, 231.86597728700298, 350.088495687249, 247.61300934266637, 202.07073763918518, 252.28115226743842, 192.59830572593518, 229.76025337352283, 198.56682902488618, 336.36514060340386, 258.68542699521646, 237.64380585152455]","[380.96666666666664, 269.5, 295.4, 290.26666666666665, 210.83333333333334, 198.9, 327.4, 270.73333333333335, 225.7, 278.0, 408.06666666666666, 291.7, 245.66666666666666, 297.1666666666667, 235.76666666666668, 277.26666666666665, 238.56666666666666, 393.6333333333333, 302.3666666666667, 280.8]","[115.73120379447937, 127.7525851726532, 141.01444029808044, 154.5094518661499, 164.08520340919495, 26480.491909503937, 26498.76970911026, 26513.150866508484, 26525.184030771255, 26540.76996946335, 26659.43743944168, 26672.264262914658, 26682.92970919609, 26695.776938199997, 26706.012660980225, 26811.599600315094, 26821.88718700409, 26838.839753866196, 26853.063525676727, 26865.1781373024]","[0, 10, 20, 30, 40, 50, 60, 70, 80, 90, 100, 110, 120, 130, 140, 150, 160, 170, 180, 190]","[4, 15, 26, 37, 48, 62, 73, 84, 95, 106, 120, 131, 142, 153, 164, 178, 189, 200, 211, 222]","[256, 128]"
ycn3d4s1,elusive-portal-411,TD3BC_JS_Online,l2f_bc,crashed,https://wandb.ai/korneelvandenberghe/l2f_bc/runs/ycn3d4s1,2024-10-30T07:58:44Z,155.37680972253173,286.4,2.0,False,"[268.048837380934, 193.22957185110695, 212.6923821215033, 420.57822030915224, 328.99052906029857, 421.17293129635186, 222.7678575251465, 397.8624988557364, 196.3465434786486, 335.4824492723921, 290.51794539840836, 258.3301960745936, 330.0333952167685, 297.1109208316013, 216.2849893717137, 182.08664831483554, 213.56796492850768, 219.0820709066384, 252.01342490817257, 252.28130951375067, 273.93710370752166, 239.30930870874226, 253.8711002607779, 260.227321612723, 278.63531014794177, 112.01889350683858, 228.78851071037292, 281.20304409301207, 191.62545740113234, 211.02073529917365, 228.89012986915571, 195.9937508258189, 356.24698019792845, 234.58041466261724, 234.67713004597252, 218.09731135881245, 319.0418742657093, 284.66518976589157, 161.8660977207209, 84.32720348137178, 169.92567490234282, 197.99022268123775, 203.84049250176082, 193.4045166503317, 214.29750475657772, 174.52520935954806, 150.83246807990292, 251.39725211163673, 245.41856658400363, 265.3016780424825, 220.38464435173313, 159.74777222491397, 217.6643260075522, 190.83025239909202, 158.5919538367373, 136.37921442315687, 157.80817674064235, 155.37680972253173]","[318.1, 234.46666666666667, 252.76666666666668, 485.1666666666667, 383.76666666666665, 515.2333333333333, 272.1333333333333, 470.06666666666666, 244.36666666666667, 395.96666666666664, 347.6, 312.9, 392.3, 356.8333333333333, 264.8333333333333, 233.33333333333334, 271.8666666666667, 278.6333333333333, 320.0, 309.9, 342.96666666666664, 303.1, 318.46666666666664, 321.76666666666665, 347.1666666666667, 162.93333333333334, 296.46666666666664, 365.43333333333334, 257.2, 282.0, 307.53333333333336, 260.8, 460.46666666666664, 309.93333333333334, 307.46666666666664, 306.76666666666665, 445.3, 388.1, 239.06666666666666, 138.46666666666667, 242.33333333333334, 285.1666666666667, 286.73333333333335, 282.2, 299.1666666666667, 280.1333333333333, 244.23333333333332, 373.93333333333334, 360.9, 400.1333333333333, 336.53333333333336, 264.4, 325.8666666666667, 304.56666666666666, 268.96666666666664, 252.3, 297.23333333333335, 286.4]","[114.91046714782715, 125.44220066070557, 136.49243831634521, 158.0062689781189, 174.92187356948853, 293.7342698574066, 351.4411127567291, 409.366103887558, 457.2359399795532, 511.9157087802887, 654.4312245845795, 723.0101737976074, 792.5537724494934, 859.0809142589569, 921.4816868305206, 1050.7216589450836, 1114.2725579738617, 1176.2632846832275, 1253.6719670295715, 1337.5335185527802, 1508.534893989563, 1624.0444467067719, 1736.6480581760406, 1847.8919610977173, 1958.9601635932922, 2159.0294358730316, 2310.5377254486084, 2460.2455348968506, 2600.886068582535, 2741.6437950134277, 2973.2414650917053, 3142.631238222122, 3323.2826278209686, 3496.8995201587677, 3669.8425693511963, 3919.44916844368, 4097.982447385788, 4273.987607955933, 4453.787802696228, 4623.071000337601, 4871.710730552673, 5075.030288696289, 5221.5706441402435, 5359.515780448914, 5498.06741476059, 5692.862900018692, 5849.495443105698, 6014.964061260223, 6175.46447968483, 6337.74089384079, 6575.102654218674, 6731.67741727829, 6891.627683639526, 7050.686952590942, 7211.101410150528, 7458.1751000881195, 7640.620527982712, 7824.221917629242]","[0, 10, 20, 30, 40, 50, 60, 70, 80, 90, 100, 110, 120, 130, 140, 150, 160, 170, 180, 190, 200, 210, 220, 230, 240, 250, 260, 270, 280, 290, 300, 310, 320, 330, 340, 350, 360, 370, 380, 390, 400, 410, 420, 430, 440, 450, 460, 470, 480, 490, 500, 510, 520, 530, 540, 550, 560, 570]","[3, 14, 25, 36, 47, 76, 237, 398, 559, 720, 898, 1209, 1520, 1831, 2142, 2456, 2767, 3078, 3389, 3700, 4028, 4489, 4950, 5411, 5872, 6351, 6962, 7573, 8184, 8795, 9423, 10184, 10945, 11706, 12467, 13231, 13992, 14753, 15514, 16275, 17053, 17964, 18875, 19786, 20697, 21626, 22687, 23748, 24809, 25870, 26933, 27994, 29055, 30116, 31177, 32256, 33467, 34678]","[256, 128]"
9392o2vc,polar-capybara-448,TD3BC_JS_Online,l2f_bc,crashed,https://wandb.ai/korneelvandenberghe/l2f_bc/runs/9392o2vc,2024-11-03T10:07:27Z,-134.7146844904927,488.3666666666667,100.0,False,"[-475.74510915525576, -546.7030661849151, -1119.2758726818752, -201.4907192225457, -824.93943004132, -710.9108734429082, -516.8111040534675, -43.86164880926343, -290.7733066834145, -732.8793502117367, -115.91413812104662, -374.6330949620055, -592.7092505451967, -979.2248863289088, -565.3124744658797, -792.6200465916365, -325.77698926266083, -1042.530831103867, -707.778881429387, -1112.2718461962106, -632.2936175566233, -155.0795483805205, -439.964107861211, -943.6764977670108, -906.3965338460924, -215.1287105874064, -597.8678674370874, -217.5235007832467, -862.4506605409063, -926.074288685319, -477.70712505468657, -446.87710015814184, -774.4581610586135, -561.782847859774, -756.9205261088921, -361.2695705278845, -896.5923954702616, -481.57476501882974, -738.9960507697713, -531.827599662123, -509.27120566004066, -1260.3160233210624, -753.5745342945212, -1026.8686926484636, -738.500384525841, -596.1258919086342, -410.7506970322107, -635.132333728531, -1660.7222760557818, -922.9225972744432, -367.80394582108727, -804.1439107574744, -484.09463676045294, -1379.480039975448, -638.8158405287323, -845.9627495334843, -464.42138187304715, -646.3123018109884, -495.41820191135446, -134.7146844904927]","[509.8666666666667, 439.1333333333333, 399.7, 609.8333333333334, 398.1, 449.5, 346.1333333333333, 568.5666666666667, 485.93333333333334, 459.26666666666665, 342.96666666666664, 569.8666666666667, 457.93333333333334, 384.2, 474.56666666666666, 455.4, 557.1666666666666, 388.3333333333333, 382.23333333333335, 384.96666666666664, 519.5, 470.0, 359.3333333333333, 472.9, 286.2, 334.6333333333333, 359.96666666666664, 524.4333333333333, 454.1666666666667, 471.6, 385.56666666666666, 532.9333333333333, 497.8, 343.3333333333333, 389.9, 435.56666666666666, 432.4, 428.3333333333333, 350.6333333333333, 544.8333333333334, 431.03333333333336, 517.8666666666667, 353.43333333333334, 374.6333333333333, 454.53333333333336, 428.76666666666665, 398.26666666666665, 519.4333333333333, 342.3, 379.3, 530.8333333333334, 422.53333333333336, 459.3, 419.93333333333334, 507.96666666666664, 479.3666666666667, 522.3, 387.8666666666667, 463.1, 488.3666666666667]","[50.08489370346069, 158.80701780319214, 268.66521406173706, 391.18297147750854, 500.3417332172394, 632.0083713531494, 737.5377686023712, 859.7127811908722, 975.9541866779327, 1086.0458254814148, 1207.8597354888916, 1329.3410472869873, 1443.4954299926758, 1553.8926713466644, 1667.5531153678894, 1800.8849959373474, 1924.9052567481995, 2035.0747470855713, 2143.0697495937347, 2254.9987382888794, 2391.329661846161, 2540.9736683368683, 2668.4883992671967, 2791.165501356125, 2942.932253599167, 3114.407026052475, 3271.737128973007, 3437.605393886566, 3601.502913713455, 3763.5408565998077, 3937.572300672531, 4106.285222530365, 4272.7554450035095, 4428.582545042038, 4590.35605764389, 4769.991863489151, 4927.940652370453, 5081.290670633316, 5221.02189040184, 5342.131687879562, 5469.643343448639, 5587.672998905182, 5696.739060878754, 5807.108334541321, 5923.725902557373, 6048.1053965091705, 6159.870265483856, 6276.186680555344, 6384.824698925018, 6493.5593593120575, 6624.099245071411, 6738.0502281188965, 6852.939540147781, 6969.507857561111, 7085.329049348831, 7219.315163850784, 7336.393407344818, 7450.859955072403, 7561.866976737976, 7677.988129377365]","[0, 10, 20, 30, 40, 50, 60, 70, 80, 90, 100, 110, 120, 130, 140, 150, 160, 170, 180, 190, 200, 210, 220, 230, 240, 250, 260, 270, 280, 290, 300, 310, 320, 330, 340, 350, 360, 370, 380, 390, 400, 410, 420, 430, 440, 450, 460, 470, 480, 490, 500, 510, 520, 530, 540, 550, 560, 570, 580, 590]","[64, 675, 1286, 1897, 2508, 3122, 3733, 4344, 4955, 5566, 6180, 6791, 7402, 8013, 8624, 9238, 9849, 10460, 11071, 11682, 12296, 12907, 13518, 14129, 14740, 15354, 15965, 16576, 17187, 17798, 18412, 19023, 19634, 20245, 20856, 21470, 22081, 22692, 23303, 23914, 24528, 25139, 25750, 26361, 26972, 27586, 28197, 28808, 29419, 30030, 30644, 31255, 31866, 32477, 33088, 33702, 34313, 34924, 35535, 36146]","[256, 128]"
3q1ojpdb,fallen-pine-449,TD3BC_JS_Online,l2f_bc,failed,https://wandb.ai/korneelvandenberghe/l2f_bc/runs/3q1ojpdb,2024-11-03T14:33:50Z,141.14854066937266,612.9333333333333,25.0,False,"[-444.17633632933496, -117.08428186777249, -740.8773630355412, -319.9634874478539, -725.4426990676045, -532.9548095478435, -315.23414491927633, -973.7502897096706, -186.83183377014095, -328.40505581955335, -944.2184577309265, -572.9340089104314, -602.0335755495064, -564.4150997906894, -430.90880005762546, -216.56389603759004, -555.0904112811245, -534.1646780025781, -624.8219154318941, -750.4287458700417, -201.82192470849614, -804.1952280302035, -379.3432731710413, -556.0674562547646, -709.1957473748256, -1100.769927654397, -501.356789839329, -517.4305380718447, -641.3442533430672, -860.0545737162821, -763.3139833481417, -450.48440318759265, -847.4403410081401, -730.0270225426382, -683.5637527918248, -139.8061177832681, -1021.3941816525364, -1001.4438181953427, -306.7166784863966, -894.4217756765382, -1090.2263821544543, -962.7929759820598, -660.8322006031158, -260.91393271517677, -334.4128823698201, -730.0397995755263, -1137.327922813382, -857.9339145248217, -632.9810096427027, -699.0077823655706, -964.6663057721217, -954.3482461841141, -410.9301553918184, -505.36648259309226, -1240.0979461525844, -402.62328481718293, -855.7139869387725, -555.8295819888394, -248.37376008459285, -380.9695096126279, -171.43057383231297, -634.9246414447714, -704.3148088352851, -388.2402021850919, 141.14854066937266]","[443.73333333333335, 590.4666666666667, 567.6333333333333, 407.3, 498.7, 613.4, 508.3333333333333, 544.1666666666666, 439.8333333333333, 500.46666666666664, 395.03333333333336, 473.1333333333333, 481.8, 427.6333333333333, 369.6333333333333, 262.4, 408.46666666666664, 462.1333333333333, 582.8, 556.7, 511.7, 530.3, 394.56666666666666, 354.03333333333336, 511.2, 362.93333333333334, 512.5333333333333, 467.7, 413.8666666666667, 386.9, 501.76666666666665, 347.73333333333335, 493.8333333333333, 661.4, 523.9333333333333, 523.5666666666667, 394.76666666666665, 546.5333333333333, 530.3, 404.06666666666666, 492.1, 531.0666666666667, 393.23333333333335, 403.4, 450.9, 353.9, 407.3, 480.26666666666665, 417.73333333333335, 471.43333333333334, 412.3333333333333, 281.1666666666667, 566.9666666666667, 457.53333333333336, 355.5, 388.43333333333334, 527.5, 410.3666666666667, 410.73333333333335, 383.96666666666664, 456.06666666666666, 461.0, 403.4, 503.56666666666666, 612.9333333333333]","[117.728924036026, 345.2391474246979, 564.6563982963562, 772.9141430854797, 989.2314314842224, 1264.1940429210663, 1487.4197359085083, 1708.139855146408, 1914.447948217392, 2131.448513507843, 2383.2715837955475, 2596.274241924286, 2800.3522334098816, 3003.1194183826447, 3194.164222717285, 3417.667909860611, 3561.4364273548126, 3657.8885283470154, 3802.5012078285217, 3954.0030467510223, 4094.767031431198, 4230.087960481644, 4367.219736099243, 4494.613986492157, 4638.00244474411, 4812.946028709412, 4957.4474103450775, 5104.555971860886, 5240.03333735466, 5366.050933599472, 5536.119031667709, 5666.732668399811, 5813.118913650513, 5969.460633277893, 6112.452244281769, 6284.816194057465, 6422.404156208038, 6570.650424480438, 6711.447693824768, 6849.6418170928955, 7027.930941104889, 7175.186928272247, 7305.568098306656, 7442.600968837738, 7580.888307332993, 7723.046749591827, 7856.262710571289, 7996.0703246593475, 8126.628690481186, 8261.054551839828, 8431.652289152145, 8553.072660923004, 8707.92050242424, 8845.736286401749, 8969.31087756157, 9125.377156734467, 9273.908636331558, 9407.768404722214, 9539.440017700195, 9669.828976392746, 9824.477036714554, 9963.741999149323, 10099.497084379196, 10247.293365001678, 10400.469413042068]","[0, 10, 20, 30, 40, 50, 60, 70, 80, 90, 100, 110, 120, 130, 140, 150, 160, 170, 180, 190, 200, 210, 220, 230, 240, 250, 260, 270, 280, 290, 300, 310, 320, 330, 340, 350, 360, 370, 380, 390, 400, 410, 420, 430, 440, 450, 460, 470, 480, 490, 500, 510, 520, 530, 540, 550, 560, 570, 580, 590, 600, 610, 620, 630, 640]","[64, 675, 1286, 1897, 2508, 3122, 3733, 4344, 4955, 5566, 6180, 6791, 7402, 8013, 8624, 9238, 9849, 10460, 11071, 11682, 12296, 12907, 13518, 14129, 14740, 15354, 15965, 16576, 17187, 17798, 18412, 19023, 19634, 20245, 20856, 21470, 22081, 22692, 23303, 23914, 24528, 25139, 25750, 26361, 26972, 27586, 28197, 28808, 29419, 30030, 30644, 31255, 31866, 32477, 33088, 33702, 34313, 34924, 35535, 36146, 36760, 37371, 37982, 38593, 39204]","[256, 128]"
461oe49h,graceful-eon-450,TD3BC_JS_Online,l2f_bc,crashed,https://wandb.ai/korneelvandenberghe/l2f_bc/runs/461oe49h,2024-11-03T17:35:04Z,-602.3595522045539,378.73333333333335,2.0,False,"[-246.887060625722, -385.6144920163579, -221.19977633063414, -649.5937676996529, -505.2317324364809, -20.79953035872844, -748.8587053986736, -740.6338649477034, -769.0761635669385, -942.7400796685727, -332.439752007225, -545.6325476375314, -534.0683666444918, -871.3862160864659, -577.2887163889943, -471.44000740841255, -479.4448708043755, -403.9028793996552, -922.0604392817328, -1311.6030889247197, -615.6338979272715, -1485.5158795178816, -817.9278475456845, -828.9948626535453, -1239.243591561241, -391.0869615298938, -869.377201422958, -1170.583798683421, -1126.865508666866, -1059.415267567524, -1264.3247162802763, -690.8343180007763, -982.5018955197097, -1105.3814064531932, -1199.0879161513367, -758.992706529422, -622.5148729767474, -1093.8520870858233, -830.2052556595723, -1117.168992862376, -833.1136747454112, -1189.8899307024583, -718.8457799574954, -990.4610183546558, -609.3741071766017, -898.0117220468841, -881.5643910591153, -716.0095113125458, -1073.9456115124303, -583.7187136970553, -824.0579885020511, -616.6883939181957, -779.782331669612, -873.4509778860904, -735.9602597940954, -1138.5836448343714, -466.5811972788306, -1095.0322133060843, -1021.716117826056, -787.0877769675021, -526.4496424942269, -990.3350896235869, -707.5317251630909, -630.2945276975585, -971.4902411478291, -1036.3224196276185, -601.6841979186, -1119.31877953775, -919.2452416319181, -603.9337046612524, -1016.5312550883716, -938.2804996568372, -574.7444254464623, -919.253085252073, -766.4896682201569, -799.1814296550095, -863.5401566184215, -1334.0492976190487, -578.0023940044301, -1392.684986337504, -1207.3068226261607, -571.8013909776512, -512.4105087530927, -932.2424108179837, -602.3595522045539]","[323.8333333333333, 454.7, 546.1666666666666, 422.93333333333334, 298.1333333333333, 525.6666666666666, 369.2, 405.6333333333333, 488.1666666666667, 382.8666666666667, 555.8, 364.0, 426.1666666666667, 349.8666666666667, 622.4666666666667, 433.1333333333333, 516.0, 275.6666666666667, 361.5, 399.43333333333334, 342.2, 388.1666666666667, 405.5, 440.06666666666666, 385.1333333333333, 412.1333333333333, 359.1333333333333, 505.1, 375.4, 491.93333333333334, 504.1, 604.4, 406.1, 410.76666666666665, 423.3, 244.26666666666668, 514.0, 530.1333333333333, 374.3, 407.3333333333333, 595.1666666666666, 323.73333333333335, 363.3333333333333, 539.5333333333333, 503.3, 422.1333333333333, 494.23333333333335, 369.6, 374.3333333333333, 388.93333333333334, 354.2, 438.3333333333333, 263.3, 477.76666666666665, 392.6666666666667, 369.1333333333333, 401.6, 321.96666666666664, 386.4, 434.96666666666664, 421.6, 589.5666666666667, 426.96666666666664, 554.2666666666667, 557.2, 378.26666666666665, 466.2, 415.26666666666665, 270.3666666666667, 264.9, 292.46666666666664, 451.6666666666667, 344.0, 306.9, 441.0, 391.03333333333336, 452.93333333333334, 444.2, 482.3333333333333, 506.3666666666667, 304.3, 492.96666666666664, 554.9666666666667, 388.7, 378.73333333333335]","[86.07017779350281, 258.72756576538086, 430.3446373939514, 588.3929853439331, 736.6410627365112, 940.012412071228, 1107.8367285728455, 1285.633224248886, 1459.2855751514435, 1617.7767038345337, 1809.008849143982, 1961.2291779518127, 2108.015345096588, 2247.8067610263824, 2413.617360830307, 2583.447188615799, 2741.849134206772, 2873.350647687912, 3014.7729654312134, 3154.5689930915833, 3323.6413736343384, 3490.7904460430145, 3655.3303785324097, 3831.0998301506042, 4000.904095172882, 4198.819834470749, 4358.0912227630615, 4498.588458061218, 4625.767653942108, 4757.968332767487, 4977.320294141769, 5209.726239204407, 5412.414676904678, 5606.36160826683, 5727.982839107513, 5851.535152435303, 5969.266813278198, 6086.557637929916, 6200.337600231171, 6315.37154006958, 6449.317687511444, 6559.8062472343445, 6672.995632648468, 6854.350644111633, 7059.82670545578, 7275.30707526207, 7471.931830406189, 7658.68873333931, 7923.8054022789, 8182.377250909805, 8495.618476867676, 8756.735460281372, 8987.725739479065, 9244.13704776764, 9500.228031635284, 9780.274483919144, 10039.001296758652, 10281.010064601898, 10532.317040205002, 10787.457092523575, 10975.976062297821, 11147.305999040604, 11311.935197353363, 11449.883585453033, 11587.001163482666, 11724.952263116837, 11870.640672206879, 12021.885674238205, 12157.766160726547, 12300.218542814255, 12476.045785188675, 12674.64817905426, 12903.776688098907, 13123.764969587326, 13360.508394956589, 13635.715130329132, 13876.68226313591, 14115.175007104874, 14360.65077495575, 14604.27780842781, 14855.578331708908, 15097.849155902863, 15351.610800504684, 15583.986683130264, 15813.590230226517]","[0, 10, 20, 30, 40, 50, 60, 70, 80, 90, 100, 110, 120, 130, 140, 150, 160, 170, 180, 190, 200, 210, 220, 230, 240, 250, 260, 270, 280, 290, 300, 310, 320, 330, 340, 350, 360, 370, 380, 390, 400, 410, 420, 430, 440, 450, 460, 470, 480, 490, 500, 510, 520, 530, 540, 550, 560, 570, 580, 590, 600, 610, 620, 630, 640, 650, 660, 670, 680, 690, 700, 710, 720, 730, 740, 750, 760, 770, 780, 790, 800, 810, 820, 830, 840]","[63, 674, 1285, 1896, 2507, 3120, 3731, 4342, 4953, 5564, 6177, 6788, 7399, 8010, 8621, 9234, 9845, 10456, 11067, 11678, 12306, 13067, 13828, 14589, 15350, 16113, 16874, 17635, 18396, 19157, 19920, 20681, 21442, 22203, 22964, 23727, 24488, 25249, 26010, 26771, 27534, 28295, 29056, 29817, 30578, 31341, 32102, 32863, 33624, 34385, 35148, 35909, 36670, 37431, 38192, 38955, 39716, 40477, 41238, 41999, 42762, 43523, 44284, 45045, 45806, 46584, 47495, 48406, 49317, 50228, 51141, 52052, 52963, 53874, 54785, 55698, 56609, 57520, 58431, 59342, 60255, 61166, 62077, 62988, 63899]","[256, 128]"
2qefa9x5,denim-tree-451,TD3BC_JS_Online,l2f_bc,finished,https://wandb.ai/korneelvandenberghe/l2f_bc/runs/2qefa9x5,2024-11-03T23:04:30Z,-240.9734346938439,450.1333333333333,100.0,False,"[324.10857437455627, 391.7915812808764, 356.4576852085828, 393.7994074580313, 338.3204701274453, 339.4756370303733, 318.8561341893867, 440.00153969757736, 432.3730977932758, 450.5472125380016, 353.73241630865033, 446.20141208030316, 371.8099136972732, 342.5457616137151, 324.76006362902626, 337.8621501928571, 329.8703841087598, 287.3186627441698, 351.36517554049465, 451.7090563560075, 374.4699961967303, 325.8459540164055, 372.1343556500881, 366.30687710825873, 305.768037586364, 448.4868272399105, 315.7121230655886, 447.527735575389, 275.0827809400516, 324.8454096684118, 284.06347527021177, 231.3274866448094, 303.72558241550473, 393.4588559524097, 276.1686995737645, 321.0449328408609, 279.89436786277946, 279.07355355869316, 349.24683799623847, 343.0251601669235, 272.57998478935264, 311.78620839245747, 361.1825893929302, 291.8766554983235, 415.2150329673748, 279.0600552532012, 250.91578375194416, 169.36276851404492, 218.4756116168803, 279.0397231331254, 300.15533848744155, 172.91913821971852, 313.2579917443787, 293.97793973392425, 287.82840613638604, 204.67983441621269, 349.5852606315376, 261.4278335463667, 212.5550934818479, 200.14980740095743, 175.96910336173042, 244.17543967500097, 227.2052275533238, 164.1649283317475, 227.05882053111876, 262.8194183059901, 214.86061068086693, 250.73568716395442, 177.52280694487294, 260.3783347895439, 79.77589539236786, 228.9260795050765, 197.57138627447088, 139.85437088566644, 235.91435083667707, 131.2488722899755, 163.2026888199552, 83.37176877129916, 69.98303911445788, 171.5661280113192, 78.18872668882824, 64.97406353903803, 89.01619732965773, 188.99846093690857, 135.9804324907579, 34.08559119620268, -9.193535331597548, 44.000250618652494, 37.2589076466478, 35.2295554114356, 7.185941582210607, 67.3394069425736, 38.26852109488175, 36.77745623925161, 26.18386987920553, -40.33500370529832, -30.40576886597028, -24.28441119667463, -17.626482845250077, -56.215477758413925, -36.47790672366475, -30.494742909700665, -46.91562360164003, -53.997067817558154, -29.945280224969977, -165.23017303761165, -164.76250951572112, -140.9373886392097, -125.74811104594056, -179.7449458517505, -139.20782840741705, -132.51499869814646, -156.61529664955142, -133.97751599529985, -117.00709199759382, -239.17381300891017, -232.15418499128745, -233.0542448700021, -251.3345877752181, -244.9426247218875, -272.3859237304639, -268.0867053542252, -301.2446077571141, -298.2629004945326, -226.48830274925703, -238.20409427177898, -199.08759333344358, -244.21161241915777, -173.02636524275206, -273.98481297118997, -213.53808911026502, -262.4536164799489, -241.52033950569003, -278.82889950401454, -204.50455004402832, -260.1424761858352, -289.42723613718965, -223.12716813458192, -243.06495247603095, -205.00254599877618, -193.27295137305072, -249.591443523639, -176.53912546626862, -226.16051833135447, -213.03683395396743, -236.86015143825225, -204.97726436868055, -213.90947242622482, -241.70740496516353, -259.4988180958647, -237.93574941571012, -179.1146153453172, -217.83764297564292, -220.7599491375995, -260.0634416909276, -214.0782209598893, -257.2160206801899, -235.94053542602109, -216.66031416069964, -301.7423051857696, -268.36344632163366, -194.42721081961892, -230.1358920637508, -270.07748341690433, -203.75679674983112, -239.34137238731748, -230.46832870598934, -233.2171128792807, -280.94847819444493, -246.74829553933375, -233.41433952424723, -250.25766634408816, -238.4667088543759, -218.16414453758068, -272.18075494036185, -247.92053834397473, -259.41249627091275, -249.14981520850853, -253.45804144622483, -281.62504982730866, -206.28438909273353, -188.51364686850377, -157.26171901795468, -268.412951583639, -195.200684522609, -208.02954050664, -252.44872925614803, -280.95591242134924, -232.4573225147422, -240.9734346938439]","[398.7, 475.73333333333335, 435.93333333333334, 478.8, 411.8666666666667, 426.73333333333335, 400.4, 547.0666666666667, 535.3666666666667, 557.7666666666667, 444.3, 552.1, 459.06666666666666, 429.3333333333333, 412.73333333333335, 449.5, 431.23333333333335, 383.06666666666666, 453.93333333333334, 582.7666666666667, 482.46666666666664, 427.06666666666666, 481.06666666666666, 477.7, 398.06666666666666, 603.5666666666667, 435.23333333333335, 598.4666666666667, 376.73333333333335, 445.6666666666667, 389.2, 327.1, 411.26666666666665, 528.5, 385.6666666666667, 473.5, 406.53333333333336, 419.0, 511.1333333333333, 500.5, 412.8, 464.46666666666664, 521.2, 426.9, 607.9333333333333, 459.9, 412.7, 309.4, 378.26666666666665, 467.76666666666665, 491.26666666666665, 324.3, 505.9, 469.23333333333335, 467.4, 393.3, 647.5, 497.76666666666665, 418.4, 404.3666666666667, 373.3, 457.2, 441.3333333333333, 356.56666666666666, 448.8, 593.8, 494.1666666666667, 547.4666666666667, 452.46666666666664, 618.4333333333333, 279.56666666666666, 539.1333333333333, 468.93333333333334, 368.06666666666666, 549.7666666666667, 438.93333333333334, 552.5333333333333, 377.56666666666666, 328.5, 559.9333333333333, 357.6, 312.6333333333333, 431.9, 631.9, 513.2333333333333, 472.6, 270.26666666666665, 466.03333333333336, 425.6, 428.03333333333336, 329.6333333333333, 507.8333333333333, 406.2, 416.8333333333333, 427.03333333333336, 324.1333333333333, 563.7666666666667, 405.6, 509.93333333333334, 394.8333333333333, 430.6, 431.06666666666666, 400.46666666666664, 323.7, 465.26666666666665, 540.5666666666667, 464.6333333333333, 495.23333333333335, 409.1666666666667, 580.2666666666667, 428.5, 449.76666666666665, 439.3, 379.26666666666665, 278.93333333333334, 493.46666666666664, 409.8666666666667, 377.03333333333336, 453.8333333333333, 410.3333333333333, 528.6333333333333, 532.0333333333333, 525.2333333333333, 599.0666666666667, 426.6, 455.0, 316.5, 481.1333333333333, 308.43333333333334, 463.3, 387.1, 517.6666666666666, 455.8333333333333, 474.3, 315.23333333333335, 463.3666666666667, 541.2, 400.3, 386.8, 334.03333333333336, 264.53333333333336, 422.56666666666666, 249.13333333333333, 421.46666666666664, 357.8, 458.6666666666667, 298.8333333333333, 409.2, 464.06666666666666, 443.23333333333335, 402.6666666666667, 283.23333333333335, 350.03333333333336, 375.6, 512.8333333333334, 357.3666666666667, 415.2, 442.3, 385.53333333333336, 561.5666666666667, 488.6666666666667, 342.3666666666667, 368.73333333333335, 459.7, 381.26666666666665, 422.8666666666667, 383.96666666666664, 445.9, 519.9666666666667, 427.03333333333336, 381.23333333333335, 476.2, 377.3666666666667, 381.4, 515.5666666666667, 417.76666666666665, 448.1, 464.8, 447.8666666666667, 513.9333333333333, 414.1333333333333, 328.56666666666666, 241.43333333333334, 468.96666666666664, 322.1666666666667, 349.6333333333333, 462.8333333333333, 458.93333333333334, 452.1666666666667, 450.1333333333333]","[113.45243310928345, 300.8192343711853, 478.8443658351898, 662.1395282745361, 834.2692165374756, 1040.2662916183472, 1213.6100282669067, 1403.933657169342, 1589.6579151153564, 1783.0108194351196, 1999.5351495742798, 2188.1250014305115, 2382.5767047405243, 2560.51079082489, 2738.763480901718, 2951.9997458457947, 3128.486142396927, 3300.329587459564, 3482.125137090683, 3683.933523416519, 3929.5603613853455, 4119.819537639618, 4302.417053222656, 4485.927522420883, 4661.600106954575, 4901.929755449295, 5078.883044958115, 5276.280775785446, 5447.547820568085, 5626.714770793915, 5828.683460712433, 5992.75367808342, 6169.981973171234, 6357.832035064697, 6532.972703933716, 6765.641408205032, 6942.514543056488, 7120.835002183914, 7310.076707601547, 7497.2265474796295, 7714.197865486145, 7897.4785413742065, 8088.476136207581, 8268.642517089844, 8472.360266685486, 8690.265931367874, 8870.575729370117, 9036.872253656387, 9209.897946119308, 9395.59759259224, 9613.334028482437, 9784.283604383469, 9972.916104316711, 10155.51093673706, 10337.938101530075, 10557.969740152359, 10794.792564153671, 11023.661263227463, 11254.3440284729, 11479.839254379272, 11722.853808403015, 11942.11574435234, 12156.303700685501, 12359.622401714325, 12571.863372564316, 12833.975647211075, 13052.932075977325, 13275.630143642426, 13497.98967909813, 13732.599304437637, 13960.435698986053, 14184.1933324337, 14415.96318078041, 14625.461663722992, 14847.690428733826, 15119.98155927658, 15345.741151332855, 15569.762562274933, 15793.332565307617, 16023.416734933853, 16287.495062351227, 16478.768144130707, 16684.986702919006, 16917.265623807907, 17142.64062666893, 17385.83670282364, 17583.384073019028, 17806.168250322342, 18022.605699300766, 18237.928125858307, 18472.684056520462, 18694.65784597397, 18908.109067440033, 19121.792558908463, 19334.931401014328, 19587.28996014595, 19816.385409116745, 20080.00476884842, 20306.070637702942, 20448.60309267044, 20590.191663742065, 20714.106821537018, 20841.346380233765, 20962.05379295349, 21091.625534534454, 21236.733738183975, 21363.262145519257, 21492.277257442474, 21613.55987548828, 21741.385006189346, 21882.327433347702, 22007.31606197357, 22135.9738445282, 22262.62588739395, 22383.91487646103, 22531.880665540695, 22656.84191942215, 22775.84787464142, 22895.85807800293, 23026.737240552902, 23173.86795115471, 23325.356164693832, 23480.42931509018, 23636.97799897194, 23790.13782787323, 23953.212387800217, 24108.335464000702, 24258.900725364685, 24403.5836353302, 24561.18297600746, 24728.736416578293, 24881.861144781113, 25035.14549612999, 25188.480389356613, 25333.17244243622, 25497.159631967545, 25652.475400447845, 25798.473298549652, 25942.41273212433, 26081.75084924698, 26237.7558259964, 26385.12087059021, 26527.04120326042, 26679.898731470108, 26830.434811353683, 26994.61230778694, 27144.522965431213, 27296.980489969254, 27445.530120372772, 27602.503571748734, 27774.437202692032, 27913.18925523758, 28057.014899492264, 28199.34633564949, 28351.57786631584, 28518.701778650284, 28665.18533062935, 28811.63528776169, 28955.4540746212, 29102.968401432037, 29264.307361602783, 29415.287932157516, 29562.27859187126, 29711.98169875145, 29860.89154648781, 30026.744014263153, 30176.84081721306, 30324.307311058044, 30473.19237089157, 30624.365925073624, 30788.712601423264, 30959.63516974449, 31127.007658481598, 31293.55816578865, 31465.0158097744, 31655.451092243195, 31825.905429124832, 32002.382310390472, 32171.041881084442, 32344.9933116436, 32541.158240795135, 32724.76129746437, 32884.7119102478, 33046.67384696007, 33204.147184848785, 33375.02198553085, 33538.98252391815, 33708.46908259392, 33883.40870809555, 34053.043326854706]","[0, 10, 20, 30, 40, 50, 60, 70, 80, 90, 100, 110, 120, 130, 140, 150, 160, 170, 180, 190, 200, 210, 220, 230, 240, 250, 260, 270, 280, 290, 300, 310, 320, 330, 340, 350, 360, 370, 380, 390, 400, 410, 420, 430, 440, 450, 460, 470, 480, 490, 500, 510, 520, 530, 540, 550, 560, 570, 580, 590, 600, 610, 620, 630, 640, 650, 660, 670, 680, 690, 700, 710, 720, 730, 740, 750, 760, 770, 780, 790, 800, 810, 820, 830, 840, 850, 860, 870, 880, 890, 900, 910, 920, 930, 940, 950, 960, 970, 980, 990, 1000, 1010, 1020, 1030, 1040, 1050, 1060, 1070, 1080, 1090, 1100, 1110, 1120, 1130, 1140, 1150, 1160, 1170, 1180, 1190, 1200, 1210, 1220, 1230, 1240, 1250, 1260, 1270, 1280, 1290, 1300, 1310, 1320, 1330, 1340, 1350, 1360, 1370, 1380, 1390, 1400, 1410, 1420, 1430, 1440, 1450, 1460, 1470, 1480, 1490, 1500, 1510, 1520, 1530, 1540, 1550, 1560, 1570, 1580, 1590, 1600, 1610, 1620, 1630, 1640, 1650, 1660, 1670, 1680, 1690, 1700, 1710, 1720, 1730, 1740, 1750, 1760, 1770, 1780, 1790, 1800, 1810, 1820, 1830, 1840, 1850, 1860, 1870, 1880, 1890]","[64, 675, 1286, 1897, 2508, 3123, 3734, 4345, 4956, 5567, 6181, 6792, 7403, 8014, 8625, 9240, 9851, 10462, 11073, 11684, 12298, 12909, 13520, 14131, 14742, 15357, 15968, 16579, 17190, 17801, 18415, 19026, 19637, 20248, 20859, 21474, 22085, 22696, 23307, 23918, 24532, 25143, 25754, 26365, 26976, 27591, 28202, 28813, 29424, 30035, 30649, 31260, 31871, 32482, 33093, 33723, 34484, 35245, 36006, 36767, 37531, 38292, 39053, 39814, 40575, 41340, 42101, 42862, 43623, 44384, 45148, 45909, 46670, 47431, 48192, 48957, 49718, 50479, 51240, 52001, 52765, 53526, 54287, 55048, 55809, 56574, 57335, 58096, 58857, 59618, 60382, 61143, 61904, 62665, 63426, 64191, 64952, 65713, 66474, 67235, 67999, 68760, 69521, 70282, 71043, 71808, 72569, 73330, 74091, 74852, 75616, 76377, 77138, 77899, 78660, 79425, 80186, 80947, 81708, 82469, 83248, 84159, 85070, 85981, 86892, 87807, 88718, 89629, 90540, 91451, 92365, 93276, 94187, 95098, 96009, 96924, 97835, 98746, 99657, 100568, 101482, 102393, 103304, 104215, 105126, 106041, 106952, 107863, 108774, 109685, 110599, 111510, 112421, 113332, 114243, 115158, 116069, 116980, 117891, 118802, 119716, 120627, 121538, 122449, 123360, 124275, 125186, 126097, 127008, 127919, 128848, 129909, 130970, 132031, 133092, 134157, 135218, 136279, 137340, 138401, 139465, 140526, 141587, 142648, 143709, 144774, 145835, 146896, 147957, 149018]","[256, 128]"
zxub06dn,vocal-butterfly-452,TD3BC_JS_Online,l2f_bc,finished,https://wandb.ai/korneelvandenberghe/l2f_bc/runs/zxub06dn,2024-11-04T08:34:27Z,-215.0004090141042,309.93333333333334,2.0,False,"[220.3073146853223, 470.49524344432956, 494.08007188581814, 443.4156514431766, 336.96298441506497, 424.54267339066195, 484.43284384708005, 348.4865515090051, 451.7106773225689, 394.50694974428757, 349.2527213466083, 324.4050202706133, 388.9103410778488, 400.9532749757287, 350.2943222207859, 343.21645430501155, 319.33291231212564, 281.8551645043245, 284.52535720719675, 342.12102643890483, 280.58204106191914, 293.1501032680231, 186.08562262484207, 298.42172316209076, 303.04761924266046, 340.249809061945, 347.09222225990123, 342.47026197560655, 388.1528654266084, 338.2077319241842, 389.39344667416736, 396.603459394044, 287.48360411567563, 269.52720867606234, 348.2363342580622, 341.3338708518872, 297.4932961123942, 310.56133190349453, 303.0518085870841, 330.6151593448646, 248.77335077668914, 332.9372678384702, 269.0440590288815, 279.75351698900016, 277.33779054805376, 213.66831928942275, 262.2988029376865, 185.43488957148526, 232.42941255801122, 243.03320472219428, 258.46007929730615, 217.67405526310586, 306.884489169263, 75.51966975473584, 254.8393944503173, 230.59780112233153, 224.0386904240173, 136.0617063249115, 205.8661804618428, 193.78175831204473, 205.533705329421, 205.9314307233122, 184.02053989611994, 226.52766313236074, 204.21912396035, 243.4442397614773, 236.36825640796118, 123.15570337985498, 145.8080320309896, 143.4480073634876, 143.45714652004364, 82.74630322444324, 136.82689607619196, 152.89348937674143, 118.03558705619047, 73.63073488331932, 123.76957275509103, 87.16959938816682, 113.9133687970272, 135.39914330894936, 113.28692920240793, 150.43879066676192, 118.02570741468807, 75.95349396811527, 72.21164110173446, 27.121616575003237, 26.039770197686774, 61.816831178057335, 41.4978561061477, 17.019516633977865, 47.90919327052591, 32.05093637003117, 26.167830823620232, -3.413144313310802, 29.6731655841447, -57.4733730315595, -47.78320337618755, -62.83084796125664, -33.47930131511942, -60.93010852779399, -32.71650910836066, -30.231035356065515, -68.37425341171293, -57.49017639803, -64.31646844391847, -139.401289830879, -151.40506952109774, -156.5774100666111, -172.27934942173934, -141.48443822230053, -150.17682387521185, -154.6106418906851, -139.493396306273, -158.07405393827034, -144.8238064731145, -230.66587324967557, -212.83420928673772, -244.3910387254779, -247.22339860553566, -278.49714144151307, -282.40800654050986, -243.9489776929478, -215.47105335182613, -238.98265359772648, -249.77053034639465, -225.59812440158484, -281.0029125888443, -351.27979876435603, -228.2723717974278, -249.37628005891483, -211.08442364003304, -190.1730280949156, -217.06280258734625, -271.9790623815353, -171.86619535803055, -267.9789916627141, -254.87745504945644, -247.2278743079398, -224.44868969938514, -246.44733865538143, -229.85503257276014, -217.17229924510332, -239.84297098383345, -278.868566698231, -227.61690269257457, -256.02177234686724, -193.24433777716044, -271.83008333831077, -261.9263293414326, -206.0512223095712, -231.89376536143476, -281.0586303035027, -185.50999927592426, -258.937152880581, -242.54187639006756, -266.29616097443096, -285.2523732058756, -250.4959101819215, -203.049804668176, -209.3275940938337, -313.9313325981696, -239.3984625690583, -292.435334324058, -211.28989180137233, -227.4412010181049, -232.637934100411, -255.93343860462986, -192.18194937673934, -201.11619013383466, -278.6636346450533, -262.51590181947984, -270.0073762274077, -244.22761776753032, -189.9816557532514, -236.4282287238315, -290.15135455664216, -262.6184069570975, -274.9982110260619, -257.2412280851237, -213.76667762840182, -243.05043186258536, -188.42452408656112, -232.99148984568012, -280.3914748944304, -225.55547369268666, -301.77828753922415, -273.3698606662677, -176.61211590103406, -265.1260191177867, -215.0004090141042]","[276.6666666666667, 573.3, 596.7, 540.1333333333333, 413.5, 529.7666666666667, 599.5666666666667, 437.4, 561.2333333333333, 496.3, 444.4, 409.1, 485.96666666666664, 504.3666666666667, 442.96666666666664, 442.8333333333333, 429.03333333333336, 375.46666666666664, 375.3666666666667, 449.96666666666664, 376.1333333333333, 390.9, 251.46666666666667, 393.5, 399.43333333333334, 471.73333333333335, 481.3333333333333, 470.3, 530.1666666666666, 457.0, 528.4, 540.5333333333333, 395.06666666666666, 382.7, 473.9, 495.6, 448.06666666666666, 454.93333333333334, 451.23333333333335, 481.56666666666666, 378.3666666666667, 479.3666666666667, 399.46666666666664, 420.76666666666665, 410.96666666666664, 374.76666666666665, 433.6666666666667, 332.06666666666666, 391.76666666666665, 419.46666666666664, 419.4, 370.5, 495.56666666666666, 164.13333333333333, 423.1333333333333, 470.73333333333335, 442.8, 301.56666666666666, 432.43333333333334, 388.53333333333336, 424.53333333333336, 396.8666666666667, 377.1666666666667, 473.6, 410.56666666666666, 564.1333333333333, 563.2333333333333, 355.9, 391.6666666666667, 383.3333333333333, 404.23333333333335, 268.2, 392.6666666666667, 442.6333333333333, 332.96666666666664, 342.73333333333335, 483.5, 391.93333333333334, 466.96666666666664, 508.9, 467.8333333333333, 537.9333333333333, 512.5, 378.03333333333336, 362.3666666666667, 395.6, 360.8666666666667, 541.5666666666667, 496.03333333333336, 362.3666666666667, 499.56666666666666, 369.7, 434.8, 337.4, 484.6333333333333, 389.03333333333336, 325.73333333333335, 378.1, 489.0, 475.9, 521.3, 441.6666666666667, 393.3, 349.6333333333333, 438.26666666666665, 391.1, 397.1, 410.3333333333333, 425.1666666666667, 404.0, 366.4, 381.73333333333335, 270.8666666666667, 336.6666666666667, 276.93333333333334, 319.3666666666667, 376.6333333333333, 490.26666666666665, 470.8333333333333, 470.8666666666667, 512.2333333333333, 398.03333333333336, 307.9, 416.56666666666666, 422.3333333333333, 345.53333333333336, 538.0, 706.8666666666667, 386.3333333333333, 458.3333333333333, 371.6333333333333, 296.5, 361.6, 413.2, 248.66666666666666, 519.5, 432.1, 451.6666666666667, 299.96666666666664, 411.96666666666664, 394.06666666666666, 358.6, 378.1, 511.26666666666665, 355.46666666666664, 480.3333333333333, 295.3333333333333, 473.3, 478.3333333333333, 363.03333333333336, 361.2, 474.5, 300.2, 430.23333333333335, 416.56666666666666, 503.0, 486.06666666666666, 410.7, 364.8666666666667, 352.1666666666667, 528.4666666666667, 462.43333333333334, 548.9333333333333, 356.4, 377.7, 409.1, 429.96666666666664, 309.73333333333335, 251.43333333333334, 546.2666666666667, 488.8333333333333, 533.6, 419.23333333333335, 313.8333333333333, 404.0, 519.1333333333333, 507.3, 507.6, 455.76666666666665, 329.06666666666666, 413.73333333333335, 307.6, 389.43333333333334, 507.2, 396.06666666666666, 554.0, 489.23333333333335, 265.06666666666666, 445.6, 309.93333333333334]","[47.013986587524414, 157.71630120277405, 272.90916180610657, 387.413387298584, 493.329137802124, 614.5236189365387, 724.5158369541168, 832.7664325237274, 942.5412111282349, 1046.9776782989502, 1163.3391380310059, 1261.8588252067566, 1366.426132440567, 1486.1763322353363, 1592.5610926151276, 1713.136885881424, 1823.5961892604828, 1919.0339515209198, 2020.7601211071014, 2134.1804666519165, 2255.754929304123, 2351.089503765106, 2445.1366670131683, 2549.756109714508, 2656.7160637378693, 2772.6720955371857, 2883.02677321434, 2982.872292280197, 3095.25954079628, 3196.070836544037, 3312.5485949516296, 3418.904636859894, 3521.2780814170837, 3619.392834186554, 3735.2514934539795, 3858.220041036606, 3970.0642302036285, 4071.8715448379517, 4177.873531341553, 4285.8521463871, 4401.63768696785, 4512.126802206039, 4616.871076583862, 4716.538201808929, 4814.816014289856, 4927.442726135254, 5028.640477180481, 5126.613750457764, 5227.406745433807, 5322.4553990364075, 5436.6395654678345, 5533.703878164291, 5634.658066749573, 5724.378236532211, 5822.876792192459, 5944.530731916428, 6062.974403619766, 6183.2269814014435, 6308.404787302017, 6433.169884681702, 6567.329100847244, 6688.334904909134, 6810.31422162056, 6951.6064829826355, 7074.927524328232, 7217.542280673981, 7348.16072845459, 7471.24933719635, 7592.876795530319, 7712.633615970612, 7845.220552921295, 7961.336544275284, 8077.25439119339, 8195.05545592308, 8316.328586101532, 8455.80379986763, 8593.823783397675, 8717.18692612648, 8845.564704656601, 8976.56726360321, 9112.069426059723, 9238.814613342285, 9374.442177295685, 9507.879749059677, 9633.333817720413, 9770.96914601326, 9895.472546577454, 10026.820877313614, 10156.631345272064, 10290.937090873718, 10426.62024140358, 10550.123051404953, 10676.954158782959, 10796.014683961868, 10927.892085313797, 11067.181707143784, 11189.719020605087, 11309.771060943604, 11438.258184671402, 11566.430988550186, 11715.331701278687, 11865.004569530487, 12014.382584095001, 12163.379024505615, 12310.995153427124, 12469.800655126572, 12618.779341459274, 12762.13885807991, 12908.912744522095, 13059.73456788063, 13222.975303649902, 13364.12159538269, 13503.868440389633, 13650.200856685638, 13791.19275522232, 13944.809684991837, 14087.7983648777, 14239.695564746857, 14399.944494009018, 14547.898097276688, 14708.985164880753, 14848.01827096939, 14987.010885715485, 15129.540594100952, 15273.188950061798, 15433.888983011246, 15581.965688705444, 15747.47010731697, 15891.547187805176, 16047.209998130798, 16206.38692355156, 16339.10205578804, 16484.71333527565, 16630.32978439331, 16764.678225517273, 16927.99639058113, 17096.463235139847, 17268.832638025284, 17430.371643781662, 17589.352023124695, 17764.71484375, 17929.332869529724, 18091.007340431213, 18264.44790506363, 18432.346992731094, 18609.943182468414, 18767.007208824158, 18936.42243552208, 19105.50453400612, 19263.97150492668, 19439.414573192596, 19602.35821223259, 19762.06596660614, 19928.220600366592, 20088.090255260468, 20272.19126725197, 20443.72103023529, 20614.473485469818, 20781.887095689774, 20938.833303451538, 21128.304664611816, 21290.88128399849, 21458.02382016182, 21629.514668941498, 21789.615348100662, 21961.825249671936, 22123.470155715942, 22280.676610946655, 22435.198653697968, 22602.242372989655, 22786.094839811325, 22957.05851006508, 23128.73681974411, 23287.169527053833, 23447.51346206665, 23622.559372663498, 23794.307548761368, 23972.656633138657, 24141.42997288704, 24296.37055015564, 24469.604060649872, 24643.193979263306, 24832.98170351982, 25019.69049835205, 25203.553302288055, 25406.31418991089, 25616.287499904633, 25799.098410606384, 25990.541884183884, 26176.42566370964]","[0, 10, 20, 30, 40, 50, 60, 70, 80, 90, 100, 110, 120, 130, 140, 150, 160, 170, 180, 190, 200, 210, 220, 230, 240, 250, 260, 270, 280, 290, 300, 310, 320, 330, 340, 350, 360, 370, 380, 390, 400, 410, 420, 430, 440, 450, 460, 470, 480, 490, 500, 510, 520, 530, 540, 550, 560, 570, 580, 590, 600, 610, 620, 630, 640, 650, 660, 670, 680, 690, 700, 710, 720, 730, 740, 750, 760, 770, 780, 790, 800, 810, 820, 830, 840, 850, 860, 870, 880, 890, 900, 910, 920, 930, 940, 950, 960, 970, 980, 990, 1000, 1010, 1020, 1030, 1040, 1050, 1060, 1070, 1080, 1090, 1100, 1110, 1120, 1130, 1140, 1150, 1160, 1170, 1180, 1190, 1200, 1210, 1220, 1230, 1240, 1250, 1260, 1270, 1280, 1290, 1300, 1310, 1320, 1330, 1340, 1350, 1360, 1370, 1380, 1390, 1400, 1410, 1420, 1430, 1440, 1450, 1460, 1470, 1480, 1490, 1500, 1510, 1520, 1530, 1540, 1550, 1560, 1570, 1580, 1590, 1600, 1610, 1620, 1630, 1640, 1650, 1660, 1670, 1680, 1690, 1700, 1710, 1720, 1730, 1740, 1750, 1760, 1770, 1780, 1790, 1800, 1810, 1820, 1830, 1840, 1850, 1860, 1870, 1880, 1890]","[64, 675, 1286, 1897, 2508, 3123, 3734, 4345, 4956, 5567, 6181, 6792, 7403, 8014, 8625, 9240, 9851, 10462, 11073, 11684, 12298, 12909, 13520, 14131, 14742, 15357, 15968, 16579, 17190, 17801, 18415, 19026, 19637, 20248, 20859, 21474, 22085, 22696, 23307, 23918, 24532, 25143, 25754, 26365, 26976, 27591, 28202, 28813, 29424, 30035, 30649, 31260, 31871, 32482, 33093, 33723, 34484, 35245, 36006, 36767, 37531, 38292, 39053, 39814, 40575, 41340, 42101, 42862, 43623, 44384, 45148, 45909, 46670, 47431, 48192, 48957, 49718, 50479, 51240, 52001, 52765, 53526, 54287, 55048, 55809, 56574, 57335, 58096, 58857, 59618, 60382, 61143, 61904, 62665, 63426, 64191, 64952, 65713, 66474, 67235, 68014, 68925, 69836, 70747, 71658, 72573, 73484, 74395, 75306, 76217, 77131, 78042, 78953, 79864, 80775, 81690, 82601, 83512, 84423, 85334, 86248, 87159, 88070, 88981, 89892, 90807, 91718, 92629, 93540, 94451, 95365, 96276, 97187, 98098, 99009, 99939, 101000, 102061, 103122, 104183, 105247, 106308, 107369, 108430, 109491, 110556, 111617, 112678, 113739, 114800, 115864, 116925, 117986, 119047, 120108, 121173, 122234, 123295, 124356, 125417, 126481, 127542, 128603, 129664, 130725, 131790, 132851, 133912, 134973, 136034, 137098, 138159, 139220, 140281, 141342, 142407, 143468, 144529, 145590, 146651, 147730, 148941, 150152, 151363, 152574, 153789, 155000, 156211, 157422, 158633]","[256, 128]"
53bmn0s3,wise-rain-453,TD3BC_JS_Online,l2f_bc,finished,https://wandb.ai/korneelvandenberghe/l2f_bc/runs/53bmn0s3,2024-11-04T08:48:27Z,-238.03472061277995,481.5,25.0,False,"[429.9688240361622, 450.4962053863188, 468.12253736184977, 286.7805110150506, 346.10787485669533, 342.90021187510104, 438.9077485864256, 444.7736318256657, 484.8710008575483, 366.2019626815348, 322.3642441154044, 325.64496872565906, 311.5935875235672, 289.96372900184207, 281.3844356851277, 498.99728489507925, 315.6482850374222, 217.5581259311661, 399.97029685048176, 384.3844588841119, 404.28532825977805, 463.09747392105214, 410.13318337344424, 290.2977391452624, 277.2104336670313, 315.48999441768905, 402.8181798163526, 339.00398932125233, 433.80922416924915, 281.5083256621489, 255.59615444443142, 288.2385782038737, 242.19100887979954, 280.9980013270846, 332.63924054642916, 307.3188018904291, 330.57270823816384, 221.62693229898665, 280.1931182262734, 178.75557147613375, 397.46892123299546, 235.3337747636755, 253.65258652514746, 325.3347257783059, 252.66215214305853, 177.14105641117547, 234.28110135109847, 265.31251085832525, 303.61497693005225, 185.59057616062793, 133.96417307186212, 246.89176050527368, 280.7317684406068, 335.8125942580538, 223.69550277964163, 239.0479558385295, 118.96461548582874, 281.42589363580015, 298.7188616362834, 259.54441912651765, 208.53920597830566, 234.38690731979528, 220.28382093403368, 296.3066015339989, 272.31816028675553, 133.75844861570235, 163.57174634289566, 171.1554374540498, 214.32251783291207, 291.3126756976639, 195.72744010968088, 181.6710593500689, 248.70864584848238, 227.8268417146868, 204.93869598330977, 126.19103709288184, 142.95125862889847, 125.06697136962762, 55.62717895695005, 75.65391159711679, 127.3084698113518, 165.3320677476195, 166.67992576475518, 93.87169450974046, 131.97451776882062, 67.71387407670014, 6.4937863651656045, 41.75811044889898, 105.56047646817316, 63.15583601911528, 35.257722383818724, 46.189408184895534, 14.359118229341195, 51.72523345300988, 66.86437412532244, -40.227149461046636, -63.884573247234876, -25.94421170942996, -36.61698816522629, -33.58971992708497, -52.087689714952646, -40.87174884288865, -22.721116974820553, -40.24684495425933, -47.96274297189454, -184.37028701147202, -171.99004075298777, -169.93260825791057, -161.39406616464572, -146.6848893933911, -155.4630577247056, -159.30413775413237, -177.10849626627723, -134.4889763498337, -176.30160327604983, -239.85582243484123, -257.31317606783847, -243.44980021089484, -294.2685827080429, -277.96184969703586, -205.684894260053, -268.7100956461343, -280.6484733973129, -240.19715776064868, -252.23457273245728, -258.7672614335307, -278.08211184211143, -223.50993578300935, -293.9694061203635, -202.18786801077826, -238.00336163027032, -268.61971376503215, -275.05058883846675, -299.1108388517714, -233.39283191257417, -189.79832052173015, -247.42787317046856, -213.96871068362378, -271.5647479440107, -293.2055326904185, -276.28839091800535, -248.67769582037153, -249.41981492112026, -285.7392941499463, -285.3101983499319, -271.1784915131783, -227.32724310472113, -265.89854371379454, -227.38280441701906, -179.21451192785236, -175.4743552827115, -205.34604215745924, -293.1551495925028, -371.79747680801853, -208.20570358199004, -216.84043673433806, -222.65524378521357, -224.959218843282, -220.13210469084714, -288.800590307642, -260.3984031220623, -249.6296721365553, -285.5338687342373, -247.41751854246607, -259.51811864884996, -262.1177207632994, -292.5921857371135, -257.8982918943231, -243.55581826691164, -222.95378432954, -244.1793281226993, -242.1342503489129, -226.67631794534404, -212.44072394898907, -244.35332344659324, -247.4913082394065, -195.98451239415502, -273.7225669189022, -184.8539923403309, -257.8260538493733, -237.854253143424, -195.57321707430256, -205.12002926168432, -227.6722336685824, -222.32760625357304, -243.62004717192022, -248.34596072047464, -240.6272393606902, -235.0659561197776, -238.03472061277995]","[527.6333333333333, 545.8, 567.0, 355.43333333333334, 423.06666666666666, 428.53333333333336, 549.4333333333333, 551.2666666666667, 601.5333333333333, 459.03333333333336, 407.23333333333335, 407.53333333333336, 385.3333333333333, 367.9, 357.53333333333336, 639.7, 411.73333333333335, 287.93333333333334, 519.7666666666667, 495.23333333333335, 522.2333333333333, 596.2, 525.6, 381.23333333333335, 364.4, 426.53333333333336, 550.4, 465.3666666666667, 583.2333333333333, 390.6666666666667, 359.93333333333334, 402.9, 340.93333333333334, 384.56666666666666, 459.03333333333336, 440.76666666666665, 480.5, 336.8, 418.2, 281.06666666666666, 576.5666666666667, 359.26666666666665, 380.3, 484.7, 379.46666666666664, 313.1333333333333, 390.0, 435.46666666666664, 488.4, 313.23333333333335, 245.9, 415.06666666666666, 452.4, 517.1333333333333, 377.3333333333333, 467.06666666666666, 272.03333333333336, 520.3666666666667, 580.1666666666666, 507.3333333333333, 408.4, 441.23333333333335, 449.23333333333335, 548.7333333333333, 514.1333333333333, 371.3, 433.0, 437.26666666666665, 501.8, 638.9666666666667, 494.0, 440.26666666666665, 589.6, 549.0666666666667, 512.1666666666666, 441.1333333333333, 499.5, 425.8666666666667, 309.6, 344.03333333333336, 456.7, 509.8333333333333, 554.6333333333333, 402.46666666666664, 489.8, 520.1333333333333, 328.93333333333334, 518.9, 746.1666666666666, 540.9333333333333, 471.26666666666665, 453.8333333333333, 334.76666666666665, 509.96666666666664, 515.9666666666667, 449.23333333333335, 403.3, 433.3333333333333, 387.06666666666666, 418.1666666666667, 371.2, 329.53333333333336, 510.3333333333333, 576.2333333333333, 616.6333333333333, 641.5, 538.8, 482.96666666666664, 536.8333333333334, 424.5, 355.3, 353.93333333333334, 570.4, 346.8, 531.7333333333333, 413.1, 441.3, 448.8666666666667, 537.9, 527.0, 339.73333333333335, 507.8666666666667, 514.9, 454.46666666666664, 442.3333333333333, 488.73333333333335, 543.6, 370.0, 581.3666666666667, 312.7, 383.3666666666667, 479.3666666666667, 497.43333333333334, 538.0, 431.43333333333334, 322.8666666666667, 474.3333333333333, 380.26666666666665, 505.46666666666664, 517.2666666666667, 569.7333333333333, 459.43333333333334, 500.2, 516.8, 520.5333333333333, 499.23333333333335, 345.46666666666664, 471.96666666666664, 422.9, 284.2, 272.7, 369.8333333333333, 538.8, 729.9333333333333, 379.96666666666664, 346.06666666666666, 385.03333333333336, 414.9, 346.0, 546.6666666666666, 453.43333333333334, 418.46666666666664, 509.4, 403.2, 462.96666666666664, 454.9, 560.0333333333333, 462.26666666666665, 418.1, 410.0, 397.6, 464.76666666666665, 386.73333333333335, 364.8, 403.23333333333335, 431.4, 315.1666666666667, 565.4, 277.03333333333336, 451.4, 404.46666666666664, 317.8666666666667, 311.56666666666666, 403.93333333333334, 406.06666666666666, 410.4, 389.1333333333333, 406.56666666666666, 387.56666666666666, 481.5]","[61.441553592681885, 167.69427728652954, 272.87487626075745, 368.7765567302704, 467.58324575424194, 580.4124855995178, 685.3636524677277, 790.8792910575867, 898.0062098503113, 1000.2740519046783, 1110.124153137207, 1207.1400728225708, 1304.2097430229187, 1400.6973056793213, 1497.138947725296, 1616.7707233428955, 1717.0300629138947, 1809.8502950668335, 1913.1106119155884, 2014.8188905715942, 2141.615235567093, 2246.7075119018555, 2351.507699251175, 2447.330920934677, 2541.8398730754852, 2656.7679195404053, 2760.916584968567, 2862.4206409454346, 2968.996386528015, 3064.983907699585, 3178.9429285526276, 3276.6925325393677, 3371.3626873493195, 3468.9538023471832, 3569.397920370102, 3676.936525583267, 3777.1054842472076, 3873.3565928936005, 3972.9792602062225, 4064.558486700058, 4188.7586352825165, 4305.839470863342, 4421.504876375198, 4544.321674108505, 4661.55651140213, 4783.142662763596, 4899.459473371506, 5018.70693564415, 5138.508738040924, 5251.435756444931, 5377.5445992946625, 5497.246206283569, 5615.907531499863, 5736.518212795258, 5852.6036722660065, 5986.569009542465, 6097.125654220581, 6216.475401639938, 6341.826340436935, 6465.865853309631, 6595.101538181305, 6712.421658754349, 6831.46484875679, 6955.191617012024, 7079.20111823082, 7206.266074419022, 7326.265065670013, 7444.617866039276, 7565.712502479553, 7692.84574007988, 7835.494181394577, 7958.3989334106445, 8087.721411943436, 8216.428241968155, 8342.261035442352, 8474.647182226181, 8594.158527612686, 8713.725882291794, 8825.649919986725, 8938.345628261566, 9071.514850139618, 9193.491645097733, 9318.161736011505, 9434.464501142502, 9556.223140001297, 9692.038357496262, 9804.925652503967, 9927.350223779678, 10059.409331321716, 10183.539251804352, 10316.436853170395, 10435.015574932098, 10549.907333374023, 10673.972705125809, 10796.325029373169, 10927.468643903732, 11043.517355918884, 11161.654205799103, 11279.175265789032, 11396.509901762009, 11526.343690156937, 11639.386903524399, 11761.318444252014, 11886.44477057457, 12013.740924835205, 12159.968872308731, 12304.349306344986, 12445.643595695496, 12587.362269163132, 12727.436215400696, 12881.408915042877, 13014.96693944931, 13159.508415460587, 13292.722713947296, 13433.158019065857, 13581.542357683182, 13719.192739486694, 13856.420814752579, 13996.860278129578, 14137.366673469543, 14288.992640733719, 14431.85862493515, 14574.183306217194, 14714.923467874527, 14852.994478225708, 15007.450168132782, 15151.698336362839, 15287.92239189148, 15432.909229516983, 15566.174176692963, 15724.094714641571, 15865.03708600998, 16006.187597751617, 16149.06431055069, 16285.977809906006, 16432.344138622284, 16572.07252216339, 16707.33676290512, 16849.2305226326, 16992.213815689087, 17147.490436315536, 17286.593845129013, 17428.728605270386, 17570.471585273743, 17712.50912451744, 17868.963163137436, 18002.690262794495, 18143.12807059288, 18281.247402191162, 18411.362204551697, 18556.41915655136, 18690.73274421692, 18835.409283399582, 18987.230894804, 19124.073364019394, 19270.77610230446, 19404.29995417595, 19540.793327331543, 19672.434303998947, 19813.213148117065, 19965.746707201004, 20102.986608743668, 20246.138767004013, 20383.54621720314, 20523.982699394226, 20674.425496339798, 20819.238827705383, 20959.05727815628, 21096.680052042007, 21235.294419765472, 21390.971195220947, 21549.45071721077, 21706.329543352127, 21861.04432272911, 22016.994767189026, 22187.07968401909, 22336.253172397614, 22499.813943386078, 22649.73490357399, 22808.647757291794, 22975.605393886566, 23126.46904182434, 23277.072122573853, 23433.979702949524, 23591.040108680725, 23766.727014541626, 23920.90823483467, 24078.372409820557, 24233.81450176239, 24393.837366342545]","[0, 10, 20, 30, 40, 50, 60, 70, 80, 90, 100, 110, 120, 130, 140, 150, 160, 170, 180, 190, 200, 210, 220, 230, 240, 250, 260, 270, 280, 290, 300, 310, 320, 330, 340, 350, 360, 370, 380, 390, 400, 410, 420, 430, 440, 450, 460, 470, 480, 490, 500, 510, 520, 530, 540, 550, 560, 570, 580, 590, 600, 610, 620, 630, 640, 650, 660, 670, 680, 690, 700, 710, 720, 730, 740, 750, 760, 770, 780, 790, 800, 810, 820, 830, 840, 850, 860, 870, 880, 890, 900, 910, 920, 930, 940, 950, 960, 970, 980, 990, 1000, 1010, 1020, 1030, 1040, 1050, 1060, 1070, 1080, 1090, 1100, 1110, 1120, 1130, 1140, 1150, 1160, 1170, 1180, 1190, 1200, 1210, 1220, 1230, 1240, 1250, 1260, 1270, 1280, 1290, 1300, 1310, 1320, 1330, 1340, 1350, 1360, 1370, 1380, 1390, 1400, 1410, 1420, 1430, 1440, 1450, 1460, 1470, 1480, 1490, 1500, 1510, 1520, 1530, 1540, 1550, 1560, 1570, 1580, 1590, 1600, 1610, 1620, 1630, 1640, 1650, 1660, 1670, 1680, 1690, 1700, 1710, 1720, 1730, 1740, 1750, 1760, 1770, 1780, 1790, 1800, 1810, 1820, 1830, 1840, 1850, 1860, 1870, 1880, 1890]","[64, 675, 1286, 1897, 2508, 3123, 3734, 4345, 4956, 5567, 6181, 6792, 7403, 8014, 8625, 9240, 9851, 10462, 11073, 11684, 12298, 12909, 13520, 14131, 14742, 15357, 15968, 16579, 17190, 17801, 18415, 19026, 19637, 20248, 20859, 21474, 22085, 22696, 23307, 23918, 24547, 25308, 26069, 26830, 27591, 28356, 29117, 29878, 30639, 31400, 32164, 32925, 33686, 34447, 35208, 35973, 36734, 37495, 38256, 39017, 39781, 40542, 41303, 42064, 42825, 43590, 44351, 45112, 45873, 46634, 47398, 48159, 48920, 49681, 50442, 51207, 51968, 52729, 53490, 54251, 55015, 55776, 56537, 57298, 58059, 58824, 59585, 60346, 61107, 61868, 62632, 63393, 64154, 64915, 65676, 66441, 67202, 67963, 68724, 69485, 70249, 71010, 71771, 72532, 73293, 74073, 74984, 75895, 76806, 77717, 78631, 79542, 80453, 81364, 82275, 83190, 84101, 85012, 85923, 86834, 87748, 88659, 89570, 90481, 91392, 92307, 93218, 94129, 95040, 95951, 96865, 97776, 98687, 99598, 100509, 101424, 102335, 103246, 104157, 105068, 105982, 106893, 107804, 108715, 109626, 110541, 111452, 112363, 113274, 114185, 115099, 116010, 116921, 117832, 118743, 119658, 120569, 121480, 122391, 123302, 124216, 125127, 126038, 126949, 127860, 128775, 129686, 130597, 131508, 132419, 133348, 134409, 135470, 136531, 137592, 138657, 139718, 140779, 141840, 142901, 143965, 145026, 146087, 147148, 148209, 149274, 150335, 151396, 152457, 153518]","[256, 128]"
yp2uxc4g,rose-disco-454,TD3BC_JS_Online,l2f_bc,finished,https://wandb.ai/korneelvandenberghe/l2f_bc/runs/yp2uxc4g,2024-11-04T15:37:41Z,-251.81669350391664,451.8,2.0,False,"[425.09952309798325, 380.42243000780076, 466.3981250465943, 387.40603462221753, 392.4983290797448, 328.4214619695137, 395.57968324328544, 399.58396883169246, 377.7462892399271, 410.89980128864295, 369.177196468256, 406.61839604477314, 384.386306459663, 312.60190188880114, 269.30402732409544, 360.2359665719486, 400.7237109049477, 304.9406485034705, 286.56917384934945, 362.97672876554657, 274.6663984495964, 318.5250188558611, 414.2442430502477, 225.76203111031717, 432.9385143636986, 418.24102916399727, 287.4285577232886, 323.5351290199268, 332.5580686670463, 209.0217481751684, 340.29990879106145, 474.11319124783637, 386.07987253924165, 307.2979956902192, 257.9348723744836, 345.95985527541114, 255.37951181561468, 269.7382444585084, 240.4807208852908, 253.6921468758823, 286.83911826292746, 323.6747876902513, 360.66964356347427, 327.2987869911256, 283.9617296267109, 211.6482400350532, 213.6974407633598, 257.19448289860514, 295.9823972141417, 309.0556836126568, 215.40858656914992, 257.63635801156687, 273.1128232344928, 206.88782684218808, 309.09633214978135, 172.4566346438235, 186.27493912807876, 161.89314589311246, 169.19965912703535, 259.48463223370317, 242.8279560241616, 238.5959221166865, 301.54221695097345, 271.7634899586551, 233.074391889519, 142.55972003455562, 133.1488382167569, 199.56037163820855, 63.5060387593718, 184.34007716980497, 99.02710850865614, 175.15832484774884, 126.01283476820454, 120.62182513934052, 211.81152456331714, 117.39872298218205, 88.01585120356876, 83.30886807724194, 169.54465345781827, 75.15339915346115, 70.94777050358796, 142.2682556294948, 172.44659136717155, 71.31317959966535, 170.60677743510232, 36.276747413905795, -1.586191273158595, 36.64966475695848, 24.0391178229584, 47.09214740252078, 59.29415929159561, 23.363663357809834, 17.872520623323304, 7.304282558625986, 56.29275191469386, -23.558980994013403, -46.58168056192803, -39.4013382547507, -5.380438576177924, -69.27496344575766, -66.10975779557371, -33.368181699964694, -46.76421699463395, -32.047992674139714, -46.64173383177415, -123.08183526908412, -159.99090051499704, -169.4014550201984, -157.909190632618, -152.43094127696904, -126.91754305761813, -145.5028206353839, -137.9780115462994, -149.68450951201643, -140.74099566588123, -297.16598647436587, -310.39121253699966, -298.95660121133017, -293.46885235213, -228.71467335655234, -209.5852509199644, -226.96325406647253, -243.9785146235521, -240.1995960124624, -253.7215796563771, -223.65929813190866, -244.56391982403835, -277.92114849516616, -207.9797918044031, -306.0859622995862, -257.24184943464473, -195.00105630934632, -316.01384184308705, -241.72803704740645, -239.46510275009803, -235.9194446609632, -256.27066009881725, -258.64996293239767, -285.95187686057477, -294.08586391133485, -201.1193958230055, -239.814591971941, -257.45002429573157, -240.5965007172461, -245.35890617854201, -215.5803038085516, -231.70107276301468, -269.6521658599425, -222.3807453853726, -282.8107545719468, -269.565552245386, -197.1553184653222, -212.29808286822006, -208.1971324042471, -208.27634307823624, -284.7027300605461, -312.63026045053647, -302.0178877309076, -296.3804898715798, -236.18613250306424, -343.7204353562002, -243.73529736730703, -290.5852877677402, -286.2249150988319, -249.4681734617348, -215.66953233263908, -242.655812334444, -257.54625766529375, -291.17396014985394, -266.7504942962194, -232.66987939312097, -248.61264227351137, -248.15608527113585, -246.46720619948118, -284.51711636747166, -214.25760301004485, -237.94526668490727, -198.14120119602745, -290.45370497100623, -296.91585520614166, -232.8089318485793, -235.62569789421556, -239.82346725490612, -258.9861211300141, -236.692916047191, -316.377347272176, -257.3950487305721, -199.2952596350264, -252.66287442312438, -251.81669350391664]","[515.6666666666666, 463.6, 567.3, 467.5, 480.43333333333334, 414.2, 494.6333333333333, 499.7, 473.46666666666664, 508.3666666666667, 461.3666666666667, 506.3666666666667, 482.03333333333336, 391.1333333333333, 341.2, 463.6333333333333, 521.9, 402.5, 378.8333333333333, 479.03333333333336, 364.6666666666667, 422.6333333333333, 533.4333333333333, 306.53333333333336, 555.7666666666667, 575.2666666666667, 402.6666666666667, 439.6333333333333, 448.9, 293.8333333333333, 460.1666666666667, 640.0666666666667, 526.5, 423.9, 367.8, 503.26666666666665, 381.46666666666664, 407.8666666666667, 361.46666666666664, 388.23333333333335, 411.4, 468.3, 526.5333333333333, 487.2, 429.1, 355.6666666666667, 371.06666666666666, 422.03333333333336, 503.26666666666665, 491.96666666666664, 366.1333333333333, 428.4, 463.9, 350.23333333333335, 493.6, 360.8, 378.2, 364.1, 372.1, 485.73333333333335, 492.3333333333333, 453.0, 576.2, 522.9666666666667, 457.76666666666665, 382.7, 362.6, 507.5, 237.4, 469.53333333333336, 281.1333333333333, 422.96666666666664, 364.46666666666664, 336.9, 539.2, 437.8333333333333, 367.56666666666666, 395.1666666666667, 575.4666666666667, 383.1, 362.43333333333334, 542.4, 594.5, 350.93333333333334, 575.5666666666667, 409.96666666666664, 263.6, 435.53333333333336, 374.03333333333336, 469.9, 533.7, 408.93333333333334, 456.46666666666664, 340.76666666666665, 489.93333333333334, 450.8, 469.8333333333333, 456.56666666666666, 530.0, 319.1666666666667, 383.3666666666667, 494.2, 360.93333333333334, 491.1666666666667, 430.3, 403.1666666666667, 506.26666666666665, 438.3666666666667, 436.2, 456.26666666666665, 263.0, 521.2, 345.26666666666665, 420.2, 344.8, 523.2, 526.0, 504.1, 529.1333333333333, 411.3333333333333, 324.3666666666667, 379.76666666666665, 413.8666666666667, 419.8, 452.23333333333335, 355.93333333333334, 382.3, 493.06666666666666, 348.46666666666664, 571.0, 465.8666666666667, 303.6333333333333, 598.6666666666666, 429.9, 376.8666666666667, 351.1, 473.8666666666667, 467.6666666666667, 520.3666666666667, 521.0333333333333, 324.7, 440.56666666666666, 414.3, 417.96666666666664, 492.1333333333333, 334.3333333333333, 418.3, 483.4, 367.6666666666667, 568.2, 485.9, 295.53333333333336, 376.0, 340.5, 368.53333333333336, 512.2333333333333, 547.7, 559.5, 582.5, 408.4, 573.8333333333334, 434.1, 540.9, 547.0, 454.5, 292.76666666666665, 398.53333333333336, 478.7, 491.1666666666667, 497.0, 352.8333333333333, 458.7, 444.96666666666664, 422.93333333333334, 483.53333333333336, 337.06666666666666, 488.5, 373.1333333333333, 517.9, 553.2333333333333, 368.26666666666665, 396.6666666666667, 356.06666666666666, 414.3, 356.3, 551.1333333333333, 496.1, 362.1666666666667, 425.1333333333333, 451.8]","[58.526410818099976, 160.17386555671692, 264.2464954853058, 362.943213224411, 465.543967962265, 577.6902718544006, 678.7386949062347, 781.0357947349548, 880.208075761795, 980.5104942321777, 1095.3592891693115, 1197.9396541118622, 1298.5473375320435, 1395.1152882575989, 1489.7534482479095, 1601.7711882591248, 1705.2813453674316, 1803.148635149002, 1899.5890762805939, 1998.8192517757416, 2113.9121840000153, 2211.5521364212036, 2312.9904515743256, 2405.8846287727356, 2509.5979523658752, 2627.565988302231, 2722.3010923862457, 2820.79807639122, 2920.6543831825256, 3012.9243998527527, 3131.668801546097, 3239.3872668743134, 3343.069679737091, 3441.7025973796844, 3536.9555830955505, 3661.331520795822, 3756.6522035598755, 3852.9580750465393, 3948.267930984497, 4045.905584335327, 4163.413367986679, 4261.019967317581, 4363.272623062134, 4464.07458782196, 4562.313904047012, 4671.727390050888, 4765.853700876236, 4864.055558204651, 4962.771463871002, 5064.962203502655, 5181.771961927414, 5280.924010276794, 5382.337327480316, 5476.671146392822, 5577.376749753952, 5683.875118494034, 5797.43045592308, 5912.227447271347, 6026.191181898117, 6146.599684238434, 6277.876970767975, 6396.1170308589935, 6520.993660211563, 6647.6872382164, 6766.953231573105, 6896.243745326996, 7012.7861886024475, 7133.079845666885, 7239.343472242355, 7356.5997042655945, 7479.231394767761, 7596.479848384857, 7711.28431391716, 7822.457665681839, 7946.050420284271, 8077.4234166145325, 8192.686210870743, 8308.373767137527, 8431.292091369629, 8548.837456226349, 8673.954432487488, 8797.073927640915, 8922.227404117584, 9041.988991498947, 9165.126481056213, 9294.442042350769, 9403.205245018005, 9521.281332015991, 9637.19150018692, 9756.286808252335, 9897.901797533035, 10017.221199512482, 10134.174443721771, 10247.52876162529, 10366.54243516922, 10496.615212917328, 10614.765640735626, 10735.255293130875, 10858.302866220474, 10971.819686412811, 11100.071150302887, 11220.509195327759, 11333.660940885544, 11454.516825914383, 11571.95790219307, 11702.508512973785, 11824.519067287445, 11942.515903711319, 12059.063533782959, 12177.88029909134, 12305.104699134827, 12446.897511482239, 12581.237940073013, 12714.732325553894, 12849.009848594666, 13006.19450545311, 13152.386057376862, 13296.194631576538, 13437.521828889847, 13580.094937562943, 13721.328133583069, 13855.903417348862, 14032.288140058517, 14232.17398428917, 14460.013390302658, 14682.237559318542, 14890.607177734375, 15112.463598966599, 15324.211268901825, 15558.803641796112, 15794.24055814743, 15986.16068148613, 16141.127012252808, 16350.296961069107, 16574.1120967865, 16841.953726291656, 17073.84108877182, 17305.314795017242, 17538.227001667023, 17773.067897319794, 18031.58053135872, 18258.317787885666, 18482.75397825241, 18706.7870118618, 18940.073592424393, 19185.273315429688, 19411.920461416245, 19644.786602973938, 19865.51188635826, 20103.909742832184, 20368.372175693512, 20610.48188829422, 20859.047120332718, 21101.95189833641, 21348.6449341774, 21637.337346553802, 21907.84514284134, 22179.336175441742, 22456.767430067062, 22723.673710107803, 23040.296036720276, 23306.696417808533, 23573.91928958893, 23855.01047873497, 24125.89041876793, 24431.44278407097, 24703.82934141159, 24981.30582332611, 25262.627944231033, 25544.562585115433, 25864.885895490646, 26150.98748254776, 26432.899470090866, 26716.201731681824, 27008.127165079117, 27299.94557452202, 27581.674203395844, 27853.826594352722, 28138.587738990784, 28428.7613966465, 28737.48250603676, 29017.723962306976, 29297.21000933647, 29584.068151712418, 29864.84714436531, 30199.59611940384, 30522.06582427025, 30873.98493051529, 31148.477555036545, 31447.724435567856]","[0, 10, 20, 30, 40, 50, 60, 70, 80, 90, 100, 110, 120, 130, 140, 150, 160, 170, 180, 190, 200, 210, 220, 230, 240, 250, 260, 270, 280, 290, 300, 310, 320, 330, 340, 350, 360, 370, 380, 390, 400, 410, 420, 430, 440, 450, 460, 470, 480, 490, 500, 510, 520, 530, 540, 550, 560, 570, 580, 590, 600, 610, 620, 630, 640, 650, 660, 670, 680, 690, 700, 710, 720, 730, 740, 750, 760, 770, 780, 790, 800, 810, 820, 830, 840, 850, 860, 870, 880, 890, 900, 910, 920, 930, 940, 950, 960, 970, 980, 990, 1000, 1010, 1020, 1030, 1040, 1050, 1060, 1070, 1080, 1090, 1100, 1110, 1120, 1130, 1140, 1150, 1160, 1170, 1180, 1190, 1200, 1210, 1220, 1230, 1240, 1250, 1260, 1270, 1280, 1290, 1300, 1310, 1320, 1330, 1340, 1350, 1360, 1370, 1380, 1390, 1400, 1410, 1420, 1430, 1440, 1450, 1460, 1470, 1480, 1490, 1500, 1510, 1520, 1530, 1540, 1550, 1560, 1570, 1580, 1590, 1600, 1610, 1620, 1630, 1640, 1650, 1660, 1670, 1680, 1690, 1700, 1710, 1720, 1730, 1740, 1750, 1760, 1770, 1780, 1790, 1800, 1810, 1820, 1830, 1840, 1850, 1860, 1870, 1880, 1890]","[64, 675, 1286, 1897, 2508, 3123, 3734, 4345, 4956, 5567, 6181, 6792, 7403, 8014, 8625, 9240, 9851, 10462, 11073, 11684, 12298, 12909, 13520, 14131, 14742, 15357, 15968, 16579, 17190, 17801, 18415, 19026, 19637, 20248, 20859, 21474, 22085, 22696, 23307, 23918, 24532, 25143, 25754, 26365, 26976, 27591, 28202, 28813, 29424, 30035, 30649, 31260, 31871, 32482, 33093, 33723, 34484, 35245, 36006, 36767, 37531, 38292, 39053, 39814, 40575, 41340, 42101, 42862, 43623, 44384, 45148, 45909, 46670, 47431, 48192, 48957, 49718, 50479, 51240, 52001, 52765, 53526, 54287, 55048, 55809, 56574, 57335, 58096, 58857, 59618, 60382, 61143, 61904, 62665, 63426, 64191, 64952, 65713, 66474, 67235, 67999, 68760, 69521, 70282, 71043, 71808, 72569, 73330, 74091, 74852, 75631, 76542, 77453, 78364, 79275, 80190, 81101, 82012, 82923, 83834, 84748, 85659, 86570, 87481, 88392, 89307, 90218, 91129, 92040, 92951, 93865, 94776, 95687, 96598, 97509, 98424, 99335, 100246, 101157, 102068, 102982, 103893, 104804, 105715, 106626, 107541, 108452, 109363, 110274, 111185, 112114, 113175, 114236, 115297, 116358, 117423, 118484, 119545, 120606, 121667, 122731, 123792, 124853, 125914, 126975, 128040, 129101, 130162, 131223, 132284, 133348, 134409, 135470, 136531, 137592, 138657, 139718, 140779, 141840, 142901, 143965, 145026, 146087, 147148, 148209, 149274, 150335, 151396, 152457, 153518]","[256, 128]"
uvxhqv7b,curious-resonance-455,TD3BC_JS_Online,l2f_bc,finished,https://wandb.ai/korneelvandenberghe/l2f_bc/runs/uvxhqv7b,2024-11-04T15:53:26Z,-202.4107196896717,320.0,2.0,False,"[458.42633366217905, 330.4533850341309, 312.60688987634614, 413.1069656398959, 347.3235699932964, 347.0221097831505, 377.33058035066426, 282.8546323762625, 344.3334175496356, 402.89141243603115, 372.08421270485985, 325.7639926988786, 330.12940402723854, 318.5377459439187, 347.08896165730795, 235.0960699203252, 267.4021445969874, 309.08471215367695, 274.92550288090564, 293.5870634113282, 356.2257204060466, 338.76123372836645, 289.0729798160301, 448.8234996903012, 401.6847434506882, 304.6427118809563, 403.02755821423546, 290.11536019136213, 287.07613324269704, 353.244546223354, 310.8283466569114, 303.7518359654022, 319.67834008435074, 190.62853277460832, 227.3263311922219, 420.5119674963383, 253.22778181242037, 390.58657555494835, 270.3030285017198, 339.13550817243583, 302.77700700327904, 260.59883060728265, 202.62175427373887, 242.03318142955035, 280.89790306975425, 217.95955117170348, 241.4605529755942, 243.37896739166706, 262.6847805847428, 184.83659142684823, 181.1945046161338, 254.42246973078153, 129.73812101886796, 352.4641688419741, 336.86321542811964, 240.58026791956254, 336.2160771845164, 226.02608290478548, 155.65254659209026, 302.3771585078769, 212.4345578085245, 190.5247774010594, 245.55877933335003, 203.92072724870766, 215.51907713789782, 140.96003497969687, 129.20513691790455, 158.33260570185564, 181.9598777498286, 167.83177877333367, 153.03808493984985, 181.4225894674624, 145.11595433262173, 170.82846246307457, 55.16615530366356, 103.49730288276987, 80.8504991160083, 97.18113315944859, 99.31746589194378, 134.52279338137367, 137.3035504154078, 99.88347490807361, 164.92416743310108, 78.18149181609965, 95.26693851277757, 7.961840755026804, 43.487375877646286, 73.11117781543615, 12.75162132708212, 34.48453685651464, -1.0038893590209352, 17.024235887429615, 52.4794132715138, 21.4130852659887, 61.438784008570366, -50.28332400730509, -7.304598704162534, -54.09480073789555, -30.090938985789748, -58.47041859672506, -32.98195063028953, -51.170600594871004, -45.01401085309439, -31.21212918327902, -40.5064270459695, -142.32384807804783, -116.58846513813214, -163.64596034930491, -149.75139049112175, -164.14983066501742, -134.969743472503, -180.71216476496218, -118.92463409811462, -170.83675062179927, -163.91572821092376, -241.61969404476346, -201.43484761205477, -238.03603654231537, -194.23062545761903, -232.29142763845883, -330.8887096641037, -204.88415470644313, -265.05378266779843, -198.47885614649417, -289.74756101048854, -264.0155571173142, -189.62552018443432, -239.50640847822763, -218.83598899559, -190.76644290406688, -213.78614505658996, -310.3626597261874, -229.17119745789537, -234.82331002625133, -222.25748563530345, -212.72560016214075, -237.8954804984281, -272.84526848091485, -240.01889382839627, -203.64548542658792, -239.3347315723556, -268.57940784464375, -233.7140181443466, -287.43769429638076, -236.931775382407, -262.69689005055267, -260.06904813631894, -239.9132308104087, -231.09024247798172, -263.76354953973265, -249.53422739620262, -263.52810992307036, -236.72849996277102, -308.22461372856714, -234.4582308023939, -296.6271719416338, -288.55977499336836, -200.65810984421594, -211.52606810284144, -281.9185553172926, -234.49870716086696, -230.13460663587196, -265.97902914580953, -240.3165001633151, -222.79571748443195, -218.15795100673438, -151.18600661307042, -258.79258850107306, -258.59397566641474, -244.80010369886494, -187.11802767232066, -274.3746707706983, -217.26146221375134, -241.1883129226484, -205.60931486929334, -269.1654877051568, -281.97283200555984, -254.14959197844934, -286.2206204911135, -198.89644822494398, -169.68434772023002, -259.51723184448946, -240.74682012758578, -221.97420718900867, -266.65418123414753, -179.7367568673408, -226.22470955001307, -270.5912509532043, -282.19414493622696, -202.4107196896717]","[553.2666666666667, 407.03333333333336, 381.76666666666665, 502.43333333333334, 424.1333333333333, 433.7, 471.8333333333333, 363.3333333333333, 437.4, 504.7, 464.56666666666666, 412.1666666666667, 415.2, 402.93333333333334, 436.96666666666664, 310.4, 354.53333333333336, 402.4, 369.03333333333336, 391.26666666666665, 463.0, 445.6666666666667, 383.03333333333336, 576.1, 515.9333333333333, 422.6, 548.4, 406.3, 392.6666666666667, 483.26666666666665, 423.8333333333333, 419.1333333333333, 439.6666666666667, 277.5, 319.9, 593.1666666666666, 377.3666666666667, 568.7333333333333, 393.6666666666667, 495.53333333333336, 440.6333333333333, 386.73333333333335, 312.4, 367.53333333333336, 421.23333333333335, 372.06666666666666, 408.93333333333334, 394.6, 427.1333333333333, 333.6666666666667, 312.03333333333336, 415.8333333333333, 239.63333333333333, 587.4333333333333, 542.3, 472.1333333333333, 601.2, 445.53333333333336, 326.6666666666667, 564.5666666666667, 437.6666666666667, 386.73333333333335, 461.46666666666664, 427.7, 450.1, 366.53333333333336, 369.76666666666665, 413.6333333333333, 451.6666666666667, 427.8666666666667, 411.26666666666665, 448.8333333333333, 404.73333333333335, 444.6, 212.93333333333334, 447.1666666666667, 352.06666666666666, 395.43333333333334, 390.2, 490.1333333333333, 494.2, 404.46666666666664, 583.2, 379.3666666666667, 417.53333333333336, 309.23333333333335, 495.8333333333333, 559.7666666666667, 379.2, 477.43333333333334, 338.76666666666665, 433.56666666666666, 485.9, 382.8, 498.43333333333334, 398.3333333333333, 578.2666666666667, 502.3333333333333, 571.6, 296.43333333333334, 581.6, 348.6333333333333, 368.3333333333333, 564.7, 385.6666666666667, 362.3333333333333, 208.43333333333334, 555.4666666666667, 412.2, 409.93333333333334, 319.1, 448.46666666666664, 417.06666666666666, 480.1333333333333, 429.03333333333336, 429.6666666666667, 382.3, 414.43333333333334, 246.26666666666668, 442.6, 636.2666666666667, 330.3, 451.06666666666666, 347.46666666666664, 494.1, 460.0, 285.2, 429.73333333333335, 375.3333333333333, 274.73333333333335, 302.03333333333336, 503.96666666666664, 410.4, 421.23333333333335, 387.26666666666665, 324.73333333333335, 378.7, 445.0, 438.73333333333335, 333.03333333333336, 370.9, 510.1666666666667, 373.6, 516.6, 388.43333333333334, 431.43333333333334, 433.46666666666664, 396.8333333333333, 370.8333333333333, 441.9, 429.73333333333335, 538.7333333333333, 358.8, 561.5, 382.3, 522.8333333333334, 512.9, 332.6, 325.8666666666667, 562.6333333333333, 408.23333333333335, 372.73333333333335, 504.46666666666664, 440.96666666666664, 339.3666666666667, 340.9, 220.56666666666666, 413.26666666666665, 485.1, 399.1666666666667, 288.3333333333333, 480.8666666666667, 396.23333333333335, 408.3, 348.93333333333334, 478.56666666666666, 477.2, 441.8, 513.4333333333333, 365.06666666666666, 251.8, 488.1, 411.6333333333333, 399.4, 467.7, 269.23333333333335, 360.76666666666665, 499.06666666666666, 528.1, 320.0]","[59.4546263217926, 164.58389163017273, 260.0095281600952, 357.44196224212646, 453.30122900009155, 568.9267678260803, 674.616320848465, 773.227728843689, 874.6308331489563, 977.2558867931366, 1097.0542540550232, 1202.4805445671082, 1301.9488637447357, 1404.7589461803436, 1505.7127544879913, 1617.382010936737, 1717.0114600658417, 1816.428874015808, 1918.5145823955536, 2013.172168970108, 2135.427970647812, 2247.1095473766327, 2350.0301451683044, 2462.553181409836, 2570.3946475982666, 2686.004807472229, 2792.207751274109, 2898.037228345871, 2996.641129255295, 3103.503748655319, 3217.0958936214447, 3313.9623503684998, 3418.3736391067505, 3512.8228948116302, 3609.9798197746277, 3737.3053278923035, 3836.867966890335, 3950.2807281017303, 4054.399142742157, 4167.143613576889, 4273.993113994598, 4375.7328748703, 4468.125198602676, 4569.2273325920105, 4680.682511806488, 4799.8054366111755, 4918.053723573685, 5035.088887214661, 5162.700747013092, 5287.271562337875, 5419.576230287552, 5536.159816026688, 5651.541440248489, 5777.598434448242, 5904.799210309982, 6049.060218572617, 6179.272757053375, 6307.784251689911, 6430.7046501636505, 6561.064758062363, 6701.016397476196, 6822.633973121643, 6947.953894853592, 7068.702425956726, 7200.294112443924, 7339.549303531647, 7459.325662136078, 7582.953906297684, 7705.395650625229, 7830.223675251007, 7962.847993850708, 8086.242307186127, 8206.29042339325, 8338.392102718353, 8460.257882118225, 8597.707687616348, 8721.382154464722, 8844.646295070648, 8966.354085445404, 9085.29621052742, 9227.217448949814, 9346.692372560501, 9475.54746723175, 9599.240952253342, 9721.523495912552, 9848.82759475708, 9984.75347161293, 10113.403854846954, 10239.563426017761, 10354.750933647156, 10487.702290773392, 10625.557944774628, 10774.1608440876, 10912.597041368484, 11060.02950000763, 11221.647480487823, 11373.294579029083, 11526.985714673996, 11682.413722753525, 11819.7905459404, 11977.63895368576, 12122.154705286026, 12261.733293771744, 12413.952729701996, 12558.485893249512, 12718.582377672195, 12845.099762678146, 13001.16998577118, 13217.112973451614, 13434.658435583115, 13674.862700939178, 13892.562959909439, 14103.539728879929, 14327.072104215622, 14559.65467596054, 14798.860443592072, 15014.685718536377, 15175.029230117798, 15380.606187105179, 15630.461087942123, 15921.598489284515, 16151.701456069946, 16392.340359687805, 16626.603655338287, 16871.457834482193, 17161.548817396164, 17381.99046778679, 17619.618376493454, 17854.916456460953, 18080.43029689789, 18343.058433294296, 18594.319689512253, 18831.25071334839, 19071.67011833191, 19308.993933677673, 19580.158581972122, 19813.482570409775, 20056.143085479736, 20295.365564107895, 20528.69889640808, 20798.30748772621, 21047.169593334198, 21280.09760403633, 21534.64286017418, 21773.266844272614, 22054.145317554474, 22331.13608622551, 22598.431756734848, 22865.66627764702, 23141.805856227875, 23455.17920088768, 23745.110997200012, 24011.668304920197, 24296.780824184418, 24567.756774425507, 24878.888873577118, 25164.419977664948, 25430.170796394348, 25693.061068296432, 25979.327312231064, 26296.58891558647, 26567.568276166916, 26848.529467344284, 27126.69010424614, 27390.029155254364, 27702.09348130226, 27950.290853738785, 28222.39857363701, 28498.866091012955, 28770.570011615753, 29061.82992720604, 29347.176770687103, 29707.520383119583, 30008.28586292267, 30285.16993188858, 30584.61180114746, 30932.1697845459, 31326.14954686165, 31676.790235757828, 32043.55531024933, 32413.695277929306, 32779.1565785408, 33141.36734175682, 33487.17264556885, 33879.1105427742, 34233.14251327515, 34568.63090348244, 34944.635669231415, 35331.01543688774, 35836.32580089569]","[0, 10, 20, 30, 40, 50, 60, 70, 80, 90, 100, 110, 120, 130, 140, 150, 160, 170, 180, 190, 200, 210, 220, 230, 240, 250, 260, 270, 280, 290, 300, 310, 320, 330, 340, 350, 360, 370, 380, 390, 400, 410, 420, 430, 440, 450, 460, 470, 480, 490, 500, 510, 520, 530, 540, 550, 560, 570, 580, 590, 600, 610, 620, 630, 640, 650, 660, 670, 680, 690, 700, 710, 720, 730, 740, 750, 760, 770, 780, 790, 800, 810, 820, 830, 840, 850, 860, 870, 880, 890, 900, 910, 920, 930, 940, 950, 960, 970, 980, 990, 1000, 1010, 1020, 1030, 1040, 1050, 1060, 1070, 1080, 1090, 1100, 1110, 1120, 1130, 1140, 1150, 1160, 1170, 1180, 1190, 1200, 1210, 1220, 1230, 1240, 1250, 1260, 1270, 1280, 1290, 1300, 1310, 1320, 1330, 1340, 1350, 1360, 1370, 1380, 1390, 1400, 1410, 1420, 1430, 1440, 1450, 1460, 1470, 1480, 1490, 1500, 1510, 1520, 1530, 1540, 1550, 1560, 1570, 1580, 1590, 1600, 1610, 1620, 1630, 1640, 1650, 1660, 1670, 1680, 1690, 1700, 1710, 1720, 1730, 1740, 1750, 1760, 1770, 1780, 1790, 1800, 1810, 1820, 1830, 1840, 1850, 1860, 1870, 1880, 1890]","[64, 675, 1286, 1897, 2508, 3123, 3734, 4345, 4956, 5567, 6181, 6792, 7403, 8014, 8625, 9240, 9851, 10462, 11073, 11684, 12298, 12909, 13520, 14131, 14742, 15357, 15968, 16579, 17190, 17801, 18415, 19026, 19637, 20248, 20859, 21474, 22085, 22696, 23307, 23918, 24532, 25143, 25754, 26365, 26976, 27606, 28367, 29128, 29889, 30650, 31414, 32175, 32936, 33697, 34458, 35223, 35984, 36745, 37506, 38267, 39031, 39792, 40553, 41314, 42075, 42840, 43601, 44362, 45123, 45884, 46648, 47409, 48170, 48931, 49692, 50457, 51218, 51979, 52740, 53501, 54265, 55026, 55787, 56548, 57309, 58074, 58835, 59596, 60357, 61118, 61897, 62808, 63719, 64630, 65541, 66456, 67367, 68278, 69189, 70100, 71014, 71925, 72836, 73747, 74658, 75573, 76484, 77395, 78306, 79217, 80131, 81042, 81953, 82864, 83775, 84690, 85601, 86512, 87423, 88334, 89248, 90159, 91070, 91981, 92892, 93807, 94718, 95629, 96540, 97451, 98365, 99276, 100187, 101098, 102009, 102924, 103835, 104746, 105657, 106568, 107482, 108393, 109304, 110215, 111126, 112056, 113117, 114178, 115239, 116300, 117364, 118425, 119486, 120547, 121608, 122673, 123734, 124795, 125856, 126917, 127981, 129042, 130103, 131164, 132225, 133290, 134351, 135412, 136473, 137534, 138598, 139659, 140720, 141781, 142842, 143907, 144968, 146029, 147090, 148151, 149215, 150276, 151337, 152398, 153459, 154524, 155585, 156646, 157707, 158768]","[256, 128]"
79yg76qj,trim-breeze-456,TD3BC_JS_Online,l2f_bc,finished,https://wandb.ai/korneelvandenberghe/l2f_bc/runs/79yg76qj,2024-11-05T00:26:16Z,-240.05317088370785,433.23333333333335,2.0,False,"[413.6290531850491, 337.79425860931974, 445.35421241525165, 406.8280383316594, 409.35018662488943, 364.56027896501746, 373.44446748851453, 378.4678166260773, 351.4119603236717, 270.50508139887813, 429.592470467229, 417.6512944916019, 420.8615297166812, 321.2118691533586, 392.4793858125282, 254.61184425928954, 339.5457771445064, 256.0884685986304, 273.51510547779696, 240.30064704364113, 338.54620689801266, 313.5287193886676, 297.2995894834721, 348.0827001230328, 368.64610228746926, 245.1422089184109, 306.32557967496956, 248.70066125992022, 250.0357883797261, 311.20078521265015, 292.0775436264014, 359.4546918836835, 205.90748807206919, 353.5229769062623, 326.8570623306626, 231.2660946035452, 336.03127849159654, 274.7223948041869, 420.2716390234696, 304.96635024021526, 195.9027208718224, 245.3085295919066, 253.44018300437455, 234.60645388690122, 243.98894423914265, 338.2158974839209, 257.38892346726635, 301.40713685006995, 224.84199721928223, 294.5590222535693, 407.2814369524282, 176.12814373320847, 289.9664126398359, 371.09281921387316, 300.0624910601631, 182.83486071812476, 190.7285498221615, 287.2071014292018, 255.68587374995343, 217.37210779669405, 245.66326867611542, 284.6973623936838, 291.13202517841364, 300.3551192330031, 249.39620629831367, 204.7272920355295, 128.46844419401293, 190.51827685508232, 131.40450787090603, 225.17918971670926, 180.77276895118774, 124.09651368294539, 92.09071122019928, 198.40740801226477, 222.42702041340922, 136.25170156846707, 130.60279460826283, 89.94923554234592, 104.97287676753257, 93.66334013631239, 131.93456116708785, 179.17185609131823, 76.13304639916926, 87.4435165009247, 103.69846468559516, 6.501155069572462, 74.7264033713511, 22.356759268020927, 47.12731414632676, 29.97441036488276, 39.59229568718705, 49.03683436655376, 59.36408612025816, 9.749971766199405, 30.925394222540124, -68.00898982186679, -34.37119889028088, -39.36126289579662, -53.78260931068603, -32.19733809029653, -25.899226081773495, -14.774383491459384, -72.50608012668478, -52.11689782597993, -50.37329130669476, -165.8368058592449, -194.84025644484657, -172.46855912350873, -149.22978000220797, -140.16337381906195, -191.7349962028513, -181.9621545681517, -151.28368693431216, -119.1354882630004, -175.98285806843236, -225.96300354623682, -274.09839012280247, -217.62128474757384, -237.95438976299448, -248.60007931578866, -300.7504989297011, -266.34234415070057, -276.97197677136916, -267.98387656864855, -285.01316203129306, -273.67406172434715, -269.6491398133838, -244.1104838799208, -269.5723926629499, -279.28066510890915, -307.1670408911867, -275.8447027678019, -249.2622361659545, -206.54917740582025, -229.1402895562681, -264.61222984154864, -264.1454629940655, -241.2444328429275, -220.24066413114775, -318.9949171076571, -242.62771132786176, -234.2596639191933, -280.5233177018782, -226.37187394305175, -298.5733644555776, -265.46490274255933, -204.95036253273068, -221.16430106931665, -309.4794242905929, -242.1247251885827, -239.64338604362266, -224.4488191753966, -259.51009534464686, -257.7553006479215, -275.85032373164165, -342.42750133155806, -258.3684596695354, -273.2310365648309, -193.70822582247763, -201.8311285502173, -199.41118485050032, -252.7868399727085, -307.3109298775034, -282.0163326251083, -247.2003154414567, -303.0354887781206, -250.80395402650973, -276.11025494693314, -251.51211127219707, -266.3791946579784, -246.87363882871833, -281.43301820721297, -260.9889616738383, -218.99348351236586, -234.63616825231787, -246.03792366385844, -250.61070857702694, -206.9349749199145, -232.4259564452923, -228.53325321027722, -215.17333365501048, -211.64883322657653, -234.07718864946006, -264.66826385020875, -179.64436112254444, -263.6711416994522, -238.9612394591932, -156.7330656112799, -270.99322663739923, -240.05317088370785]","[502.6, 414.8666666666667, 540.2666666666667, 497.1666666666667, 499.4, 463.6666666666667, 464.76666666666665, 473.43333333333334, 441.5, 348.7, 534.9, 523.9666666666667, 528.5666666666667, 411.1, 494.23333333333335, 339.53333333333336, 445.1, 339.06666666666666, 356.9, 317.46666666666664, 439.8333333333333, 410.9, 389.9, 454.96666666666664, 477.6333333333333, 347.3333333333333, 420.96666666666664, 351.43333333333334, 354.2, 432.06666666666666, 405.6, 492.6, 296.03333333333336, 484.7, 445.46666666666664, 359.43333333333334, 494.93333333333334, 409.06666666666666, 600.0333333333333, 459.1333333333333, 289.43333333333334, 361.06666666666666, 382.03333333333336, 363.56666666666666, 365.7, 540.7333333333333, 426.6666666666667, 494.26666666666665, 388.43333333333334, 488.73333333333335, 642.9, 301.8333333333333, 466.8, 593.7666666666667, 484.03333333333336, 383.4, 392.8, 548.7, 500.53333333333336, 432.73333333333335, 474.56666666666666, 548.6666666666666, 564.8333333333334, 555.5666666666667, 495.73333333333335, 522.4, 365.73333333333335, 479.3, 375.6, 537.0333333333333, 449.6, 367.7, 293.8666666666667, 511.6, 542.6333333333333, 446.23333333333335, 459.8666666666667, 386.6, 389.76666666666665, 411.3666666666667, 481.03333333333336, 529.1, 330.6666666666667, 407.73333333333335, 405.8333333333333, 370.73333333333335, 587.0, 355.3, 447.3666666666667, 450.6333333333333, 498.0, 563.2666666666667, 608.4, 300.8666666666667, 453.1, 396.43333333333334, 422.6333333333333, 488.23333333333335, 504.4, 388.6, 437.8666666666667, 604.2, 356.8666666666667, 275.46666666666664, 479.3, 493.53333333333336, 539.9666666666667, 464.0, 293.3333333333333, 406.26666666666665, 557.5666666666667, 424.4, 359.56666666666666, 309.2, 410.03333333333336, 377.76666666666665, 528.5333333333333, 374.46666666666664, 396.3666666666667, 455.46666666666664, 551.3666666666667, 473.6666666666667, 507.0, 429.26666666666665, 522.9, 528.3, 447.8333333333333, 470.56666666666666, 450.03333333333336, 462.56666666666666, 553.2333333333333, 486.53333333333336, 446.76666666666665, 288.23333333333335, 348.2, 457.7, 440.0, 413.03333333333336, 339.1666666666667, 567.9666666666667, 426.23333333333335, 380.8666666666667, 501.8333333333333, 335.9, 448.9, 440.8, 339.6, 360.43333333333334, 522.2, 438.1, 428.56666666666666, 353.56666666666666, 480.6666666666667, 472.4, 520.5333333333333, 635.9, 438.6666666666667, 522.7333333333333, 339.7, 341.6333333333333, 330.6333333333333, 457.3333333333333, 546.3333333333334, 487.3, 456.1, 526.7666666666667, 421.2, 471.3, 489.7, 498.6, 431.4, 497.56666666666666, 466.23333333333335, 353.3, 460.6666666666667, 465.0, 445.3333333333333, 366.1, 353.03333333333336, 387.43333333333334, 381.73333333333335, 286.1, 415.93333333333334, 451.1333333333333, 265.1666666666667, 495.8666666666667, 404.6333333333333, 219.06666666666666, 422.1, 433.23333333333335]","[120.68222951889038, 287.1529839038849, 469.75107526779175, 644.3276996612549, 824.3459646701813, 1039.227046251297, 1213.8670744895935, 1386.3449687957764, 1559.6893076896667, 1720.651261806488, 1931.8873763084412, 2113.950138568878, 2295.069047689438, 2465.5816843509674, 2643.0990052223206, 2833.5096797943115, 3007.488529443741, 3167.3659822940826, 3330.703226327896, 3486.6422007083893, 3686.8997638225555, 3855.830570459366, 4023.721756696701, 4196.467517852783, 4371.30171084404, 4565.033331632614, 4733.88152217865, 4896.885437250137, 5055.32643866539, 5225.658708572388, 5423.382477045059, 5595.950875043869, 5750.366794347763, 5923.476473331451, 6101.815676450729, 6308.285844802856, 6485.96023106575, 6654.740806102753, 6837.89813041687, 7012.747282266617, 7196.474363088608, 7357.942751646042, 7517.878987312317, 7679.8388340473175, 7838.766852378845, 8041.022957086563, 8211.653767824173, 8385.394628286362, 8550.21355009079, 8722.897772550583, 8957.997002601624, 9116.222160577774, 9286.441569566727, 9470.624523639679, 9650.109129667282, 9854.637709856033, 10016.886559009552, 10200.447452545166, 10375.785556316376, 10560.98400259018, 10778.158667564392, 10976.027256965637, 11181.775066137314, 11363.586993455887, 11565.0543551445, 11792.5152053833, 11977.78739452362, 12152.24227142334, 12343.032597541809, 12539.414678096771, 12767.910686254501, 12931.362787723541, 13086.257422208786, 13261.73612499237, 13469.563465118408, 13708.862795114517, 13910.429016828537, 14101.015699148178, 14296.625468969345, 14493.08006310463, 14735.166995048523, 15063.008225440979, 15289.89825963974, 15487.68750834465, 15681.278154373169, 15911.606227636337, 16124.68196439743, 16376.462545871735, 16636.023230075836, 17017.44430565834, 17315.29386973381, 17527.5516204834, 17745.406487703323, 17862.80398130417, 17983.90464091301, 18116.88113284111, 18241.054953336716, 18367.899249315262, 18494.941120147705, 18618.63691163063, 18757.87225174904, 18889.53804898262, 19008.644825458527, 19124.78758573532, 19249.58639407158, 19389.366326093674, 19519.295783996582, 19645.687037944794, 19763.05007958412, 19885.217334270477, 20033.64259314537, 20156.195154428482, 20276.08447623253, 20395.39446759224, 20519.90841627121, 20654.096892356873, 20783.628910541534, 20905.335954904556, 21028.369072675705, 21155.136904001236, 21302.700490951538, 21451.90575194359, 21601.39545226097, 21746.828461885452, 21897.912793636322, 22064.164494276047, 22210.36872458458, 22357.888206481934, 22504.658428430557, 22647.692490577698, 22822.00441455841, 22974.199801445007, 23122.432522773743, 23264.616514205933, 23406.51804280281, 23564.055141448975, 23711.186829566956, 23855.713396310806, 24004.26379919052, 24158.804748296738, 24325.996611356735, 24468.679669380188, 24708.05117201805, 24935.985528230667, 25174.48040819168, 25463.96936607361, 25728.273377656937, 25967.22593808174, 26232.877403736115, 26470.250512123108, 26731.37043762207, 26975.76059961319, 27243.102870225906, 27493.93925666809, 27747.545475006104, 28042.23946738243, 28283.340575933456, 28530.28694009781, 28756.48620891571, 28981.178591251373, 29231.432453870773, 29466.76537680626, 29712.972079992294, 29970.31610941887, 30211.892913103104, 30523.12546133995, 30767.70120882988, 31013.741733789444, 31259.676694869995, 31508.609963178635, 31830.27960038185, 32071.210223674774, 32308.420991182327, 32535.772171020508, 32776.37221598625, 33050.492611408234, 33283.75034427643, 33552.49885678291, 33814.53144431114, 34069.918476104736, 34360.935450553894, 34632.51392674446, 34924.750749111176, 35242.66636991501, 35545.839539051056, 35910.15935730934, 36199.15915250778, 36446.45480465889, 36760.68708181381, 37098.98968029022]","[0, 10, 20, 30, 40, 50, 60, 70, 80, 90, 100, 110, 120, 130, 140, 150, 160, 170, 180, 190, 200, 210, 220, 230, 240, 250, 260, 270, 280, 290, 300, 310, 320, 330, 340, 350, 360, 370, 380, 390, 400, 410, 420, 430, 440, 450, 460, 470, 480, 490, 500, 510, 520, 530, 540, 550, 560, 570, 580, 590, 600, 610, 620, 630, 640, 650, 660, 670, 680, 690, 700, 710, 720, 730, 740, 750, 760, 770, 780, 790, 800, 810, 820, 830, 840, 850, 860, 870, 880, 890, 900, 910, 920, 930, 940, 950, 960, 970, 980, 990, 1000, 1010, 1020, 1030, 1040, 1050, 1060, 1070, 1080, 1090, 1100, 1110, 1120, 1130, 1140, 1150, 1160, 1170, 1180, 1190, 1200, 1210, 1220, 1230, 1240, 1250, 1260, 1270, 1280, 1290, 1300, 1310, 1320, 1330, 1340, 1350, 1360, 1370, 1380, 1390, 1400, 1410, 1420, 1430, 1440, 1450, 1460, 1470, 1480, 1490, 1500, 1510, 1520, 1530, 1540, 1550, 1560, 1570, 1580, 1590, 1600, 1610, 1620, 1630, 1640, 1650, 1660, 1670, 1680, 1690, 1700, 1710, 1720, 1730, 1740, 1750, 1760, 1770, 1780, 1790, 1800, 1810, 1820, 1830, 1840, 1850, 1860, 1870, 1880, 1890]","[64, 675, 1286, 1897, 2508, 3123, 3734, 4345, 4956, 5567, 6181, 6792, 7403, 8014, 8625, 9240, 9851, 10462, 11073, 11684, 12298, 12909, 13520, 14131, 14742, 15357, 15968, 16579, 17190, 17801, 18415, 19026, 19637, 20248, 20859, 21474, 22085, 22696, 23307, 23918, 24532, 25143, 25754, 26365, 26976, 27591, 28202, 28813, 29424, 30035, 30649, 31260, 31871, 32482, 33093, 33708, 34319, 34930, 35541, 36152, 36766, 37377, 37988, 38599, 39210, 39825, 40436, 41047, 41658, 42269, 42883, 43494, 44105, 44716, 45327, 45957, 46718, 47479, 48240, 49001, 49765, 50526, 51287, 52048, 52809, 53574, 54335, 55096, 55857, 56618, 57382, 58143, 58904, 59665, 60426, 61191, 61952, 62713, 63474, 64235, 64999, 65760, 66521, 67282, 68043, 68808, 69569, 70330, 71091, 71852, 72616, 73377, 74138, 74899, 75660, 76425, 77186, 77947, 78708, 79469, 80248, 81159, 82070, 82981, 83892, 84807, 85718, 86629, 87540, 88451, 89365, 90276, 91187, 92098, 93009, 93924, 94835, 95746, 96657, 97568, 98482, 99393, 100304, 101215, 102126, 103041, 103952, 104863, 105774, 106685, 107599, 108510, 109421, 110332, 111243, 112158, 113069, 113980, 114891, 115802, 116716, 117627, 118538, 119449, 120360, 121275, 122186, 123097, 124008, 124919, 125833, 126744, 127655, 128566, 129477, 130392, 131303, 132214, 133125, 134036, 134965, 136026, 137087, 138148, 139209, 140274, 141335, 142396, 143457, 144518]","[256, 128]"
zpkj7omm,drawn-monkey-457,TD3BC_JS_Online,l2f_bc,finished,https://wandb.ai/korneelvandenberghe/l2f_bc/runs/zpkj7omm,2024-11-05T01:57:43Z,-246.3802355778431,469.0,100.0,False,"[324.266866298961, 385.7559762018784, 294.97187152827075, 318.8808656636629, 184.8757197325205, 343.48008424226265, 299.7427720649608, 377.83666559519173, 480.3532715823508, 375.67970494268206, 343.46079756585664, 336.45609982402675, 306.72619675314394, 489.1337493233081, 344.72004835866926, 277.8657362867463, 382.78052616491743, 419.35589162556755, 369.6622962703623, 395.71280628803623, 247.91228189134776, 418.33188235955623, 197.26801520140927, 380.8339359930887, 347.2208391245614, 393.37589689685643, 377.5236705397262, 239.3988161165836, 368.1179222252086, 290.51910206465175, 270.70691140027077, 409.58496082729573, 473.833184233954, 315.94050776251066, 375.23148833082683, 323.1176527820832, 324.04518498898665, 371.67795968745867, 277.6611170213971, 274.7384272896251, 271.8239451702653, 273.1529813571338, 258.4931618014609, 206.1586893951605, 323.6148170647755, 310.62945487848816, 261.3656897703985, 180.46440841572428, 322.9668105151319, 267.34766642993714, 174.06131302166816, 345.5062527846334, 248.0022774815954, 267.95821434925375, 301.4357949923864, 295.98798135765253, 333.852301073631, 249.00758948157826, 213.56949820050224, 232.5177061604566, 289.2770241416678, 196.3068091129988, 234.061375235069, 150.30834883314523, 144.78974301981353, 214.3401147328613, 190.7743396663416, 179.41057702480683, 203.91351189550386, 165.0422583738922, 196.99643751225943, 151.25676617076948, 220.11908835868016, 193.66678824334025, 183.7634384696001, 84.06417322089409, 176.69516291204175, 96.74754882763439, 118.5564034454931, 114.31870223449202, 111.09360933531389, 100.29624326925362, 69.3332664232774, 50.889213708849915, 136.59014091509, 18.614463300633986, 43.05619419997293, 45.54190512536516, 29.98609617769261, 23.733074450512227, 35.28326512775662, 27.771383884312687, 42.55930784830429, 90.93382046146502, 42.30624994953428, -34.88321778613895, -0.17298517208913952, -24.53436262313407, -41.17686315095202, -53.10171083274782, -36.419361927152735, -44.928937664095265, -25.923398420758847, -56.73855712867762, -58.56978527680637, -139.63220334616824, -149.3738275807095, -156.05427411601266, -176.51495023952896, -177.33513121145188, -145.35727539814243, -159.79546556976837, -146.48176182729821, -177.26300545611184, -185.51128685046177, -301.7706259966269, -236.05878185201567, -235.19707741036362, -264.4607242037577, -263.0637527045902, -260.1483396891624, -254.3164944631778, -231.13351344780105, -194.693708142244, -247.90774861832566, -188.73403957782858, -297.9299877479039, -226.0933618744082, -195.1168669769012, -248.21777762824317, -317.74691471718165, -251.1204148132773, -229.92946506476406, -253.7327954065856, -303.6073526843012, -225.1078679424054, -248.2774507766353, -231.62955518187053, -206.16558542813956, -218.0536041251342, -220.61204359252739, -270.86525401774026, -212.24191555705863, -297.3577768023683, -294.22596979487207, -263.52600900129613, -212.5545474796253, -237.40606297470373, -259.07019979340964, -266.71924699349114, -243.69948749074373, -241.08781641601615, -200.27945225217601, -234.92246221537872, -190.93231669927252, -227.22705693824292, -252.13322406074883, -285.6045696873923, -243.51221981170448, -239.09134713796513, -273.9279731496144, -195.96853293508582, -289.67339526567196, -261.3217052562317, -188.85457292737863, -250.54056857638392, -249.39067443218912, -259.54568234496753, -251.6280338974085, -202.20739805949412, -262.33573806537265, -266.08718243252326, -229.60875624048336, -235.31721757757447, -211.89684215134739, -241.58609912878322, -223.55525495731837, -226.27696686376098, -271.56216980088743, -254.51654239203026, -214.5231998960707, -215.53566603922616, -255.8172865884975, -236.99574995086655, -269.2890047875438, -214.33065886086067, -250.8108705558071, -211.13180372890375, -264.20026248931475, -246.3802355778431]","[397.6666666666667, 469.6666666666667, 365.8333333333333, 392.2, 232.4, 429.8666666666667, 381.3, 472.73333333333335, 588.7, 468.7, 437.5, 419.06666666666666, 384.4, 604.0666666666667, 433.8333333333333, 367.43333333333334, 493.2, 539.4666666666667, 482.23333333333335, 519.1333333333333, 328.76666666666665, 543.9, 268.7, 494.6666666666667, 450.6666666666667, 523.8666666666667, 507.43333333333334, 344.2, 493.8333333333333, 400.8, 366.3, 553.2333333333333, 634.1, 433.1, 508.73333333333335, 466.4, 468.3666666666667, 531.7333333333333, 410.56666666666666, 413.53333333333336, 400.06666666666666, 408.43333333333334, 383.4, 318.5, 481.3333333333333, 504.9, 430.5, 313.7, 517.1333333333333, 439.9, 322.6, 549.5666666666667, 404.76666666666665, 436.4, 486.26666666666665, 534.4, 643.0, 462.26666666666665, 424.8333333333333, 458.3, 566.3, 390.8666666666667, 439.23333333333335, 344.26666666666665, 316.56666666666666, 513.2666666666667, 489.2, 435.1, 512.8, 401.1, 475.6333333333333, 401.96666666666664, 531.2666666666667, 506.0, 474.23333333333335, 387.3333333333333, 582.7666666666667, 379.53333333333336, 387.5, 459.8, 461.3333333333333, 406.43333333333334, 315.1333333333333, 327.7, 474.23333333333335, 373.6333333333333, 486.7, 438.1, 405.3666666666667, 408.23333333333335, 408.8666666666667, 377.5, 504.46666666666664, 567.2333333333333, 466.1, 473.6, 631.3, 538.0, 527.9, 447.6, 392.6666666666667, 382.6, 481.3666666666667, 272.6666666666667, 629.1333333333333, 360.96666666666664, 463.3666666666667, 323.1666666666667, 640.7666666666667, 545.8333333333334, 347.5, 471.6, 460.26666666666665, 536.3666666666667, 513.8333333333334, 564.8, 428.53333333333336, 448.03333333333336, 499.93333333333334, 470.6333333333333, 493.8, 453.76666666666665, 418.1333333333333, 312.03333333333336, 456.8666666666667, 274.3, 533.0, 332.1333333333333, 294.76666666666665, 409.1, 588.7333333333333, 441.3333333333333, 387.5, 421.6, 544.9333333333333, 372.1, 419.6333333333333, 417.3666666666667, 327.43333333333334, 432.8333333333333, 392.9, 532.3666666666667, 345.2, 606.4, 531.0666666666667, 472.0, 447.43333333333334, 448.7, 450.3333333333333, 496.56666666666666, 404.06666666666666, 392.9, 392.8, 420.56666666666666, 327.26666666666665, 366.7, 417.03333333333336, 587.9333333333333, 400.1333333333333, 445.3, 559.4666666666667, 328.76666666666665, 532.0333333333333, 484.1333333333333, 288.96666666666664, 443.43333333333334, 419.4, 439.1666666666667, 468.26666666666665, 381.1, 432.4, 481.73333333333335, 379.43333333333334, 362.5, 327.56666666666666, 417.1, 407.1666666666667, 350.96666666666664, 442.2, 418.5, 386.8, 379.46666666666664, 527.5333333333333, 468.1, 552.4666666666667, 349.6333333333333, 435.43333333333334, 350.5, 470.4, 469.0]","[128.51819849014282, 314.3263761997223, 484.82803297042847, 670.0727531909943, 837.4783749580383, 1069.5441436767578, 1243.0633285045624, 1429.0818874835968, 1632.016053199768, 1820.202376127243, 2031.0080678462982, 2208.9290125370026, 2379.8401362895966, 2573.7401371002197, 2758.0559356212616, 2950.07736492157, 3132.49729013443, 3320.0698132514954, 3510.5771250724792, 3692.24920296669, 3884.272511959076, 4074.4887602329254, 4236.593699455261, 4419.588619709015, 4599.457792043686, 4835.381443023682, 5022.165585279465, 5190.556308269501, 5375.021553516388, 5545.706465482712, 5742.743812799454, 5936.411004066467, 6135.101742267609, 6311.451438426971, 6495.91267824173, 6717.575816631317, 6902.941139698029, 7086.261705875397, 7260.637200117111, 7433.737663507462, 7638.2114226818085, 7813.702977657318, 7986.008052349091, 8152.0351502895355, 8334.232855081558, 8540.81218957901, 8715.266859531403, 8879.643945217133, 9065.697202682495, 9249.123880147934, 9439.733288526535, 9626.320484876633, 9801.28100848198, 9972.484003067017, 10155.162597179413, 10391.552523136139, 10595.36802816391, 10780.469011068344, 10953.300328731537, 11134.82561826706, 11355.131071090698, 11531.160045862198, 11705.62771821022, 11872.15437746048, 12035.784752845764, 12254.525664567947, 12388.865736722946, 12514.414002418518, 12638.809564590454, 12759.32079744339, 12894.488029956818, 13024.705758571625, 13150.475952386856, 13275.159944057465, 13396.252107143402, 13534.904146432877, 13668.74444270134, 13786.274744987488, 13901.66248512268, 14024.150090456009, 14165.126252174377, 14282.07616353035, 14395.524819135666, 14523.091542482376, 14650.976089000702, 14789.227285146713, 14910.814532756805, 15033.413949728012, 15149.174931764603, 15275.684185028076, 15409.030831098557, 15528.839655160904, 15653.83104801178, 15781.0834774971, 15898.773728609085, 16038.833379030228, 16169.195518493652, 16299.272359132767, 16426.614899396896, 16543.765060424805, 16676.660683631897, 16801.058296442032, 16925.86278629303, 17045.38884663582, 17180.192445278168, 17325.479734420776, 17457.50094985962, 17586.593299627304, 17716.182653427124, 17846.044932365417, 17975.793031215668, 18098.922946214676, 18229.86038160324, 18357.377665042877, 18494.69515490532, 18635.018104076385, 18765.059099674225, 18891.783484697342, 19062.5232963562, 19274.2229719162, 19514.35231566429, 19721.05020713806, 19924.593245983124, 20123.10364842415, 20336.248911857605, 20560.75074315071, 20782.233067512512, 20980.482691287994, 21169.440017938614, 21374.69745850563, 21634.470263957977, 21878.84560751915, 22114.791075468063, 22352.641526937485, 22607.08741044998, 22868.172895908356, 23106.80021739006, 23346.579786777496, 23574.129113435745, 23814.85856628418, 24082.219503879547, 24333.765246152878, 24560.5813536644, 24820.06830048561, 25071.56561732292, 25351.93499469757, 25595.2685482502, 25839.33834385872, 26083.091881990433, 26329.45654654503, 26598.756739854813, 26835.00888156891, 27069.34717440605, 27311.96893262863, 27541.90558242798, 27802.727954387665, 28039.236177444458, 28297.106088638306, 28574.874534606934, 28818.13752436638, 29118.28748679161, 29373.427292346954, 29626.75297141075, 29877.278748750687, 30106.882255792618, 30390.72729897499, 30632.227066278458, 30873.141619205475, 31122.871699094772, 31365.3838698864, 31656.25826048851, 31921.75953769684, 32168.806076049805, 32413.768985033035, 32658.63854408264, 32942.64010000229, 33196.20469498634, 33440.04221510887, 33695.31887435913, 33945.097668886185, 34224.19831585884, 34472.770891189575, 34732.22574424744, 34984.354893922806, 35250.55479168892, 35526.80698919296, 35810.915539741516, 36082.09568786621, 36369.19986367226, 36659.27095460892]","[0, 10, 20, 30, 40, 50, 60, 70, 80, 90, 100, 110, 120, 130, 140, 150, 160, 170, 180, 190, 200, 210, 220, 230, 240, 250, 260, 270, 280, 290, 300, 310, 320, 330, 340, 350, 360, 370, 380, 390, 400, 410, 420, 430, 440, 450, 460, 470, 480, 490, 500, 510, 520, 530, 540, 550, 560, 570, 580, 590, 600, 610, 620, 630, 640, 650, 660, 670, 680, 690, 700, 710, 720, 730, 740, 750, 760, 770, 780, 790, 800, 810, 820, 830, 840, 850, 860, 870, 880, 890, 900, 910, 920, 930, 940, 950, 960, 970, 980, 990, 1000, 1010, 1020, 1030, 1040, 1050, 1060, 1070, 1080, 1090, 1100, 1110, 1120, 1130, 1140, 1150, 1160, 1170, 1180, 1190, 1200, 1210, 1220, 1230, 1240, 1250, 1260, 1270, 1280, 1290, 1300, 1310, 1320, 1330, 1340, 1350, 1360, 1370, 1380, 1390, 1400, 1410, 1420, 1430, 1440, 1450, 1460, 1470, 1480, 1490, 1500, 1510, 1520, 1530, 1540, 1550, 1560, 1570, 1580, 1590, 1600, 1610, 1620, 1630, 1640, 1650, 1660, 1670, 1680, 1690, 1700, 1710, 1720, 1730, 1740, 1750, 1760, 1770, 1780, 1790, 1800, 1810, 1820, 1830, 1840, 1850, 1860, 1870, 1880, 1890]","[64, 675, 1286, 1897, 2508, 3123, 3734, 4345, 4956, 5567, 6181, 6792, 7403, 8014, 8625, 9240, 9851, 10462, 11073, 11684, 12298, 12909, 13520, 14131, 14742, 15357, 15968, 16579, 17190, 17801, 18415, 19026, 19637, 20248, 20859, 21474, 22085, 22696, 23307, 23918, 24532, 25143, 25754, 26365, 26976, 27591, 28202, 28813, 29424, 30035, 30649, 31260, 31871, 32482, 33093, 33708, 34319, 34930, 35541, 36152, 36766, 37377, 37988, 38599, 39210, 39840, 40601, 41362, 42123, 42884, 43648, 44409, 45170, 45931, 46692, 47457, 48218, 48979, 49740, 50501, 51265, 52026, 52787, 53548, 54309, 55074, 55835, 56596, 57357, 58118, 58882, 59643, 60404, 61165, 61926, 62691, 63452, 64213, 64974, 65735, 66499, 67260, 68021, 68782, 69543, 70308, 71069, 71830, 72591, 73352, 74116, 74877, 75638, 76399, 77160, 77925, 78686, 79447, 80208, 80969, 81733, 82494, 83255, 84016, 84777, 85542, 86303, 87064, 87825, 88586, 89365, 90276, 91187, 92098, 93009, 93924, 94835, 95746, 96657, 97568, 98482, 99393, 100304, 101215, 102126, 103041, 103952, 104863, 105774, 106685, 107599, 108510, 109421, 110332, 111243, 112158, 113069, 113980, 114891, 115802, 116716, 117627, 118538, 119449, 120360, 121275, 122186, 123097, 124008, 124919, 125833, 126744, 127655, 128566, 129477, 130392, 131303, 132214, 133125, 134036, 134950, 135861, 136772, 137683, 138594, 139524, 140585, 141646, 142707, 143768]","[256, 128]"
twhaxvuc,ethereal-forest-458,TD3BC_JS_Online,l2f_bc,finished,https://wandb.ai/korneelvandenberghe/l2f_bc/runs/twhaxvuc,2024-11-05T12:12:34Z,-218.59146598392184,365.0,2.0,False,"[347.6917123573031, 485.01762364250504, 400.32428886686114, 228.42243328339407, 406.77550704357236, 432.3212283919547, 286.744430240977, 254.8065059814126, 494.8434856306233, 370.9135186595336, 391.01102562123174, 183.13049991709732, 382.7028219071412, 233.28692798808927, 242.19870058227062, 276.8781318106151, 368.07707985968347, 345.9032071660075, 403.6462660840364, 370.38455395355015, 230.43385576831795, 516.8084318889477, 323.86401331963526, 281.6360021070675, 343.2266878353338, 227.38554771655387, 340.5001153011821, 279.95553655554494, 430.29866581494946, 375.1537285748325, 355.122562939309, 214.3371824158119, 368.6350801352827, 317.41330951606113, 206.05771240151077, 289.5828729954841, 317.23804089167953, 362.7295829538346, 211.6742577702708, 201.32808865311134, 282.5554318380543, 223.31362014019882, 299.3778581147165, 242.7827913341104, 300.2280440426678, 289.0076248418373, 169.54823546095636, 298.0370966343959, 295.10410118627, 274.7365909316778, 146.36722379665608, 202.17705681010673, 222.666536288329, 342.0377575869495, 175.5663369580262, 202.37682145226256, 272.27017582759476, 257.83687182274036, 195.6515836687125, 180.62680553818802, 260.30369340376876, 142.36741588744655, 243.73475812115765, 286.95773321733503, 217.28232000489425, 158.7099901255502, 84.68269255445846, 217.21228658240452, 201.26345045136893, 257.07280095213326, 190.10497401544882, 193.11126364341078, 213.14146263689318, 184.83891411621562, 325.7414866826241, 56.66608303201422, 129.664309238972, 85.73790441177655, 154.4061061874656, 100.49549728907837, 93.1311807382658, 135.71459491018402, 152.95919100671998, 68.43153119744261, 81.03116212734763, 62.33007273693419, -6.147443660400388, 56.2196398083314, 40.534125085547394, 4.320276932738954, 32.4903168577255, 56.50888670865174, 33.867269971657194, 48.13697830644999, 22.954484160412203, -72.85039370323715, -32.034705504663854, -30.74402017734174, -38.00286643241638, -53.28383641578155, -43.22313123180432, -30.864725336687147, -36.29344823545462, -32.06485455742087, -59.50873245089352, -133.62961220578666, -156.78054969938287, -146.01949841821144, -126.45913890809184, -133.12652984660252, -163.37128801018432, -150.4365980956391, -142.84406951090438, -162.3054209639841, -155.90816041109204, -207.1326418112946, -215.57384778101687, -237.94692317921505, -282.82952947762817, -240.56448918743055, -261.60175273817947, -232.6347879053934, -278.6157042446719, -323.8753354210521, -220.82466178359562, -175.85302598152106, -220.92613471669318, -254.54046097870807, -283.79783827042667, -248.81995539811726, -187.90361663020428, -270.7188322636819, -264.022014110573, -224.6728020080313, -220.52272689709469, -217.33658980480487, -284.6365091689724, -218.88193895625818, -173.9244250382381, -285.3741215264343, -249.52243926998588, -313.58906561437067, -265.5177795413014, -219.544215833266, -187.64710184117504, -212.42367717887709, -273.18355537463225, -241.890091430114, -271.81261361085416, -215.89306839234786, -267.2751131769787, -220.05355327274935, -221.23740161311622, -171.6328910362937, -209.87860215361033, -225.20569862329302, -294.32091836388037, -281.5816881632647, -214.09382724506625, -220.77010409806695, -223.32137972309252, -232.0396954392159, -222.0302300310245, -250.32399100017116, -262.4012482183966, -230.10455844325952, -234.13485314990805, -259.43050764523224, -319.125976355091, -239.6203734634626, -254.49655776821376, -205.3103404735652, -239.05240846898656, -287.1751562922022, -182.5799155534432, -226.86483339506916, -249.1303400098125, -272.38994633403223, -250.1429721399986, -254.9310864394948, -310.5959164935669, -188.07971106360074, -266.0120081790208, -164.71136695898642, -233.07537272123284, -255.72274598863504, -218.3041954751716, -246.80255584947736, -247.12130898831055, -218.59146598392186]","[433.7, 584.3666666666667, 489.43333333333334, 285.26666666666665, 495.03333333333336, 537.1666666666666, 364.3333333333333, 335.26666666666665, 610.9666666666667, 467.96666666666664, 493.03333333333336, 240.33333333333334, 481.96666666666664, 300.56666666666666, 308.8, 371.8666666666667, 478.2, 452.4, 523.7666666666667, 479.8, 310.1666666666667, 667.7, 417.3333333333333, 372.7, 444.8333333333333, 315.53333333333336, 469.56666666666666, 390.56666666666666, 583.0333333333333, 511.3, 487.73333333333335, 304.26666666666665, 494.9, 442.76666666666665, 298.3, 428.0, 462.4, 531.7, 324.53333333333336, 318.8333333333333, 415.7, 335.4, 452.43333333333334, 359.03333333333336, 442.03333333333336, 475.8666666666667, 303.8333333333333, 486.3666666666667, 483.46666666666664, 452.03333333333336, 268.8333333333333, 346.43333333333334, 373.1666666666667, 545.1, 313.23333333333335, 426.46666666666664, 495.03333333333336, 527.8666666666667, 401.06666666666666, 377.3666666666667, 510.23333333333335, 326.43333333333334, 477.06666666666666, 531.7, 412.1333333333333, 437.4, 276.53333333333336, 540.3666666666667, 484.4, 577.3666666666667, 472.96666666666664, 475.96666666666664, 503.93333333333334, 470.06666666666666, 734.4, 337.8666666666667, 448.53333333333336, 376.1333333333333, 578.5666666666667, 428.1333333333333, 419.5, 480.96666666666664, 528.3666666666667, 334.2, 381.06666666666666, 497.8333333333333, 323.8333333333333, 538.9666666666667, 470.6333333333333, 335.1333333333333, 389.56666666666666, 565.7, 375.56666666666666, 469.96666666666664, 428.93333333333334, 430.76666666666665, 401.23333333333335, 595.2, 404.7, 356.26666666666665, 430.53333333333336, 486.56666666666666, 401.0, 468.8666666666667, 378.56666666666666, 427.9, 473.6666666666667, 336.6666666666667, 354.26666666666665, 374.03333333333336, 408.23333333333335, 380.2, 332.0, 428.8666666666667, 413.56666666666666, 323.93333333333334, 357.73333333333335, 386.8333333333333, 486.1666666666667, 416.6333333333333, 465.6666666666667, 373.93333333333334, 523.3666666666667, 522.4333333333333, 372.1666666666667, 276.06666666666666, 356.93333333333334, 449.06666666666666, 498.6333333333333, 423.6666666666667, 286.1666666666667, 459.1666666666667, 476.76666666666665, 379.56666666666666, 351.8333333333333, 377.1333333333333, 506.4, 324.2, 236.0, 497.3333333333333, 416.6333333333333, 629.4666666666667, 439.26666666666665, 359.9, 296.06666666666666, 373.2, 476.93333333333334, 370.1, 513.1666666666666, 357.2, 453.43333333333334, 398.56666666666666, 374.43333333333334, 264.43333333333334, 322.2, 338.76666666666665, 524.5, 499.06666666666666, 386.6666666666667, 363.0, 330.0, 446.7, 366.8666666666667, 452.1666666666667, 485.46666666666664, 400.93333333333334, 394.56666666666666, 499.0, 546.9333333333333, 410.7, 439.96666666666664, 343.56666666666666, 424.6, 551.0, 267.3666666666667, 418.96666666666664, 445.73333333333335, 463.96666666666664, 392.6666666666667, 507.43333333333334, 524.2666666666667, 327.4, 449.1666666666667, 241.1, 403.93333333333334, 428.03333333333336, 354.43333333333334, 446.93333333333334, 446.26666666666665, 365.0]","[110.83411145210266, 310.3425178527832, 496.99353098869324, 663.3725504875183, 850.3899281024933, 1106.956908941269, 1280.2268974781036, 1452.7673337459564, 1652.9775562286377, 1836.8999652862549, 2065.0116181373596, 2227.994144678116, 2414.9178869724274, 2581.8792054653168, 2748.0578088760376, 2970.8072214126587, 3159.177499771118, 3340.0424377918243, 3532.0311353206635, 3724.164654970169, 3936.8671069145203, 4142.524936199188, 4321.917591810226, 4496.7524383068085, 4677.649661064148, 4881.764975070953, 5066.8011593818665, 5246.775888681412, 5451.623974323273, 5642.980841398239, 5868.8783094882965, 6038.632281780243, 6226.842976570129, 6408.229231834412, 6575.81313085556, 6796.541830301285, 6979.956796646118, 7172.632566690445, 7339.231119394302, 7506.007026195526, 7731.414997339249, 7936.513295650482, 8153.0015437603, 8358.466047763824, 8569.680011510849, 8839.610568284988, 9037.434166669846, 9254.213049173355, 9471.872878551483, 9683.57941365242, 9910.952228784561, 10113.925446033478, 10321.018857240677, 10549.298919677734, 10747.3790538311, 10992.161352157593, 11211.14472079277, 11431.574875116348, 11638.151069402695, 11842.312479019165, 12095.506752729416, 12295.681694984436, 12512.798969745636, 12736.510257959366, 12948.28741979599, 13197.420729637146, 13394.07339143753, 13618.88382768631, 13836.513054847717, 14064.698066949844, 14307.10061788559, 14526.561417102814, 14746.548918008804, 14964.516039609909, 15210.412781715393, 15437.252497673035, 15652.632549762726, 15857.257858276367, 16083.89531326294, 16237.879299879074, 16385.815506219864, 16513.25110435486, 16643.39469385147, 16763.09715819359, 16884.813416719437, 17025.561648607254, 17145.87516784668, 17275.213871240616, 17400.481950044632, 17518.463576078415, 17653.239959716797, 17805.54984664917, 17948.774582862854, 18095.955521821976, 18241.539421081543, 18397.39457511902, 18541.604516029358, 18692.0918905735, 18836.63803935051, 18977.0365357399, 19134.80026626587, 19281.70722270012, 19426.15084552765, 19573.705307006836, 19716.625787973404, 19879.65350461006, 20022.926774263382, 20163.102517604828, 20304.704003095627, 20443.991174697876, 20601.250127077103, 20740.84453892708, 20879.259530067444, 21020.014051437378, 21162.059124708176, 21311.834302425385, 21449.088206768036, 21589.9206097126, 21732.881410360336, 21879.28643465042, 22040.31816792488, 22183.44683098793, 22334.726490020752, 22482.881067037582, 22626.57727909088, 22881.755952119827, 23112.615215539932, 23351.00540971756, 23593.705461502075, 23829.89283967018, 24080.524493455887, 24352.722254037857, 24624.272164583206, 24885.40903878212, 25134.5055642128, 25431.70890903473, 25715.14276266098, 25975.732469320297, 26223.678925037384, 26502.810971975327, 26812.342313051224, 27108.36216020584, 27370.635755300522, 27636.940694332123, 27892.143780231476, 28186.987194299698, 28464.514429569244, 28727.812659740448, 29011.813189268112, 29271.72738146782, 29580.616582393646, 29846.997757673264, 30111.099940776825, 30364.76024198532, 30627.372175693512, 30939.56185889244, 31216.817833185196, 31491.498607635498, 31757.458387851715, 32017.202343702316, 32334.185352802277, 32600.18842482567, 32859.48377370834, 33134.01076793671, 33407.471822977066, 33696.84469509125, 33963.86284136772, 34262.951422691345, 34546.49298071861, 34811.07524442673, 35154.14353227615, 35432.50061058998, 35738.87812304497, 36052.43197631836, 36326.90936970711, 36652.73361802101, 36956.857716321945, 37260.5828769207, 37548.51906442642, 37855.99442219734, 38194.525550842285, 38477.94624209404, 38774.43860435486, 39049.32545399666, 39342.74962282181, 39694.87419319153, 39975.1039955616, 40269.03608465195, 40566.672832250595, 40849.714013814926]","[0, 10, 20, 30, 40, 50, 60, 70, 80, 90, 100, 110, 120, 130, 140, 150, 160, 170, 180, 190, 200, 210, 220, 230, 240, 250, 260, 270, 280, 290, 300, 310, 320, 330, 340, 350, 360, 370, 380, 390, 400, 410, 420, 430, 440, 450, 460, 470, 480, 490, 500, 510, 520, 530, 540, 550, 560, 570, 580, 590, 600, 610, 620, 630, 640, 650, 660, 670, 680, 690, 700, 710, 720, 730, 740, 750, 760, 770, 780, 790, 800, 810, 820, 830, 840, 850, 860, 870, 880, 890, 900, 910, 920, 930, 940, 950, 960, 970, 980, 990, 1000, 1010, 1020, 1030, 1040, 1050, 1060, 1070, 1080, 1090, 1100, 1110, 1120, 1130, 1140, 1150, 1160, 1170, 1180, 1190, 1200, 1210, 1220, 1230, 1240, 1250, 1260, 1270, 1280, 1290, 1300, 1310, 1320, 1330, 1340, 1350, 1360, 1370, 1380, 1390, 1400, 1410, 1420, 1430, 1440, 1450, 1460, 1470, 1480, 1490, 1500, 1510, 1520, 1530, 1540, 1550, 1560, 1570, 1580, 1590, 1600, 1610, 1620, 1630, 1640, 1650, 1660, 1670, 1680, 1690, 1700, 1710, 1720, 1730, 1740, 1750, 1760, 1770, 1780, 1790, 1800, 1810, 1820, 1830, 1840, 1850, 1860, 1870, 1880, 1890]","[64, 675, 1286, 1897, 2508, 3123, 3734, 4345, 4956, 5567, 6181, 6792, 7403, 8014, 8625, 9240, 9851, 10462, 11073, 11684, 12298, 12909, 13520, 14131, 14742, 15357, 15968, 16579, 17190, 17801, 18415, 19026, 19637, 20248, 20859, 21474, 22085, 22696, 23307, 23918, 24547, 25308, 26069, 26830, 27591, 28356, 29117, 29878, 30639, 31400, 32164, 32925, 33686, 34447, 35208, 35973, 36734, 37495, 38256, 39017, 39781, 40542, 41303, 42064, 42825, 43590, 44351, 45112, 45873, 46634, 47398, 48159, 48920, 49681, 50442, 51207, 51968, 52729, 53490, 54251, 55015, 55776, 56537, 57298, 58059, 58824, 59585, 60346, 61107, 61868, 62647, 63558, 64469, 65380, 66291, 67206, 68117, 69028, 69939, 70850, 71764, 72675, 73586, 74497, 75408, 76323, 77234, 78145, 79056, 79967, 80881, 81792, 82703, 83614, 84525, 85440, 86351, 87262, 88173, 89084, 89998, 90909, 91820, 92731, 93642, 94557, 95468, 96379, 97290, 98201, 99130, 100191, 101252, 102313, 103374, 104439, 105500, 106561, 107622, 108683, 109747, 110808, 111869, 112930, 113991, 115056, 116117, 117178, 118239, 119300, 120364, 121425, 122486, 123547, 124608, 125673, 126734, 127795, 128856, 129917, 130981, 132042, 133103, 134164, 135225, 136290, 137351, 138412, 139473, 140534, 141598, 142659, 143720, 144781, 145842, 146907, 147968, 149029, 150090, 151151, 152215, 153276, 154337, 155398, 156459, 157524, 158585, 159646, 160707, 161768]","[256, 128]"
63aswu6p,earthy-shadow-459,TD3BC_JS_Online,l2f_bc,finished,https://wandb.ai/korneelvandenberghe/l2f_bc/runs/63aswu6p,2024-11-05T23:37:20Z,-260.1631036814049,448.1,2.0,False,"[296.36844572491736, 549.9584206006767, 352.6767642659635, 374.0311827274134, 283.0747238243573, 276.99171930847893, 344.1860063730512, 334.73366442012986, 343.8111665971488, 296.4668006094849, 331.19294421412826, 373.57776987417986, 336.50254615448364, 341.7857895227168, 341.0397867875529, 265.1375787548943, 347.34364233598814, 413.2977270763497, 387.0592558338653, 312.9962688322425, 301.8872764924345, 235.37987792737144, 387.2461146027882, 248.26471379834373, 356.81495318039896, 281.4566560231555, 382.82374939443486, 326.15471737729996, 352.02765015100755, 245.01069540620858, 346.05481027841404, 193.13409839551602, 308.2911334725455, 351.6540380197559, 317.62694771486053, 277.9146480210596, 336.09855430672985, 329.8945629010488, 205.38941579347804, 263.73101676028756, 330.50408688232505, 270.0693954988872, 301.08237067029137, 242.59008159642858, 334.5983404140562, 290.48397255510685, 272.51991816562406, 326.7426394974396, 377.27689140549506, 290.5641638642653, 189.12405856842264, 208.04032953859095, 254.12156048554522, 204.4510474559622, 191.22448709224963, 238.33824668645954, 163.10465743422603, 189.0603160242528, 196.49680158911357, 126.60182666082925, 254.77199365519002, 316.5031250928532, 228.24316962238754, 231.4252853649781, 195.17429672960287, 125.70363941069381, 261.4858026165255, 92.55979452610082, 179.96333593319204, 155.88198984517527, 191.1065938235122, 180.94006218082575, 111.71893680112885, 206.1024385010072, 125.97382927197832, 100.34170258181446, 150.13888038159922, 122.40787332942537, 136.84557994567336, 140.24031227784542, 86.46156859116469, 143.3439153549087, 89.37873764201414, 118.93011478922362, 104.12717036702496, 83.78649031365187, 32.32799230886526, 25.31005443441312, 42.92941411332874, 19.397301927481056, 49.37108200954886, 49.30980750672524, 51.26120755611728, 39.72906374256819, 31.770791764527825, -46.520533494972064, -30.359844546780266, -49.133368327131286, -39.50923061470084, 5.036542473654134, -37.05634317450488, -67.56245987271873, -39.38376333244785, -64.37215441780484, -37.2832860692951, -197.29159620706932, -121.16957057582287, -192.08017015730192, -167.73123639206426, -145.7898305811411, -155.9221336414117, -203.29890241849475, -164.09883563023257, -118.63703546823531, -162.7599749082017, -182.51626892112532, -282.5384840412888, -237.2341623823808, -331.70294982827096, -253.06042884511783, -271.4652362929176, -238.19541231991195, -253.75749075103877, -278.9727550366189, -259.25009676560364, -246.51683627737629, -277.7564213104316, -245.11702672267822, -266.15570512482566, -242.94157526601677, -245.6069215758426, -217.6516388205061, -245.8361234960048, -301.30607040255114, -250.500675601316, -175.22639556601152, -215.8336885792946, -236.8848483138666, -259.68982777440647, -234.92801547010453, -219.464959403781, -266.3802642702098, -318.64573308445176, -220.0231235758661, -240.88201982541372, -263.33421720305836, -260.5210451078159, -250.5690132322772, -194.96636346074862, -260.24350259803595, -255.03663548548107, -277.4759756887562, -310.1169895899063, -311.26641737840976, -225.98038758854227, -196.1841471472686, -236.8899323330242, -197.87777483944402, -306.41147260586683, -241.48375405837612, -331.59559357768075, -245.26026282127035, -261.0928481273274, -209.892084089178, -209.3543128080176, -259.79334644630467, -242.15333755963977, -213.51349829827814, -299.3015164774831, -217.3643477043693, -261.7499570860104, -236.95004598417378, -253.76550320048673, -255.1240684966502, -289.3794037528365, -214.79346606464975, -220.45745419322535, -273.66316861483745, -229.367340142256, -258.2667258165296, -201.30896022026812, -297.78193213347106, -240.41325267938024, -245.29401830002203, -229.36263596755498, -265.2453456467462, -279.21226714075806, -195.39527806180112, -240.54191567462797, -260.1631036814049]","[368.6666666666667, 662.4666666666667, 435.26666666666665, 460.3, 351.1666666666667, 350.0, 435.3333333333333, 423.9, 434.6333333333333, 377.6, 417.76666666666665, 473.23333333333335, 423.5, 430.46666666666664, 433.53333333333336, 349.5, 450.3666666666667, 534.2333333333333, 506.03333333333336, 411.4, 395.8666666666667, 308.8666666666667, 505.1, 332.7, 458.56666666666666, 391.93333333333334, 527.2666666666667, 452.9, 480.1, 344.8333333333333, 473.96666666666664, 277.1, 425.6, 477.53333333333336, 445.3333333333333, 417.06666666666666, 493.6333333333333, 479.9, 314.1333333333333, 392.7, 485.3, 417.96666666666664, 452.6333333333333, 378.0, 493.7, 485.6333333333333, 450.26666666666665, 520.0666666666667, 601.5, 479.73333333333335, 328.8666666666667, 368.26666666666665, 428.03333333333336, 358.3666666666667, 344.76666666666665, 463.76666666666665, 335.56666666666666, 395.96666666666664, 406.73333333333335, 288.3333333333333, 503.7, 593.8666666666667, 468.1666666666667, 452.4, 397.0, 319.6666666666667, 601.1, 296.26666666666665, 466.93333333333334, 410.23333333333335, 486.8333333333333, 456.6333333333333, 350.23333333333335, 504.76666666666665, 356.03333333333336, 433.8666666666667, 446.03333333333336, 428.6333333333333, 493.3333333333333, 495.0, 372.53333333333336, 515.8666666666667, 411.1, 456.1333333333333, 423.26666666666665, 619.2333333333333, 448.6, 404.8, 442.8666666666667, 390.1333333333333, 447.4, 417.8333333333333, 434.43333333333334, 434.3666666666667, 385.1, 391.93333333333334, 453.3333333333333, 410.03333333333336, 513.3333333333334, 596.2, 334.4, 304.6333333333333, 513.2, 452.76666666666665, 519.3, 537.2666666666667, 250.66666666666666, 488.43333333333334, 488.4, 465.76666666666665, 420.8, 581.4, 424.6, 222.06666666666666, 457.43333333333334, 283.0, 493.6, 421.23333333333335, 621.6333333333333, 432.8, 448.5, 357.03333333333336, 433.23333333333335, 492.53333333333336, 481.43333333333334, 403.3333333333333, 510.76666666666665, 461.8333333333333, 518.2, 446.4, 487.3666666666667, 409.8333333333333, 455.7, 523.7666666666667, 487.5, 271.23333333333335, 369.46666666666664, 384.1, 465.26666666666665, 352.53333333333336, 361.0, 480.4, 613.3666666666667, 381.03333333333336, 399.8, 448.93333333333334, 460.0, 444.56666666666666, 322.26666666666665, 434.6333333333333, 466.06666666666666, 497.5, 568.7333333333333, 612.0, 407.8333333333333, 325.03333333333336, 456.9, 339.06666666666666, 499.8, 454.3666666666667, 623.4333333333333, 396.8, 439.4, 334.43333333333334, 344.43333333333334, 463.26666666666665, 444.93333333333334, 307.6666666666667, 615.0666666666667, 397.7, 448.8333333333333, 342.76666666666665, 489.1666666666667, 462.76666666666665, 564.2666666666667, 314.56666666666666, 375.73333333333335, 532.2333333333333, 431.8666666666667, 459.03333333333336, 342.4, 525.7666666666667, 427.4, 448.8, 338.9, 439.23333333333335, 502.6333333333333, 301.46666666666664, 423.3333333333333, 448.1]","[114.52251052856445, 352.46923065185547, 554.4693145751953, 760.3299984931946, 946.4703576564789, 1174.0252318382263, 1371.906341791153, 1571.0528745651245, 1789.064481496811, 1999.8369965553284, 2247.1319665908813, 2453.3861677646637, 2653.7689418792725, 2853.7165806293488, 3058.023126602173, 3283.6981246471405, 3485.8443512916565, 3702.659023284912, 3913.7683670520782, 4110.021769762039, 4354.469255685806, 4541.682180404663, 4749.186810493469, 4937.360890865326, 5143.702453136444, 5391.918874502182, 5607.484837770462, 5811.667796611786, 6018.125148296356, 6207.558567047119, 6456.84494304657, 6635.878119468689, 6833.695749998093, 7039.919380187988, 7242.157035112381, 7490.324142217636, 7699.70771074295, 7907.736007928848, 8096.435274362564, 8294.563051223755, 8540.362442493439, 8742.267505645752, 8947.125764846802, 9160.69670701027, 9391.368520021439, 9656.806710004807, 9894.851092338562, 10144.018976926804, 10406.596467733383, 10696.313496351242, 10951.758226156235, 11176.899704933167, 11410.629601716995, 11634.095472574234, 11860.232514619827, 12129.534409046173, 12354.72245502472, 12588.442462921143, 12821.165692090988, 13035.10500049591, 13323.456622838974, 13580.617254018784, 13826.541167974472, 14063.674396038055, 14296.422443151474, 14559.40348148346, 14811.108593463898, 15028.041608095169, 15260.210967063904, 15487.54259967804, 15748.69471359253, 15984.147051095963, 16204.223071336746, 16438.346387386322, 16657.722495794296, 16955.189328432083, 17187.714693307877, 17416.769964694977, 17660.15652489662, 17900.38655781746, 18160.49768948555, 18403.51097035408, 18630.99417424202, 18866.37659907341, 19098.15317940712, 19405.10045528412, 19640.710251808167, 19869.341990470886, 20101.956515312195, 20328.597692489624, 20596.11844062805, 20825.176656246185, 21055.759229421616, 21281.705185174942, 21505.96220254898, 21779.742845773697, 22046.2780482769, 22304.051710367203, 22579.85689663887, 22869.330788373947, 23165.875112771988, 23413.24400448799, 23692.820066690445, 23959.283236026764, 24233.823004961014, 24552.064639806747, 24792.586106061935, 25065.237332582474, 25289.458695173264, 25453.099627494812, 25632.696639299393, 25804.422851085663, 25971.499768972397, 26131.224615573883, 26293.340225696564, 26466.946096897125, 26631.121215820312, 26787.407764434814, 26963.35103917122, 27129.827610254288, 27322.465531110764, 27478.175132274628, 27641.511789560318, 27799.610503911972, 27964.512933015823, 28138.929465293884, 28303.804460525513, 28471.29168510437, 28635.84872841835, 28801.838983535767, 28979.33264064789, 29142.61380815506, 29302.53725719452, 29468.40343952179, 29636.99047613144, 29806.26463985443, 29984.704382181168, 30161.757555246353, 30340.664233207703, 30522.791912794113, 30723.206347703934, 30906.92177939415, 31101.115463018417, 31269.784110546112, 31431.580404758453, 31600.215171813965, 31769.26380252838, 31952.35982990265, 32106.27032017708, 32270.04519891739, 32444.322793006897, 32605.46592450142, 32793.67531251907, 32981.224806547165, 33141.255564689636, 33307.897171497345, 33481.653561115265, 33635.53586959839, 33793.31644201279, 33970.77154827118, 34153.212018728256, 34325.812660217285, 34487.783546447754, 34639.33412671089, 34787.039947748184, 34963.984882593155, 35142.25432014465, 35300.52708411217, 35467.45400047302, 35629.87552213669, 35822.29266381264, 35989.83453011513, 36151.366315841675, 36314.55542707443, 36477.24937915802, 36650.803881168365, 36811.678562402725, 36968.95565986633, 37123.90642333031, 37285.48439049721, 37446.71133685112, 37610.644278764725, 37768.69076371193, 37930.4086868763, 38083.19937872887, 38261.35624885559, 38447.35990691185, 38618.89267373085, 38794.758189201355, 38973.909411907196]","[0, 10, 20, 30, 40, 50, 60, 70, 80, 90, 100, 110, 120, 130, 140, 150, 160, 170, 180, 190, 200, 210, 220, 230, 240, 250, 260, 270, 280, 290, 300, 310, 320, 330, 340, 350, 360, 370, 380, 390, 400, 410, 420, 430, 440, 450, 460, 470, 480, 490, 500, 510, 520, 530, 540, 550, 560, 570, 580, 590, 600, 610, 620, 630, 640, 650, 660, 670, 680, 690, 700, 710, 720, 730, 740, 750, 760, 770, 780, 790, 800, 810, 820, 830, 840, 850, 860, 870, 880, 890, 900, 910, 920, 930, 940, 950, 960, 970, 980, 990, 1000, 1010, 1020, 1030, 1040, 1050, 1060, 1070, 1080, 1090, 1100, 1110, 1120, 1130, 1140, 1150, 1160, 1170, 1180, 1190, 1200, 1210, 1220, 1230, 1240, 1250, 1260, 1270, 1280, 1290, 1300, 1310, 1320, 1330, 1340, 1350, 1360, 1370, 1380, 1390, 1400, 1410, 1420, 1430, 1440, 1450, 1460, 1470, 1480, 1490, 1500, 1510, 1520, 1530, 1540, 1550, 1560, 1570, 1580, 1590, 1600, 1610, 1620, 1630, 1640, 1650, 1660, 1670, 1680, 1690, 1700, 1710, 1720, 1730, 1740, 1750, 1760, 1770, 1780, 1790, 1800, 1810, 1820, 1830, 1840, 1850, 1860, 1870, 1880, 1890]","[64, 675, 1286, 1897, 2508, 3123, 3734, 4345, 4956, 5567, 6181, 6792, 7403, 8014, 8625, 9240, 9851, 10462, 11073, 11684, 12298, 12909, 13520, 14131, 14742, 15357, 15968, 16579, 17190, 17801, 18415, 19026, 19637, 20248, 20859, 21474, 22085, 22696, 23307, 23918, 24532, 25143, 25754, 26365, 26976, 27606, 28367, 29128, 29889, 30650, 31414, 32175, 32936, 33697, 34458, 35223, 35984, 36745, 37506, 38267, 39031, 39792, 40553, 41314, 42075, 42840, 43601, 44362, 45123, 45884, 46648, 47409, 48170, 48931, 49692, 50457, 51218, 51979, 52740, 53501, 54265, 55026, 55787, 56548, 57309, 58074, 58835, 59596, 60357, 61118, 61882, 62643, 63404, 64165, 64926, 65706, 66617, 67528, 68439, 69350, 70264, 71175, 72086, 72997, 73908, 74823, 75734, 76645, 77556, 78467, 79381, 80292, 81203, 82114, 83025, 83940, 84851, 85762, 86673, 87584, 88498, 89409, 90320, 91231, 92142, 93057, 93968, 94879, 95790, 96701, 97615, 98526, 99437, 100348, 101259, 102189, 103250, 104311, 105372, 106433, 107497, 108558, 109619, 110680, 111741, 112806, 113867, 114928, 115989, 117050, 118114, 119175, 120236, 121297, 122358, 123423, 124484, 125545, 126606, 127667, 128731, 129792, 130853, 131914, 132975, 134040, 135101, 136162, 137223, 138284, 139348, 140409, 141470, 142531, 143592, 144657, 145718, 146779, 147840, 148901, 149965, 151026, 152087, 153148, 154209, 155289, 156500, 157711, 158922, 160133]","[256, 128]"
jtib3asq,happy-tree-478,TD3BC_JS_Online,l2f_bc,failed,https://wandb.ai/korneelvandenberghe/l2f_bc/runs/jtib3asq,2025-03-10T11:32:08Z,44.06793662137812,68.96666666666667,2.0,fixed,"[40.317865253810005, 41.93821274345363, 42.323770214654246, 41.53468170511264, 46.96886940971305, 49.1257926452832, 40.937801587108666, 45.852017460581784, 42.552414503947354, 47.09648350900616, 50.737643368579114, 52.849852661430916, 40.80369149995132, 40.272245099674166, 49.20681902081799, 51.341460221433906, 47.72519322371978, 45.98715091423309, 50.90558335452533, 37.26120012520453, 54.93842014611234, 43.61138973003323, 39.25284896669515, 48.83771202529793, 36.503040490776996, 47.135131114730136, 45.98190543085799, 57.69408199145777, 41.79262087361298, 44.06793662137812]","[60.0, 64.23333333333333, 69.53333333333333, 65.86666666666666, 72.1, 71.73333333333333, 63.53333333333333, 74.03333333333333, 68.13333333333334, 75.26666666666667, 72.93333333333334, 77.53333333333333, 67.1, 67.03333333333333, 72.46666666666667, 78.4, 74.0, 72.86666666666666, 75.13333333333334, 62.13333333333333, 82.5, 71.4, 61.7, 72.86666666666666, 60.833333333333336, 73.26666666666667, 72.06666666666666, 83.63333333333334, 67.03333333333333, 68.96666666666667]","[13.65598, 16.618213, 19.77649, 22.756008, 25.498577, 41.292089, 44.172505, 46.955969, 49.528149, 52.488147, 71.916277, 75.342419, 78.237342, 80.947828, 83.727808, 108.388761, 111.515258, 114.475669, 117.439961, 119.995593, 133.026154, 136.963629, 139.284036, 142.14727, 144.434807, 166.30545, 168.997762, 172.32459, 176.610079, 179.208148]","[0, 10, 20, 30, 40, 50, 60, 70, 80, 90, 100, 110, 120, 130, 140, 150, 160, 170, 180, 190, 200, 210, 220, 230, 240, 250, 260, 270, 280, 290]","[3, 14, 25, 36, 47, 60, 71, 82, 93, 104, 117, 128, 139, 150, 161, 174, 185, 196, 207, 218, 231, 242, 253, 264, 275, 288, 299, 310, 321, 332]","[256, 128]"
lcrnrr5r,glowing-river-479,TD3BC_JS_Online,l2f_bc,failed,https://wandb.ai/korneelvandenberghe/l2f_bc/runs/lcrnrr5r,2025-03-10T12:46:53Z,33.393034971300025,53.93333333333333,2.0,adaptive,"[52.37787302253092, 43.290376147714504, 47.12065222881538, 48.820066423710664, 46.445906558039184, 40.0026695389807, 44.39654735383034, 45.26689932160459, 44.497121867614815, 41.13490584942649, 40.36648312120056, 56.95464481969603, 50.13504863540766, 31.217087148774283, 45.54082197630508, 50.578777909074596, 41.84433174998866, 36.66718714635059, 31.13359554114284, 50.43841698821621, 44.964304848960346, 48.13307836517093, 30.92065104755861, 37.659745408356315, 54.458009067993515, 43.7715594154182, 48.413964526653096, 48.63550435127686, 49.81896335164046, 33.393034971300025]","[76.43333333333334, 67.76666666666667, 69.36666666666666, 71.9, 69.53333333333333, 60.93333333333333, 73.2, 69.3, 68.13333333333334, 66.3, 64.9, 80.96666666666667, 77.16666666666667, 55.63333333333333, 67.66666666666667, 76.06666666666666, 67.33333333333333, 57.53333333333333, 54.63333333333333, 76.73333333333333, 70.86666666666666, 78.43333333333334, 54.46666666666667, 58.333333333333336, 80.1, 67.23333333333333, 77.73333333333333, 72.53333333333333, 75.26666666666667, 53.93333333333333]","[22.595599, 25.648846, 28.26399, 31.076436, 33.745046, 59.210603, 61.990837, 64.662529, 67.234359, 69.809805, 105.077175, 108.155649, 111.443407, 113.559501, 116.143786, 136.128747, 138.893353, 141.156901, 143.309637, 146.261066, 174.106177, 177.139948, 179.366807, 181.60118, 184.680513, 204.963273, 207.990178, 210.963563, 214.047961, 216.170025]","[0, 10, 20, 30, 40, 50, 60, 70, 80, 90, 100, 110, 120, 130, 140, 150, 160, 170, 180, 190, 200, 210, 220, 230, 240, 250, 260, 270, 280, 290]","[3, 14, 25, 36, 47, 60, 71, 82, 93, 104, 117, 128, 139, 150, 161, 174, 185, 196, 207, 218, 231, 242, 253, 264, 275, 288, 299, 310, 321, 332]","[256, 128]"
7htqa97b,peachy-firefly-481,TD3BC_JS_Online,l2f_bc,failed,https://wandb.ai/korneelvandenberghe/l2f_bc/runs/7htqa97b,2025-03-10T12:56:45Z,47.550893511143045,75.6,2.0,adaptive,"[46.51722601883547, 42.02104432587029, 42.06725592572286, 50.07917043764204, 54.69351831337544, 36.419491999978455, 45.2237395071819, 40.12649261221955, 50.4317142442435, 32.601555623728956, 42.58278403760277, 37.04599431126394, 45.2748746390071, 43.13495109005092, 29.520532157410816, 44.225401940356186, 45.80142807278085, 48.28089072382516, 32.59691917447284, 43.3885114611509, 41.43957330731826, 43.33819185963733, 43.65627779268205, 36.41627354925559, 47.294719997895825, 46.36372298550259, 36.15302452495955, 39.347614376763936, 43.8779511409432, 47.550893511143045]","[71.43333333333334, 65.5, 65.93333333333334, 75.06666666666666, 83.7, 57.8, 73.7, 70.26666666666667, 75.6, 56.766666666666666, 69.53333333333333, 61.63333333333333, 71.26666666666667, 69.63333333333334, 52.266666666666666, 68.83333333333333, 69.76666666666667, 74.3, 55.36666666666667, 70.1, 65.13333333333334, 70.43333333333334, 68.33333333333333, 59.7, 71.93333333333334, 72.66666666666667, 60.766666666666666, 62.53333333333333, 71.53333333333333, 75.6]","[18.987294, 21.885646, 24.385543, 27.215658, 30.795376, 63.015331, 65.888435, 68.590692, 71.588313, 73.757764, 90.678868, 93.018257, 95.936489, 98.800099, 100.992861, 117.248632, 120.141998, 123.0496, 125.163646, 127.873232, 163.045496, 165.95188, 168.686648, 171.125518, 174.116925, 212.094657, 214.566735, 217.085794, 219.929398, 222.938319]","[0, 10, 20, 30, 40, 50, 60, 70, 80, 90, 100, 110, 120, 130, 140, 150, 160, 170, 180, 190, 200, 210, 220, 230, 240, 250, 260, 270, 280, 290]","[3, 14, 25, 36, 47, 60, 71, 82, 93, 104, 117, 128, 139, 150, 161, 174, 185, 196, 207, 218, 231, 242, 253, 264, 275, 288, 299, 310, 321, 332]","[256, 128]"
zw2376vy,deft-dew-482,TD3BC_JS_Online,l2f_bc,failed,https://wandb.ai/korneelvandenberghe/l2f_bc/runs/zw2376vy,2025-03-10T14:46:41Z,43.42748896902954,69.13333333333334,2.0,adaptive,"[48.42242413117879, 27.74292461303236, 42.652845626834534, 36.59864575473762, 40.33161688769032, 42.5597464572905, 43.682362376472234, 44.87300244785523, 34.48024861364122, 31.644789799089967, 44.1064243709499, 35.81043449318256, 43.91391724415975, 53.51803158748226, 41.71395688472075, 43.11615303352354, 48.36997209228843, 36.53458163699089, 51.78201674526087, 43.06946183520576, 48.2000429958439, 49.66509990912258, 42.73936410434206, 45.19675008082938, 45.093441401857284, 47.093870978215946, 40.00266732054795, 43.145059621400705, 56.783139935752615, 43.42748896902954]","[75.2, 48.53333333333333, 67.86666666666666, 62.833333333333336, 65.73333333333333, 72.26666666666667, 68.63333333333334, 71.43333333333334, 58.666666666666664, 54.0, 68.36666666666666, 58.266666666666666, 70.86666666666666, 78.43333333333334, 68.3, 70.3, 76.76666666666667, 60.1, 77.03333333333333, 70.46666666666667, 70.76666666666667, 80.66666666666667, 67.66666666666667, 72.2, 71.8, 73.3, 67.9, 68.03333333333333, 81.76666666666667, 69.13333333333334]","[31.67545, 34.406145, 36.978473, 39.35311, 41.859301, 84.496419, 87.466614, 90.182333, 92.426503, 94.486342, 165.767582, 167.954264, 170.602247, 173.53742, 177.111463, 224.293476, 227.215408, 229.501005, 232.429517, 235.116139, 275.743395, 278.831359, 281.434451, 284.211671, 286.953193, 330.043645, 332.675695, 335.290116, 338.602055, 342.192219]","[0, 10, 20, 30, 40, 50, 60, 70, 80, 90, 100, 110, 120, 130, 140, 150, 160, 170, 180, 190, 200, 210, 220, 230, 240, 250, 260, 270, 280, 290]","[3, 14, 25, 36, 47, 60, 71, 82, 93, 104, 117, 128, 139, 150, 161, 174, 185, 196, 207, 218, 231, 242, 253, 264, 275, 288, 299, 310, 321, 332]","[256, 128]"
zj08vdw1,silver-wave-483,TD3BC_JS_Online,l2f_bc,failed,https://wandb.ai/korneelvandenberghe/l2f_bc/runs/zj08vdw1,2025-03-10T16:16:16Z,37.9819137718692,62.8,2.0,adaptive,"[36.7515847656958, 43.434207301322786, 42.96774599340647, 39.46563758017283, 45.61875399221838, 48.09958776598906, 46.5554774124085, 36.05910775098768, 42.077634994267086, 36.80103046981155, 43.7834776844129, 43.567125217279795, 39.99003557316293, 32.76425354075463, 51.02925210911811, 39.13103830923864, 44.264595639401236, 42.202138698055855, 39.66722202539687, 41.92292110038995, 49.05326924809403, 34.454315380371824, 38.99400227569865, 38.33012692170036, 42.10924978451687, 41.696075523876885, 43.53416398184857, 37.48277866525339, 38.89113186612867, 37.9819137718692]","[59.1, 71.3, 70.73333333333333, 64.73333333333333, 69.93333333333334, 74.8, 72.46666666666667, 59.93333333333333, 70.83333333333333, 62.7, 70.43333333333334, 72.6, 65.9, 56.2, 77.4, 60.766666666666666, 68.36666666666666, 71.63333333333334, 63.9, 64.33333333333333, 77.16666666666667, 58.5, 63.4, 63.96666666666667, 69.83333333333333, 68.9, 65.36666666666666, 61.733333333333334, 61.233333333333334, 62.8]","[39.45992, 43.254759, 47.104229, 49.70024, 52.487701, 125.123009, 128.722885, 131.027473, 133.71973, 136.094409, 180.734428, 183.689937, 186.218968, 188.4006, 191.31186, 232.993134, 235.776173, 238.565147, 241.043114, 243.531278, 284.15317, 286.37584, 288.805279, 291.367753, 294.011415, 338.971158, 341.725258, 344.101387, 346.540224, 349.052529]","[0, 10, 20, 30, 40, 50, 60, 70, 80, 90, 100, 110, 120, 130, 140, 150, 160, 170, 180, 190, 200, 210, 220, 230, 240, 250, 260, 270, 280, 290]","[3, 14, 25, 36, 47, 60, 71, 82, 93, 104, 117, 128, 139, 150, 161, 174, 185, 196, 207, 218, 231, 242, 253, 264, 275, 288, 299, 310, 321, 332]","[256, 128]"
u5ipcwck,mild-spaceship-484,TD3BC_JS_Online,l2f_bc,killed,https://wandb.ai/korneelvandenberghe/l2f_bc/runs/u5ipcwck,2025-03-10T16:24:20Z,57.32175981935734,86.03333333333333,2.0,adaptive,"[38.11404852382938, 36.17632425659401, 36.73929266161622, 40.908089593948105, 42.45967581816798, 40.81702671888065, 41.636193475165264, 32.29696574217649, 40.98967445211545, 40.63712061154673, 46.66544448843012, 36.185028115329175, 50.064478044972255, 45.99606571722588, 39.41712335250563, 38.94196271434145, 47.0677977493551, 43.915761341532416, 44.25499465160154, 39.896122713020596, 34.941604082148096, 42.95755888679423, 42.40506477216304, 49.92366967912502, 38.753414118439984, 35.6908278056152, 45.875649786377, 38.84291045227419, 40.292748626419815, 41.494336926839665, 41.79774859423302, 43.01953398069317, 36.07116500804288, 45.60621301159198, 41.954564899406485, 41.25723779826191, 50.91336882717487, 51.38568090753628, 39.99702435252754, 48.92089544970322, 58.02380908090083, 39.3884442611427, 42.73732541367758, 51.25978349741901, 46.011035857143, 47.3157730299185, 62.71194128285995, 51.92024783181565, 42.98822400501528, 49.04634034723113, 43.87955391910754, 59.528107100415376, 51.564966065721954, 49.53109228296719, 53.333344129322136, 60.298423753556825, 57.32059472565382, 64.8182996332747, 49.82441588927106, 52.59169809973457, 35.59818072148751, 50.82785311282667, 50.368494660197754, 43.40944953492274, 58.6628756512823, 51.580228253760154, 49.00488984295059, 44.35622649306023, 70.33583083645667, 49.03223738260684, 45.304214292903765, 58.78514539444221, 57.32175981935734]","[59.5, 60.7, 60.03333333333333, 62.0, 65.66666666666667, 68.46666666666667, 71.4, 53.86666666666667, 69.13333333333334, 68.06666666666666, 74.0, 61.733333333333334, 76.4, 70.43333333333334, 65.73333333333333, 60.13333333333333, 72.56666666666666, 72.3, 69.4, 64.66666666666667, 59.7, 68.4, 67.73333333333333, 74.6, 66.26666666666667, 61.333333333333336, 73.93333333333334, 59.7, 66.76666666666667, 65.06666666666666, 66.8, 67.33333333333333, 60.86666666666667, 70.76666666666667, 67.16666666666667, 67.86666666666666, 79.5, 77.93333333333334, 63.833333333333336, 77.53333333333333, 85.26666666666667, 66.3, 68.56666666666666, 78.8, 72.23333333333333, 72.53333333333333, 87.4, 78.96666666666667, 66.96666666666667, 75.5, 68.56666666666666, 88.96666666666667, 78.06666666666666, 79.86666666666666, 79.8, 89.26666666666667, 84.06666666666666, 90.56666666666666, 73.03333333333333, 78.7, 58.766666666666666, 75.36666666666666, 76.56666666666666, 68.36666666666666, 88.63333333333334, 78.93333333333334, 74.5, 71.73333333333333, 98.76666666666667, 71.43333333333334, 70.9, 87.86666666666666, 86.03333333333333]","[10.998137, 12.397972, 12.791768, 13.173052, 14.438547, 29.432059, 29.87199, 30.21017, 30.635637, 31.057848, 38.528587, 39.742752, 40.204787, 41.44707, 42.012449, 54.066422, 54.511915, 54.991034, 55.419695, 55.814308, 68.545292, 68.966776, 69.386295, 69.842752, 70.254334, 77.74051299999999, 78.50197, 78.869844, 79.281069, 79.676673, 92.226741, 106.571722, 122.071484, 138.482991, 155.636976, 177.212906, 195.575046, 214.811882, 235.407037, 252.981162, 272.386459, 293.169968, 312.015166, 331.230978, 350.12394, 371.146351, 388.782555, 1425.401096, 2367.573105, 2514.920503, 2534.11917, 2549.401284, 2565.525328, 2582.135953, 2598.125935, 2617.288725, 2634.000183, 3977.700771, 3995.834736, 4012.614866, 4032.628108, 4052.233046, 4068.549663, 4085.131108, 4101.927123, 4121.944511, 4155.418827, 4191.730203, 4228.275914, 4264.376203, 4303.130466, 4342.080478, 4380.478338]","[0, 10, 20, 30, 40, 50, 60, 70, 80, 90, 100, 110, 120, 130, 140, 150, 160, 170, 180, 190, 200, 210, 220, 230, 240, 250, 260, 270, 280, 290, 300, 310, 320, 330, 340, 350, 360, 370, 380, 390, 400, 410, 420, 430, 440, 450, 460, 470, 480, 490, 500, 510, 520, 530, 540, 550, 560, 570, 580, 590, 600, 610, 620, 630, 640, 650, 660, 670, 680, 690, 700, 710, 720]","[3, 14, 25, 36, 47, 60, 71, 82, 93, 104, 117, 128, 139, 150, 161, 174, 185, 196, 207, 218, 231, 242, 253, 264, 275, 288, 299, 310, 321, 332, 366, 577, 788, 999, 1210, 1423, 1634, 1845, 2056, 2267, 2480, 2692, 2903, 3114, 3325, 3538, 3749, 3960, 4171, 4382, 4595, 4807, 5018, 5229, 5440, 5653, 5864, 6075, 6286, 6497, 6710, 6922, 7133, 7344, 7555, 7788, 8199, 8610, 9021, 9432, 9845, 10257, 10668]","[256, 128]"
mw1uxy6o,faithful-serenity-485,TD3BC_JS_Online,l2f_bc,crashed,https://wandb.ai/korneelvandenberghe/l2f_bc/runs/mw1uxy6o,2025-03-10T17:39:17Z,37.68025713296274,62.53333333333333,2.0,adaptive,"[44.411562042746795, 41.38571293565283, 42.164326279745595, 46.14203408267727, 37.52975134296979, 49.59296725014682, 44.511423951344334, 33.84683054765993, 44.133704489380776, 34.30414087675824, 40.346779358269245, 39.42840312149283, 40.26602932875319, 38.331261854023424, 38.79292137017814, 43.377124989727115, 48.53228382675913, 35.034054113017916, 45.7971730855483, 42.99252199684365, 43.62882319650302, 39.03374462403542, 50.54788322307497, 46.533586120826435, 39.55304709230433, 37.44815297676216, 46.88564599432822, 38.0807699042766, 43.41653694892462, 37.68025713296274]","[66.93333333333334, 66.3, 65.96666666666667, 71.0, 58.0, 74.3, 67.4, 57.5, 69.73333333333333, 60.666666666666664, 66.16666666666667, 63.53333333333333, 64.53333333333333, 63.93333333333333, 61.63333333333333, 66.5, 76.7, 57.7, 69.16666666666667, 68.5, 66.06666666666666, 63.2, 78.16666666666667, 75.03333333333333, 64.06666666666666, 66.03333333333333, 71.3, 63.5, 67.33333333333333, 62.53333333333333]","[77.263356, 79.966606, 80.629674, 81.338428, 82.887809, 99.760604, 101.560952, 102.149987, 102.8602, 103.465981, 113.455515, 114.088417, 114.756097, 115.39904, 116.011593, 125.254658, 126.020934, 126.597971, 127.277286, 127.959341, 149.936258, 150.570987, 151.350723, 153.204519, 153.841004, 163.342484, 164.050467, 164.6835, 165.358634, 165.979607]","[0, 10, 20, 30, 40, 50, 60, 70, 80, 90, 100, 110, 120, 130, 140, 150, 160, 170, 180, 190, 200, 210, 220, 230, 240, 250, 260, 270, 280, 290]","[3, 14, 25, 36, 47, 60, 71, 82, 93, 104, 117, 128, 139, 150, 161, 174, 185, 196, 207, 218, 231, 242, 253, 264, 275, 288, 299, 310, 321, 332]","[256, 128]"
4aq7eo6g,radiant-night-486,TD3BC_JS_Online,l2f_bc,finished,https://wandb.ai/korneelvandenberghe/l2f_bc/runs/4aq7eo6g,2025-03-10T18:04:51Z,48.77542212066905,76.7,2.0,adaptive,"[40.3671714207749, 29.924875514450388, 43.05078643229173, 39.65345706223878, 35.86423193105586, 36.973547045673016, 33.545137675401996, 46.45226146720556, 41.63199046008628, 44.689714129985866, 38.632405791986415, 39.29443988971522, 41.60037164645848, 40.06002610674459, 35.981755342170636, 46.75835185206929, 41.40602779900632, 31.877542505103325, 44.444998234415785, 46.60811566532748, 39.309546781723306, 48.084453871513645, 44.24310407568273, 40.82016283405269, 45.892545815330635, 38.7221673087223, 38.34270281966196, 40.00884407390219, 36.920569406626036, 30.134906384873812, 41.22414053691083, 32.25727845222009, 38.76058250363622, 39.410929165228175, 38.23129069859377, 43.298110043464334, 46.23719239593384, 30.38624825618769, 43.38240869669549, 47.80870821469219, 45.32394622238057, 46.66225812552927, 43.23850996042707, 42.79836035628697, 48.920848144689586, 50.18359726154636, 44.598039950964264, 45.896813206725, 43.47897755863046, 41.27939993234046, 39.96223359154577, 45.195898945830734, 49.33651723447196, 50.39744902224686, 41.71357274120549, 55.67252117747114, 39.72515688309109, 49.05697414045864, 51.90436225191992, 45.99542740668527, 49.702223601673786, 42.69850685075423, 31.772465544581163, 50.705550616201954, 51.95327539664473, 45.63141924021773, 45.81900807012864, 45.5304965517056, 57.70513791217816, 40.97538558056538, 39.402606689583116, 33.23877744029827, 45.28204350239745, 49.60369953701101, 52.595415209159334, 50.68492760681534, 45.26412423129638, 50.01519281852227, 45.407390985934626, 44.62050849283547, 32.43798615167074, 48.57160044258036, 31.158129542541804, 57.20156009412311, 40.36694650609096, 39.991569238430706, 49.142416759463146, 48.07466836262317, 41.049676524623386, 39.858015804222944, 44.189487074615, 47.51450530808565, 54.067636154114304, 50.75571900837341, 53.64672456007648, 57.405826415075246, 46.01227919402193, 36.94924466248508, 50.30325352043625, 34.41174831673368, 45.180090717771336, 43.45220346162977, 42.98050771770275, 49.12590172610382, 58.241001883653645, 40.566921857432135, 44.05462971633583, 59.21045954183627, 53.20933359744, 45.96424599631667, 55.46478087502896, 46.456823886653346, 43.08642001639214, 54.04004177903645, 28.239546864333175, 48.76626652111758, 57.750688996059544, 48.61149203753314, 42.64550946765324, 45.40004572646585, 43.14079338174653, 44.09555422615471, 47.010980621410994, 52.64384942554751, 44.14666754283215, 56.466605785452465, 41.2209162660756, 49.25129384870841, 46.56681466845883, 41.53150084473512, 41.14226495117163, 50.88174638951044, 48.338780842884766, 52.89743487324322, 47.87853450190344, 41.66230261996356, 52.099054639705166, 38.467817531922265, 55.38717894116034, 40.23609434023192, 45.8560418532292, 48.92611124669952, 50.64041426527588, 48.51967274210548, 46.976097206782995, 54.49903996937077, 57.213397077584574, 42.83103138045956, 51.446861949159924, 47.50684474684988, 49.63171690072333, 40.19474296482132, 38.85126190179939, 58.2485339575856, 42.418802472809894, 63.17959622841831, 45.74760939110191, 40.063106123481724, 38.66734880969759, 55.937227839983876, 45.60067387278467, 47.72572069325238, 41.13046055532345, 50.51088140544206, 52.89147013322776, 58.43710649611736, 54.40593814034629, 51.509283503497684, 48.810728078077325, 47.020653912601, 46.73176870333031, 40.572689289895656, 52.63037028917185, 54.54735429288219, 48.88127126819414, 46.508949411228485, 49.90349265692121, 43.65865349518592, 42.42813539543525, 53.66863518023093, 56.53047240976917, 40.65116151594004, 45.176834445133935, 48.85598029729962, 46.84943388251057, 39.80623313076316, 46.087931917331126, 60.785020352375426, 41.10124799083293, 48.77542212066905]","[67.23333333333333, 52.46666666666667, 69.76666666666667, 71.66666666666667, 65.7, 64.9, 60.13333333333333, 74.93333333333334, 63.766666666666666, 71.4, 66.8, 67.76666666666667, 69.7, 70.03333333333333, 60.266666666666666, 78.36666666666666, 67.16666666666667, 59.3, 71.26666666666667, 73.3, 66.1, 77.93333333333334, 73.53333333333333, 70.3, 75.83333333333333, 65.0, 65.46666666666667, 68.6, 64.7, 58.266666666666666, 68.06666666666666, 54.0, 64.03333333333333, 65.53333333333333, 63.5, 72.86666666666666, 74.13333333333334, 55.166666666666664, 70.26666666666667, 79.43333333333334, 74.76666666666667, 71.9, 68.16666666666667, 70.26666666666667, 80.96666666666667, 77.43333333333334, 69.96666666666667, 71.7, 73.73333333333333, 70.56666666666666, 66.83333333333333, 69.36666666666666, 75.0, 76.06666666666666, 71.4, 87.26666666666667, 64.83333333333333, 74.76666666666667, 83.33333333333333, 71.56666666666666, 74.33333333333333, 67.46666666666667, 55.2, 79.3, 81.3, 72.6, 71.53333333333333, 80.76666666666667, 87.83333333333333, 67.7, 67.06666666666666, 57.266666666666666, 76.53333333333333, 78.43333333333334, 83.1, 78.06666666666666, 73.9, 83.1, 74.73333333333333, 73.4, 55.266666666666666, 75.46666666666667, 56.3, 89.9, 67.86666666666666, 60.46666666666667, 82.0, 76.13333333333334, 71.03333333333333, 68.13333333333334, 73.06666666666666, 77.8, 85.86666666666666, 76.2, 79.7, 87.16666666666667, 74.23333333333333, 60.3, 77.46666666666667, 60.43333333333333, 74.33333333333333, 77.86666666666666, 67.73333333333333, 79.7, 88.9, 68.76666666666667, 76.76666666666667, 87.9, 81.6, 74.23333333333333, 83.03333333333333, 73.33333333333333, 69.4, 80.36666666666666, 51.63333333333333, 79.9, 89.76666666666667, 78.36666666666666, 70.03333333333333, 72.53333333333333, 68.96666666666667, 71.4, 74.26666666666667, 83.33333333333333, 71.9, 85.43333333333334, 63.2, 78.46666666666667, 74.16666666666667, 66.66666666666667, 71.73333333333333, 78.8, 77.23333333333333, 83.16666666666667, 80.2, 69.06666666666666, 83.63333333333334, 66.86666666666666, 86.06666666666666, 70.06666666666666, 74.86666666666666, 77.9, 80.13333333333334, 79.63333333333334, 72.9, 85.43333333333334, 84.4, 69.26666666666667, 81.5, 79.1, 72.9, 65.33333333333333, 62.766666666666666, 90.4, 71.33333333333333, 93.6, 71.86666666666666, 68.53333333333333, 64.3, 86.2, 74.83333333333333, 78.4, 67.73333333333333, 81.03333333333333, 82.53333333333333, 89.0, 84.23333333333333, 79.73333333333333, 75.66666666666667, 73.1, 74.43333333333334, 67.86666666666666, 79.66666666666667, 84.66666666666667, 76.03333333333333, 73.86666666666666, 76.7, 70.7, 70.93333333333334, 87.8, 86.2, 69.03333333333333, 75.2, 75.46666666666667, 74.26666666666667, 62.266666666666666, 74.83333333333333, 92.53333333333333, 69.63333333333334, 76.7]","[6.781377, 7.971115, 8.401881, 9.670394, 10.083212, 22.563095, 22.944209, 23.406509, 24.614352, 25.051282, 31.113837, 31.539633, 32.095583, 32.532943, 32.908791, 43.798756, 45.059851, 45.425605, 45.866162, 46.324658, 58.046415, 58.520668, 59.863029, 60.300494, 60.770161, 69.870376, 70.281089, 70.709944, 71.109953, 71.47404, 86.201053, 100.932567, 119.353653, 136.008317, 154.692493, 176.814425, 194.357195, 211.142899, 227.703043, 244.60125, 266.384227, 282.38889, 299.230402, 316.804284, 335.451516, 359.06018, 377.35191, 398.901585, 416.5786, 435.360917, 455.418136, 472.678773, 491.554098, 511.85547, 533.058585, 555.318276, 574.890874, 594.737802, 612.811134, 632.074076, 654.145554, 671.819268, 689.855509, 707.935486, 726.703284, 750.440564, 785.68041, 832.933135, 858.048272, 895.068518, 934.018132, 969.543437, 1005.909557, 1042.329778, 1081.060009, 1120.523859, 1155.286605, 1191.342383, 1230.160189, 1265.480995, 1409.119266, 1409.123566, 1409.127308, 1411.044395, 1447.554929, 1488.228058, 1529.303689, 1566.318605, 1603.128751, 1640.209737, 1679.433712, 1717.558764, 1761.650706, 1802.771082, 1841.878854, 1885.16031, 1924.840199, 1964.999744, 2006.219879, 2044.510811, 2088.624858, 2149.29129, 2209.682598, 2267.135956, 2322.262892, 2380.013525, 2438.767561, 2503.372923, 2563.71074, 2622.303721, 2684.715591, 2744.224792, 2804.220386, 2863.948148, 2927.303157, 2991.539333, 3049.236407, 3106.748079, 3166.074009, 3226.264647, 3293.120084, 3358.794897, 3421.58055, 3484.186091, 3548.15308, 3611.360574, 3676.251411, 3736.672331, 3794.102407, 3855.261795, 3915.282734, 3972.413628, 4033.22318, 4093.307381, 4150.920814, 4216.039804, 4297.861778, 4376.98922, 4458.319422, 4535.236779, 4612.287627, 4688.193064, 4769.607697, 4850.630356, 4930.592264, 5017.227639, 5093.255311, 5167.570222, 5241.474911, 5314.563214, 5389.972241, 5464.227488, 5539.053599, 5619.453409, 5701.789929, 5787.590738, 5868.600598, 5949.595646, 6031.983, 6115.720183, 6199.663918, 6276.12922, 6349.696765, 6425.329277, 6501.825494, 6582.529592, 6660.013162, 6736.793978, 6814.220826, 6885.943412, 6960.66202, 7049.846244, 7139.176726, 7228.893821, 7323.178495, 7423.294651, 7516.4704, 7605.458003, 7692.99555, 7780.879923, 7870.45959, 7957.299271, 8046.357001, 8141.031032, 8227.606022, 9207.818378, 9285.532043, 9365.019907, 9445.295746, 9528.766703]","[0, 10, 20, 30, 40, 50, 60, 70, 80, 90, 100, 110, 120, 130, 140, 150, 160, 170, 180, 190, 200, 210, 220, 230, 240, 250, 260, 270, 280, 290, 300, 310, 320, 330, 340, 350, 360, 370, 380, 390, 400, 410, 420, 430, 440, 450, 460, 470, 480, 490, 500, 510, 520, 530, 540, 550, 560, 570, 580, 590, 600, 610, 620, 630, 640, 650, 660, 670, 680, 690, 700, 710, 720, 730, 740, 750, 760, 770, 780, 790, 800, 810, 820, 830, 840, 850, 860, 870, 880, 890, 900, 910, 920, 930, 940, 950, 960, 970, 980, 990, 1000, 1010, 1020, 1030, 1040, 1050, 1060, 1070, 1080, 1090, 1100, 1110, 1120, 1130, 1140, 1150, 1160, 1170, 1180, 1190, 1200, 1210, 1220, 1230, 1240, 1250, 1260, 1270, 1280, 1290, 1300, 1310, 1320, 1330, 1340, 1350, 1360, 1370, 1380, 1390, 1400, 1410, 1420, 1430, 1440, 1450, 1460, 1470, 1480, 1490, 1500, 1510, 1520, 1530, 1540, 1550, 1560, 1570, 1580, 1590, 1600, 1610, 1620, 1630, 1640, 1650, 1660, 1670, 1680, 1690, 1700, 1710, 1720, 1730, 1740, 1750, 1760, 1770, 1780, 1790, 1800, 1810, 1820, 1830, 1840, 1850, 1860, 1870, 1880, 1890]","[3, 14, 25, 36, 47, 60, 71, 82, 93, 104, 117, 128, 139, 150, 161, 174, 185, 196, 207, 218, 231, 242, 253, 264, 275, 288, 299, 310, 321, 332, 366, 577, 788, 999, 1210, 1423, 1634, 1845, 2056, 2267, 2480, 2692, 2903, 3114, 3325, 3538, 3749, 3960, 4171, 4382, 4595, 4807, 5018, 5229, 5440, 5653, 5864, 6075, 6286, 6497, 6710, 6922, 7133, 7344, 7555, 7788, 8199, 8610, 9021, 9432, 9845, 10257, 10668, 11079, 11490, 11903, 12314, 12725, 13136, 13547, 13960, 14372, 14783, 15194, 15605, 16018, 16429, 16840, 17251, 17662, 18075, 18487, 18898, 19309, 19720, 20133, 20544, 20955, 21366, 21777, 22210, 22822, 23433, 24044, 24655, 25268, 25879, 26490, 27101, 27712, 28325, 28937, 29548, 30159, 30770, 31383, 31994, 32605, 33216, 33827, 34440, 35052, 35663, 36274, 36885, 37498, 38109, 38720, 39331, 39942, 40555, 41167, 41778, 42389, 43000, 43633, 44444, 45255, 46066, 46877, 47690, 48501, 49313, 50124, 50935, 51748, 52559, 53370, 54181, 54992, 55805, 56616, 57428, 58239, 59050, 59863, 60674, 61485, 62296, 63107, 63920, 64731, 65543, 66354, 67165, 67978, 68789, 69600, 70411, 71222, 72055, 73066, 74078, 75089, 76100, 77113, 78124, 79135, 80146, 81157, 82170, 83181, 84193, 85204, 86215, 87228, 88239, 89250, 90261, 91272]","[256, 128]"
hw2q9hfa,peach-oath-487,TD3BC_JS_Online,l2f_bc,killed,https://wandb.ai/korneelvandenberghe/l2f_bc/runs/hw2q9hfa,2025-03-10T21:19:13Z,51.60217775867151,77.96666666666667,2.0,interval,"[48.76116590492695, 34.666897614753495, 44.48308617205336, 40.34685242161767, 45.60276097732079, 40.058871498719355, 36.232461650368215, 35.223094662829546, 43.6765368972094, 39.065152044069734, 47.87183036529502, 39.787631304893004, 47.07651871149548, 47.931652491716974, 40.96900863425381, 43.53284067233723, 41.79397003357075, 46.10751211025056, 42.97520972305617, 40.44479227019834, 44.36786708343611, 39.45310435425986, 36.17822186444951, 42.610879390695416, 37.87685654810088, 44.017765466213696, 37.78690038708339, 39.405241757257144, 44.83778731659748, 38.13913223754825, 43.40058646573586, 43.72785239256389, 43.543422813421444, 45.17008363244915, 32.56315123899864, 47.49018201303988, 52.920997165004195, 53.41995517776487, 42.01653708860748, 41.84970619957605, 51.50758941329738, 49.14856034527863, 45.54771318408023, 48.48475231674448, 42.99598604288729, 37.27870566750564, 45.89081535425366, 46.827084958941356, 44.46011878219683, 33.30786233404257, 42.98245555340629, 38.59575275472743, 42.910362533748945, 34.93200842173626, 44.273225825200434, 46.96720720461361, 40.46325835278862, 56.44083092143223, 51.60217775867151]","[77.73333333333333, 57.46666666666667, 70.86666666666666, 62.46666666666667, 72.6, 66.0, 58.4, 58.266666666666666, 69.1, 62.96666666666667, 71.5, 61.53333333333333, 71.93333333333334, 75.1, 63.266666666666666, 72.8, 64.63333333333334, 68.4, 68.83333333333333, 62.1, 71.96666666666667, 64.16666666666667, 58.06666666666667, 65.93333333333334, 60.3, 70.73333333333333, 59.06666666666667, 65.4, 68.23333333333333, 60.96666666666667, 69.16666666666667, 68.1, 68.26666666666667, 73.83333333333333, 55.6, 76.06666666666666, 79.3, 80.13333333333334, 65.96666666666667, 67.53333333333333, 74.83333333333333, 74.56666666666666, 66.2, 72.73333333333333, 64.7, 64.53333333333333, 73.8, 71.76666666666667, 69.33333333333333, 58.833333333333336, 64.73333333333333, 60.8, 68.9, 56.0, 72.03333333333333, 74.86666666666666, 66.23333333333333, 81.16666666666667, 77.96666666666667]","[57.684399, 59.162391, 59.602478, 60.266306, 60.715504, 91.580141, 91.954835, 92.355828, 93.25772, 93.645422, 144.099851, 144.482716, 144.930316, 145.54057, 145.958732, 217.897142, 218.307673, 218.765335, 219.223087, 219.609121, 335.28187, 335.684115, 336.073341, 336.481071, 336.851145, 360.977128, 361.350416, 361.765172, 362.187367, 362.566656, 546.121513, 562.138606, 579.055467, 595.655259, 613.4407, 668.379385, 685.959287, 1614.112748, 1643.02689, 2652.236018, 3604.872003, 3633.385197, 4637.640331, 4707.417316, 4736.404225, 4807.754748, 4836.99614, 5409.950283, 5438.84596, 5729.012598, 5760.327272, 6826.039546, 6854.855669, 6883.429375, 7580.539607, 8144.331812, 8160.896056, 8178.990371, 8199.257141]","[0, 10, 20, 30, 40, 50, 60, 70, 80, 90, 100, 110, 120, 130, 140, 150, 160, 170, 180, 190, 200, 210, 220, 230, 240, 250, 260, 270, 280, 290, 300, 310, 320, 330, 340, 350, 360, 370, 380, 390, 400, 410, 420, 430, 440, 450, 460, 470, 480, 490, 500, 510, 520, 530, 540, 550, 560, 570, 580]","[3, 14, 25, 36, 47, 60, 71, 82, 93, 104, 117, 128, 139, 150, 161, 174, 185, 196, 207, 218, 231, 242, 253, 264, 275, 288, 299, 310, 321, 332, 366, 577, 788, 999, 1210, 1423, 1634, 1845, 2056, 2267, 2480, 2692, 2903, 3114, 3325, 3538, 3749, 3960, 4171, 4382, 4595, 4807, 5018, 5229, 5440, 5653, 5864, 6075, 6286]","[256, 128]"
l1c56cz0,toasty-disco-488,TD3BC_JS_Online,l2f_bc,killed,https://wandb.ai/korneelvandenberghe/l2f_bc/runs/l1c56cz0,2025-03-10T23:36:15Z,45.38488759331868,74.4,2.0,fixed,"[40.827018529134854, 42.38080712786227, 38.67024954333749, 34.56718650349125, 52.81899031335652, 38.086416897513686, 46.23588587668919, 30.354216710462698, 46.34089087965484, 41.526728096708894, 44.89196057122161, 37.381922068998406, 44.21859769899231, 44.762331774360014, 48.69728733776537, 37.195176595030496, 40.00559832860719, 43.3865702814015, 42.64401571482188, 42.19184492459879, 33.7459815992711, 38.982103718715805, 38.98418514653637, 44.36748255446434, 52.69247839011573, 41.665810689405276, 42.30754487664697, 44.61374082752615, 41.3230514615759, 50.699391554658405, 36.654684912042654, 49.636222409326216, 51.54667994515892, 48.7623136113338, 38.29966539361461, 51.45379452259554, 50.281905534652495, 47.35532082059124, 45.08646551668987, 33.55990183139045, 46.83769602446234, 44.48604373484944, 38.283214529066, 40.853451628985205, 54.90983902536604, 40.6133527924525, 39.945116129692934, 41.596856170556855, 55.846814688361185, 53.040964666392874, 40.18880050075341, 43.478577249212705, 40.274291682647785, 35.830019461412114, 38.348991855784696, 54.068016297977074, 55.304566846679265, 42.98910165493289, 50.036181068889185, 52.26018774392733, 44.05816775297314, 46.9335549912404, 48.7201699444638, 55.11423071551688, 63.47313584568895, 39.70710780590992, 47.939201613845334, 43.48627706772672, 56.634274900274846, 44.85131572752859, 51.97161254168551, 50.098601102089226, 46.776546389126345, 43.77190702490585, 43.87380414272054, 52.40377740919994, 49.62746709812708, 47.05828115518082, 49.51292635455017, 45.38488759331868]","[66.66666666666667, 68.73333333333333, 60.93333333333333, 60.43333333333333, 81.66666666666667, 62.8, 73.9, 51.733333333333334, 71.76666666666667, 66.33333333333333, 70.66666666666667, 62.8, 73.63333333333334, 70.66666666666667, 71.26666666666667, 61.766666666666666, 65.13333333333334, 67.46666666666667, 72.16666666666667, 67.06666666666666, 60.03333333333333, 63.96666666666667, 69.03333333333333, 67.76666666666667, 82.0, 68.46666666666667, 70.76666666666667, 68.5, 65.96666666666667, 77.8, 64.06666666666666, 79.83333333333333, 77.2, 71.86666666666666, 63.1, 78.8, 75.86666666666666, 74.33333333333333, 71.4, 55.666666666666664, 74.93333333333334, 73.56666666666666, 65.9, 65.7, 83.36666666666666, 64.6, 65.23333333333333, 69.7, 82.23333333333333, 83.13333333333334, 64.76666666666667, 68.6, 64.93333333333334, 60.56666666666667, 65.7, 81.46666666666667, 83.33333333333333, 71.33333333333333, 78.1, 77.9, 71.36666666666666, 78.2, 77.1, 87.26666666666667, 92.63333333333334, 66.0, 73.1, 69.43333333333334, 82.56666666666666, 71.33333333333333, 83.26666666666667, 79.03333333333333, 76.43333333333334, 71.5, 71.26666666666667, 80.36666666666666, 75.83333333333333, 72.93333333333334, 79.06666666666666, 74.4]","[10.807617, 12.137182, 13.438101, 13.821729, 14.328394, 20.625581, 21.121975, 21.457935, 21.952573, 22.393658, 28.853596, 29.284529, 29.781997, 30.216977, 30.65418, 35.793136, 36.204502, 36.627671, 37.08666, 37.50914, 43.096299, 43.529198, 43.991473, 44.406557, 44.98956, 49.077051, 49.549466, 50.0011, 50.41954, 50.912929, 61.119959, 77.047256, 93.409969, 115.624748, 135.737792, 157.228081, 175.31733, 193.562915, 212.218834, 230.175253, 251.40586, 269.972837, 287.749531, 305.00461, 323.540717, 346.897129, 365.425476, 383.274918, 400.45461, 418.797264, 437.678706, 454.128708, 470.907893, 487.901204, 504.874357, 523.573209, 540.323875, 557.283722, 573.894643, 591.382175, 610.551731, 627.095189, 643.646323, 660.894798, 678.175079, 700.895728, 734.204182, 768.802241, 802.678918, 836.363472, 874.404107, 907.337108, 942.578704, 979.062483, 1014.167065, 1051.918202, 1086.901698, 1123.279652, 1161.144321, 1198.477903]","[0, 10, 20, 30, 40, 50, 60, 70, 80, 90, 100, 110, 120, 130, 140, 150, 160, 170, 180, 190, 200, 210, 220, 230, 240, 250, 260, 270, 280, 290, 300, 310, 320, 330, 340, 350, 360, 370, 380, 390, 400, 410, 420, 430, 440, 450, 460, 470, 480, 490, 500, 510, 520, 530, 540, 550, 560, 570, 580, 590, 600, 610, 620, 630, 640, 650, 660, 670, 680, 690, 700, 710, 720, 730, 740, 750, 760, 770, 780, 790]","[3, 14, 25, 36, 47, 60, 71, 82, 93, 104, 117, 128, 139, 150, 161, 174, 185, 196, 207, 218, 231, 242, 253, 264, 275, 288, 299, 310, 321, 332, 360, 521, 682, 843, 1004, 1167, 1328, 1489, 1650, 1811, 1974, 2135, 2296, 2457, 2618, 2781, 2942, 3103, 3264, 3425, 3588, 3749, 3910, 4071, 4232, 4395, 4556, 4717, 4878, 5039, 5202, 5363, 5524, 5685, 5846, 6024, 6335, 6646, 6957, 7268, 7581, 7892, 8203, 8514, 8825, 9138, 9449, 9760, 10071, 10382]","[256, 128]"
4mxcrrgf,fanciful-snowball-489,TD3BC_JS_Online,l2f_bc,killed,https://wandb.ai/korneelvandenberghe/l2f_bc/runs/4mxcrrgf,2025-03-10T23:57:01Z,28.97745045033335,52.13333333333333,2.0,fixed,"[38.23613520557331, 41.19607594451064, 45.4356360473354, 36.72333611299446, 28.977450450333354]","[63.03333333333333, 67.8, 73.13333333333334, 65.83333333333333, 52.13333333333333]","[9.501713, 10.854516, 12.307731, 13.646262, 14.000788]","[0, 10, 20, 30, 40]","[3, 14, 25, 36, 47]","[256, 128]"
pz81g1ki,robust-pyramid-490,TD3BC_JS_Online,l2f_bc,killed,https://wandb.ai/korneelvandenberghe/l2f_bc/runs/pz81g1ki,2025-03-10T23:57:24Z,198.64070782065457,239.96666666666667,2.0,fixed,"[41.050452293592755, 37.647400432414344, 47.46166046974184, 44.713801231394925, 40.87912615715686, 42.85561537538372, 39.51095280831245, 42.67833855912829, 41.98592725990195, 35.810360326729274, 46.44289111086525, 39.98541999641309, 51.60030594568892, 40.28358371478699, 45.623937669196124, 38.34875798557145, 34.89845676971017, 31.57627730532985, 46.89737516185563, 40.895885927240194, 39.64223317874477, 51.44656142747014, 48.373928676510985, 47.49903829054024, 42.784933387859205, 42.214876694795876, 46.33007792575382, 39.12862613280807, 54.42830269415027, 38.8066578134022, 39.60273403047113, 42.91758177421548, 32.629293549377685, 39.5947853955096, 37.683628326862916, 48.820835640276606, 67.89179207562421, 71.14747945304428, 112.93049565650661, 60.63099974124349, 143.97295907734875, 203.1734247672061, 199.42242092669633, 116.8646497866196, 129.41180726740447, 242.93283664011238, 141.80743325480094, 206.27479442178992, 201.96363849027753, 165.27759956455205, 251.73538255147818, 333.2089084572254, 233.93605236745512, 175.30783661722893, 447.83795576404384, 222.612770422789, 290.36752232583746, 342.45637699248124, 158.9741286641953, 236.11751014451656, 215.66962600306186, 217.0567783465, 111.91639761136406, 156.19509671389923, 105.83064051500796, 90.93310717242143, 240.34585401351003, 372.6907042134213, 217.39947168483914, 175.46380460000913, 108.20133565956033, 161.73343024230138, 437.89351672719084, 365.5364862349915, 278.98799635010334, 491.9809692822533, 315.6518204609008, 324.2152782969255, 396.9180187015876, 443.1943721494204, 321.7684231336082, 377.7352242287639, 285.09009865021585, 241.31896994927126, 370.26702391080744, 211.17002121068586, 194.56029296475668, 228.14043979739714, 187.51549236658872, 396.5270606141809, 279.3660155130222, 364.8981070284985, 264.7368693310703, 253.20074389228932, 426.20334170329625, 282.39851208898847, 346.9876082966902, 415.1063574411876, 198.64070782065457]","[67.86666666666666, 61.233333333333334, 74.66666666666667, 70.2, 64.93333333333334, 67.43333333333334, 63.53333333333333, 66.86666666666666, 67.36666666666666, 62.46666666666667, 75.5, 62.7, 74.03333333333333, 66.8, 70.8, 60.86666666666667, 58.8, 55.333333333333336, 74.33333333333333, 64.26666666666667, 64.6, 76.06666666666666, 73.86666666666666, 71.43333333333334, 59.56666666666667, 66.1, 68.76666666666667, 63.13333333333333, 81.63333333333334, 60.1, 66.96666666666667, 72.43333333333334, 55.7, 60.36666666666667, 61.8, 73.96666666666667, 100.63333333333334, 104.33333333333333, 149.16666666666666, 88.76666666666667, 184.36666666666667, 246.56666666666666, 241.56666666666666, 148.76666666666668, 166.76666666666668, 295.56666666666666, 178.5, 250.93333333333334, 245.46666666666667, 209.73333333333332, 303.93333333333334, 394.06666666666666, 279.43333333333334, 216.83333333333334, 528.8666666666667, 267.96666666666664, 350.1666666666667, 406.76666666666665, 198.2, 283.73333333333335, 262.6333333333333, 267.03333333333336, 145.1, 198.46666666666667, 136.53333333333333, 121.13333333333334, 292.9, 439.4, 263.43333333333334, 218.43333333333334, 141.2, 203.03333333333333, 510.06666666666666, 425.8666666666667, 336.6666666666667, 579.2666666666667, 378.46666666666664, 392.1666666666667, 463.4, 519.3, 377.3333333333333, 446.23333333333335, 344.1, 287.6333333333333, 438.8, 256.76666666666665, 240.63333333333333, 277.1333333333333, 229.46666666666667, 470.46666666666664, 338.7, 433.53333333333336, 317.3666666666667, 306.3, 493.76666666666665, 340.43333333333334, 414.73333333333335, 490.5, 239.96666666666667]","[4.569824, 6.034875, 6.506871, 7.821668, 8.233268, 11.012504, 11.419604, 11.930986, 12.363559, 12.769475, 14.974265, 15.466012, 15.922786, 17.234749, 17.672821, 19.774809, 20.168351, 20.511554, 21.080246, 21.481515, 24.067813, 24.53833, 24.993073, 25.428487, 25.798968, 27.845844, 28.275956, 28.665691, 29.158212, 30.432362, 32.442985, 32.921819, 33.292116, 33.676814, 34.058045, 39.594027, 53.850499, 71.629384, 88.634801, 106.163562, 125.455231, 143.871303, 162.440591, 406.550042, 423.031944, 443.08796, 463.559483, 482.147481, 500.749027, 518.840703, 538.966176, 558.767325, 577.811505, 595.819939, 615.282728, 637.553109, 659.386765, 679.552083, 697.107056, 716.790514, 737.571832, 756.309912, 773.988, 792.347001, 811.087591, 831.346844, 850.021233, 869.433769, 888.72605, 907.63104, 929.470573, 947.903234, 968.37536, 988.935055, 1009.537446, 1034.789208, 1077.483952, 1118.50189, 1157.069349, 1201.862092, 1243.408567, 1281.753253, 1319.957575, 1357.093961, 1396.895435, 1436.696863, 1476.805597, 1514.311422, 1553.150476, 1592.57905, 1634.107379, 1675.238255, 1714.056149, 1752.923618, 1793.096122, 1833.615216, 1872.831648, 1913.053409, 1950.27181]","[0, 10, 20, 30, 40, 50, 60, 70, 80, 90, 100, 110, 120, 130, 140, 150, 160, 170, 180, 190, 200, 210, 220, 230, 240, 250, 260, 270, 280, 290, 300, 310, 320, 330, 340, 350, 360, 370, 380, 390, 400, 410, 420, 430, 440, 450, 460, 470, 480, 490, 500, 510, 520, 530, 540, 550, 560, 570, 580, 590, 600, 610, 620, 630, 640, 650, 660, 670, 680, 690, 700, 710, 720, 730, 740, 750, 760, 770, 780, 790, 800, 810, 820, 830, 840, 850, 860, 870, 880, 890, 900, 910, 920, 930, 940, 950, 960, 970, 980]","[4, 15, 26, 37, 48, 62, 73, 84, 95, 106, 120, 131, 142, 153, 164, 178, 189, 200, 211, 222, 236, 247, 258, 269, 280, 294, 305, 316, 327, 338, 352, 363, 374, 385, 396, 425, 586, 747, 908, 1069, 1233, 1394, 1555, 1716, 1877, 2041, 2202, 2363, 2524, 2685, 2849, 3010, 3171, 3332, 3493, 3657, 3818, 3979, 4140, 4301, 4465, 4626, 4787, 4948, 5109, 5273, 5434, 5595, 5756, 5917, 6081, 6242, 6403, 6564, 6725, 6904, 7215, 7526, 7837, 8148, 8462, 8773, 9084, 9395, 9706, 10020, 10331, 10642, 10953, 11264, 11578, 11889, 12200, 12511, 12822, 13136, 13447, 13758, 14069]","[256, 128]"
p6pfb1df,comic-rain-491,TD3BC_JS_Online,l2f_bc,killed,https://wandb.ai/korneelvandenberghe/l2f_bc/runs/p6pfb1df,2025-03-11T00:31:23Z,131.50362274187475,170.83333333333334,2.0,adaptive,"[47.18569013106319, 42.63370346793488, 44.217250287585436, 47.12610521315355, 38.88751109322378, 38.020963858958105, 35.524924673310345, 38.94153688650781, 38.35271709782295, 39.436643992950124, 41.88912038783984, 37.79790869352179, 43.26232513922193, 43.005885420482215, 46.86895347013187, 52.59686702736359, 45.97253086478987, 37.86049728482104, 49.536322495335995, 38.6746577628387, 46.9683696572799, 39.64652769259145, 53.175069102111465, 50.44489522612539, 42.79348448573477, 44.044961532318695, 42.634059363530696, 36.819751678123524, 38.2372567512606, 39.36962661117984, 34.38768598438354, 35.3498044701731, 46.209396537693195, 40.42507515250398, 42.91278466667422, 46.698561324397794, 91.78748178313035, 80.45905675471786, 83.89244762840286, 104.50370768580343, 92.22453390363138, 144.32164422306397, 71.71313025219236, 107.49982480500768, 95.65047706825347, 163.85683970436327, 123.78975603759655, 119.61500474863371, 109.22356443561544, 139.853156087016, 85.81117952164324, 102.40681584631943, 120.98958962065132, 137.2722662706151, 86.37428332229852, 118.22567928917759, 126.47305030696867, 99.63994476435187, 129.45557424207666, 92.87988056085186, 86.56900701377491, 133.09025019863228, 149.4311619062219, 117.35171631916477, 112.74595484761653, 116.62919441703933, 110.95213353092957, 77.87219440101609, 123.15439199679571, 133.0513251188809, 105.14049141334017, 161.1853397004297, 132.1910605630237, 99.19088803003952, 150.22455841830433, 101.35273485101771, 111.17786640328595, 177.1183704029834, 93.00148952125349, 105.04574721973357, 127.66358907562213, 112.88163059244053, 209.4110690055945, 141.51536419724607, 94.20487876099101, 104.0111956110674, 83.96451767514132, 154.55853008727595, 73.97495576525371, 134.84344689758808, 139.62519792490835, 114.02324426696715, 115.43397092016447, 134.08531445538287, 97.82739345756997, 105.3541809840288, 113.7052773897661, 88.49696137648024, 123.75408181429142, 121.37332858955436, 103.2358654906369, 91.4064133322075, 101.51619635993721, 127.54004745022985, 131.50362274187475]","[74.8, 70.23333333333333, 71.0, 76.6, 63.36666666666667, 59.733333333333334, 58.7, 68.53333333333333, 65.1, 65.6, 65.76666666666667, 63.36666666666667, 69.46666666666667, 70.9, 70.3, 79.3, 69.56666666666666, 62.4, 83.7, 64.96666666666667, 71.6, 67.4, 78.56666666666666, 78.36666666666666, 68.13333333333334, 69.23333333333333, 68.06666666666666, 61.13333333333333, 65.73333333333333, 65.46666666666667, 60.63333333333333, 59.06666666666667, 71.93333333333334, 63.1, 67.63333333333334, 73.9, 124.6, 110.23333333333333, 117.46666666666667, 140.1, 122.7, 183.5, 98.76666666666667, 146.33333333333334, 129.9, 206.1, 164.96666666666667, 151.73333333333332, 144.46666666666667, 184.4, 113.73333333333333, 134.6, 157.76666666666668, 177.73333333333332, 117.86666666666666, 153.23333333333332, 162.96666666666667, 131.13333333333333, 167.7, 126.76666666666667, 118.0, 168.9, 184.93333333333334, 147.63333333333333, 147.2, 151.3, 141.8, 105.2, 157.76666666666668, 170.0, 139.26666666666668, 202.53333333333333, 170.4, 131.93333333333334, 188.4, 132.03333333333333, 146.63333333333333, 224.03333333333333, 125.96666666666667, 134.33333333333334, 162.9, 146.66666666666666, 258.3, 179.36666666666667, 127.36666666666666, 135.76666666666668, 113.46666666666667, 196.86666666666667, 102.6, 170.56666666666666, 179.06666666666666, 144.26666666666668, 151.23333333333332, 168.93333333333334, 127.36666666666666, 138.03333333333333, 148.76666666666668, 116.93333333333334, 159.96666666666667, 155.63333333333333, 136.9, 121.86666666666666, 136.43333333333334, 164.43333333333334, 170.83333333333334]","[5.003391, 6.508118, 6.962937, 7.446008, 7.85547, 10.031747, 10.40885, 10.860557, 11.361066, 11.787982, 14.728201, 15.218164, 15.657692, 16.106482, 16.564896, 19.019018, 20.422943, 20.922432, 21.45646, 21.879419, 25.628837, 26.056428, 26.549086, 28.105345, 28.540863, 31.639713, 32.071377, 32.470345, 32.904589, 33.319989, 36.038233, 36.420968, 36.877355, 37.277872, 37.708918, 42.767511, 58.261937, 76.290173, 94.337209, 112.344944, 134.069962, 223.878206, 241.201915, 258.407327, 276.610133, 296.887191, 315.140894, 332.766199, 349.954929, 367.438644, 386.073613, 403.517822, 421.483396, 438.871958, 457.627681, 478.030863, 496.278105, 515.987719, 534.918058, 553.395853, 573.813239, 592.957224, 612.454716, 631.376971, 650.732549, 671.816483, 690.766959, 713.03693, 734.211253, 753.453569, 776.487312, 814.242111, 852.710625, 893.162197, 938.995469, 983.993936, 1022.115219, 1066.957446, 1104.709394, 1143.177359, 1183.628917, 1228.644687, 1271.504511, 1311.542277, 1353.630696, 1396.660209, 1437.365848, 1477.870722, 1518.637236, 1558.795148, 1600.585705, 1642.106184, 1681.213165, 1726.601985, 1773.125586, 1815.441534, 1854.346786, 1897.211527, 1941.384481, 1985.225514, 2028.826318, 2069.122889, 2109.761648, 2153.724573, 2193.988837]","[0, 10, 20, 30, 40, 50, 60, 70, 80, 90, 100, 110, 120, 130, 140, 150, 160, 170, 180, 190, 200, 210, 220, 230, 240, 250, 260, 270, 280, 290, 300, 310, 320, 330, 340, 350, 360, 370, 380, 390, 400, 410, 420, 430, 440, 450, 460, 470, 480, 490, 500, 510, 520, 530, 540, 550, 560, 570, 580, 590, 600, 610, 620, 630, 640, 650, 660, 670, 680, 690, 700, 710, 720, 730, 740, 750, 760, 770, 780, 790, 800, 810, 820, 830, 840, 850, 860, 870, 880, 890, 900, 910, 920, 930, 940, 950, 960, 970, 980, 990, 1000, 1010, 1020, 1030, 1040]","[4, 15, 26, 37, 48, 62, 73, 84, 95, 106, 120, 131, 142, 153, 164, 178, 189, 200, 211, 222, 236, 247, 258, 269, 280, 294, 305, 316, 327, 338, 352, 363, 374, 385, 396, 431, 642, 853, 1064, 1275, 1489, 1700, 1911, 2122, 2333, 2547, 2759, 2970, 3181, 3392, 3606, 3817, 4028, 4239, 4450, 4664, 4876, 5087, 5298, 5509, 5723, 5934, 6145, 6356, 6567, 6781, 6993, 7204, 7415, 7626, 7860, 8271, 8682, 9093, 9504, 9918, 10330, 10741, 11152, 11563, 11977, 12388, 12799, 13210, 13621, 14035, 14447, 14858, 15269, 15680, 16094, 16505, 16916, 17327, 17738, 18152, 18564, 18975, 19386, 19797, 20211, 20622, 21033, 21444, 21855]","[256, 128]"
wo3u50xf,generous-dust-492,TD3BC_JS_Online,l2f_bc,crashed,https://wandb.ai/korneelvandenberghe/l2f_bc/runs/wo3u50xf,2025-03-11T01:08:34Z,47.49361101468715,71.56666666666666,2.0,adaptive,"[47.990003036603156, 33.48064517488597, 35.91548074111846, 44.52762590518879, 39.720694665002796, 44.40120792966971, 41.37796290002792, 38.92188600420903, 37.057230657048514, 42.520208186640524, 39.03204280392652, 41.55644930133885, 47.283392698181935, 42.30796365694148, 42.34981868975204, 35.14996391277381, 33.14561771941358, 44.35060220321632, 53.7172368691552, 36.17139315286128, 34.04922425440848, 34.40102749711157, 39.76698835867409, 36.672523279551655, 47.02948364426537, 39.11884592952445, 43.7608478051475, 40.42714544953746, 35.567371818923995, 46.43576016926093, 51.18733437874152, 46.41796310760382, 47.78856948967569, 44.36594389360008, 47.49361101468715]","[77.83333333333333, 61.3, 61.4, 68.7, 65.13333333333334, 70.3, 62.46666666666667, 63.6, 62.03333333333333, 69.43333333333334, 64.3, 70.06666666666666, 73.46666666666667, 66.23333333333333, 67.13333333333334, 60.53333333333333, 60.733333333333334, 71.83333333333333, 82.7, 62.0, 58.93333333333333, 61.03333333333333, 68.23333333333333, 58.5, 75.3, 64.96666666666667, 69.0, 66.06666666666666, 63.46666666666667, 66.9, 79.53333333333333, 72.06666666666666, 77.2, 75.0, 71.56666666666666]","[6.08108, 8.542015, 9.234709, 9.928227, 10.580987, 13.820904, 14.461948, 15.097394, 15.728353, 16.42029, 19.786779, 20.497669, 21.239698, 21.909988, 22.626818, 27.355199, 27.973157, 28.690947, 29.512516, 30.970758, 33.529384, 34.15198, 34.936795000000004, 35.520987, 36.26709, 39.216215, 39.907028, 40.565799, 41.202659, 41.873275, 45.935473, 46.656972, 47.419248, 48.162278, 48.872601]","[0, 10, 20, 30, 40, 50, 60, 70, 80, 90, 100, 110, 120, 130, 140, 150, 160, 170, 180, 190, 200, 210, 220, 230, 240, 250, 260, 270, 280, 290, 300, 310, 320, 330, 340]","[4, 15, 26, 37, 48, 62, 73, 84, 95, 106, 120, 131, 142, 153, 164, 178, 189, 200, 211, 222, 236, 247, 258, 269, 280, 294, 305, 316, 327, 338, 352, 363, 374, 385, 396]","[256, 128]"
rfcqb74e,worldly-music-493,TD3BC_JS_Online,l2f_bc,crashed,https://wandb.ai/korneelvandenberghe/l2f_bc/runs/rfcqb74e,2025-03-11T01:10:34Z,111.24822700510124,168.9,2.0,adaptive,"[39.14647611847287, 48.0129863907902, 43.70984812679623, 36.794515554252854, 45.19522388005475, 42.40991271210399, 37.255422419389696, 43.10995245646593, 29.17478168922093, 43.844253618651486, 41.844506395715804, 40.58570558775045, 37.60499864513303, 39.30835892645444, 47.605348439929934, 48.20299442712244, 47.49743499265678, 38.87846579302562, 49.67451968634379, 38.09294425216384, 40.511018197733485, 50.1785030590629, 41.45851327977941, 39.58751259390218, 48.92769125530678, 45.78880526461803, 52.796226965971215, 47.571099286408995, 36.50982325160653, 35.44696695542351, 41.423956248269455, 41.02114831846239, 38.30617143977501, 39.65954710164132, 40.34934180402021, 44.25585895183277, 59.763061575800066, 102.77509530159188, 83.86054508610113, 189.4094773194997, 210.9031266762499, 181.23858755070262, 83.4934569631338, 81.68929087423086, 62.58948635871754, 111.24822700510124]","[61.166666666666664, 71.26666666666667, 69.4, 60.53333333333333, 65.56666666666666, 67.9, 60.0, 72.36666666666666, 51.5, 68.46666666666667, 63.3, 69.13333333333334, 65.8, 62.0, 75.36666666666666, 72.6, 77.73333333333333, 63.8, 75.83333333333333, 59.766666666666666, 68.93333333333334, 75.13333333333334, 67.13333333333334, 62.5, 75.56666666666666, 75.16666666666667, 75.73333333333333, 69.0, 60.86666666666667, 59.233333333333334, 70.86666666666666, 61.766666666666666, 65.46666666666667, 65.93333333333334, 64.26666666666667, 70.3, 94.1, 144.86666666666667, 115.43333333333334, 267.2, 300.46666666666664, 247.6, 114.06666666666666, 115.36666666666666, 93.56666666666666, 168.9]","[6.108685, 8.712924, 10.306543, 10.919618, 11.590839, 15.396767, 16.01446, 16.748106, 17.274295, 17.962075, 21.198618, 21.903335, 22.62781, 23.28132, 24.044698, 28.27077, 29.871529, 30.516115, 31.282705, 32.694579, 36.062548, 36.931757, 38.434898, 39.073555, 39.838909, 42.917384, 43.679299, 45.231555, 45.852889, 46.462269, 50.310925, 50.939191, 51.604248, 52.272001, 52.932472, 100.845996, 116.569894, 136.241248, 156.113147, 176.923299, 201.859073, 222.71533, 241.756326, 261.42238, 280.997357, 305.59416]","[0, 10, 20, 30, 40, 50, 60, 70, 80, 90, 100, 110, 120, 130, 140, 150, 160, 170, 180, 190, 200, 210, 220, 230, 240, 250, 260, 270, 280, 290, 300, 310, 320, 330, 340, 350, 360, 370, 380, 390, 400, 410, 420, 430, 440, 450]","[4, 15, 26, 37, 48, 62, 73, 84, 95, 106, 120, 131, 142, 153, 164, 178, 189, 200, 211, 222, 236, 247, 258, 269, 280, 294, 305, 316, 327, 338, 352, 363, 374, 385, 396, 431, 642, 853, 1064, 1275, 1489, 1700, 1911, 2122, 2333, 2547]","[256, 128]"
8kncb58a,genial-spaceship-494,TD3BC_JS_Online,l2f_bc,crashed,https://wandb.ai/korneelvandenberghe/l2f_bc/runs/8kncb58a,2025-03-11T01:17:18Z,125.72154493223526,178.13333333333333,2.0,adaptive,"[53.73140261253841, 46.439115639454016, 46.35976353535148, 31.488001164276117, 43.71570536441923, 48.813766459391715, 39.00458277639545, 53.017623252015746, 50.03935683358543, 51.989721989415415, 52.082718163740395, 45.506551835091685, 34.73167322124432, 44.800653179937406, 49.406535555266814, 47.00615026939905, 55.048248492394244, 39.691416173555545, 45.48638543366981, 47.00062001290488, 42.52296117761935, 40.66909274528897, 36.52348755316911, 42.56738831027628, 44.48570406252232, 50.81689459806577, 39.576600129570785, 39.737215826533436, 40.90210912087625, 47.19805120091199, 41.568906446998184, 72.7103287440013, 119.86927392569982, 101.58165297272461, 113.66473713732168, 76.42336554726762, 138.590906198331, 160.50235106828777, 148.83852341164547, 58.8679266839969, 125.72154493223526]","[80.53333333333333, 67.93333333333334, 73.7, 57.7, 68.76666666666667, 74.66666666666667, 63.56666666666667, 80.73333333333333, 77.53333333333333, 78.03333333333333, 78.53333333333333, 70.4, 58.43333333333333, 71.56666666666666, 73.93333333333334, 76.73333333333333, 84.5, 63.0, 70.73333333333333, 70.26666666666667, 67.3, 63.53333333333333, 58.5, 68.23333333333333, 65.06666666666666, 74.9, 61.5, 61.43333333333333, 62.8, 74.0, 68.4, 107.96666666666667, 167.4, 149.26666666666668, 148.0, 117.5, 183.93333333333334, 206.03333333333333, 214.26666666666668, 87.86666666666666, 178.13333333333333]","[5.537364, 8.135688, 8.873897, 9.532691, 10.22193, 13.674964, 14.330252, 15.131546, 15.902995, 16.680245, 19.664831, 20.370717, 20.959709, 21.676179, 22.41021, 25.10549, 26.041995, 27.496924, 28.214359, 28.913581, 33.284081, 33.928239, 34.51073, 35.291411, 35.937862, 38.861774, 39.489533, 40.10861, 40.737671, 41.475671, 244.416954, 260.222454, 279.148983, 298.215427, 317.365785, 339.698912, 358.712133, 379.418792, 400.36784, 418.73265, 441.546]","[0, 10, 20, 30, 40, 50, 60, 70, 80, 90, 100, 110, 120, 130, 140, 150, 160, 170, 180, 190, 200, 210, 220, 230, 240, 250, 260, 270, 280, 290, 300, 310, 320, 330, 340, 350, 360, 370, 380, 390, 400]","[4, 15, 26, 37, 48, 62, 73, 84, 95, 106, 120, 131, 142, 153, 164, 178, 189, 200, 211, 222, 236, 247, 258, 269, 280, 294, 305, 316, 327, 338, 373, 584, 795, 1006, 1217, 1431, 1642, 1853, 2064, 2275, 2489]","[256, 128]"
z5lozcqp,wild-frog-495,TD3BC_JS_Online,l2f_bc,crashed,https://wandb.ai/korneelvandenberghe/l2f_bc/runs/z5lozcqp,2025-03-11T01:36:49Z,38.343655967915346,64.43333333333334,2.0,adaptive,"[43.04687197355641, 43.51533973621137, 49.048802920489734, 44.865162190731965, 50.94100012743127, 33.85994319692125, 39.58715305010057, 51.44674078532493, 41.69044624741072, 45.39344224706478, 41.48197305071177, 49.93729057100901, 37.89322049189832, 44.10265042530288, 52.46674600986342, 46.42588858048392, 43.734623402373195, 40.38310574732655, 39.79035052800936, 34.100645894275495, 35.71658817753808, 33.24082117927902, 46.604015717816274, 36.89060660746369, 39.08905764712041, 32.42871890137852, 41.854672544640934, 47.31020770767339, 46.62635257327988, 38.343655967915346]","[64.5, 66.1, 79.7, 69.06666666666666, 74.56666666666666, 58.4, 62.46666666666667, 79.7, 68.53333333333333, 71.93333333333334, 66.43333333333334, 73.5, 63.93333333333333, 70.3, 78.16666666666667, 68.26666666666667, 69.83333333333333, 66.4, 61.1, 53.6, 58.53333333333333, 57.9, 71.76666666666667, 63.333333333333336, 64.4, 56.333333333333336, 67.56666666666666, 73.23333333333333, 69.06666666666666, 64.43333333333334]","[5.51547, 8.082967, 9.666877, 11.244083, 11.989045, 15.502341, 16.130728, 16.994474, 18.481131, 19.19542, 22.924658, 23.666912, 24.303496, 25.004756, 25.779154, 30.897336, 31.60722, 32.277409, 32.890756, 33.430762, 36.815635, 37.401277, 38.217514, 38.851867, 39.495263, 42.715995, 43.396536, 44.125837, 44.814455, 45.459341]","[0, 10, 20, 30, 40, 50, 60, 70, 80, 90, 100, 110, 120, 130, 140, 150, 160, 170, 180, 190, 200, 210, 220, 230, 240, 250, 260, 270, 280, 290]","[4, 15, 26, 37, 48, 62, 73, 84, 95, 106, 120, 131, 142, 153, 164, 178, 189, 200, 211, 222, 236, 247, 258, 269, 280, 294, 305, 316, 327, 338]","[256, 128]"
cx36x9jm,comfy-monkey-496,TD3BC_JS_Online,l2f_bc,crashed,https://wandb.ai/korneelvandenberghe/l2f_bc/runs/cx36x9jm,2025-03-11T01:41:01Z,186.48949832024104,226.16666666666663,2.0,adaptive,"[34.973831887015436, 45.143755195853224, 36.20350452908448, 38.99414610546619, 43.115924720885495, 38.52876348646701, 41.49959345785133, 39.36617717174605, 36.431374903926596, 47.32709609665633, 49.15282891816013, 47.91599001016392, 46.81000282159266, 48.065300268643554, 31.295940016797843, 40.1933252067566, 40.215991208114005, 39.78622677196532, 46.90624287515436, 36.29057649634863, 39.49621483976314, 45.18270563021141, 44.57456753497067, 43.64415550563077, 36.47754359882528, 48.43867547049604, 45.301882575476704, 37.33699950245492, 42.48850587786557, 29.90749664486692, 35.59830106711421, 37.046026876944715, 48.53066262836379, 51.865064925202276, 37.02550279578345, 55.10141024156499, 71.32959556307368, 148.90022974467544, 287.5800618086066, 192.05064711817337, 274.16355895915257, 355.38752819273657, 408.59683555976756, 171.97081823340224, 204.82022720607176, 186.48949832024104]","[58.233333333333334, 70.3, 61.4, 63.733333333333334, 68.26666666666667, 66.83333333333333, 65.1, 69.16666666666667, 59.1, 75.73333333333333, 78.06666666666666, 76.3, 71.23333333333333, 72.9, 54.06666666666667, 67.33333333333333, 66.06666666666666, 66.43333333333334, 72.1, 60.13333333333333, 63.1, 72.56666666666666, 67.43333333333334, 67.56666666666666, 63.8, 71.53333333333333, 71.33333333333333, 63.2, 67.53333333333333, 55.13333333333333, 57.666666666666664, 61.93333333333333, 73.26666666666667, 77.73333333333333, 62.333333333333336, 85.3, 106.2, 192.83333333333334, 339.23333333333335, 231.66666666666666, 323.06666666666666, 411.3333333333333, 468.5, 209.0, 247.63333333333333, 226.16666666666666]","[6.39827, 8.951599, 10.456526, 11.095855, 11.780855, 15.660524, 16.318497, 17.017178, 17.605361, 18.35147, 24.018355, 25.757187000000002, 26.469816, 27.196595, 27.739669, 33.400756, 34.070708, 34.734647, 35.450583, 36.157524, 39.424195, 40.154739, 40.825508, 41.499874, 42.133288, 45.495685, 46.337659, 46.971025, 47.640555, 48.192704, 51.942626, 52.565894, 53.291552, 54.055638, 55.529849, 84.471568, 101.439464, 120.976777, 142.088137, 162.248816, 188.458093, 210.039967, 232.854386, 253.253328, 273.1485, 295.539488]","[0, 10, 20, 30, 40, 50, 60, 70, 80, 90, 100, 110, 120, 130, 140, 150, 160, 170, 180, 190, 200, 210, 220, 230, 240, 250, 260, 270, 280, 290, 300, 310, 320, 330, 340, 350, 360, 370, 380, 390, 400, 410, 420, 430, 440, 450]","[4, 15, 26, 37, 48, 62, 73, 84, 95, 106, 120, 131, 142, 153, 164, 178, 189, 200, 211, 222, 236, 247, 258, 269, 280, 294, 305, 316, 327, 338, 352, 363, 374, 385, 396, 431, 642, 853, 1064, 1275, 1489, 1700, 1911, 2122, 2333, 2547]","[256, 128]"
ksnauss0,easy-snowflake-497,TD3BC_JS_Online,l2f_bc,crashed,https://wandb.ai/korneelvandenberghe/l2f_bc/runs/ksnauss0,2025-03-11T01:52:21Z,110.95065403415438,157.06666666666666,2.0,adaptive,"[36.11794560983552, 46.22134790349011, 32.8011941563997, 37.69623068825449, 50.467304625178194, 44.64719771737105, 40.95229653580923, 41.969085303445425, 39.46265197702931, 40.382011703342, 40.960051609213984, 42.711012133589, 39.27766256299188, 51.1678733086063, 33.478460606098935, 39.06226032956659, 41.221369111615154, 40.99909067891934, 40.26408156178123, 36.71148919093516, 54.629641838489924, 34.801794707056516, 41.898497590216365, 40.3960573932856, 41.34432962782767, 36.91564375368956, 39.316368937467246, 33.83704945157721, 36.52644142234722, 43.377471705650876, 43.578978426622136, 110.95065403415438]","[59.5, 69.56666666666666, 60.833333333333336, 59.93333333333333, 74.8, 74.8, 65.8, 64.0, 61.9, 64.53333333333333, 64.8, 66.3, 68.1, 77.3, 58.46666666666667, 66.66666666666667, 63.56666666666667, 65.5, 66.16666666666667, 62.5, 79.43333333333334, 62.666666666666664, 66.5, 66.66666666666667, 67.46666666666667, 64.0, 64.73333333333333, 59.56666666666667, 58.96666666666667, 67.6, 73.43333333333334, 157.06666666666666]","[6.697841, 9.23081, 10.745538, 11.347092, 12.091181, 16.6843, 17.338717, 17.971262, 18.583041, 19.22717, 22.582207, 23.249179, 23.928893, 24.696481, 26.155196, 30.282914, 30.918394, 31.570674, 32.235852, 32.856596, 36.473743, 37.932786, 38.596182, 39.260733, 39.931466, 45.309922, 45.962936, 46.568024, 47.283332, 47.96348, 169.063414, 185.771747]","[0, 10, 20, 30, 40, 50, 60, 70, 80, 90, 100, 110, 120, 130, 140, 150, 160, 170, 180, 190, 200, 210, 220, 230, 240, 250, 260, 270, 280, 290, 300, 310]","[4, 15, 26, 37, 48, 62, 73, 84, 95, 106, 120, 131, 142, 153, 164, 178, 189, 200, 211, 222, 236, 247, 258, 269, 280, 294, 305, 316, 327, 338, 373, 584]","[256, 128]"
zx5sc7n1,stilted-universe-498,TD3BC_JS_Online,l2f_bc,killed,https://wandb.ai/korneelvandenberghe/l2f_bc/runs/zx5sc7n1,2025-03-15T02:19:09Z,437.55724698458175,517.6666666666666,100.0,adaptive,"[461.4487839045338, 413.6930740386363, 519.9888011073533, 414.285068062945, 464.5045135033326, 501.1923688589248, 354.46409160084437, 553.9736102123677, 524.6746690438239, 437.55724698458175]","[546.3666666666667, 486.06666666666666, 609.7666666666667, 486.6666666666667, 549.6, 586.5, 417.73333333333335, 646.6666666666666, 612.3333333333334, 517.6666666666666]","[52.124466, 539.296885, 1041.069079, 1532.382645, 2038.721782, 2564.065713, 3093.777087, 3620.826793, 4145.111994, 4684.994133]","[0, 10, 20, 30, 40, 50, 60, 70, 80, 90]","[564, 6175, 11787, 17399, 23011, 28626, 34238, 39850, 45462, 51074]","[256, 128]"
ss9tg6v9,noble-butterfly-499,TD3BC_JS_Online,l2f_bc,crashed,https://wandb.ai/korneelvandenberghe/l2f_bc/runs/ss9tg6v9,2025-03-19T18:41:15Z,295.2753399897426,353.0,2.0,adaptive,"[486.1125038601588, 410.8268363246346, 523.6379388618878, 578.902277341885, 468.7397207243068, 354.57929216973156, 355.9319899661975, 466.7439695963148, 292.6861969085582, 295.2753399897426]","[583.4333333333333, 484.76666666666665, 616.8666666666667, 678.4666666666667, 549.7, 422.3, 424.7, 548.5666666666667, 352.43333333333334, 353.0]","[52.814745, 514.966321, 979.823344, 1449.165578, 1926.382305, 2411.005955, 2915.251256, 3461.644896, 3984.325783, 4558.424089]","[0, 10, 20, 30, 40, 50, 60, 70, 80, 90]","[564, 6175, 11787, 17399, 23011, 28626, 34238, 39850, 45462, 51074]","[256, 128]"
fck6hg4l,revived-pine-500,TD3BC_JS_Online,l2f_bc,killed,https://wandb.ai/korneelvandenberghe/l2f_bc/runs/fck6hg4l,2025-03-19T23:20:46Z,491.1531530533268,581.9666666666667,2.0,adaptive,"[400.71644299516004, 525.0244047183614, 383.34469405314246, 435.99529022105907, 581.9889787282957, 441.72349744939817, 579.7338680670556, 523.1492817366955, 543.525043156995, 352.5553001621683, 468.8375241206309, 608.0660762232939, 436.05367145085444, 496.4195703367546, 466.0437370260712, 351.24843566537044, 355.1615537571507, 379.98358520042274, 436.7467376667897, 409.0936169062136, 554.03599888876, 555.1809828601758, 439.47647214768637, 440.5393975838935, 498.3225549127207, 440.6520566085224, 637.5215210292662, 441.09381818808026, 522.2954630844885, 488.88276860811624, 494.26351407580836, 520.1577138534346, 435.7048043448873, 404.20925150653795, 552.1457508121971, 378.2574215747383, 351.91854961998195, 529.5383606405251, 299.72277955871374, 440.23254469937376, 378.407934818839, 382.83636057561114, 519.5261891495743, 546.7032482335502, 438.7429952910394, 554.0408142370557, 382.47432155527434, 520.9343910904898, 406.3163564271135, 496.37813781944095, 464.29063188924073, 551.7907251739704, 462.68445217075083, 469.9171139034773, 494.08474492225446, 437.57608429846476, 490.55177421404346, 379.4094956364907, 437.37195013659976, 495.22570185244206, 379.55388988043103, 378.42681523357385, 439.3291886171912, 410.85235720488737, 294.92949258596786, 523.7411182803248, 353.2080122258234, 351.2205473957091, 410.1672900800655, 436.17325914256236, 435.47458438353993, 553.5349506106087, 496.1263459790069, 467.02769720131016, 575.1146330123088, 499.75983800748907, 325.7879860057748, 464.03569201924176, 491.1531530533268]","[485.8666666666667, 616.6, 454.46666666666664, 513.1, 682.5333333333333, 518.1, 677.1333333333333, 615.0, 643.2, 417.8666666666667, 550.9666666666667, 711.4333333333333, 516.9, 582.2666666666667, 552.0333333333333, 419.03333333333336, 422.1333333333333, 451.3333333333333, 519.2666666666667, 485.46666666666664, 648.4666666666667, 645.7666666666667, 522.7, 518.2333333333333, 588.9, 521.4, 747.2, 519.1666666666666, 613.8666666666667, 581.1666666666666, 581.3333333333334, 611.6666666666666, 516.1333333333333, 484.73333333333335, 645.8, 451.03333333333336, 418.23333333333335, 620.1666666666666, 360.3333333333333, 518.0333333333333, 449.5, 451.53333333333336, 617.5, 646.6333333333333, 518.1666666666666, 649.3333333333334, 450.26666666666665, 611.1, 483.6333333333333, 581.9666666666667, 547.9333333333333, 644.8333333333334, 549.3, 549.4333333333333, 580.6666666666666, 515.4333333333333, 579.5, 453.6666666666667, 518.6666666666666, 584.7666666666667, 452.43333333333334, 454.3, 516.2333333333333, 488.2, 354.4, 612.0, 421.2, 421.1333333333333, 490.7, 514.0, 516.6, 645.9333333333333, 583.9, 545.6666666666666, 677.2666666666667, 587.4666666666667, 393.8333333333333, 549.8333333333334, 581.9666666666667]","[46.17397, 502.250858, 7398.681504, 9295.77979, 13608.923892, 22466.157408, 23407.973956, 25481.372292, 31055.417934, 32335.106996, 34270.184415, 35560.2533, 36839.295831, 38114.07094, 40189.134096, 42267.138447, 44010.151013, 44470.682842, 45559.179206, 46062.942965, 46547.540837, 47025.603775, 47513.940761, 47997.595426, 48467.039252, 48935.940657, 49431.116422, 50023.895595, 50628.704677, 51233.142397, 51790.121266, 52339.917598, 52910.067904, 53408.713098, 54773.990293, 55302.631404, 55855.536767, 56425.284846, 57002.597324, 57587.498165, 58165.04225, 58757.81162, 59349.231654, 59942.194175, 60514.064779, 61036.677522, 63993.545466, 64515.404697, 65067.99334, 65607.488034, 66162.541644, 66683.616816, 67170.490887, 67695.191463, 68215.250398, 68759.680746, 69243.706795, 69734.008807, 70247.672168, 70783.437667, 71381.158677, 71939.581927, 72451.365829, 72944.30763, 73512.070125, 74066.330484, 74649.600561, 75203.283974, 75769.294735, 76309.415014, 76828.688461, 77357.144381, 77904.214601, 78457.825186, 78988.617252, 79540.783139, 80148.994577, 80656.25577, 82741.383947]","[0, 10, 20, 30, 40, 50, 60, 70, 80, 90, 100, 110, 120, 130, 140, 150, 160, 170, 180, 190, 200, 210, 220, 230, 240, 250, 260, 270, 280, 290, 300, 310, 320, 330, 340, 350, 360, 370, 380, 390, 400, 410, 420, 430, 440, 450, 460, 470, 480, 490, 500, 510, 520, 530, 540, 550, 560, 570, 580, 590, 600, 610, 620, 630, 640, 650, 660, 670, 680, 690, 700, 710, 720, 730, 740, 750, 760, 770, 780]","[564, 6175, 11787, 17399, 23011, 28626, 34238, 39850, 45462, 51074, 56689, 62301, 67912, 73524, 79136, 84751, 90363, 95975, 101587, 107199, 112814, 118426, 124038, 129649, 135261, 140876, 146488, 152100, 157712, 163324, 168939, 174551, 180163, 185775, 191386, 197001, 202613, 208225, 213837, 219449, 225064, 230676, 236288, 241900, 247512, 253126, 258738, 264350, 269962, 275574, 281189, 286801, 292413, 298025, 303637, 309252, 314863, 320475, 326087, 331699, 337314, 342926, 348538, 354150, 359762, 365377, 370989, 376600, 382212, 387824, 393439, 399051, 404663, 410275, 415887, 421502, 427114, 432726, 438337]","[256, 128]"
m26bzes0,sleek-frost-502,TD3BC_JS_Online,l2f_bc,killed,https://wandb.ai/korneelvandenberghe/l2f_bc/runs/m26bzes0,2025-03-20T22:28:46Z,-260.0060956606822,516.6333333333333,2.0,adaptive,"[399.8108313509261, 493.2240836196319, 294.00672595756424, 380.5811837350232, 497.0462758121888, 488.03809565134424, 349.6463679850039, 453.96957401181186, 515.2776619341176, 400.12325309591887, 542.6304586359056, 342.9024429175839, 516.0037345654431, 317.63777785276596, 509.2987235097086, 445.0615977681928, 363.85710005660536, 469.9486391198909, 446.01696321162825, 471.1990986216463, 360.9277920686242, 441.552434888894, 497.98434263400736, 470.0594154078237, 391.4879140527449, 455.8282263334077, 378.3857403296478, 497.8193261345108, 400.36022448460415, 376.7450338002639, 459.6057866584732, 376.31464740435325, 404.57450938615835, 428.8324529979776, 452.72538511829646, 463.2107150238009, 275.3078294672515, 453.1147352843231, 398.3037940356308, 301.32262808694543, 357.2177724246211, 299.0295949828332, 559.6687171476084, 304.5850551409743, 457.97609911174794, 386.95603615077187, 324.32610221341446, 449.2890286013469, 364.27429881002223, 397.3975301088504, 327.8617700926209, 402.23926231335605, 302.2336451881703, 327.6019318107661, 384.3681555526502, 261.78475408634966, 332.0972633803988, 354.9403786247973, 368.6349739959258, 354.21998022216906, 292.0854237528266, 314.81833593349705, 367.726973198115, 381.58569184918554, 435.9185305094553, 210.86269871802017, 309.4376659371409, 321.5274790339351, 301.5452067116281, 310.7199805678829, 338.8271526339141, 288.66536095592767, 285.1755748652928, 278.7538699374738, 127.37466842368868, 169.2026012433162, 265.7369634673212, 123.63108286450004, 238.4336495162684, 224.81668091830565, 173.64498822784694, 159.87109621665644, 135.77106127448076, 102.08031966223523, 227.87894182119854, 53.40667839438652, 163.8273000706042, 96.67343271026594, 132.49438786662816, 104.370744294299, 83.93469323584881, 162.14049428070993, 115.46595054444126, 120.88892886214491, 152.59629241638098, -20.42280243721986, -14.645691871406216, 24.326187782804364, 5.117977653514958, 2.485022756761033, -2.2885131762067688, 0.997205935960017, -15.87219748912756, 18.036649340469296, -5.839692805820177, -159.16088519801093, -155.03806157204866, -133.11573470218548, -177.7230030196026, -165.1128484720463, -138.73788845212928, -158.41942636006763, -149.92117913579966, -144.0685188496128, -164.67508689020025, -270.510114553262, -252.98542778166782, -297.9960184003017, -299.76904700517247, -257.16723846119044, -334.9774602999805, -292.74731597446794, -358.0811002137191, -246.06436520125, -262.6481940659409, -281.22934254233104, -274.31679243663064, -268.3769176404753, -263.38492340439984, -276.17967350948334, -232.71782275048116, -260.0060956606822]","[485.2, 581.6, 352.1333333333333, 450.93333333333334, 583.1666666666666, 583.2, 423.6666666666667, 548.3, 614.4666666666667, 485.7, 652.4, 419.93333333333334, 614.2666666666667, 386.93333333333334, 609.9333333333333, 551.9333333333333, 451.8, 582.6, 552.9333333333333, 580.8666666666667, 453.8, 548.1666666666666, 616.5666666666667, 583.2666666666667, 484.3, 581.5666666666667, 489.4, 646.3, 518.2333333333333, 485.46666666666664, 581.2, 486.4, 513.4333333333333, 546.4666666666667, 586.7, 617.3666666666667, 384.1, 614.0333333333333, 545.9666666666667, 419.8, 485.1333333333333, 421.5, 746.1, 418.2, 609.9666666666667, 587.6666666666666, 486.96666666666664, 647.8, 549.5333333333333, 584.1666666666666, 482.8, 586.2333333333333, 454.73333333333335, 484.53333333333336, 585.2333333333333, 452.8333333333333, 547.5, 584.1, 617.6, 581.7333333333333, 481.96666666666664, 514.7333333333333, 614.6, 649.4333333333333, 711.0333333333333, 451.4, 580.2, 614.2666666666667, 582.5333333333333, 616.8333333333334, 645.6666666666666, 581.9333333333333, 583.4, 546.9666666666667, 324.3666666666667, 485.3, 680.8666666666667, 385.4, 612.1333333333333, 580.9333333333333, 486.5, 450.3666666666667, 418.6, 355.6, 615.5333333333333, 385.2, 645.1666666666666, 515.8, 613.9, 586.4, 455.56666666666666, 678.8666666666667, 582.4, 583.4333333333333, 646.4, 421.26666666666665, 351.2, 618.0666666666667, 547.5333333333333, 419.23333333333335, 519.0333333333333, 513.7666666666667, 355.1333333333333, 483.73333333333335, 448.1333333333333, 643.9333333333333, 645.9666666666667, 515.0333333333333, 617.1, 644.3333333333334, 486.1, 548.8666666666667, 615.7, 453.3, 680.4, 517.0666666666667, 486.56666666666666, 612.9333333333333, 550.5, 487.76666666666665, 711.1666666666666, 612.1, 681.3, 450.4, 517.7333333333333, 580.3333333333334, 547.9666666666667, 551.6, 485.46666666666664, 463.7, 423.53333333333336, 516.6333333333333]","[47.188143, 539.616516, 1056.438347, 1536.666233, 2025.503388, 2542.750302, 3030.422235, 3521.072726, 4035.663058, 6895.482687, 8945.105477, 13303.700055, 14126.822383, 15372.508211, 15847.208789, 16336.423984, 16826.052659, 17286.939675, 17752.111273, 18216.172062, 18676.621842, 19139.876009, 19601.424036, 20068.980868, 20529.585042, 20993.052668, 21453.536015, 21915.855529, 22378.26864, 22839.769834, 23302.135226, 23763.829293, 24225.991004, 24687.766433, 25147.331348, 25607.989462, 26066.131047, 26527.259734, 26987.532979, 27448.336611, 27911.800372, 28372.745877, 28840.621123, 29300.043288, 29762.934387, 30226.685315, 30687.164505, 31149.72351, 31608.165978, 32069.533776, 32531.085409, 32991.523555, 33448.874435, 33908.85655, 34370.711543, 34831.477116, 35299.376528, 35764.139344, 36226.772937, 36690.066799, 37151.200962, 37614.581479, 38073.930507, 38535.463016, 38997.574193, 39461.070156, 39922.89631, 40381.791219, 40841.093288, 41301.43505, 41768.114202, 42231.709507, 42695.984799, 43160.814979, 43625.168406, 44089.738358, 44553.988955, 45020.148677, 45486.517412, 45953.449762, 46427.975281, 46896.901134, 47366.465712, 47833.365507, 48337.51107, 48870.219094, 49412.51336, 49939.360657, 50443.464479, 50963.585326, 51465.373695, 51942.17557, 52455.42448, 52990.667704, 53498.052943, 54022.710652, 54529.948596, 55071.527539, 55608.936986, 56180.583579, 56795.055451, 57409.637778, 57979.695067, 58561.749042, 59153.385085, 59716.975872, 60263.36792, 60829.424253, 61384.146087, 61926.861641, 62476.797279, 62990.019857, 63504.460456, 63986.557388, 64479.924387, 64989.207136, 65466.395571, 65940.886785, 66413.515739, 66884.388188, 67368.951375, 67854.443721, 68346.266813, 68854.234511, 69362.82816, 69858.882305, 70366.997145, 70845.124817, 71352.861376, 71855.676533, 72370.211414, 72897.033603]","[0, 10, 20, 30, 40, 50, 60, 70, 80, 90, 100, 110, 120, 130, 140, 150, 160, 170, 180, 190, 200, 210, 220, 230, 240, 250, 260, 270, 280, 290, 300, 310, 320, 330, 340, 350, 360, 370, 380, 390, 400, 410, 420, 430, 440, 450, 460, 470, 480, 490, 500, 510, 520, 530, 540, 550, 560, 570, 580, 590, 600, 610, 620, 630, 640, 650, 660, 670, 680, 690, 700, 710, 720, 730, 740, 750, 760, 770, 780, 790, 800, 810, 820, 830, 840, 850, 860, 870, 880, 890, 900, 910, 920, 930, 940, 950, 960, 970, 980, 990, 1000, 1010, 1020, 1030, 1040, 1050, 1060, 1070, 1080, 1090, 1100, 1110, 1120, 1130, 1140, 1150, 1160, 1170, 1180, 1190, 1200, 1210, 1220, 1230, 1240, 1250, 1260, 1270, 1280, 1290, 1300, 1310]","[564, 6175, 11787, 17399, 23011, 28627, 34239, 39851, 45463, 51075, 56690, 62302, 67913, 73525, 79137, 84753, 90365, 95977, 101589, 107201, 112816, 118428, 124040, 129651, 135263, 140879, 146491, 152103, 157715, 163327, 168942, 174554, 180166, 185778, 191389, 197005, 202617, 208229, 213841, 219453, 225068, 230680, 236292, 241904, 247516, 253131, 258743, 264355, 269967, 275579, 281194, 286806, 292418, 298030, 303642, 309258, 314869, 320481, 326093, 331705, 337320, 342932, 348544, 354156, 359768, 365384, 370996, 376607, 382219, 387831, 393446, 399058, 404670, 410282, 415894, 421510, 427122, 432734, 438345, 443957, 449572, 455184, 460796, 466408, 472020, 477636, 483248, 488860, 494472, 500083, 505698, 511310, 516922, 522534, 528146, 533762, 539374, 544986, 550598, 556210, 561824, 567436, 573048, 578660, 584272, 589888, 595500, 601112, 606724, 612336, 617951, 623562, 629174, 634786, 640398, 646014, 651626, 657238, 662850, 668462, 674077, 679689, 685300, 690912, 696524, 702140, 707752, 713364, 718976, 724588, 730203, 735815]","[256, 128]"
bx7fqzdg,sage-plasma-504,TD3BC_JS_Online,l2f_bc,crashed,https://wandb.ai/korneelvandenberghe/l2f_bc/runs/bx7fqzdg,2025-03-21T17:15:09Z,-195.6924298502256,453.3333333333333,2.0,adaptive,"[205.40088788902725, 291.9782879242988, 380.01755348930703, 399.9609504185259, 421.1383731972902, 353.31037109300433, 353.5561372913179, 262.36828632816804, 245.20800769794963, 280.59281840773565, 220.66191966744515, 295.5687706346945, 208.8633617437553, 274.3157091673639, 301.06360316650716, 223.5752806542324, 237.60023665332952, 279.42868376998564, 307.58056694470645, 165.42021409822544, 166.0179046263611, 222.33144390743774, 218.2222518892759, 245.79197955470028, 231.18274064437483, 90.45353656033197, 130.56765910202813, 141.78281793825738, 108.71729501839624, 86.46685550239772, 95.73184418740121, 120.14336178028968, 112.01704769499253, 77.18693171433533, 107.43164947598446, -57.0404726282145, -58.84549084412908, -44.021481555421374, -51.92375089296883, -48.48415775130169, -44.92588850047988, -45.55574492957008, -60.682275952132805, -66.39141517051026, -44.75561547701348, -163.82140652893517, -195.69242985022558]","[317.03333333333336, 454.3, 580.7666666666667, 620.1, 644.6666666666666, 645.6666666666666, 646.8, 483.43333333333334, 455.1666666666667, 512.9666666666667, 423.6, 546.5, 388.76666666666665, 519.2666666666667, 549.1, 581.0333333333333, 617.3333333333334, 682.8, 741.0666666666667, 454.43333333333334, 423.06666666666666, 546.3, 549.8333333333334, 617.2666666666667, 584.2333333333333, 484.1333333333333, 649.2333333333333, 678.6333333333333, 551.8333333333334, 487.1333333333333, 517.5, 581.6, 548.5666666666667, 417.5, 550.7333333333333, 516.7, 458.6333333333333, 546.4333333333333, 419.93333333333334, 483.6, 649.4666666666667, 481.5, 620.0, 614.9333333333333, 581.3, 386.8333333333333, 453.3333333333333]","[118.444518878, 873.277128702, 1616.617828273, 2352.745022286, 3098.81232364, 3866.17740499, 4610.369574524, 5342.350846497, 6075.486221553, 6815.927060477, 7564.636138673, 8297.097314878, 9031.71594204, 9767.667199284, 10505.310945438, 11264.588368032, 12006.906752673, 12751.897991849, 13486.731579035, 14216.534058853, 14957.989478245, 15687.348607293, 16422.269397169, 17162.227875291, 17899.120572814, 18653.511915874, 19393.313434692, 20140.062566919, 20878.904218297, 21616.157433511, 22384.801638732, 23128.37479087, 23873.49223967, 24598.423047597, 25318.650396411, 26072.655707731, 26807.114115387, 27546.062038349, 28279.981175542, 29013.778352628, 29767.564977914, 30503.789494793, 31247.858640112, 32002.540873668, 32748.134052599, 33501.405704033, 34239.608904026]","[0, 10, 20, 30, 40, 50, 60, 70, 80, 90, 100, 110, 120, 130, 140, 150, 160, 170, 180, 190, 200, 210, 220, 230, 240, 250, 260, 270, 280, 290, 300, 310, 320, 330, 340, 350, 360, 370, 380, 390, 400, 410, 420, 430, 440, 450, 460]","[564, 6175, 11787, 17399, 23011, 28627, 34239, 39851, 45463, 51075, 56690, 62302, 67913, 73525, 79137, 84753, 90365, 95977, 101589, 107201, 112816, 118428, 124040, 129651, 135263, 140879, 146491, 152103, 157715, 163327, 168942, 174554, 180166, 185778, 191389, 197005, 202617, 208229, 213841, 219453, 225068, 230680, 236292, 241904, 247516, 253131, 258743]","[256, 128]"
jsprfh17,twilight-frog-505,TD3BC_JS_Online,l2f_bc,killed,https://wandb.ai/korneelvandenberghe/l2f_bc/runs/jsprfh17,2025-03-21T18:45:52Z,-270.12133430948484,550.2333333333333,2.0,adaptive,"[453.89961697654235, 378.51021090883097, 401.77181877749825, 271.6918480368751, 246.68060280244555, 265.5283089476645, 300.19047280389606, 281.10365136797833, 319.83719525393644, 286.00199300265774, 313.4584895787637, 200.7310132485736, 263.05797127901974, 281.91857177110643, 263.8799735363018, 270.2650654071877, 187.1709219634495, 190.49834693765084, 134.84880116062723, 235.87941986700108, 189.56942797924117, 211.21750813778257, 213.6122024502865, 197.67275487488908, 262.9052996179972, 55.032831442805815, 109.83489345058959, 130.2151532667877, 99.97088019603902, 94.93522408378436, 68.53102390430072, 119.40564099620123, 117.02963876142105, 77.17144457176023, 112.02310954754452, -57.36225016991761, -44.19215547462513, -37.89036760080065, -41.287788777421866, -36.803817188511836, -40.83199869508821, -46.75095413931638, -39.3135353080939, -52.436134106916796, -53.510296620086926, -222.9921526252882, -190.04157326388943, -278.9913087604336, -237.0175115797362, -186.35334217060498, -238.72864487823713, -231.11369594902047, -154.22375173082762, -174.8398953962683, -225.2470092629032, -263.1049539180129, -216.99626062093503, -255.926583015585, -282.1716172116076, -203.01810777570626, -249.24268122341826, -241.6078197459909, -199.72387156273913, -210.33713770855377, -214.09038709891055, -268.9461631303497, -259.1024227041889, -267.0221646307388, -197.03331232533216, -226.49362552975384, -235.21642570156035, -198.65517540112393, -194.28053080755808, -244.03662054192256, -276.4330399795189, -284.4718401704673, -218.1597796019528, -225.84436151125857, -252.2351401661744, -246.34069964064489, -203.48096301642383, -227.2263605346055, -222.805451789711, -306.13636807441134, -223.8747482785108, -277.8148078584539, -306.87314729738017, -274.2608497720161, -259.55729175562385, -262.0513496787945, -276.86287079276605, -292.94122035988363, -219.96190989748078, -277.3614670477774, -279.550386266237, -223.32212000921632, -280.2663799471585, -265.15689545209113, -225.81061577563653, -260.24249723849806, -254.26736615566307, -237.0892682865182, -311.4194536336653, -286.538508929691, -317.8843829949577, -281.8392970342627, -270.89009490581776, -303.0582503796798, -273.0853343422231, -269.9998883646124, -284.7527041982456, -234.70619793172838, -266.94624744538316, -216.1771594573482, -300.64971382272284, -300.12392106753344, -251.26617641002133, -280.0315370685412, -291.0607174772619, -245.08191892430884, -310.4390118781468, -263.07248776647486, -261.14003106505913, -296.64715738249043, -285.69879416696403, -236.1696082868817, -257.4769800840484, -240.75188176248332, -325.3137855647262, -270.12133430948484]","[677.8, 581.2666666666667, 616.8333333333334, 426.3666666666667, 392.3, 485.8333333333333, 549.9, 518.0333333333333, 580.3666666666667, 518.0666666666667, 582.6666666666666, 385.43333333333334, 487.53333333333336, 513.9333333333333, 488.5, 680.8, 483.96666666666664, 483.06666666666666, 353.23333333333335, 586.6666666666666, 485.2, 549.3666666666667, 551.8333333333334, 518.0, 646.3, 322.0, 588.2666666666667, 613.1666666666666, 516.1666666666666, 484.03333333333336, 424.8, 648.6333333333333, 613.7, 422.5, 545.8333333333334, 519.4666666666667, 547.2666666666667, 449.1333333333333, 481.23333333333335, 579.0333333333333, 415.6, 516.3333333333334, 450.4, 390.93333333333334, 548.9333333333333, 582.5333333333333, 454.26666666666665, 709.5, 642.9, 451.3, 613.4, 612.5666666666667, 387.2, 448.6, 580.9666666666667, 677.1333333333333, 491.1, 618.3666666666667, 712.9, 451.96666666666664, 613.6666666666666, 580.9, 515.1, 486.3666666666667, 488.1333333333333, 553.8333333333334, 581.1, 646.5666666666667, 423.46666666666664, 456.06666666666666, 516.5333333333333, 418.6666666666667, 421.3666666666667, 549.1666666666666, 616.3333333333334, 617.3333333333334, 453.23333333333335, 513.4666666666667, 580.0333333333333, 488.3333333333333, 447.0, 422.8, 484.56666666666666, 711.7, 483.8, 583.0, 646.2666666666667, 645.1, 578.9, 521.0, 549.1333333333333, 678.1666666666666, 419.6333333333333, 612.9333333333333, 582.2, 483.8333333333333, 579.5666666666667, 544.9666666666667, 450.8, 518.3666666666667, 514.0333333333333, 456.1666666666667, 680.9666666666667, 614.1, 678.9, 551.6666666666666, 519.0333333333333, 647.5, 580.1, 578.3333333333334, 615.2666666666667, 485.1333333333333, 546.9, 419.56666666666666, 648.0, 583.7666666666667, 487.06666666666666, 617.6333333333333, 611.6, 517.1, 679.1333333333333, 549.9666666666667, 513.1, 615.7666666666667, 613.2333333333333, 454.1333333333333, 484.3333333333333, 515.3666666666667, 681.7666666666667, 550.2333333333333]","[55.379728, 583.22226, 1066.938029, 1546.913583, 2019.686276, 2499.072791, 2970.929741, 3437.21809, 3900.202751, 4367.083872, 4835.2673, 5309.347249, 5773.64996, 6236.873564, 6716.299432, 7198.278004, 7675.296569, 8146.25578, 8627.603733, 9220.683354, 9701.941785, 10215.917367, 10738.068571, 11249.546988, 11768.810062, 12287.228089, 12794.772238, 13300.661603, 13811.232424, 14322.487344, 14838.30631, 15310.271241, 15792.321933, 16274.930195, 16759.303737, 17238.18054, 17712.870769, 18190.826396, 18665.841981, 19142.251378, 19625.175172, 20102.945231, 20576.626087, 21052.283184, 21524.266794, 22002.522435, 22481.871611, 22964.21186, 23445.077911, 23925.945551, 24402.627335, 24879.522334, 25352.080758, 25826.467276, 26302.189518, 26779.351049, 27251.786009, 27723.825529, 28199.556616, 28668.716698, 29150.482411, 29627.352416, 30095.349889, 30561.147615, 31031.374214, 31499.841187, 31967.87483, 32438.186042, 32909.094061, 33375.612118, 33847.010985, 34308.314224, 34775.396738, 35243.769944, 35710.943014, 36181.713642, 36650.548765, 37120.422503, 37588.763236, 38054.134193, 38522.252816, 38991.02243, 39456.670234, 39925.355237, 40392.035289, 40863.49003, 41337.57674, 41800.380343, 42273.371541, 42741.020979, 43214.786181, 43685.509502, 44150.574988, 44621.686726, 45090.83163, 45561.349566, 46037.189491, 46509.674653, 46978.735673, 47448.864573, 47921.93643, 48393.325927, 48864.440701, 49333.080696, 49802.357605, 50275.653048, 50746.374984, 51217.506203, 51688.544606, 52159.018939, 52634.372171, 53103.14898, 53574.158278, 54041.850013, 54515.25485, 54987.752982, 55459.764328, 55928.387849, 56399.597221, 56870.846068, 57341.102745, 57811.995262, 58279.466308, 58751.778087, 59227.968585, 59698.875285, 60171.759649, 60646.524699, 61121.771046, 61623.551484]","[0, 10, 20, 30, 40, 50, 60, 70, 80, 90, 100, 110, 120, 130, 140, 150, 160, 170, 180, 190, 200, 210, 220, 230, 240, 250, 260, 270, 280, 290, 300, 310, 320, 330, 340, 350, 360, 370, 380, 390, 400, 410, 420, 430, 440, 450, 460, 470, 480, 490, 500, 510, 520, 530, 540, 550, 560, 570, 580, 590, 600, 610, 620, 630, 640, 650, 660, 670, 680, 690, 700, 710, 720, 730, 740, 750, 760, 770, 780, 790, 800, 810, 820, 830, 840, 850, 860, 870, 880, 890, 900, 910, 920, 930, 940, 950, 960, 970, 980, 990, 1000, 1010, 1020, 1030, 1040, 1050, 1060, 1070, 1080, 1090, 1100, 1110, 1120, 1130, 1140, 1150, 1160, 1170, 1180, 1190, 1200, 1210, 1220, 1230, 1240, 1250, 1260, 1270, 1280, 1290]","[564, 6175, 11787, 17399, 23011, 28627, 34239, 39851, 45463, 51075, 56690, 62302, 67913, 73525, 79137, 84753, 90365, 95977, 101589, 107201, 112816, 118428, 124040, 129651, 135263, 140879, 146491, 152103, 157715, 163327, 168942, 174554, 180166, 185778, 191389, 197005, 202617, 208229, 213841, 219453, 225068, 230680, 236292, 241904, 247516, 253131, 258743, 264355, 269967, 275579, 281194, 286806, 292418, 298030, 303642, 309258, 314869, 320481, 326093, 331705, 337320, 342932, 348544, 354156, 359768, 365384, 370996, 376607, 382219, 387831, 393446, 399058, 404670, 410282, 415894, 421510, 427122, 432734, 438345, 443957, 449572, 455184, 460796, 466408, 472020, 477636, 483248, 488860, 494472, 500083, 505698, 511310, 516922, 522534, 528146, 533762, 539374, 544986, 550598, 556210, 561824, 567436, 573048, 578660, 584272, 589888, 595500, 601112, 606724, 612336, 617951, 623562, 629174, 634786, 640398, 646014, 651626, 657238, 662850, 668462, 674077, 679689, 685300, 690912, 696524, 702140, 707752, 713364, 718976, 724588]","[256, 128]"
108wa72w,stilted-water-506,TD3BC_JS_Online,l2f_bc,finished,https://wandb.ai/korneelvandenberghe/l2f_bc/runs/108wa72w,2025-03-22T02:55:26Z,-279.56860775261174,643.6666666666666,2.0,adaptive,"[358.7590485649182, 311.62749486404755, 339.0224666262951, 445.84368945843113, 271.22927418127205, 281.330714597224, 246.24635776743102, 186.614642155163, 339.0544360440491, 318.0892248421027, 315.3111045166364, 319.5711287283085, 227.66310956143218, 383.14455964076285, 330.307867997515, 191.24951157836946, 200.9285294806843, 219.07788149535952, 247.16343334586747, 189.72021788046234, 204.58631735929546, 128.27176971085507, 174.52551411780044, 175.86442849444822, 165.10287662073, 118.27106055502394, 60.10946588830673, 132.48108999381515, 119.9055482232813, 133.79859915047712, 138.07261611509526, 128.84706528122987, 117.37450453624905, 137.48577745819873, 101.48330322980786, -47.84158651536999, -55.982551670215145, -50.781074264683184, -39.71537172183829, -32.740359254885796, -60.61323512360852, -51.490649475350196, -54.01314673433102, -55.56871029282182, -49.492819339434575, -209.01630441621617, -195.7825473614075, -167.18265723626956, -226.09728274436273, -227.55941215740006, -188.2010574041151, -244.60794116715073, -252.89194948390096, -234.44723249093582, -223.78407694778986, -205.01616304491108, -206.8236614426211, -254.15071085413518, -217.18023943039688, -213.5352386837746, -253.06848119923768, -227.7608460543087, -209.75990376971282, -165.7206819122229, -250.47065939564845, -226.1852399582881, -198.8194320912584, -227.19606082864237, -250.9166435727499, -207.1831891367204, -281.9187757705125, -233.0509089032432, -214.01246527433574, -249.8473699198249, -251.8241941633136, -252.04465621488737, -232.81241380400175, -202.12470034315672, -232.66616726378754, -286.9108657074691, -254.4368176502461, -232.7033248262496, -190.77271206474916, -274.60757565953276, -281.99637793578415, -284.5316926713385, -266.19814344603924, -291.5435043922304, -248.82187505987795, -254.82868445098418, -233.14425159142093, -271.0926710963269, -275.55820544421715, -263.829479024758, -271.8377278647736, -226.6351687582973, -251.57757727857592, -195.22523156875695, -262.78544484339386, -235.10877869121026, -316.70551971396145, -292.0252833126021, -264.6527519094127, -263.49426421134535, -241.34848882963985, -280.2414659562426, -254.5971418514527, -233.52971857655953, -243.2086468316778, -313.4205770539259, -334.6954270820108, -299.41808922127314, -261.8521783584745, -257.3457460027296, -200.527875807302, -290.47703569447964, -238.8000711952013, -299.86769595168573, -291.2551476886486, -233.8935023950367, -328.8679506926893, -254.98904263449455, -276.49460975341145, -283.9006598411591, -299.53061990554704, -253.93032963241032, -256.5348234116296, -268.8006480749471, -213.7526102278435, -285.2928000965902, -229.94515260839358, -231.34423004375637, -243.8883673546739, -307.5799557559089, -241.5041089972511, -274.5248567562398, -232.56404105385974, -274.6525205159468, -272.9696256159079, -268.990779974537, -241.31977508140332, -264.4434579554561, -276.07994688684903, -248.27811291128202, -223.50466633939166, -232.2525989673084, -302.25598249430294, -268.2511295186386, -300.7084102490853, -231.85623735853378, -253.68037932275408, -250.3374219626085, -249.64199905543586, -207.85206258896488, -286.277419301094, -292.07461832624, -274.7019247136137, -245.87280598640012, -280.3819179758686, -285.2518577708962, -240.97141208327315, -309.08280292864487, -208.8813040138315, -300.79133412455917, -294.6837395024176, -276.7797937549407, -304.69376217798975, -274.37117158553775, -266.13655324907756, -263.70761377032846, -213.43232645548767, -258.28861125529414, -252.1728442153084, -288.7046655885849, -273.8125456184287, -248.31574257656547, -315.0142807405543, -241.65404100268313, -265.96383582314724, -266.14954327550583, -284.0682523189384, -199.97240652386304, -200.9204617205992, -296.67024136768197, -227.62726308107756, -241.82854430862457, -276.9073812353212, -234.75649625415397, -300.43282067918295, -279.56860775261174]","[547.7, 483.03333333333336, 518.1666666666666, 676.3, 424.5, 518.7333333333333, 455.8333333333333, 357.8, 612.3, 584.9666666666667, 582.7, 581.9666666666667, 421.3333333333333, 709.3666666666667, 612.7666666666667, 486.8, 515.9666666666667, 553.0333333333333, 613.8333333333334, 487.1, 514.7, 361.06666666666666, 456.73333333333335, 453.1666666666667, 418.03333333333336, 647.0666666666667, 356.96666666666664, 645.8333333333334, 614.6, 676.5333333333333, 677.6, 611.7333333333333, 582.6666666666666, 678.1666666666666, 514.4, 580.4, 482.6, 578.2333333333333, 582.0666666666667, 352.8666666666667, 614.4333333333333, 582.2, 616.3, 677.6, 583.0666666666667, 491.26666666666665, 453.76666666666665, 361.03333333333336, 551.9, 611.0666666666667, 482.96666666666664, 643.3, 679.1666666666666, 644.2, 549.3333333333334, 395.8, 545.3333333333334, 676.4666666666667, 514.8333333333334, 516.4, 646.4, 578.3666666666667, 488.1666666666667, 354.6333333333333, 644.1666666666666, 485.26666666666665, 391.3, 488.5, 548.9666666666667, 451.76666666666665, 648.1666666666666, 544.8666666666667, 514.0666666666667, 643.8666666666667, 647.8333333333334, 486.6333333333333, 518.8, 449.73333333333335, 482.73333333333335, 617.6, 579.5666666666667, 487.06666666666666, 386.3666666666667, 612.0, 612.1666666666666, 612.4666666666667, 519.6, 613.6666666666666, 488.4, 551.1666666666666, 482.3666666666667, 519.0666666666667, 583.1, 546.8, 551.8666666666667, 451.1, 485.3, 386.9, 581.4, 452.1, 682.4666666666667, 646.4333333333333, 518.1333333333333, 581.1, 547.8666666666667, 583.3333333333334, 517.1, 486.56666666666666, 453.23333333333335, 743.9666666666667, 682.8, 645.4333333333333, 486.0, 453.2, 448.46666666666664, 613.1, 514.9, 645.7666666666667, 582.1333333333333, 422.3, 645.7333333333333, 516.3666666666667, 582.2, 550.7666666666667, 645.2, 485.2, 516.9, 523.1, 421.1, 613.0666666666667, 418.96666666666664, 483.96666666666664, 582.1333333333333, 611.7666666666667, 520.7333333333333, 555.8333333333334, 449.76666666666665, 551.8333333333334, 517.3666666666667, 487.1333333333333, 515.0333333333333, 547.5666666666667, 553.3333333333334, 486.1333333333333, 450.1666666666667, 454.6, 612.5333333333333, 547.8666666666667, 581.4666666666667, 483.1666666666667, 550.8666666666667, 548.2666666666667, 488.03333333333336, 388.73333333333335, 581.0333333333333, 584.7666666666667, 547.8, 482.7, 523.4333333333333, 555.4, 456.03333333333336, 648.4333333333333, 454.7, 615.0, 583.0666666666667, 551.3666666666667, 643.6666666666666, 612.2666666666667, 517.4333333333333, 545.9333333333333, 422.3, 520.8666666666667, 518.9666666666667, 613.6666666666666, 550.6666666666666, 488.06666666666666, 582.4, 455.2, 580.6666666666666, 517.0, 581.6, 386.56666666666666, 384.2, 709.9, 485.6666666666667, 483.76666666666665, 548.6666666666666, 517.2, 580.3, 643.6666666666666]","[121.639981902, 851.199975286, 1580.687591483, 2322.229724997, 3052.657349963, 3795.825689299, 4524.782480162, 5245.74820368, 5988.239948277, 6720.031558169, 7468.126995546, 8203.560882504, 8926.789145136, 9674.284469554, 10414.378233668, 11171.549369075, 11908.572545507, 12646.536072843, 13380.691927621, 14105.329332919, 14860.730184632, 15583.082906984, 16314.333108618, 17047.749611354, 17778.167587897, 18536.727858518, 19257.734272447, 20000.751732405, 20732.975669476, 21477.226873306, 22242.767369941, 22981.414260468, 23715.407219341, 24455.435427802, 25183.120443145, 25944.003315459, 26680.010917225, 27411.228994874, 28148.296552273, 28875.150455586, 29633.556843204, 30371.877409365, 31111.286865582, 31852.603534317, 32583.607924792, 33331.158407115, 34063.435304102, 34777.983462107, 35516.42049212, 36251.15477501, 37002.555632517, 37742.1168451, 38481.1055824, 39224.625832143, 39964.320268156, 40703.188933115, 41432.976503915, 42172.717831578, 42908.175727835, 43640.050342793, 44399.308372832, 45131.676768241, 45863.700402551, 46584.052186918, 47325.961136386, 48076.420018522, 48805.541648224, 49535.603349167, 50271.780315987, 51004.437032987, 51765.85383854, 52497.6524782, 53231.462677834, 53978.791533183, 54722.529364085, 55458.442634221, 56200.527107116, 56933.780008254, 57664.747875993, 58410.039807979, 59145.132154099, 59879.733815239, 60601.621208486, 61345.470834295, 62084.499528771, 62837.49617418, 63573.94262776, 64308.386701786, 65045.513134949, 65788.120931749, 66545.75064391, 67282.167768874, 68022.574472916, 68759.119026511, 69497.859699188, 70237.464959379, 70958.386939407, 71679.453808957, 72418.987328375, 73153.116508027, 73921.686799618, 74668.382890461, 75409.021773402, 76140.909175636, 76875.066115702, 77628.079755956, 78358.218905285, 79091.629571575, 79807.810668059, 80552.05850052, 81316.778586883, 82063.907156393, 82800.445521638, 83517.596677712, 84247.864328147, 85012.326216385, 85748.769895807, 86490.328372658, 87231.85993943, 87965.449773623, 88714.687350063, 89450.286330751, 90182.83857683, 90924.998012087, 91643.088421661, 92383.056755244, 93107.192547986, 93842.713685949, 94563.088624209, 95297.679740198, 96036.421910426, 96770.432242276, 97512.082913491, 98257.181532426, 98978.712508797, 99730.128506406, 100464.412380804, 101181.752505084, 101904.686961315, 102637.847066939, 103394.081387325, 104133.963684848, 104865.231922182, 105594.408423824, 106330.391520458, 107088.22909016, 107823.745787233, 108563.045887391, 109305.028297765, 110037.840901134, 110794.735855836, 111537.36090641, 112271.517515421, 112998.171239413, 113740.001689504, 114503.561675556, 115238.5621912, 115974.024827846, 116710.864295506, 117447.413251613, 118195.101218647, 118939.605698697, 119666.736071498, 120405.782464034, 121145.788168188, 121900.668891645, 122648.733009077, 123387.763334959, 124115.998009557, 124843.857001212, 125591.947225187, 126329.42976144, 127059.02932167, 127802.426400536, 128544.743503592, 129287.889704441, 130030.709154252, 130763.735953544, 131505.907459473, 132221.460836227, 132979.279483751, 133703.934470493, 134435.850184534, 135186.394006429, 135920.489048171, 136677.091916402, 137410.46998029, 138142.243696056, 138879.16309948, 139618.912622292]","[0, 10, 20, 30, 40, 50, 60, 70, 80, 90, 100, 110, 120, 130, 140, 150, 160, 170, 180, 190, 200, 210, 220, 230, 240, 250, 260, 270, 280, 290, 300, 310, 320, 330, 340, 350, 360, 370, 380, 390, 400, 410, 420, 430, 440, 450, 460, 470, 480, 490, 500, 510, 520, 530, 540, 550, 560, 570, 580, 590, 600, 610, 620, 630, 640, 650, 660, 670, 680, 690, 700, 710, 720, 730, 740, 750, 760, 770, 780, 790, 800, 810, 820, 830, 840, 850, 860, 870, 880, 890, 900, 910, 920, 930, 940, 950, 960, 970, 980, 990, 1000, 1010, 1020, 1030, 1040, 1050, 1060, 1070, 1080, 1090, 1100, 1110, 1120, 1130, 1140, 1150, 1160, 1170, 1180, 1190, 1200, 1210, 1220, 1230, 1240, 1250, 1260, 1270, 1280, 1290, 1300, 1310, 1320, 1330, 1340, 1350, 1360, 1370, 1380, 1390, 1400, 1410, 1420, 1430, 1440, 1450, 1460, 1470, 1480, 1490, 1500, 1510, 1520, 1530, 1540, 1550, 1560, 1570, 1580, 1590, 1600, 1610, 1620, 1630, 1640, 1650, 1660, 1670, 1680, 1690, 1700, 1710, 1720, 1730, 1740, 1750, 1760, 1770, 1780, 1790, 1800, 1810, 1820, 1830, 1840, 1850, 1860, 1870, 1880, 1890]","[564.0, 6175.0, 11787.0, 17399.0, 23011.0, 28627.0, 34239.0, 39851.0, 45463.0, 51075.0, 56690.0, 62302.0, 67913.0, 73525.0, 79137.0, 84753.0, 90365.0, 95977.0, 101589.0, 107201.0, 112816.0, 118428.0, 124040.0, 129651.0, 135263.0, 140879.0, 146491.0, 152103.0, 157715.0, 163327.0, 168942.0, 174554.0, 180166.0, 185778.0, 191389.0, 197005.0, 202617.0, 208229.0, 213841.0, 219453.0, 225068.0, 230680.0, 236292.0, 241904.0, 247516.0, 253131.0, 258743.0, 264355.0, 269967.0, 275579.0, 281194.0, 286806.0, 292418.0, 298030.0, 303642.0, 309258.0, 314869.0, 320481.0, 326093.0, 331705.0, 337320.0, 342932.0, 348544.0, 354156.0, 359768.0, 365384.0, 370996.0, 376607.0, 382219.0, 387831.0, 393446.0, 399058.0, 404670.0, 410282.0, 415894.0, 421510.0, 427122.0, 432734.0, 438345.0, 443957.0, 449572.0, 455184.0, 460796.0, 466408.0, 472020.0, 477636.0, 483248.0, 488860.0, 494472.0, 500083.0, 505698.0, 511310.0, 516922.0, 522534.0, 528146.0, 533762.0, 539374.0, 544986.0, 550598.0, 556210.0, 561824.0, 567436.0, 573048.0, 578660.0, 584272.0, 589888.0, 595500.0, 601112.0, 606724.0, 612336.0, 617951.0, 623562.0, 629174.0, 634786.0, 640398.0, 646014.0, 651626.0, 657238.0, 662850.0, 668462.0, 674077.0, 679689.0, 685300.0, 690912.0, 696524.0, 702140.0, 707752.0, 713364.0, 718976.0, 724588.0, 730203.0, 735815.0, 741427.0, 747038.0, 752650.0, 758266.0, 763878.0, 769490.0, 775102.0, 780714.0, 786329.0, 791941.0, 797553.0, 803165.0, 808776.0, 814392.0, 820004.0, 825616.0, 831228.0, 836840.0, 842455.0, 848067.0, 853679.0, 859291.0, 864903.0, 870518.0, 876130.0, 881742.0, 887354.0, 892966.0, 898581.0, 904193.0, 909805.0, 915417.0, 921029.0, 926645.0, 932256.0, 937868.0, 943480.0, 949092.0, 954707.0, 960319.0, 965931.0, 971543.0, 977155.0, 982771.0, 988383.0, 993994.0, 999606.0, 1005218.0, 1010833.0, 1016445.0, 1022057.0, 1027669.0, 1033281.0, 1038897.0, 1044509.0, 1050121.0, 1055732.0, 1061344.0]","[256, 128]"
65v7m8oj,devoted-waterfall-507,TD3BC_JS_Online,l2f_bc,crashed,https://wandb.ai/korneelvandenberghe/l2f_bc/runs/65v7m8oj,2025-03-23T17:53:15Z,-256.4887539123238,520.3,2.0,adaptive,"[348.71901456704313, 335.07816506021385, 421.2478528161577, 310.2300123201078, 401.170273416696, 357.7695350152966, 298.82391262634417, 352.1883301113923, 316.85009151466727, 372.57029728169505, 369.80798409881726, 299.9382133562064, 319.00525257048054, 319.2531362910024, 354.5979333543712, 219.55144039008465, 149.7896316966781, 223.36214085636058, 166.0480716469064, 251.0552253250284, 229.8930364503029, 276.57687907009745, 187.76946471040452, 220.47865367114827, 202.8052382105187, 135.03327191090764, 97.9485415928329, 109.13908897687125, 129.81219997542456, 104.18580599347082, 124.40683562313151, 101.19369383928665, 138.42470762497092, 108.69487230546503, 166.60590249062528, -48.28700757339501, -49.96295247364035, -38.68221710094442, -48.31753959793268, -45.33608348719097, -46.202206670130565, -58.05505196163836, -46.41627625256399, -43.42439692618189, -38.8273215596179, -228.6962880953311, -192.44828354386976, -203.1712707944139, -165.74484253803396, -161.51227683356572, -203.4782588915121, -182.02994672065918, -217.03979543887155, -180.04918974185796, -216.8733632656877, -221.03156857575806, -247.63086619299818, -219.2928406122073, -262.6727058988137, -206.98926188571775, -194.9931085750451, -223.44212585236895, -235.13466163131352, -265.1340899395556, -183.20034506157543, -275.8921224169186, -229.29918439311786, -251.5580864500515, -227.33496687024373, -166.9198599798901, -194.4472662426159, -273.05609363834316, -201.33252942590477, -252.75176881753325, -266.9088328843646, -224.2447786708679, -229.3223193881939, -187.95377272120243, -259.76402064790454, -277.40931958674287, -208.9330066320041, -239.5085161543442, -259.87245871863445, -244.93447790343126, -286.5919884981875, -256.6471843678142, -297.6163884724755, -253.7508943813872, -205.2397181898872, -265.2197176422152, -254.46718709713048, -282.5414596602838, -274.4480554167466, -261.0570026700681, -275.3012380369313, -252.1159386510229, -258.15282709283923, -228.99803479060253, -278.49918847787166, -242.9065677208995, -283.79882960022627, -260.4415938927649, -311.9781986063033, -292.5983278013535, -296.64652376267406, -272.369674792403, -251.9179147661799, -270.62582870005417, -257.513451360325, -197.67636129872542, -308.2340754975561, -276.56191505593415, -236.8213660498736, -251.62040346268637, -291.6273486291377, -309.16905717692504, -270.88957943152025, -277.3581998083212, -297.06409157938066, -241.60591162515098, -322.95864138865886, -302.2642743132354, -228.45992234749434, -286.7337990571067, -233.56117504567925, -220.81313861635465, -251.31682852667186, -251.34666683005756, -288.360439557962, -247.52093255115952, -288.726042429461, -238.14001692483265, -273.8363827994964, -280.77406803055925, -355.06756103558945, -264.0261912050972, -309.01522178901166, -280.9821731752532, -197.0298824888277, -232.61868111994363, -301.4655723781012, -240.63856961890693, -221.95374010347052, -288.8452669924639, -296.32441767784707, -265.3204537604816, -216.762671184239, -278.7138511527724, -282.5612954521912, -238.29157651413547, -213.73866288118813, -210.37149558615798, -334.6610976050727, -228.7213327835595, -214.2549780234922, -271.92958476263397, -261.59957369285917, -267.84970285892024, -247.59781558694309, -257.185801474491, -252.61751340230245, -320.2141735109953, -251.31836016612968, -282.821380654261, -298.56140041381957, -245.63729644188751, -215.73561404641876, -229.463714346506, -245.2307725033722, -296.37426677879205, -173.49841719051935, -204.0227987157232, -259.3611468901615, -256.4887539123238]","[518.0333333333333, 517.1, 644.5, 486.7, 614.0, 646.2333333333333, 548.1333333333333, 648.3666666666667, 581.3, 681.8333333333334, 677.7333333333333, 548.2, 583.4333333333333, 579.3333333333334, 646.3333333333334, 550.8, 388.1333333333333, 544.6666666666666, 419.0, 613.2333333333333, 581.2333333333333, 677.8666666666667, 484.3666666666667, 546.4333333333333, 515.1, 613.4666666666667, 522.7333333333333, 583.6, 679.8, 550.2, 613.8, 517.8333333333334, 712.2333333333333, 546.3333333333334, 775.6333333333333, 453.5, 425.2, 517.2, 613.9666666666667, 517.1333333333333, 550.8333333333334, 581.4333333333333, 547.6333333333333, 613.2, 579.6333333333333, 552.5, 485.3333333333333, 516.8666666666667, 422.6333333333333, 388.26666666666665, 548.5666666666667, 451.06666666666666, 548.9, 390.96666666666664, 548.2666666666667, 517.7666666666667, 585.9666666666667, 486.96666666666664, 711.5333333333333, 453.0, 482.6666666666667, 548.5, 549.9333333333333, 616.4333333333333, 483.2, 614.9666666666667, 546.2, 614.6666666666666, 486.46666666666664, 386.1, 389.3333333333333, 678.6, 419.76666666666665, 646.2333333333333, 645.0, 515.8, 487.2, 388.5, 585.9, 611.2, 422.1666666666667, 549.1, 550.1, 549.5666666666667, 646.8666666666667, 548.3333333333334, 649.3333333333334, 518.1, 417.3333333333333, 489.8333333333333, 544.4666666666667, 580.7, 582.0333333333333, 548.6, 550.9, 484.8666666666667, 516.5, 452.1666666666667, 551.9, 515.1333333333333, 584.4333333333333, 518.7, 677.4, 676.4666666666667, 583.1333333333333, 582.1666666666666, 516.4666666666667, 550.2333333333333, 547.9333333333333, 356.26666666666665, 589.0, 549.8666666666667, 487.06666666666666, 518.2333333333333, 615.5666666666667, 647.0333333333333, 548.5333333333333, 554.6666666666666, 644.4, 454.1333333333333, 651.7666666666667, 680.2666666666667, 485.73333333333335, 581.3333333333334, 425.43333333333334, 423.2, 487.56666666666666, 517.6666666666666, 589.2, 482.3, 647.7, 488.7, 553.4, 613.7, 747.6666666666666, 517.6333333333333, 586.6333333333333, 582.1, 355.3, 424.3333333333333, 587.0, 481.76666666666665, 480.73333333333335, 549.2666666666667, 613.5, 546.7333333333333, 452.1333333333333, 579.8333333333334, 518.0, 456.4, 386.93333333333334, 418.26666666666665, 743.5333333333333, 455.3666666666667, 388.2, 549.1, 518.2333333333333, 614.5, 490.93333333333334, 580.7, 486.7, 676.9, 513.7, 518.5333333333333, 643.8666666666667, 483.1666666666667, 423.1666666666667, 452.1666666666667, 455.3, 614.9666666666667, 323.6333333333333, 420.0, 545.2666666666667, 520.3]","[126.645050803, 853.150665486, 1594.894361569, 2307.183633035, 3043.042853465, 3794.442502054, 4507.421167258, 5248.057292069, 5974.463864532, 6718.846799693, 7476.743942241, 8204.04556019, 8935.965607824, 9670.647602156, 10404.771689794, 11141.735692963, 11865.530938914, 12592.473685155, 13312.597852662, 14046.800595196, 14807.405686879, 15553.524091931, 16285.226220393, 17021.838928766, 17755.413090434, 18511.058705621, 19243.122193321, 19975.490433365, 20714.917428158, 21451.090752079, 22211.200513561, 22950.410970485, 23692.813527259, 24417.04494978, 25163.659107071, 25905.538886321, 26636.223509872, 27362.39244193, 28100.20847651, 28833.020010205, 29575.676190313, 30313.739043328, 31042.549151964, 31781.211151498, 32514.837737491, 33264.410628769, 33991.158723069, 34718.110201153, 35437.43933892, 36159.512631144, 36902.361867574, 37629.232058954, 38366.036253271, 39095.398867371, 39825.808885587, 40574.220527006, 41305.60254523, 42024.401052843, 42767.398325913, 43493.188539793, 44238.642554914, 44963.008928234, 45699.303683874, 46422.910057309, 47154.756726944, 47909.928698979, 48645.586422004, 49381.817193213, 50100.578034579, 50813.314564753, 51555.077205791, 52289.043305836, 53013.2964537, 53751.680101278, 54486.767223713, 55234.231699583, 55966.29802469, 56692.628465, 57428.938964871, 58168.299112892, 58908.556842729, 59640.410349133, 60375.691754888, 61089.561982901, 61827.020072184, 62558.858109549, 63299.542716292, 64031.596586824, 64755.879487103, 65492.292124226, 66241.541099031, 66980.203881717, 67696.496026278, 68436.37780887, 69168.24071408, 69901.325199226, 70638.827760584, 71373.618106325, 72112.908579717, 72851.50682106, 73596.501869178, 74330.732976701, 75060.882609982, 75808.045110844, 76544.107269996, 77300.013606647, 78037.158536901, 78777.896125475, 79512.209626225, 80224.907666697, 80980.567553956, 81716.802721486, 82437.639770846, 83163.764542745, 83891.682936818, 84653.954831809, 85388.843083754, 86125.138015632, 86860.773578604, 87586.659269445, 88349.44730511, 89095.759033217, 89831.024196558, 90560.734656649, 91288.045485951, 92027.869866995, 92746.977582802, 93478.141292585, 94219.480004094, 94928.298344466, 95678.554314925, 96403.102632483, 97139.651114635, 97873.569941825, 98608.437493143, 99358.394413683, 100093.216805226, 100833.782335203, 101552.808573854, 102280.850086724, 103036.240138034, 103772.157458144, 104506.135584965, 105233.385675869, 105965.628469264, 106723.106415585, 107456.67222134, 108188.973289824, 108918.48088056, 109643.829139903, 110395.394500216, 111125.232400044, 111877.371847766, 112597.203425977, 113319.481525754, 114062.507364046, 114798.239873457, 115537.996197889, 116273.495011927, 117015.158557372, 117745.437197323, 118475.360008521, 119212.601623904, 119940.524344682, 120681.438053579, 121426.476500282, 122145.880057217, 122869.564275024, 123593.985434836, 124331.630676153, 125083.026724422, 125810.272282574, 126544.419309711, 127281.315929835]","[0, 10, 20, 30, 40, 50, 60, 70, 80, 90, 100, 110, 120, 130, 140, 150, 160, 170, 180, 190, 200, 210, 220, 230, 240, 250, 260, 270, 280, 290, 300, 310, 320, 330, 340, 350, 360, 370, 380, 390, 400, 410, 420, 430, 440, 450, 460, 470, 480, 490, 500, 510, 520, 530, 540, 550, 560, 570, 580, 590, 600, 610, 620, 630, 640, 650, 660, 670, 680, 690, 700, 710, 720, 730, 740, 750, 760, 770, 780, 790, 800, 810, 820, 830, 840, 850, 860, 870, 880, 890, 900, 910, 920, 930, 940, 950, 960, 970, 980, 990, 1000, 1010, 1020, 1030, 1040, 1050, 1060, 1070, 1080, 1090, 1100, 1110, 1120, 1130, 1140, 1150, 1160, 1170, 1180, 1190, 1200, 1210, 1220, 1230, 1240, 1250, 1260, 1270, 1280, 1290, 1300, 1310, 1320, 1330, 1340, 1350, 1360, 1370, 1380, 1390, 1400, 1410, 1420, 1430, 1440, 1450, 1460, 1470, 1480, 1490, 1500, 1510, 1520, 1530, 1540, 1550, 1560, 1570, 1580, 1590, 1600, 1610, 1620, 1630, 1640, 1650, 1660, 1670, 1680, 1690, 1700, 1710, 1720, 1730]","[564, 6175, 11787, 17399, 23011, 28627, 34239, 39851, 45463, 51075, 56690, 62302, 67913, 73525, 79137, 84753, 90365, 95977, 101589, 107201, 112816, 118428, 124040, 129651, 135263, 140879, 146491, 152103, 157715, 163327, 168942, 174554, 180166, 185778, 191389, 197005, 202617, 208229, 213841, 219453, 225068, 230680, 236292, 241904, 247516, 253131, 258743, 264355, 269967, 275579, 281194, 286806, 292418, 298030, 303642, 309258, 314869, 320481, 326093, 331705, 337320, 342932, 348544, 354156, 359768, 365384, 370996, 376607, 382219, 387831, 393446, 399058, 404670, 410282, 415894, 421510, 427122, 432734, 438345, 443957, 449572, 455184, 460796, 466408, 472020, 477636, 483248, 488860, 494472, 500083, 505698, 511310, 516922, 522534, 528146, 533762, 539374, 544986, 550598, 556210, 561824, 567436, 573048, 578660, 584272, 589888, 595500, 601112, 606724, 612336, 617951, 623562, 629174, 634786, 640398, 646014, 651626, 657238, 662850, 668462, 674077, 679689, 685300, 690912, 696524, 702140, 707752, 713364, 718976, 724588, 730203, 735815, 741427, 747038, 752650, 758266, 763878, 769490, 775102, 780714, 786329, 791941, 797553, 803165, 808776, 814392, 820004, 825616, 831228, 836840, 842455, 848067, 853679, 859291, 864903, 870518, 876130, 881742, 887354, 892966, 898581, 904193, 909805, 915417, 921029, 926645, 932256, 937868, 943480, 949092, 954707, 960319, 965931, 971543]","[256, 128]"
az32vs2s,silvery-voice-508,BC,l2f_bc,killed,https://wandb.ai/korneelvandenberghe/l2f_bc/runs/az32vs2s,2025-04-20T19:07:25Z,37.41402005142085,86.8,2.0,adaptive,[37.41402005142085],[86.8],[9.229544],[0],[3],"[128, 128]"
wx960i3r,autumn-thunder-509,BC,l2f_bc,killed,https://wandb.ai/korneelvandenberghe/l2f_bc/runs/wx960i3r,2025-04-20T19:08:19Z,38.28420063353459,85.7,2.0,adaptive,[38.284200633534596],[85.7],[9.170276],[0],[2],"[128, 128]"
9v9lghw6,dainty-hill-510,BC,l2f_bc,finished,https://wandb.ai/korneelvandenberghe/l2f_bc/runs/9v9lghw6,2025-04-20T19:09:52Z,266.8621019005808,421.35,2.0,adaptive,"[75.73281609456151, 207.54241172312777, 298.89064934916786, 268.2048875221594, 207.89854779153225, 200.97221450462578, 102.81743756998219, 235.61668556668957, 234.34186514029653, 263.51146573231887, 267.085284454747, 167.73999643408297, 199.0736413344737, 201.1226795573992, 138.8925747959457, 138.73782654798256, 136.38549768558167, 235.12245019778447, 168.84740605578364, 199.35366629720414, 164.8946392508123, 170.45519037036453, 268.32003692408824, 200.9375775869794, 232.0035508542372, 267.9312971108504, 103.96588602801407, 165.83137148355596, 269.4631128635691, 266.8621019005808]","[134.65, 338.55, 473.25, 419.05, 330.25, 326.8, 180.65, 367.45, 379.7, 423.9, 422.8, 277.85, 319.7, 329.1, 241.65, 228.8, 236.15, 384.65, 278.65, 328.55, 273.4, 283.6, 432.75, 328.2, 370.9, 423.25, 181.7, 279.3, 422.7, 421.35]","[9.488965, 88.183772, 167.355722, 247.084794, 328.177225, 408.036027, 487.270131, 566.907586, 645.518373, 722.505424, 799.827028, 875.56431, 952.157521, 1028.535136, 1103.869296, 1180.046593, 1255.644265, 1332.007167, 1408.012544, 1483.969302, 1558.746089, 1634.032695, 1709.53978, 1785.254921, 1860.512525, 1936.23687, 2010.977597, 2086.718651, 2162.621612, 2238.356813]","[0, 10, 20, 30, 40, 50, 60, 70, 80, 90, 100, 110, 120, 130, 140, 150, 160, 170, 180, 190, 200, 210, 220, 230, 240, 250, 260, 270, 280, 290]","[2, 19, 36, 53, 70, 87, 104, 121, 138, 155, 172, 189, 206, 223, 240, 257, 274, 291, 308, 325, 342, 359, 376, 393, 410, 427, 444, 461, 478, 495]","[128, 128]"
682q33qx,toasty-wildflower-511,TD3BC_JS_Online,l2f_bc,killed,https://wandb.ai/korneelvandenberghe/l2f_bc/runs/682q33qx,2025-04-20T19:20:12Z,267.068196426424,420.6333333333333,2.0,adaptive,"[368.2729520557599, 361.81739755997495, 230.61191961280355, 428.52670982745553, 403.48946120489614, 288.81778313863146, 508.10579197789673, 307.15409467339043, 379.5544638191826, 332.352255636709, 357.33204040777366, 335.65047155536894, 375.8749588650242, 245.38561646553765, 334.38830219601175, 268.7575033880689, 421.329423147905, 308.8584728449569, 311.511510915055, 378.57308999263626, 397.1504122308257, 269.15044422540024, 309.64322027745783, 313.6356543598347, 422.05466845699965, 244.16387800261583, 200.97870504942526, 379.4707072807926, 338.33013749055885, 378.070972510879, 357.2042599094763, 355.9504194139667, 291.4666999413612, 267.58179275348954, 270.58557295643203, 249.81153821424763, 379.54430025040614, 378.3426838059719, 438.2450296763567, 340.23284279998103, 332.8043360094895, 313.57171752029245, 333.15016329425725, 397.6710903930058, 249.06162232962183, 355.8894945241675, 331.8692005602049, 377.82229015567793, 269.9785771060756, 353.4484409795228, 424.3748576804581, 378.25095028913927, 395.21710167827666, 291.830792377959, 312.4984278143166, 396.1907186591731, 250.8962747460702, 312.76712728491583, 228.1001828934818, 309.1527968152003, 353.83998524675303, 312.195007926117, 333.59556089815396, 334.484221472131, 337.67023632618304, 417.6006269396611, 383.8860867038889, 313.3788728879987, 335.6476179476398, 375.2831305903523, 354.1598893073923, 334.5555079108952, 354.9719308735204, 396.8577106688537, 444.0211738088808, 310.75801309222504, 332.58208476639385, 313.42040388816827, 444.89450109983176, 417.39456098975955, 270.54223287176336, 355.3286557070487, 421.4583298615049, 136.2271897831387, 400.0937176106538, 244.17289815154783, 424.4182334240415, 360.0902006474211, 418.25751803977454, 313.1880479153094, 313.57607859512035, 420.0988503962378, 359.2362364827492, 353.3745665957567, 377.7522446778109, 336.1984193540553, 375.92754081620785, 380.1053135806579, 357.9958623081649, 245.91468984494884, 401.298094455462, 398.2485564223145, 312.18976987563747, 354.03743578018333, 402.59896754430423, 269.13480110231103, 270.36083262692614, 334.4278115104553, 400.8214306016215, 309.55805613918795, 310.7008875668635, 246.9660343428811, 224.9402671900137, 352.87709598188405, 268.6486619869532, 314.27734062350993, 440.50809764165183, 422.5167102122278, 402.98381648413795, 266.7862025177756, 419.3900275248421, 395.98552858077915, 291.387667027402, 379.32262194888256, 292.70722747454454, 180.20821165541082, 374.37928159276674, 312.4269180023169, 294.07056516152613, 272.6347737083969, 399.42924415704596, 398.5100037283952, 336.1759841292248, 424.087195329742, 336.8386599590305, 335.53588773352305, 249.5106236481411, 225.3776425146198, 289.6839146872859, 374.9649452597683, 374.1014068534001, 309.3887463676692, 402.07286280882454, 378.66383893122656, 290.39511493949516, 357.00480943921895, 312.32157821458026, 467.9897278099219, 419.9002662868421, 313.0186721473613, 269.22469209688467, 315.0134948940415, 248.39563722186705, 397.12886819638425, 355.8157726893524, 294.0527455708305, 289.1723970078531, 242.87212300591028, 354.6048866857127, 415.1436827995529, 375.4588841362584, 335.85350356778355, 351.7555562192104, 381.3336235799805, 334.11420817936045, 464.35021693262297, 288.0544802839222, 287.4440875245797, 245.27574378742884, 351.27578534739763, 333.2120195814596, 376.5005047836559, 397.56819412396976, 267.068196426424]","[550.1333333333333, 557.5666666666667, 360.23333333333335, 645.8666666666667, 612.2, 450.23333333333335, 773.9333333333333, 483.7, 580.8, 516.1666666666666, 552.6, 517.8333333333334, 579.2333333333333, 387.96666666666664, 515.9333333333333, 425.46666666666664, 646.0666666666667, 484.6333333333333, 485.53333333333336, 586.8333333333334, 613.9, 418.1666666666667, 484.53333333333336, 491.8666666666667, 645.3333333333334, 391.8666666666667, 320.76666666666665, 582.6, 524.8, 584.3, 546.3, 554.9333333333333, 458.46666666666664, 423.5, 426.8, 387.8, 579.5, 585.5, 680.9666666666667, 519.5666666666667, 514.9666666666667, 488.43333333333334, 522.0333333333333, 612.4333333333333, 394.9, 549.4666666666667, 510.43333333333334, 583.6, 426.73333333333335, 551.4, 646.5666666666667, 579.5, 613.8666666666667, 455.2, 485.76666666666665, 612.4, 393.3, 488.1333333333333, 356.8, 487.1666666666667, 548.5666666666667, 486.3, 516.8333333333334, 517.0, 520.1333333333333, 645.7333333333333, 585.4666666666667, 482.3666666666667, 518.7333333333333, 582.5, 551.8666666666667, 518.0, 552.7333333333333, 611.8333333333334, 678.7333333333333, 480.6, 520.6, 482.56666666666666, 680.5, 647.6666666666666, 424.6, 550.2333333333333, 649.8, 224.06666666666666, 615.2333333333333, 385.03333333333336, 648.9666666666667, 548.9666666666667, 648.9666666666667, 487.9, 486.03333333333336, 644.3333333333334, 551.9333333333333, 546.8, 584.3, 516.8333333333334, 582.0666666666667, 581.1666666666666, 556.9666666666667, 388.6333333333333, 612.9, 613.6333333333333, 484.8333333333333, 548.3, 612.7333333333333, 422.23333333333335, 423.23333333333335, 520.4666666666667, 611.0333333333333, 486.43333333333334, 485.1, 384.03333333333336, 353.2, 551.1, 414.1333333333333, 484.23333333333335, 676.5, 645.4, 612.6, 420.76666666666665, 644.5666666666667, 610.8333333333334, 451.23333333333335, 580.7333333333333, 454.4, 293.1333333333333, 578.6666666666666, 484.23333333333335, 450.56666666666666, 427.1666666666667, 612.4, 614.5, 517.2666666666667, 647.1333333333333, 522.5333333333333, 517.8666666666667, 392.8, 356.1333333333333, 455.56666666666666, 582.1666666666666, 582.9333333333333, 483.23333333333335, 617.3666666666667, 580.5333333333333, 456.76666666666665, 550.8666666666667, 488.96666666666664, 710.7666666666667, 643.1666666666666, 482.5, 417.26666666666665, 483.43333333333334, 386.96666666666664, 616.0666666666667, 549.0666666666667, 460.0, 452.6, 386.1, 550.3, 648.2, 577.9333333333333, 515.1333333333333, 549.8333333333334, 580.9666666666667, 518.3333333333334, 716.7, 451.9, 452.46666666666664, 388.0, 551.7333333333333, 515.9333333333333, 583.4666666666667, 613.0, 420.6333333333333]","[90.4909520149231, 939.9605259895325, 1816.5448989868164, 2719.28577208519, 3615.0930910110474, 4524.590251922607, 5438.090732097626, 6341.2600429058075, 7251.176796913147, 8161.669720172882, 9061.832173109055, 9958.561638832092, 10835.833270072937, 11746.798393011093, 12659.31266784668, 13568.148146867752, 14473.614540100098, 15390.492676019669, 16307.487267017365, 17223.709817171097, 18140.742285966873, 19060.812536001205, 19985.031187057495, 20910.125190973282, 21832.366900920868, 22761.483947992325, 23684.1269030571, 24614.273312091827, 25536.779943943024, 26457.058208942413, 27385.12233400345, 28311.436666965485, 29239.3370718956, 30174.176368951797, 31106.15233683586, 32038.63432407379, 32964.64023089409, 33889.612506866455, 34818.745127916336, 35746.46408200264, 36674.35421490669, 37599.85280895233, 38521.757007837296, 39443.97258019447, 40363.20404601097, 41289.87979006767, 42220.26838707924, 43164.428960084915, 44111.48513197899, 45056.00159096718, 46006.49170303345, 46943.002161979675, 47871.2990231514, 48788.92052602768, 49687.1843290329, 50585.889701128006, 51484.758788108826, 52383.24646401405, 53286.21208500862, 54186.86799097061, 55067.438438892365, 55949.8035671711, 56832.06886601448, 57719.77834105492, 58606.573624134064, 59497.696372032166, 60388.18950891495, 61286.8477499485, 62187.409682035446, 63086.21265697479, 63980.021672964096, 64873.73088598251, 65764.15406394005, 66656.00772309303, 67553.94381213188, 68458.01774001122, 69351.51529693604, 70247.60414481163, 71142.49117898941, 72036.22885894775, 72934.30459284782, 73823.36892700195, 74720.86548304558, 75612.25505399704, 76506.61987495422, 77399.66933512688, 78294.17370200157, 79188.40492391586, 80086.65588498116, 80984.7219839096, 81890.96071195602, 82793.3588438034, 83694.27540302277, 84597.15251684189, 85493.27727890015, 86388.95378613472, 87280.0645198822, 88176.6657128334, 89079.14058184624, 89977.56236290932, 90879.095099926, 91782.75036215782, 92683.59778094292, 93589.07576203346, 94492.8462190628, 95395.8393330574, 96300.41041994095, 97206.2360150814, 98109.78055405617, 99010.48264288902, 99909.46290206909, 100805.44741988182, 101700.64564204216, 102599.03981208801, 103495.55891513824, 104393.32134819031, 105287.10863804817, 106179.61558508873, 107070.77896809578, 107960.00780391693, 108855.39825510979, 109753.27760004997, 110647.94192790985, 111546.99114394188, 112446.04587602615, 113343.58164596558, 114242.41293692589, 115145.212651968, 116045.50717687607, 116945.71731686592, 117847.13638186455, 118747.72092294693, 119648.92193293571, 120549.01619791985, 121449.30140280724, 122351.17915892601, 123247.37279582024, 124143.7194108963, 125046.77551412582, 125946.36718583107, 126853.29094815254, 127754.69089579582, 128653.95077204704, 129558.93305015564, 130458.79470014572, 131365.95900297165, 132266.67977404594, 133159.0303118229, 134064.31399083138, 134977.16843605042, 135878.0377290249, 136773.35615491867, 137688.51134991646, 138598.43776202202, 139506.4838719368, 140416.0400378704, 141318.24644994736, 142222.88015794754, 143128.1832098961, 144032.9725010395, 144938.01509714127, 145838.99993896484, 146740.5624909401, 147644.38021492958, 148548.1365969181, 149451.7029480934, 150343.59360313416, 151232.55131292343, 152124.94570589066, 153018.4871790409, 153915.06907105446, 154816.45741581917, 155717.95768904686, 156621.22366309166]","[0, 10, 20, 30, 40, 50, 60, 70, 80, 90, 100, 110, 120, 130, 140, 150, 160, 170, 180, 190, 200, 210, 220, 230, 240, 250, 260, 270, 280, 290, 300, 310, 320, 330, 340, 350, 360, 370, 380, 390, 400, 410, 420, 430, 440, 450, 460, 470, 480, 490, 500, 510, 520, 530, 540, 550, 560, 570, 580, 590, 600, 610, 620, 630, 640, 650, 660, 670, 680, 690, 700, 710, 720, 730, 740, 750, 760, 770, 780, 790, 800, 810, 820, 830, 840, 850, 860, 870, 880, 890, 900, 910, 920, 930, 940, 950, 960, 970, 980, 990, 1000, 1010, 1020, 1030, 1040, 1050, 1060, 1070, 1080, 1090, 1100, 1110, 1120, 1130, 1140, 1150, 1160, 1170, 1180, 1190, 1200, 1210, 1220, 1230, 1240, 1250, 1260, 1270, 1280, 1290, 1300, 1310, 1320, 1330, 1340, 1350, 1360, 1370, 1380, 1390, 1400, 1410, 1420, 1430, 1440, 1450, 1460, 1470, 1480, 1490, 1500, 1510, 1520, 1530, 1540, 1550, 1560, 1570, 1580, 1590, 1600, 1610, 1620, 1630, 1640, 1650, 1660, 1670, 1680, 1690, 1700, 1710, 1720, 1730]","[424, 4640, 8856, 13072, 17288, 21507, 25723, 29939, 34155, 38371, 42590, 46806, 51022, 55238, 59454, 63673, 67889, 72105, 76321, 80537, 84756, 88972, 93188, 97404, 101620, 105839, 110055, 114271, 118487, 122703, 126922, 131138, 135354, 139570, 143786, 148005, 152221, 156437, 160653, 164869, 169088, 173304, 177520, 181736, 185952, 190171, 194387, 198603, 202819, 207035, 211254, 215470, 219686, 223902, 228118, 232337, 236553, 240769, 244985, 249201, 253420, 257636, 261852, 266068, 270284, 274503, 278719, 282935, 287151, 291367, 295586, 299802, 304018, 308234, 312450, 316669, 320885, 325101, 329317, 333533, 337752, 341968, 346184, 350400, 354616, 358835, 363051, 367267, 371483, 375699, 379918, 384134, 388350, 392566, 396782, 401001, 405217, 409433, 413649, 417865, 422084, 426300, 430516, 434732, 438948, 443167, 447383, 451599, 455815, 460031, 464250, 468466, 472682, 476898, 481114, 485333, 489549, 493765, 497981, 502197, 506416, 510632, 514848, 519064, 523280, 527499, 531715, 535931, 540147, 544363, 548582, 552798, 557014, 561230, 565446, 569665, 573881, 578097, 582313, 586529, 590748, 594964, 599180, 603396, 607612, 611831, 616047, 620263, 624479, 628695, 632914, 637130, 641346, 645562, 649778, 653997, 658213, 662429, 666645, 670861, 675080, 679296, 683512, 687728, 691944, 696163, 700379, 704595, 708811, 713027, 717246, 721462, 725678, 729894]","[256, 128]"
y5zjs5jm,decent-planet-512,BC,l2f_bc,finished,https://wandb.ai/korneelvandenberghe/l2f_bc/runs/y5zjs5jm,2025-04-20T19:48:27Z,267.14121387023204,423.65,2.0,adaptive,"[34.77523258368966, 133.49638544182704, 205.24567565893145, 141.3707912788562, 173.81471102512918, 329.3270323111782, 107.3579787139096, 203.51823452592924, 105.2754078276181, 143.42026333435606, 204.66274628306311, 171.6028352973403, 243.33555355477, 170.9117645259684, 171.75941059006013, 207.13108132397946, 305.72213787277013, 202.47946277529866, 204.18443535581878, 271.31800451117914, 171.25932209523904, 107.95183512769476, 236.3432688296028, 268.01413723837555, 237.59842116579193, 201.08357678233762, 202.59384455307162, 199.75871464549596, 200.0307664531668, 267.14121387023204]","[87.15, 228.55, 328.45, 237.75, 282.0, 517.5, 186.65, 329.75, 182.0, 230.15, 322.45, 281.3, 374.15, 275.5, 282.0, 332.0, 474.85, 327.9, 326.25, 425.3, 276.2, 185.15, 375.35, 424.05, 371.65, 323.45, 329.55, 321.2, 324.1, 423.65]","[8.95588, 82.157927, 156.729368, 230.592095, 306.447404, 380.912595, 454.271529, 528.54377, 602.250848, 676.351435, 749.566869, 823.189222, 896.559339, 970.473791, 1045.46289, 1119.330111, 1193.667026, 1267.506572, 1341.533096, 1416.220508, 1490.263317, 1563.920851, 1639.298104, 1714.088446, 1788.865266, 1863.179123, 1937.687217, 2012.248379, 2086.970544, 2162.018963]","[0, 10, 20, 30, 40, 50, 60, 70, 80, 90, 100, 110, 120, 130, 140, 150, 160, 170, 180, 190, 200, 210, 220, 230, 240, 250, 260, 270, 280, 290]","[2, 19, 36, 53, 70, 87, 104, 121, 138, 155, 172, 189, 206, 223, 240, 257, 274, 291, 308, 325, 342, 359, 376, 393, 410, 427, 444, 461, 478, 495]","[128, 128]"
4ajecozf,zesty-oath-513,BC,l2f_bc,finished,https://wandb.ai/korneelvandenberghe/l2f_bc/runs/4ajecozf,2025-04-20T20:25:46Z,206.4496893409695,327.7,2.0,adaptive,"[80.99926526707864, 205.78438698258384, 170.04469960128512, 266.42561500912655, 169.2030420858327, 201.92627888670557, 336.76440485359274, 208.01288658411076, 270.53132961414576, 232.56096158381524, 235.9762319930344, 268.02083176201177, 206.45413784277497, 107.54498714927908, 233.59805256146396, 230.88177646416747, 133.61330594529113, 238.81332128983368, 267.7102979771913, 205.67943744795156, 240.14403524373446, 268.52785654857763, 300.6087261336819, 203.29838590331286, 269.5391598691939, 305.4267109896231, 238.30235234128614, 206.95331725125916, 237.64079763433, 206.44968934096954]","[163.65, 333.35, 278.6, 426.0, 277.1, 323.85, 517.65, 329.0, 427.0, 382.15, 374.35, 417.55, 332.2, 185.35, 375.3, 377.5, 234.8, 380.25, 423.1, 332.2, 375.5, 425.8, 468.8, 324.35, 425.35, 469.0, 384.1, 328.3, 380.6, 327.7]","[9.460203, 85.294666, 160.950886, 236.99127, 313.05388, 388.826582, 466.41095, 542.030824, 617.128316, 692.157409, 767.69399, 842.862627, 917.494671, 991.919119, 1067.030504, 1141.540083, 1214.535995, 1287.635491, 1361.755029, 1434.513712, 1508.505715, 1581.770128, 1655.34874, 1728.418218, 1800.339917, 1873.500131, 1946.348105, 2018.433534, 2090.741503, 2163.205163]","[0, 10, 20, 30, 40, 50, 60, 70, 80, 90, 100, 110, 120, 130, 140, 150, 160, 170, 180, 190, 200, 210, 220, 230, 240, 250, 260, 270, 280, 290]","[2, 19, 36, 53, 70, 87, 104, 121, 138, 155, 172, 189, 206, 223, 240, 257, 274, 291, 308, 325, 342, 359, 376, 393, 410, 427, 444, 461, 478, 495]","[128, 128]"
1fjudrcp,gallant-disco-514,BC,l2f_bc,finished,https://wandb.ai/korneelvandenberghe/l2f_bc/runs/1fjudrcp,2025-04-20T21:03:03Z,12.347405722031736,38.55,2.0,adaptive,"[10.124373454596181, 73.52593477517419, 44.92182591965471, 45.509774386763596, 10.171712881691645, 8.913225515530998, 12.804950344336751, 11.444196873936283, 114.72458937826846, 44.51796712629786, 29.293682200705803, 14.260386029766291, 51.33691433081303, 13.174202028273356, 47.11014018287331, 47.38008914975198, 13.699174257775095, 46.30643542413975, 11.516072035397592, 41.539950892377604, 9.85902734967425, 5.926691380893841, 15.244598649454375, 17.62996280018237, 15.92918332497735, 14.467299132854397, 48.13831121829826, 14.465099207697957, 11.160570054192215, 12.347405722031736]","[34.65, 129.5, 84.65, 96.7, 39.4, 33.45, 43.1, 39.5, 186.3, 86.25, 60.4, 40.3, 92.85, 39.8, 94.05, 89.9, 39.5, 93.5, 41.8, 94.35, 41.15, 31.6, 41.1, 40.25, 36.45, 36.15, 100.15, 37.8, 37.75, 38.55]","[8.491994, 70.805401, 131.803344, 193.961026, 254.244858, 314.209439, 373.253705, 432.836897, 493.050846, 551.237562, 608.843541, 669.630591, 731.72287, 793.573512, 855.593806, 917.708161, 976.181287, 1034.252205, 1092.031504, 1150.134287, 1208.021042, 1265.790038, 1323.635958, 1381.479051, 1439.245786, 1497.165786, 1555.322908, 1613.413301, 1671.415025, 1729.267243]","[0, 10, 20, 30, 40, 50, 60, 70, 80, 90, 100, 110, 120, 130, 140, 150, 160, 170, 180, 190, 200, 210, 220, 230, 240, 250, 260, 270, 280, 290]","[2, 19, 36, 53, 70, 87, 104, 121, 138, 155, 172, 189, 206, 223, 240, 257, 274, 291, 308, 325, 342, 359, 376, 393, 410, 427, 444, 461, 478, 495]","[16, 16]"
ldbjdr9o,super-donkey-515,BC,l2f_bc,finished,https://wandb.ai/korneelvandenberghe/l2f_bc/runs/ldbjdr9o,2025-04-20T21:32:54Z,11.397674910075745,40.75,2.0,adaptive,"[10.97159083125586, 11.753024181438125, 76.58293161979454, 145.33369772655257, 46.00702181153567, 43.305005745291304, 115.01081253196392, 12.673820219320035, 11.414720276423056, 13.99431642429462, 9.82527166524155, 45.39023631377634, 10.345537431447017, 22.809663902960967, 7.069441083807787, 111.24458090212559, 8.718196939027937, 72.23026297719373, 47.23029191960771, 87.69907334384126, 13.15727785706199, 108.61590279188968, 89.76513044080136, 6.235683896808393, 42.492292307563105, 8.030843955047885, 9.969726198921787, 9.238171099720477, 40.35691291679147, 11.397674910075743]","[33.7, 43.95, 139.35, 238.8, 92.7, 90.25, 193.6, 49.05, 41.8, 51.35, 40.05, 93.9, 40.6, 61.5, 43.1, 185.85, 55.2, 132.15, 93.05, 155.1, 50.65, 185.25, 169.35, 35.75, 88.25, 37.1, 43.45, 38.35, 91.0, 40.75]","[7.908327, 68.641026, 129.439044, 189.389194, 248.071636, 307.14425, 366.000825, 423.735933, 480.260954, 538.766951, 596.446334, 653.266278, 710.201577, 766.997444, 823.781392, 881.004473, 938.298819, 995.378698, 1052.934893, 1111.55222, 1168.716795, 1226.067584, 1284.452704, 1341.391044, 1398.392662, 1457.498457, 1513.786644, 1570.212198, 1626.820157, 1683.685446]","[0, 10, 20, 30, 40, 50, 60, 70, 80, 90, 100, 110, 120, 130, 140, 150, 160, 170, 180, 190, 200, 210, 220, 230, 240, 250, 260, 270, 280, 290]","[2, 19, 36, 53, 70, 87, 104, 121, 138, 155, 172, 189, 206, 223, 240, 257, 274, 291, 308, 325, 342, 359, 376, 393, 410, 427, 444, 461, 478, 495]","[16, 16]"
waifm63x,drawn-glade-516,BC,l2f_bc,finished,https://wandb.ai/korneelvandenberghe/l2f_bc/runs/waifm63x,2025-04-20T22:01:59Z,15.089116014818028,42.75,2.0,adaptive,"[12.36897000533843, 109.88078193147142, 69.91113207794909, 40.987473507532144, 41.41537091596271, 14.178254212179999, 43.551761631230065, 79.05446576865259, 47.320474568593006, 79.14636227275285, 115.14025589562148, 8.590083193781672, 78.364280131016, 15.235644584151904, 12.078247099578444, 42.5277954398465, 7.203864320830111, 80.48814812162452, 42.2822534128898, 44.51752304334327, 9.214078181920835, 145.40225796762772, 12.377103784422868, 7.333235790780419, 11.7909196361699, 143.13383751043938, 45.30663492487527, 76.18060944101913, 10.625235315627034, 15.089116014818027]","[37.8, 176.6, 133.65, 84.65, 89.3, 58.75, 95.85, 134.55, 92.85, 141.15, 187.35, 35.15, 137.55, 52.6, 52.35, 90.05, 33.45, 147.8, 82.75, 90.65, 36.15, 227.9, 44.9, 37.1, 51.95, 235.1, 90.7, 133.5, 46.0, 42.75]","[8.188482, 70.767022, 132.74509, 194.212795, 254.471023, 315.654292, 376.707291, 436.113477, 494.558713, 552.342381, 610.286037, 667.916739, 725.655169, 783.300951, 842.517595, 900.024415, 957.349858, 1016.351457, 1077.263439, 1135.970722, 1193.288847, 1251.42737, 1309.213885, 1366.625487, 1424.09979, 1482.257935, 1540.414812, 1598.577734, 1658.829722, 1717.986647]","[0, 10, 20, 30, 40, 50, 60, 70, 80, 90, 100, 110, 120, 130, 140, 150, 160, 170, 180, 190, 200, 210, 220, 230, 240, 250, 260, 270, 280, 290]","[2, 19, 36, 53, 70, 87, 104, 121, 138, 155, 172, 189, 206, 223, 240, 257, 274, 291, 308, 325, 342, 359, 376, 393, 410, 427, 444, 461, 478, 495]","[16, 16]"
6xeafknr,fancy-morning-517,BC,l2f_bc,finished,https://wandb.ai/korneelvandenberghe/l2f_bc/runs/6xeafknr,2025-04-20T22:31:48Z,110.43185438183966,189.4,2.0,adaptive,"[12.824399321623995, 104.0934891022954, 207.61393841091294, 172.34062427748023, 141.23900377316926, 68.79401130480107, 105.68111937317335, 75.40038597339122, 171.4329070081829, 175.72837022471703, 109.34567157727959, 109.93206533099647, 108.95811159022352, 70.66732358971623, 77.33847984063216, 105.14210860121598, 209.76853586508486, 203.85443863707687, 200.48152796750637, 108.76331124578527, 45.845131954690125, 174.17299560280244, 74.39514850377621, 46.19435556714423, 209.1178123746413, 239.0297253326136, 210.43662562623263, 113.01710018646702, 244.10823686469067, 110.43185438183966]","[46.4, 182.85, 331.65, 276.0, 239.75, 132.0, 185.5, 133.55, 279.65, 285.1, 178.7, 185.8, 180.5, 130.65, 137.35, 183.35, 335.35, 337.85, 326.15, 184.95, 88.1, 280.9, 136.2, 84.25, 328.35, 375.0, 324.95, 183.15, 383.0, 189.4]","[8.760327, 76.159442, 143.748084, 210.631244, 277.504663, 343.426247, 409.550752, 474.540081, 538.267682, 601.844132, 665.123456, 728.044389, 790.830002, 853.457403, 915.950851, 979.604937, 1042.916125, 1106.822517, 1172.019125, 1236.167561, 1298.917025, 1362.874572, 1427.047318, 1488.878683, 1553.404743, 1618.202741, 1682.692677, 1746.224025, 1809.769876, 1873.733269]","[0, 10, 20, 30, 40, 50, 60, 70, 80, 90, 100, 110, 120, 130, 140, 150, 160, 170, 180, 190, 200, 210, 220, 230, 240, 250, 260, 270, 280, 290]","[2, 19, 36, 53, 70, 87, 104, 121, 138, 155, 172, 189, 206, 223, 240, 257, 274, 291, 308, 325, 342, 359, 376, 393, 410, 427, 444, 461, 478, 495]","[64, 64]"
7oeqh3r6,balmy-thunder-518,BC,l2f_bc,finished,https://wandb.ai/korneelvandenberghe/l2f_bc/runs/7oeqh3r6,2025-04-20T23:04:07Z,111.34154767641012,194.3,2.0,adaptive,"[9.247469107244166, 106.60643226286854, 37.84178637373775, 106.13463158682141, 139.85220863204805, 106.18465311727016, 76.84697994296525, 170.86584992858718, 140.3121237067605, 138.68844546703235, 75.82199905864825, 104.42974692851085, 180.47920254572634, 73.76390207225532, 208.90890259267218, 239.9200599795481, 140.71644423791724, 337.2534288244271, 105.49756910102329, 81.20314423322581, 141.69289981804286, 77.13104480181853, 76.71731429226601, 139.0748818703024, 74.91635498908339, 140.41273645124076, 137.97576878263914, 47.09269057225419, 238.77062356666661, 111.34154767641012]","[33.1, 182.0, 92.5, 189.95, 233.2, 185.85, 143.9, 275.85, 231.1, 231.85, 142.65, 183.9, 282.95, 143.9, 328.5, 376.3, 232.7, 517.4, 187.45, 145.85, 231.9, 138.25, 141.8, 230.2, 135.2, 232.9, 234.6, 97.0, 374.45, 194.3]","[8.422404, 74.540162, 140.528285, 205.348528, 270.917682, 334.183817, 399.136228, 463.975705, 526.81874, 589.107957, 652.630008, 715.446431, 777.897478, 840.698787, 902.893728, 966.902658, 1029.885179, 1093.512574, 1156.98073, 1218.78986, 1281.704662, 1344.89765, 1406.43107, 1469.066183, 1530.90086, 1593.258488, 1655.533457, 1717.258513, 1779.810578, 1843.114224]","[0, 10, 20, 30, 40, 50, 60, 70, 80, 90, 100, 110, 120, 130, 140, 150, 160, 170, 180, 190, 200, 210, 220, 230, 240, 250, 260, 270, 280, 290]","[2, 19, 36, 53, 70, 87, 104, 121, 138, 155, 172, 189, 206, 223, 240, 257, 274, 291, 308, 325, 342, 359, 376, 393, 410, 427, 444, 461, 478, 495]","[64, 64]"
9udv6zib,curious-waterfall-519,BC,l2f_bc,finished,https://wandb.ai/korneelvandenberghe/l2f_bc/runs/9udv6zib,2025-04-20T23:35:56Z,144.66073299237334,233.3,2.0,adaptive,"[6.353580328549543, 103.76219756489937, 66.9267858061151, 69.04344692633956, 173.74614973321908, 136.15789129056063, 143.75274856421893, 202.65154806974294, 170.1062571251062, 205.04429082541137, 75.71203913810677, 16.690321748103774, 145.42781020904914, 206.73734086104406, 141.9519739368623, 12.301946966481456, 170.90251682816128, 142.53203676218538, 141.43366930962708, 143.18241553044228, 208.2819232751564, 106.74887418344925, 46.08867948669979, 41.427869882842245, 338.2576922866036, 77.84945502989352, 106.11630852344986, 240.94890983932638, 145.34703676067932, 144.66073299237334]","[30.35, 186.9, 134.05, 130.3, 283.7, 229.4, 239.75, 331.95, 285.2, 329.0, 137.1, 42.9, 238.7, 329.85, 232.85, 38.0, 277.15, 230.65, 231.4, 239.6, 324.45, 185.0, 93.45, 88.5, 517.5, 135.6, 188.9, 370.7, 230.3, 233.3]","[8.570605, 74.726119, 140.202319, 205.540327, 271.788913, 337.209743, 402.352113, 467.63473, 531.156212, 595.628894, 658.324985, 720.497857, 783.791436, 847.777512, 912.517476, 975.590176, 1038.149607, 1102.128659, 1165.616243, 1228.182651, 1292.01741, 1354.99231, 1417.184532, 1478.558806, 1542.996848, 1606.191878, 1668.863617, 1731.587485, 1795.274612, 1857.866606]","[0, 10, 20, 30, 40, 50, 60, 70, 80, 90, 100, 110, 120, 130, 140, 150, 160, 170, 180, 190, 200, 210, 220, 230, 240, 250, 260, 270, 280, 290]","[2, 19, 36, 53, 70, 87, 104, 121, 138, 155, 172, 189, 206, 223, 240, 257, 274, 291, 308, 325, 342, 359, 376, 393, 410, 427, 444, 461, 478, 495]","[64, 64]"
9jn68t03,daily-spaceship-520,BC,l2f_bc,finished,https://wandb.ai/korneelvandenberghe/l2f_bc/runs/9jn68t03,2025-04-21T00:07:59Z,46.830710944650654,96.15,2.0,adaptive,"[7.725978516654701, 77.7210989175497, 108.61375622035851, 105.95976966175412, 137.80302486064136, 105.14986972210902, 106.39068698274575, 80.73695274451484, 209.14672697532387, 180.05100339496954, 145.4402515958129, 115.63318876235591, 75.8319854685337, 75.80353849905488, 138.27216561006938, 72.39305822216504, 112.85971299950911, 109.24440602221303, 144.69509844058823, 12.828901024472248, 13.640852782555575, 174.59004921642628, 82.2983888693799, 146.64344771090532, 144.08431254559864, 73.24669223782259, 46.50039031112358, 12.170809356663039, 45.465167393912886, 46.830710944650654]","[34.65, 144.95, 191.85, 181.3, 237.95, 176.75, 183.8, 146.15, 332.7, 288.05, 237.4, 194.25, 144.4, 137.8, 232.25, 137.35, 196.6, 192.8, 235.7, 45.7, 39.2, 289.95, 145.0, 236.2, 234.9, 127.1, 89.75, 34.8, 84.05, 96.15]","[8.052317, 72.082766, 135.493773, 198.113296, 260.657552, 321.607381, 383.104972, 445.639046, 508.40115, 569.712707, 630.010985, 690.055463, 751.211599, 811.921506, 872.029248, 934.10348, 993.448116, 1053.489092, 1113.751714, 1173.297487, 1232.305562, 1292.067226, 1352.48785, 1412.386663, 1472.929986, 1533.003474, 1592.389286, 1651.58894, 1710.675165, 1769.68728]","[0, 10, 20, 30, 40, 50, 60, 70, 80, 90, 100, 110, 120, 130, 140, 150, 160, 170, 180, 190, 200, 210, 220, 230, 240, 250, 260, 270, 280, 290]","[2, 19, 36, 53, 70, 87, 104, 121, 138, 155, 172, 189, 206, 223, 240, 257, 274, 291, 308, 325, 342, 359, 376, 393, 410, 427, 444, 461, 478, 495]","[32, 32]"
w3cihe1w,stilted-moon-521,BC,l2f_bc,finished,https://wandb.ai/korneelvandenberghe/l2f_bc/runs/w3cihe1w,2025-04-21T00:38:32Z,81.90394540920674,147.75,2.0,adaptive,"[6.525316170307724, 41.793582088854755, 76.8559048645682, 110.0096521255728, 73.23502250493804, 107.47797811121237, 108.32846410551429, 8.064214375814972, 42.098406843595356, 7.979770095317169, 7.907367433056976, 39.36783555338703, 38.91169591580699, 71.46720364955253, 176.41071673364897, 75.09879136432015, 38.66163660116076, 109.52302167102737, 109.06222316647954, 5.825586460596488, 39.813912408770726, 41.86116689416379, 38.53783286576988, 12.306920168174797, 110.87998859370596, 111.91249664210466, 41.75883532262971, 78.06511742415474, 213.30644089112485, 81.90394540920674]","[33.75, 86.85, 134.9, 190.35, 138.35, 184.9, 188.6, 54.15, 92.15, 43.2, 48.85, 84.15, 91.7, 139.0, 286.2, 143.4, 85.75, 187.75, 191.1, 47.95, 89.2, 95.65, 82.65, 45.25, 182.25, 188.8, 88.8, 142.35, 337.35, 147.75]","[8.165846, 70.588606, 133.19365, 195.75407, 256.419848, 317.658355, 378.412873, 438.648416, 498.756087, 559.217225, 619.13581, 679.072012, 738.155924, 796.639064, 855.886052, 915.766644, 973.661351, 1032.306596, 1092.130843, 1151.470889, 1209.186883, 1267.69409, 1326.596049, 1384.509756, 1442.686419, 1501.887831, 1560.914601, 1619.222505, 1679.159184, 1739.008284]","[0, 10, 20, 30, 40, 50, 60, 70, 80, 90, 100, 110, 120, 130, 140, 150, 160, 170, 180, 190, 200, 210, 220, 230, 240, 250, 260, 270, 280, 290]","[2, 19, 36, 53, 70, 87, 104, 121, 138, 155, 172, 189, 206, 223, 240, 257, 274, 291, 308, 325, 342, 359, 376, 393, 410, 427, 444, 461, 478, 495]","[32, 32]"
l13uuhtn,wandering-energy-522,BC,l2f_bc,finished,https://wandb.ai/korneelvandenberghe/l2f_bc/runs/l13uuhtn,2025-04-21T01:08:34Z,10.209696298377755,38.35,2.0,adaptive,"[8.132964410037864, 38.71828348595747, 75.46654911272354, 7.944795119541938, 76.65277711066469, 39.673132746599165, 147.98199406741227, 147.74013570035558, 39.99665748463924, 40.44520060489517, 105.03066454538084, 176.0525027965096, 104.04988662237864, 6.626571705002275, 41.30360895151351, 72.06351165789351, 105.16756042145327, 107.0058127076314, 109.68039039361926, 41.59311279974997, 39.102931704056466, 111.16142257257965, 108.29306851844694, 42.282616067712524, 76.74492555058973, 111.75540473481291, 113.03105274654823, 40.07191315425207, 81.27820626380512, 10.209696298377757]","[31.95, 86.85, 137.4, 46.15, 143.7, 91.7, 240.1, 237.5, 94.5, 106.1, 185.9, 280.75, 186.05, 43.7, 98.15, 142.5, 197.45, 185.25, 189.95, 88.15, 86.25, 179.3, 186.05, 85.5, 138.25, 184.65, 182.5, 85.3, 146.05, 38.35]","[8.273104, 71.271792, 134.612702, 197.258782, 259.649462, 320.680612, 382.911977, 444.039835, 505.351656, 564.529243, 625.343498, 686.895974, 747.929292, 807.577487, 866.698279, 929.086109, 988.718057, 1048.877608, 1108.950625, 1168.535403, 1227.510193, 1286.960687, 1346.970661, 1406.445972, 1465.7326, 1525.548289, 1585.841715, 1645.400273, 1704.927131, 1764.241112]","[0, 10, 20, 30, 40, 50, 60, 70, 80, 90, 100, 110, 120, 130, 140, 150, 160, 170, 180, 190, 200, 210, 220, 230, 240, 250, 260, 270, 280, 290]","[2, 19, 36, 53, 70, 87, 104, 121, 138, 155, 172, 189, 206, 223, 240, 257, 274, 291, 308, 325, 342, 359, 376, 393, 410, 427, 444, 461, 478, 495]","[32, 32]"
mmj8cw8a,colorful-haze-553-TD3BC,BC,l2f_bc,finished,https://wandb.ai/korneelvandenberghe/l2f_bc/runs/mmj8cw8a,2025-04-21T12:27:02Z,-176.91205000505985,191.65,2.0,adaptive,"[-1.3725269656752093, 30.208771182729084, 50.708719628677855, -60.08078239289623, -153.96598334045865, -147.91536074519973, -146.8420154141627, -141.26712190318105, -184.59585781092446, -189.709334558002, -207.4607504993225, -127.71792020272184, -147.9547175310598, -218.85283501668172, -111.50374072611162, -198.1285012450218, -208.89045463472726, -122.23923325187612, -129.11752850018027, -175.73612783019752, -188.5321615129183, -123.97727935943337, -143.35618522215714, -197.56935010208844, -156.65529602822892, -139.98378518725355, -201.63869059553383, -186.67280827550107, -232.2102588557535, -209.5074457608288, -180.86308465043112, -182.83728424915506, -199.46917579530688, -156.30611202845466, -153.2438650537677, -198.16062219947818, -154.47847401408143, -227.55207026277307, -181.92098079604318, -120.25855045868892, -191.82516237683402, -172.58517909038454, -227.73510841267793, -216.90205246318664, -175.97965221649926, -140.93698603151802, -137.74511205532042, -154.67732217079484, -154.11190635801452, -176.91205000505983]","[35.75, 129.55, 325.6, 280.2, 231.15, 229.2, 229.0, 185.15, 369.7, 326.7, 327.85, 135.4, 226.4, 385.4, 132.8, 331.1, 330.3, 133.45, 179.1, 284.85, 327.8, 179.05, 139.3, 326.15, 233.35, 181.6, 326.95, 278.8, 467.4, 333.0, 233.55, 277.2, 277.65, 231.1, 227.75, 375.85, 272.0, 425.35, 283.3, 180.75, 323.9, 279.7, 470.1, 379.05, 278.85, 180.3, 184.35, 228.7, 231.6, 191.65]","[10.652226, 113.140186, 218.685077, 325.314215, 435.774476, 543.255344, 649.989337, 757.489344, 867.231571, 977.338843, 1087.370812, 1196.292988, 1306.492615, 1420.502005, 1533.518024, 1647.695682, 1760.206272, 1871.95257, 1984.245118, 2097.743127, 2211.382379, 2322.224366, 2433.548198, 2547.184985, 2659.508114, 2771.564168, 2885.65707, 2998.071298, 3111.977449, 3224.864683, 3338.196617, 3451.210154, 3563.899316, 3677.219146, 3791.411123, 3904.300701, 4017.57572, 4130.122283, 4243.552588, 4355.909473, 4469.089359, 4582.002026, 4694.64005, 4808.330363, 4921.721059, 5033.020773, 5146.160667, 5260.390838, 5374.33445, 5490.289596]","[0, 0, 0, 0, 0, 0, 0, 0, 0, 0, 0, 0, 0, 0, 0, 0, 0, 0, 0, 0, 0, 0, 0, 0, 0, 0, 0, 0, 0, 0, 0, 0, 0, 0, 0, 0, 0, 0, 0, 0, 0, 0, 0, 0, 0, 0, 0, 0, 0, 0]","[241, 2648, 5055, 7462, 9869, 12276, 14683, 17090, 19497, 21904, 24311, 26718, 29125, 31532, 33939, 36346, 38753, 41160, 43567, 45974, 48381, 50788, 53195, 55602, 58009, 60416, 62823, 65230, 67637, 70044, 72451, 74858, 77265, 79672, 82079, 84486, 86893, 89300, 91707, 94114, 96521, 98928, 101335, 103742, 106149, 108556, 110963, 113370, 115777, 118184]","[128, 128]"
x0amm4aa,effortless-puddle-554-TD3BC,BC,l2f_bc,finished,https://wandb.ai/korneelvandenberghe/l2f_bc/runs/x0amm4aa,2025-04-21T14:00:23Z,-210.34629580117803,287.65,2.0,adaptive,"[0.8747900567333726, 65.75365668743333, 37.292526124079686, -72.44335760848776, -119.13613068934123, -128.0766277227056, -200.14021756703772, -109.17519890746715, -82.90323298495852, -196.22169967639783, -263.54660488815136, -80.46486810403519, -220.90706666256065, -214.55616203108517, -168.49352226830382, -201.70926040290271, -227.80266370162389, -166.06796035846133, -218.94894552016976, -163.56551223247448, -201.24902530167756, -124.00739482182169, -236.4561171993884, -206.83691906438406, -221.36104951833357, -168.0342671855541, -128.44048909431086, -193.0496622275046, -200.1870178407614, -154.98697962649868, -73.60565848537004, -181.50381779189107, -179.94697176828265, -73.27495192313914, -216.7386307579875, -55.6884764953691, -79.13047909482343, -77.91404795854572, -78.75320253046786, -62.62854025287479, -184.54183283561264, -210.47351505866112, -65.1969063998421, -214.2874089765413, -225.04282429954247, -255.28334279982437, -226.22927773165824, -229.74113858781942, -218.07883859614785, -210.34629580117803]","[37.6, 236.65, 335.15, 191.6, 183.5, 183.9, 329.2, 53.0, 48.5, 325.5, 525.3, 33.25, 333.6, 380.9, 186.6, 286.5, 336.3, 193.5, 320.8, 236.4, 238.35, 98.7, 430.9, 381.85, 376.0, 236.7, 192.7, 369.3, 334.85, 234.25, 43.05, 282.05, 378.0, 40.95, 421.4, 44.3, 42.75, 41.85, 47.3, 41.95, 284.8, 377.35, 37.6, 375.7, 374.0, 475.75, 378.05, 518.8, 381.05, 287.65]","[10.516741, 114.077992, 218.94806, 323.622036, 429.506291, 535.954363, 642.254702, 748.822774, 856.254506, 964.472064, 1074.831991, 1181.855611, 1291.511233, 1399.672722, 1508.196295, 1616.437074, 1724.96204, 1833.015027, 1942.868263, 2051.499408, 2160.184102, 2268.096104, 2377.287462, 2485.785472, 2594.513752, 2702.516335, 2810.724914, 2919.912868, 3028.122175, 3137.761993, 3244.487767, 3350.598049, 3460.141853, 3568.99439, 3679.132504, 3788.892875, 3896.425623, 4004.986317, 4113.682934, 4222.205503, 4334.213911, 4444.716956, 4553.203408, 4663.873719, 4774.247287, 4934.489037, 4997.562494, 5108.780147, 5219.520546, 5329.227766]","[0, 0, 0, 0, 0, 0, 0, 0, 0, 0, 0, 0, 0, 0, 0, 0, 0, 0, 0, 0, 0, 0, 0, 0, 0, 0, 0, 0, 0, 0, 0, 0, 0, 0, 0, 0, 0, 0, 0, 0, 0, 0, 0, 0, 0, 0, 0, 0, 0, 0]","[241, 2648, 5055, 7462, 9869, 12276, 14683, 17090, 19497, 21904, 24311, 26718, 29125, 31532, 33939, 36346, 38753, 41160, 43567, 45974, 48381, 50788, 53195, 55602, 58009, 60416, 62823, 65230, 67637, 70044, 72451, 74858, 77265, 79672, 82079, 84486, 86893, 89300, 91707, 94114, 96521, 98928, 101335, 103742, 106149, 108556, 110963, 113370, 115777, 118184]","[128, 128]"
4tssaprm,smooth-durian-555-TD3BC,BC,l2f_bc,finished,https://wandb.ai/korneelvandenberghe/l2f_bc/runs/4tssaprm,2025-04-21T15:30:59Z,-212.12922235257952,274.0,2.0,adaptive,"[-2.4666337625192045, 30.60643716020249, 37.77892375992177, -50.59656735544408, -154.33823735252315, -190.10696721268292, -158.60524916349056, -188.76144531129842, -219.7195693623775, -172.04972554701024, -247.2727967688486, -202.10104898037085, -185.58993940631518, -234.11506946089145, -227.00628475746083, -283.1367354798948, -218.1767171173523, -222.53705122979378, -219.88703866731885, -212.55427140144684, -202.19986714867798, -191.25832347917986, -173.1810177309688, -219.20200100883903, -214.1550782744097, -149.72566644706657, -148.28073594747136, -264.54906624884603, -273.23726569431807, -175.16162036811457, -244.11927008377992, -281.0020587186011, -166.35677542464134, -268.3072019591755, -197.33411003509167, -204.5617548836304, -114.35046981589937, -259.48418843591094, -123.07625357910618, -147.95341487233344, -226.82710029473316, -262.27811026241886, -261.7212821773317, -258.7351264511143, -221.256704133371, -233.64458688580976, -226.5126381358053, -221.25303570882292, -247.85777612008778, -212.12922235257952]","[32.65, 136.65, 273.45, 372.85, 274.0, 382.5, 279.55, 283.9, 337.25, 232.6, 426.2, 326.2, 278.5, 467.45, 374.45, 433.3, 329.6, 382.75, 420.3, 290.65, 236.2, 275.1, 185.6, 337.4, 334.45, 133.35, 134.55, 525.1, 378.3, 187.2, 378.2, 477.9, 229.75, 481.5, 326.9, 334.55, 84.65, 376.2, 83.8, 177.9, 331.05, 473.65, 428.35, 471.65, 374.15, 376.55, 421.65, 329.4, 336.35, 274.0]","[10.630514, 116.005129, 223.908454, 332.793283, 440.597113, 550.349181, 658.227388, 767.654693, 877.186275, 986.43891, 1096.907918, 1206.297696, 1316.32706, 1426.922263, 1537.56348, 1642.697968, 1747.508742, 1854.614002, 1961.40032, 2067.450075, 2172.741723, 2279.564569, 2386.936725, 2495.229669, 2603.415202, 2709.99329, 2818.045214, 2925.42715, 3032.455836, 3137.334146, 3246.928329, 3354.919634, 3462.096937, 3569.526904, 3677.45664, 3785.586275, 3895.069897, 4005.639743, 4115.449477, 4224.989724, 4337.057916, 4447.830356, 4558.732206, 4670.255206, 4780.033361, 4889.982555, 5001.212496, 5113.979793, 5226.190717, 5338.645411]","[0, 0, 0, 0, 0, 0, 0, 0, 0, 0, 0, 0, 0, 0, 0, 0, 0, 0, 0, 0, 0, 0, 0, 0, 0, 0, 0, 0, 0, 0, 0, 0, 0, 0, 0, 0, 0, 0, 0, 0, 0, 0, 0, 0, 0, 0, 0, 0, 0, 0]","[241, 2648, 5055, 7462, 9869, 12276, 14683, 17090, 19497, 21904, 24311, 26718, 29125, 31532, 33939, 36346, 38753, 41160, 43567, 45974, 48381, 50788, 53195, 55602, 58009, 60416, 62823, 65230, 67637, 70044, 72451, 74858, 77265, 79672, 82079, 84486, 86893, 89300, 91707, 94114, 96521, 98928, 101335, 103742, 106149, 108556, 110963, 113370, 115777, 118184]","[128, 128]"
6zyggclu,wandering-sun-556-TD3BC,BC,l2f_bc,finished,https://wandb.ai/korneelvandenberghe/l2f_bc/runs/6zyggclu,2025-04-21T17:01:42Z,-135.3342219715266,181.9,2.0,adaptive,"[2.8796341915008887, 4.17733204168262, -1.9846353167533142, -57.204917670720704, -127.09984654057902, -107.24999886943985, -112.55089932520528, -105.32480821614936, -139.8289480679267, -163.4311037166545, -160.36764232258997, -134.9813279851698, -102.95407370901964, -144.73295882066571, -142.73892695391535, -132.9208524751579, -128.0442822746159, -165.98755414126927, -171.72222678867436, -110.50957315749619, -188.65088895539776, -137.95197830842517, -139.77659002064962, -125.07621848009485, -138.44719762412464, -125.3067587439817, -107.49527761794505, -122.66308327281217, -120.8690192665133, -164.86952699226592, -136.24296606482838, -106.19314915604328, -133.85344257677147, -112.03905994241995, -110.83066540720472, -126.19506647203266, -122.77239111336307, -147.96262812119832, -147.64111293869493, -135.64822676489095, -110.17336550628427, -142.67904846191624, -177.88699369461054, -140.09560334874288, -134.30156210594185, -137.0939808652942, -132.2045398536396, -128.6151123777381, -109.40986063070264, -135.3342219715266]","[34.25, 93.25, 132.2, 139.6, 191.55, 132.65, 182.75, 83.4, 183.3, 230.35, 232.7, 138.8, 34.25, 142.4, 96.3, 136.3, 132.25, 97.95, 154.7, 39.55, 253.65, 50.4, 92.8, 88.5, 92.05, 89.65, 34.1, 88.7, 89.7, 190.35, 224.85, 37.95, 135.05, 37.45, 41.7, 47.05, 40.6, 99.2, 98.05, 180.9, 83.7, 233.95, 146.85, 144.25, 142.5, 139.05, 134.7, 137.65, 40.85, 181.9]","[5.577019, 51.979937, 98.939055, 146.022055, 193.848945, 242.856039, 292.767384, 342.279473, 392.442039, 442.529508, 492.613131, 541.145939, 588.85375, 636.648946, 684.028744, 731.630379, 779.320223, 827.652192, 877.559809, 927.178583, 977.555835, 1027.071698, 1076.777502, 1125.979431, 1173.655573, 1221.326778, 1268.696743, 1318.549789, 1368.5471, 1419.497673, 1470.455888, 1520.410197, 1570.908016, 1622.270943, 1673.930265, 1726.025713, 1775.35353, 1824.178039, 1873.031602, 1922.344305, 1970.738964, 2020.097368, 2069.238129, 2121.735511, 2170.250982, 2218.639357, 2266.846408, 2315.095412, 2362.774985, 2411.245478]","[0, 0, 0, 0, 0, 0, 0, 0, 0, 0, 0, 0, 0, 0, 0, 0, 0, 0, 0, 0, 0, 0, 0, 0, 0, 0, 0, 0, 0, 0, 0, 0, 0, 0, 0, 0, 0, 0, 0, 0, 0, 0, 0, 0, 0, 0, 0, 0, 0, 0]","[241, 2648, 5055, 7462, 9869, 12276, 14683, 17090, 19497, 21904, 24311, 26718, 29125, 31532, 33939, 36346, 38753, 41160, 43567, 45974, 48381, 50788, 53195, 55602, 58009, 60416, 62823, 65230, 67637, 70044, 72451, 74858, 77265, 79672, 82079, 84486, 86893, 89300, 91707, 94114, 96521, 98928, 101335, 103742, 106149, 108556, 110963, 113370, 115777, 118184]","[16, 16]"
qz21d0o6,peach-jazz-557,BC,l2f_bc,finished,https://wandb.ai/korneelvandenberghe/l2f_bc/runs/qz21d0o6,2025-04-21T17:42:45Z,-154.22539696667852,277.25,2.0,adaptive,"[2.820573335512095, -10.037815432448124, -24.66765706796302, -49.77218256004758, -86.7412673983581, -124.99205300836547, -89.33702996853035, -130.26551240061607, -154.81407819294617, -140.24064172682247, -128.04527150141075, -122.22037873853878, -140.35008167456232, -106.11483194986238, -124.97003937516126, -122.66432131611214, -147.43655930426843, -160.7881401759185, -116.97183823500409, -131.77772029623253, -102.2247532687786, -161.02295397766858, -125.99647791824131, -147.9619055373251, -127.53705462637072, -105.76592721474597, -130.23180112670906, -103.43199910427975, -158.92618887128612, -127.2085663762324, -158.94901703570528, -127.51076968166618, -132.79199353963745, -116.35794354313357, -132.78550027785542, -130.89231242602756, -138.30650491277106, -149.0208318248888, -147.15218709170708, -166.34689879135863, -134.18408217133836, -161.4363640566325, -133.15522875563502, -137.35251864825048, -145.95282848237875, -108.47325655063798, -135.88196843141412, -141.1247248996128, -171.27843878997223, -154.22539696667852]","[25.7, 39.75, 34.45, 134.15, 42.05, 227.75, 36.0, 133.9, 185.7, 138.25, 87.55, 43.7, 181.6, 34.75, 182.6, 128.85, 93.65, 102.9, 42.75, 40.35, 36.2, 95.85, 45.95, 103.2, 91.2, 41.55, 51.3, 32.55, 233.0, 88.8, 144.85, 42.85, 49.8, 42.85, 41.2, 86.2, 140.3, 145.4, 90.85, 284.35, 137.85, 193.8, 47.9, 88.2, 98.5, 84.05, 42.15, 140.75, 243.5, 277.25]","[5.789618, 54.438784, 103.753054, 155.004979, 205.396049, 256.700738, 305.394727, 354.182477, 403.321627, 452.298658, 500.989597, 550.854733, 600.691363, 651.845619, 703.044005, 755.220577, 807.863563, 859.778916, 912.128347, 965.585445, 1018.462575, 1071.762828, 1124.451662, 1176.812642, 1228.213659, 1279.065243, 1330.870089, 1384.766721, 1437.084046, 1488.599369, 1540.070453, 1590.637536, 1641.193777, 1691.910485, 1742.473361, 1793.409045, 1844.516078, 1895.398725, 1946.041489, 1997.341943, 2048.845816, 2100.444176, 2150.832985, 2201.498736, 2252.260227, 2303.184935, 2355.696461, 2408.35872, 2460.277752, 2514.547333]","[0, 0, 0, 0, 0, 0, 0, 0, 0, 0, 0, 0, 0, 0, 0, 0, 0, 0, 0, 0, 0, 0, 0, 0, 0, 0, 0, 0, 0, 0, 0, 0, 0, 0, 0, 0, 0, 0, 0, 0, 0, 0, 0, 0, 0, 0, 0, 0, 0, 0]","[241, 2648, 5055, 7462, 9869, 12276, 14683, 17090, 19497, 21904, 24311, 26718, 29125, 31532, 33939, 36346, 38753, 41160, 43567, 45974, 48381, 50788, 53195, 55602, 58009, 60416, 62823, 65230, 67637, 70044, 72451, 74858, 77265, 79672, 82079, 84486, 86893, 89300, 91707, 94114, 96521, 98928, 101335, 103742, 106149, 108556, 110963, 113370, 115777, 118184]","[16, 16]"
jpwhy80l,colorful-moon-558,BC,l2f_bc,finished,https://wandb.ai/korneelvandenberghe/l2f_bc/runs/jpwhy80l,2025-04-21T18:25:36Z,-136.03018160056658,136.55,2.0,adaptive,"[0.8223254598264645, 32.64324938443018, 47.554876794477266, -40.6757910770744, -84.7518917569188, -126.90752082965476, -112.23573853576845, -174.0642329745768, -159.97042683092823, -140.93806379110706, -159.93290152730725, -121.26488711766804, -140.5295041395356, -130.62732975994163, -133.16463355994892, -134.61281368343626, -128.30012125358965, -149.91293601202125, -142.14463781782734, -137.71247814831287, -147.38809482548353, -122.8997162295902, -125.26593220782001, -130.92995595440024, -152.10863644293858, -150.27656170747306, -158.089553248782, -160.9981954911303, -122.99930785945142, -161.09770184488073, -163.6412193939383, -161.1403099877129, -116.6621887481613, -127.93283242984971, -122.57206727459905, -137.106783970563, -99.51829410027442, -133.50054940030878, -126.05594538397347, -140.31795745537337, -156.60456063578283, -111.30363295841804, -133.32209589017683, -129.6392809426029, -147.0195056877461, -153.92801218346227, -147.747216109901, -130.56606992768073, -122.63814697629962, -136.03018160056658]","[31.65, 131.3, 285.9, 182.15, 39.05, 187.5, 186.3, 190.05, 187.65, 227.65, 191.7, 50.3, 135.85, 134.1, 47.1, 95.5, 82.25, 146.75, 136.85, 88.75, 138.35, 134.9, 176.6, 95.4, 95.95, 89.35, 180.2, 103.3, 87.35, 147.3, 144.95, 182.95, 85.95, 87.0, 41.65, 86.85, 39.0, 92.0, 133.35, 138.75, 230.4, 40.7, 185.5, 135.9, 93.55, 144.7, 227.6, 87.4, 91.9, 136.55]","[5.776407, 57.220414, 109.629586, 164.130493, 214.159586, 263.862031, 313.597149, 363.519555, 413.910488, 464.003921, 513.640512, 563.033302, 612.796507, 664.106787, 714.86024, 764.929471, 816.671164, 868.134089, 918.768192, 971.526941, 1024.287618, 1074.706823, 1125.711189, 1176.720138, 1230.653397, 1281.724108, 1333.14092, 1383.379447, 1434.69478, 1485.933573, 1536.740174, 1590.082861, 1642.586048, 1695.958942, 1748.765408, 1802.191255, 1854.663752, 1906.666132, 1960.693053, 2013.31076, 2066.241185, 2118.97644, 2171.952846, 2226.278317, 2280.356484, 2335.108247, 2389.980382, 2444.908452, 2499.067649, 2553.622338]","[0, 0, 0, 0, 0, 0, 0, 0, 0, 0, 0, 0, 0, 0, 0, 0, 0, 0, 0, 0, 0, 0, 0, 0, 0, 0, 0, 0, 0, 0, 0, 0, 0, 0, 0, 0, 0, 0, 0, 0, 0, 0, 0, 0, 0, 0, 0, 0, 0, 0]","[241, 2648, 5055, 7462, 9869, 12276, 14683, 17090, 19497, 21904, 24311, 26718, 29125, 31532, 33939, 36346, 38753, 41160, 43567, 45974, 48381, 50788, 53195, 55602, 58009, 60416, 62823, 65230, 67637, 70044, 72451, 74858, 77265, 79672, 82079, 84486, 86893, 89300, 91707, 94114, 96521, 98928, 101335, 103742, 106149, 108556, 110963, 113370, 115777, 118184]","[16, 16]"
4c2c7a0p,feasible-darkness-559,BC,l2f_bc,finished,https://wandb.ai/korneelvandenberghe/l2f_bc/runs/4c2c7a0p,2025-04-21T19:09:10Z,-198.25626754782363,278.5,2.0,adaptive,"[6.510948828838707, 104.62566637099137, 49.79444797078461, -58.04635163606508, -187.51645760536582, -154.12416615691566, -167.50734866245634, -170.44523961613453, -144.64155154126908, -177.62090981511136, -236.77210927302062, -157.84298809800754, -160.93634893278428, -206.94941985722176, -168.9104164594348, -183.68280407298568, -174.91600719136156, -134.52704927843405, -188.7841113939767, -185.26111883575675, -253.5329007906152, -188.05441825903767, -190.21576691084292, -226.4662584260895, -222.40282740474814, -140.79154452933133, -140.64210177533295, -137.044924829523, -188.32780468883817, -145.56274153955775, -235.78749371237132, -175.01061476959018, -151.51904450824958, -165.12440530586892, -183.15785954767654, -152.51503401832167, -186.81407767347676, -171.3901125050336, -172.1300651811521, -173.43528513226576, -213.73798294355925, -229.12666266480292, -138.5537879605423, -216.53881518705674, -106.13896812080819, -159.35474842229002, -165.65296432547433, -209.0685104049431, -208.03589177903783, -198.25626754782363]","[38.9, 278.45, 325.6, 39.1, 374.9, 279.0, 234.55, 234.3, 85.8, 231.75, 333.95, 229.7, 187.85, 375.2, 184.15, 232.55, 230.2, 130.55, 328.95, 234.3, 423.1, 149.1, 284.0, 338.9, 384.65, 180.9, 92.9, 90.1, 238.05, 178.55, 378.65, 233.95, 185.05, 184.45, 190.7, 187.0, 232.15, 191.85, 189.1, 281.8, 419.35, 381.85, 180.0, 277.5, 83.5, 143.05, 187.55, 289.6, 337.9, 278.5]","[7.392777, 73.716081, 140.102281, 204.539062, 273.482007, 338.655132, 404.429576, 472.150818, 540.865376, 606.894875, 673.614424, 739.3429, 801.658928, 866.134534, 929.402272, 992.96515, 1057.48426, 1121.521971, 1187.635042, 1252.108001, 1317.180209, 1381.63364, 1446.541574, 1511.574776, 1575.957837, 1640.358612, 1705.024497, 1769.124081, 1834.703005, 1899.176586, 1970.63409, 2038.303435, 2106.29022, 2173.798169, 2241.690585, 2309.593972, 2377.562859, 2445.967526, 2513.41112, 2581.721801, 2650.40148, 2719.466493, 2790.030988, 2859.756237, 2926.698149, 2993.585198, 3061.355718, 3130.052118, 3199.53055, 3266.870547]","[0, 0, 0, 0, 0, 0, 0, 0, 0, 0, 0, 0, 0, 0, 0, 0, 0, 0, 0, 0, 0, 0, 0, 0, 0, 0, 0, 0, 0, 0, 0, 0, 0, 0, 0, 0, 0, 0, 0, 0, 0, 0, 0, 0, 0, 0, 0, 0, 0, 0]","[241, 2648, 5055, 7462, 9869, 12276, 14683, 17090, 19497, 21904, 24311, 26718, 29125, 31532, 33939, 36346, 38753, 41160, 43567, 45974, 48381, 50788, 53195, 55602, 58009, 60416, 62823, 65230, 67637, 70044, 72451, 74858, 77265, 79672, 82079, 84486, 86893, 89300, 91707, 94114, 96521, 98928, 101335, 103742, 106149, 108556, 110963, 113370, 115777, 118184]","[64, 64]"
nnkcm3hx,eager-sound-560,BC,l2f_bc,finished,https://wandb.ai/korneelvandenberghe/l2f_bc/runs/nnkcm3hx,2025-04-21T20:04:47Z,-211.99570878665625,239.5,2.0,adaptive,"[7.240300720060499, 53.39683564473664, 28.81909100821583, -63.872158086670765, -166.97530219550478, -160.59212048236546, -133.4339345109826, -122.99236785858645, -138.79125834327826, -184.88470688121583, -187.65885904651842, -226.7585570260772, -171.02593305159292, -226.19408648676676, -191.09232169570555, -206.6686021546759, -134.0084672729598, -182.48495906132882, -200.7546460047877, -144.66204871469444, -138.94682965865863, -186.15145718995385, -238.38910695081108, -222.67598593783015, -157.08760858493503, -167.05381336679307, -236.9491607709834, -230.97684702473876, -200.7388612529345, -172.48520477020068, -152.64601695745873, -226.19708893173615, -256.5539225430944, -252.3374663546574, -197.48924338162098, -246.59567206856937, -155.29161080751027, -198.10331646424282, -192.7982651598632, -179.9642212121688, -216.61588681016013, -253.96240988234095, -192.1977680011163, -183.05073782474807, -197.24363813369962, -214.2819669850494, -258.90965405086575, -252.88357313301663, -251.97182518616347, -211.99570878665622]","[56.2, 184.85, 223.7, 188.9, 283.9, 190.6, 182.85, 38.6, 130.6, 185.35, 368.65, 426.95, 226.45, 327.95, 279.15, 235.85, 85.2, 280.65, 329.4, 91.3, 175.1, 188.85, 423.95, 334.9, 180.55, 227.25, 475.35, 471.95, 281.1, 278.25, 90.85, 201.65, 379.15, 388.15, 282.95, 472.85, 131.95, 237.35, 279.65, 185.15, 372.9, 387.7, 325.6, 276.45, 282.45, 283.2, 523.55, 339.35, 517.55, 239.5]","[7.646863, 69.526458, 131.509879, 193.738945, 257.144476, 321.882268, 384.866183, 449.675093, 516.119476, 582.605299, 649.59539, 718.738787, 785.562059, 853.332351, 920.482226, 989.297196, 1060.133967, 1128.435419, 1195.763522, 1261.114056, 1327.177433, 1394.486622, 1461.933198, 1528.413361, 1593.995652, 1660.614656, 1727.852972, 1794.620427, 1861.126175, 1927.368782, 1994.046612, 2061.720142, 2128.540328, 2195.636971, 2261.916932, 2330.486735, 2397.730844, 2467.478723, 2534.778944, 2601.007847, 2668.384007, 2735.502609, 2802.160134, 2868.566773, 2934.763706, 3000.45899, 3067.396968, 3134.154799, 3200.884816, 3266.719]","[0, 0, 0, 0, 0, 0, 0, 0, 0, 0, 0, 0, 0, 0, 0, 0, 0, 0, 0, 0, 0, 0, 0, 0, 0, 0, 0, 0, 0, 0, 0, 0, 0, 0, 0, 0, 0, 0, 0, 0, 0, 0, 0, 0, 0, 0, 0, 0, 0, 0]","[241, 2648, 5055, 7462, 9869, 12276, 14683, 17090, 19497, 21904, 24311, 26718, 29125, 31532, 33939, 36346, 38753, 41160, 43567, 45974, 48381, 50788, 53195, 55602, 58009, 60416, 62823, 65230, 67637, 70044, 72451, 74858, 77265, 79672, 82079, 84486, 86893, 89300, 91707, 94114, 96521, 98928, 101335, 103742, 106149, 108556, 110963, 113370, 115777, 118184]","[64, 64]"
tisnpjdq,feasible-snow-561,BC,l2f_bc,finished,https://wandb.ai/korneelvandenberghe/l2f_bc/runs/tisnpjdq,2025-04-21T21:00:20Z,-112.25143904554838,53.45,2.0,adaptive,"[3.933767994287689, 105.7127822473766, 8.347268082802199, -41.976414852734464, -141.0681614452555, -128.0817695971101, -167.10086424020807, -160.73262266663215, -164.38195078921643, -176.41513564996177, -168.4150643743783, -183.89908155432641, -159.61027091696062, -171.6875297852667, -147.75152546243544, -177.04298759275787, -168.18554441637235, -220.62335143574128, -220.70516056413703, -231.37887754976526, -187.55279337350925, -189.03930336272532, -234.91605807686878, -152.13895423263827, -191.40159199256198, -286.046721459798, -243.60710716503, -144.14647709128963, -185.34300806120612, -188.48519376803256, -214.06643863764492, -89.12048808321579, -141.53243000649624, -204.16784270862647, -155.18352996402746, -133.8180216418454, -106.71605336500677, -243.90551097177325, -209.76384969716736, -120.0600801331739, -194.26878065920477, -201.97659070255742, -111.89308485349666, -132.78611992665247, -199.0817733393922, -188.7811979162014, -210.34456094683478, -161.8564192451112, -255.3963891673492, -112.25143904554838]","[33.85, 275.25, 183.15, 325.85, 275.55, 180.4, 326.7, 277.85, 186.85, 188.0, 183.65, 144.75, 142.3, 97.5, 137.95, 237.45, 280.05, 379.75, 422.3, 330.05, 281.6, 278.8, 471.1, 179.45, 290.15, 478.55, 338.95, 132.85, 235.65, 282.9, 372.2, 47.25, 138.6, 193.45, 142.55, 136.05, 40.75, 336.55, 290.55, 135.25, 236.1, 190.05, 40.1, 95.35, 325.15, 229.0, 288.7, 225.55, 379.75, 53.45]","[7.856605, 70.14093, 132.375841, 196.347693, 260.414027, 323.707788, 387.336836, 450.844309, 514.195304, 579.818672, 642.951792, 708.251283, 774.520224, 840.833334, 907.597386, 974.567524, 1041.939483, 1108.877967, 1176.668815, 1244.230955, 1311.655771, 1378.783441, 1446.748855, 1513.528567, 1580.959338, 1649.389829, 1716.635322, 1783.115364, 1849.764191, 1916.279439, 1983.352531, 2049.42908, 2115.489999, 2181.978563, 2248.135157, 2314.561173, 2380.789188, 2448.626272, 2516.453514, 2583.866781, 2652.618186, 2720.076156, 2788.460744, 2857.057474, 2926.550873, 2993.646849, 3062.589409, 3131.656867, 3199.191026, 3265.146737]","[0, 0, 0, 0, 0, 0, 0, 0, 0, 0, 0, 0, 0, 0, 0, 0, 0, 0, 0, 0, 0, 0, 0, 0, 0, 0, 0, 0, 0, 0, 0, 0, 0, 0, 0, 0, 0, 0, 0, 0, 0, 0, 0, 0, 0, 0, 0, 0, 0, 0]","[241, 2648, 5055, 7462, 9869, 12276, 14683, 17090, 19497, 21904, 24311, 26718, 29125, 31532, 33939, 36346, 38753, 41160, 43567, 45974, 48381, 50788, 53195, 55602, 58009, 60416, 62823, 65230, 67637, 70044, 72451, 74858, 77265, 79672, 82079, 84486, 86893, 89300, 91707, 94114, 96521, 98928, 101335, 103742, 106149, 108556, 110963, 113370, 115777, 118184]","[64, 64]"
26ybav9d,wandering-puddle-562,BC,l2f_bc,finished,https://wandb.ai/korneelvandenberghe/l2f_bc/runs/26ybav9d,2025-04-21T21:55:55Z,-233.9078759792777,337.3,2.0,adaptive,"[6.469188426002091, 10.19407461513806, 0.8128589155819979, -45.175286092846434, -106.38643146924892, -112.45618309265599, -115.33664063846649, -143.9473065005241, -204.99678008599858, -139.4443211580971, -117.41008135850905, -204.16082002919103, -148.46093608786538, -150.76665349675378, -173.1376080842711, -179.90575945154728, -140.87945629582447, -155.6041912377002, -175.85224379852136, -152.45079719431482, -155.74130110439543, -128.61570707038229, -161.67808919989332, -201.5495627135801, -148.32191246267016, -152.0712688850761, -172.86612390574908, -138.0315642385864, -222.70153829921819, -173.71817301134402, -178.40967310234515, -166.9662275363494, -174.8996115718591, -180.77991021151962, -135.23946906817565, -137.91102423535023, -185.8374583246216, -175.98783254444226, -255.31038466469553, -163.6114703661692, -161.42427661331507, -167.00900667861532, -235.98941083768432, -176.91349670359406, -200.39701668512993, -186.8488636281226, -154.17535273495827, -140.10923478378317, -146.38984183553495, -233.90787597927766]","[37.5, 82.45, 138.4, 139.15, 93.8, 137.85, 87.35, 231.6, 331.25, 179.9, 125.4, 247.2, 132.2, 182.6, 148.0, 191.25, 51.05, 278.9, 185.85, 138.05, 180.8, 91.8, 188.1, 239.85, 277.2, 227.0, 188.2, 133.65, 385.8, 192.05, 188.85, 186.2, 232.95, 195.1, 88.95, 90.9, 284.1, 195.15, 433.45, 230.9, 231.3, 234.0, 208.55, 278.75, 154.6, 237.75, 178.5, 136.1, 182.35, 337.3]","[6.228366, 58.056953, 110.230827, 163.845202, 217.787353, 271.753195, 325.428209, 380.02764, 434.650192, 488.607796, 542.34338, 596.922528, 650.710178, 704.951447, 759.148151, 813.61542, 867.371523, 922.422605, 979.256021, 1036.071414, 1093.242984, 1149.142186, 1206.205693, 1262.870723, 1321.192485, 1377.583379, 1434.178298, 1490.201015, 1547.395843, 1603.959485, 1660.741003, 1716.987665, 1773.731512, 1830.229862, 1886.442973, 1942.559226, 1999.891026, 2056.404621, 2113.987728, 2170.301504, 2226.827951, 2283.274053, 2339.791663, 2396.17046, 2451.921284, 2508.011018, 2564.220556, 2620.053586, 2676.364562, 2733.468946]","[0, 0, 0, 0, 0, 0, 0, 0, 0, 0, 0, 0, 0, 0, 0, 0, 0, 0, 0, 0, 0, 0, 0, 0, 0, 0, 0, 0, 0, 0, 0, 0, 0, 0, 0, 0, 0, 0, 0, 0, 0, 0, 0, 0, 0, 0, 0, 0, 0, 0]","[241, 2648, 5055, 7462, 9869, 12276, 14683, 17090, 19497, 21904, 24311, 26718, 29125, 31532, 33939, 36346, 38753, 41160, 43567, 45974, 48381, 50788, 53195, 55602, 58009, 60416, 62823, 65230, 67637, 70044, 72451, 74858, 77265, 79672, 82079, 84486, 86893, 89300, 91707, 94114, 96521, 98928, 101335, 103742, 106149, 108556, 110963, 113370, 115777, 118184]","[32, 32]"
gyubnp2x,clear-dragon-563,BC,l2f_bc,finished,https://wandb.ai/korneelvandenberghe/l2f_bc/runs/gyubnp2x,2025-04-21T22:42:28Z,-127.75931561400856,87.7,2.0,adaptive,"[4.0245334678215645, 30.608901294404518, -6.9668368353211765, -54.57297804700149, -120.51585990023541, -150.63594791783393, -140.06542901071003, -131.8467389587601, -124.6384316375329, -205.0843805450674, -153.5741276590192, -112.53020510896854, -139.38530451460238, -123.68297800643525, -124.08363061679404, -149.17282996865836, -172.34788770883813, -149.2658821364534, -181.92961315689251, -172.26219717901807, -152.17492894057202, -167.3458830727336, -151.90862672426104, -187.74069557681415, -150.7069587146388, -176.8308161868502, -132.23215052384722, -177.20431191863875, -142.98129685015007, -160.73459875045828, -195.42183486826133, -162.83223222674104, -176.13834796464818, -144.15151954050057, -164.3933555339922, -140.91089182151728, -172.59269344096595, -162.47919842692664, -192.76964263132092, -174.34902624254642, -141.31436831382052, -176.86193590045735, -154.4512579177129, -192.87134148891727, -191.90145222778236, -158.60248538922593, -182.05752847889977, -200.0211183068464, -151.71662387555554, -127.75931561400857]","[36.75, 137.25, 136.05, 232.5, 139.2, 229.05, 185.55, 134.5, 87.25, 331.55, 182.35, 38.65, 91.15, 90.5, 133.15, 138.45, 274.55, 226.95, 239.75, 188.4, 134.25, 281.8, 185.7, 237.55, 137.05, 238.05, 177.15, 187.65, 135.8, 138.7, 192.6, 185.75, 279.35, 89.6, 135.65, 134.5, 187.9, 273.1, 197.15, 326.75, 90.7, 191.85, 53.7, 193.6, 280.1, 143.3, 241.1, 237.4, 97.85, 87.7]","[6.083714, 58.072317, 111.652209, 165.674479, 219.228864, 273.154204, 326.699436, 380.257562, 433.566185, 488.043676, 541.553125, 594.437355, 647.838998, 701.679937, 755.165697, 808.730591, 863.166375, 916.801353, 970.542974, 1023.733513, 1076.484611, 1129.932008, 1182.812424, 1235.905118, 1288.15248, 1341.636691, 1394.77549, 1449.013104, 1502.129944, 1555.365637, 1608.961196, 1662.514914, 1716.767947, 1771.737819, 1828.758131, 1884.141127, 1939.813686, 1995.427124, 2050.791247, 2106.84787, 2162.040823, 2217.601194, 2272.634885, 2328.115694, 2384.123182, 2439.413996, 2495.16707, 2550.624933, 2605.561322, 2660.768484]","[0, 0, 0, 0, 0, 0, 0, 0, 0, 0, 0, 0, 0, 0, 0, 0, 0, 0, 0, 0, 0, 0, 0, 0, 0, 0, 0, 0, 0, 0, 0, 0, 0, 0, 0, 0, 0, 0, 0, 0, 0, 0, 0, 0, 0, 0, 0, 0, 0, 0]","[241, 2648, 5055, 7462, 9869, 12276, 14683, 17090, 19497, 21904, 24311, 26718, 29125, 31532, 33939, 36346, 38753, 41160, 43567, 45974, 48381, 50788, 53195, 55602, 58009, 60416, 62823, 65230, 67637, 70044, 72451, 74858, 77265, 79672, 82079, 84486, 86893, 89300, 91707, 94114, 96521, 98928, 101335, 103742, 106149, 108556, 110963, 113370, 115777, 118184]","[32, 32]"
gec3a2y1,fallen-deluge-564,BC,l2f_bc,finished,https://wandb.ai/korneelvandenberghe/l2f_bc/runs/gec3a2y1,2025-04-21T23:27:48Z,-154.44185222940774,132.45,2.0,adaptive,"[2.213779838618016, 7.926334219830411, -7.713055320814784, -57.727933119060324, -120.01435922160317, -161.69712427956225, -158.69306779803287, -146.91220671887996, -156.51521605518337, -193.70550872572292, -160.397982874413, -143.802796357027, -159.57256172957977, -200.97124397182859, -175.61077265189675, -145.76668928767367, -165.32020651848276, -205.5752563889743, -167.66505102692898, -202.9645563006657, -181.87300097026082, -211.79599224502016, -170.1367996931985, -159.83525418966823, -163.61021881762795, -165.02757814653432, -144.1466677340671, -166.61632419341626, -161.84214178085557, -197.1694182936787, -137.0334529713594, -171.61282393591256, -184.6475973174088, -190.08138307782286, -179.92321947181276, -168.3113961357942, -162.6872500437149, -133.74458793457623, -131.20631048166666, -168.61916633635553, -235.95793863410398, -151.5819922022593, -150.06307569683696, -148.53997042825844, -163.37464096878975, -156.30525042941434, -145.12409296765458, -126.35827465121353, -146.16073267431113, -154.44185222940774]","[32.65, 90.4, 147.55, 40.35, 139.55, 240.55, 195.2, 184.85, 186.15, 329.15, 274.85, 135.5, 135.95, 283.6, 191.0, 95.5, 142.6, 287.4, 95.7, 284.5, 280.85, 420.95, 186.9, 138.25, 231.7, 230.9, 92.5, 228.5, 189.4, 281.75, 88.7, 228.75, 278.3, 277.95, 236.85, 183.15, 141.25, 89.0, 129.9, 143.8, 381.75, 139.6, 90.8, 136.25, 143.25, 138.25, 133.55, 90.4, 50.6, 132.45]","[6.111314, 57.643975, 111.150392, 163.986042, 218.858036, 272.820863, 326.773863, 380.514816, 434.187186, 488.459028, 542.138602, 595.608055, 648.746726, 702.879999, 756.61255, 809.951429, 865.232822, 921.356282, 976.32034, 1033.072797, 1088.524057, 1144.578188, 1200.104734, 1255.504763, 1311.356197, 1367.335403, 1422.323042, 1478.030747, 1533.513577, 1589.73228, 1644.604057, 1700.465156, 1756.188467, 1811.696337, 1867.219629, 1922.3872, 1977.60937, 2032.684195, 2088.020157, 2143.399386, 2199.653912, 2254.599016, 2309.46939, 2364.641262, 2419.85391, 2475.187875, 2530.702797, 2585.508253, 2640.213036, 2696.237284]","[0, 0, 0, 0, 0, 0, 0, 0, 0, 0, 0, 0, 0, 0, 0, 0, 0, 0, 0, 0, 0, 0, 0, 0, 0, 0, 0, 0, 0, 0, 0, 0, 0, 0, 0, 0, 0, 0, 0, 0, 0, 0, 0, 0, 0, 0, 0, 0, 0, 0]","[241, 2648, 5055, 7462, 9869, 12276, 14683, 17090, 19497, 21904, 24311, 26718, 29125, 31532, 33939, 36346, 38753, 41160, 43567, 45974, 48381, 50788, 53195, 55602, 58009, 60416, 62823, 65230, 67637, 70044, 72451, 74858, 77265, 79672, 82079, 84486, 86893, 89300, 91707, 94114, 96521, 98928, 101335, 103742, 106149, 108556, 110963, 113370, 115777, 118184]","[32, 32]"
co43m9x5,youthful-planet-565,BC,l2f_bc,finished,https://wandb.ai/korneelvandenberghe/l2f_bc/runs/co43m9x5,2025-04-22T09:29:53Z,-240.54041214239064,472.85,2.0,adaptive,"[-4.017200794214868, 78.02032722609243, 60.12089747683429, -49.39043207190799, -124.3269048048018, -154.9483760488926, -142.6929474089256, -138.47967375138495, -144.24763050399423, -180.62752000195778, -217.7813414539662, -156.04992143665444, -169.81025440147565, -127.95656049585105, -186.09295767311175, -172.30185768152916, -163.43462695828435, -153.46287545290403, -135.03064488937673, -205.96480214959576, -185.53379480437025, -175.67695140274603, -143.99015983772273, -174.90575766789837, -176.6443369537771, -290.3173649219165, -198.821156063307, -155.5309571779779, -182.22451605794294, -204.09540366006982, -204.51629658514784, -205.54069407592812, -192.73833895846204, -224.07154413500115, -207.18055805430316, -174.62254061545173, -178.4333323394246, -191.63870882045975, -222.87277267154613, -213.24636684845254, -191.28722603350585, -213.83444903474464, -185.04306433132854, -142.22324400116798, -164.65698860543893, -113.24851315630727, -129.24471398603202, -127.22035239160903, -189.1105934101112, -240.54041214239064]","[30.5, 232.65, 380.35, 416.9, 228.4, 281.2, 276.7, 229.85, 233.95, 281.6, 424.55, 270.55, 280.0, 181.55, 329.0, 233.4, 231.4, 228.6, 138.0, 329.1, 326.95, 283.05, 181.3, 320.4, 278.45, 570.85, 323.95, 185.95, 284.6, 329.4, 378.65, 286.45, 328.05, 420.75, 370.85, 323.95, 279.05, 332.15, 383.15, 379.0, 287.6, 374.75, 233.45, 184.3, 276.3, 128.4, 136.1, 181.85, 282.0, 472.85]","[11.678927, 115.828763, 219.246557, 326.528379, 436.514853, 546.11916, 655.038858, 765.172667, 876.516134, 985.191285, 1096.372567, 1210.485863, 1326.706825, 1442.912759, 1556.318162, 1672.056785, 1786.980292, 1901.411685, 2014.693793, 2130.816914, 2245.992229, 2361.319732, 2473.593681, 2586.575353, 2695.017822, 2804.430365, 2914.026171, 3022.351117, 3133.420563, 3244.603497, 3355.632905, 3466.55949, 3576.358929, 3686.13546, 3796.353507, 3905.964318, 4015.92716, 4124.292855, 4234.961546, 4344.560893, 4453.035724, 4563.236738, 4672.678038, 4781.186722, 4892.207877, 5002.615008, 5114.421456, 5225.394306, 5337.258176, 5452.008802]","[0, 0, 0, 0, 0, 0, 0, 0, 0, 0, 0, 0, 0, 0, 0, 0, 0, 0, 0, 0, 0, 0, 0, 0, 0, 0, 0, 0, 0, 0, 0, 0, 0, 0, 0, 0, 0, 0, 0, 0, 0, 0, 0, 0, 0, 0, 0, 0, 0, 0]","[241, 2648, 5055, 7462, 9869, 12276, 14683, 17090, 19497, 21904, 24311, 26718, 29125, 31532, 33939, 36346, 38753, 41160, 43567, 45974, 48381, 50788, 53195, 55602, 58009, 60416, 62823, 65230, 67637, 70044, 72451, 74858, 77265, 79672, 82079, 84486, 86893, 89300, 91707, 94114, 96521, 98928, 101335, 103742, 106149, 108556, 110963, 113370, 115777, 118184]","[128, 128]"
n9cdpevf,denim-river-566,BC,l2f_bc,finished,https://wandb.ai/korneelvandenberghe/l2f_bc/runs/n9cdpevf,2025-04-22T11:02:33Z,-207.6136972033859,240.05,2.0,adaptive,"[-4.884350872397629, 115.02486275686525, 79.02404872197039, -51.79024916820625, -159.23794130875393, -163.75659355408376, -193.99321547795978, -233.23138833862123, -200.71989588366165, -172.0018385692428, -186.86938549119236, -174.19631411513538, -165.5230677637129, -151.4371962687241, -221.16781265278752, -165.19465142559253, -230.6884106906969, -185.64591566235322, -169.58470377297343, -199.7908553689183, -173.95785134926382, -234.70478553742083, -170.27439808691273, -212.68505229073585, -238.63588241689473, -197.9006873554394, -269.69690498772417, -223.5931483137578, -239.87747453473358, -220.45594550468326, -200.2949091919317, -212.31167336081202, -201.58266482757247, -189.16051488981844, -193.61438237698889, -257.79782523999336, -171.8330118131001, -189.37557082005105, -141.84456686751048, -269.3634091452458, -255.64793229614776, -200.15236012129972, -222.7574263106645, -213.5854716091647, -271.7072276014239, -269.81105842066586, -214.96529666252187, -174.5719274489285, -207.05248191891215, -207.6136972033859]","[32.85, 326.85, 429.1, 232.95, 280.7, 238.8, 290.25, 470.9, 234.05, 231.45, 232.05, 232.25, 188.8, 133.85, 334.3, 229.35, 429.3, 231.65, 227.75, 276.05, 231.45, 381.15, 230.75, 289.4, 425.35, 279.7, 519.0, 373.55, 333.65, 285.75, 284.0, 234.4, 241.55, 278.8, 374.5, 434.1, 235.85, 323.95, 135.05, 478.3, 430.95, 327.75, 373.7, 329.95, 521.2, 430.65, 332.55, 143.75, 280.15, 240.05]","[10.254839, 118.055468, 223.833232, 329.05939, 432.722096, 539.800841, 645.336205, 752.196588, 861.705134, 977.171119, 1091.366498, 1209.053341, 1321.755288, 1439.458294, 1559.554014, 1679.019643, 1795.829744, 1910.127855, 2025.247221, 2140.708397, 2253.580201, 2367.170946, 2478.203637, 2585.704756, 2698.423303, 2809.477409, 2916.351235, 3024.03867, 3129.061543, 3232.571674, 3340.754021, 3450.894542, 3560.324378, 3670.500472, 3785.579149, 3895.019693, 4005.180367, 4182.395919, 4228.412627, 4339.297219, 4449.502481, 4559.315583, 4668.486034, 4775.250235, 4886.443834, 5001.356597, 5114.018058, 5227.933428, 5341.477266, 5451.761133]","[0, 0, 0, 0, 0, 0, 0, 0, 0, 0, 0, 0, 0, 0, 0, 0, 0, 0, 0, 0, 0, 0, 0, 0, 0, 0, 0, 0, 0, 0, 0, 0, 0, 0, 0, 0, 0, 0, 0, 0, 0, 0, 0, 0, 0, 0, 0, 0, 0, 0]","[241, 2648, 5055, 7462, 9869, 12276, 14683, 17090, 19497, 21904, 24311, 26718, 29125, 31532, 33939, 36346, 38753, 41160, 43567, 45974, 48381, 50788, 53195, 55602, 58009, 60416, 62823, 65230, 67637, 70044, 72451, 74858, 77265, 79672, 82079, 84486, 86893, 89300, 91707, 94114, 96521, 98928, 101335, 103742, 106149, 108556, 110963, 113370, 115777, 118184]","[128, 128]"
j0ywe3k8,glad-moon-567,BC,l2f_bc,killed,https://wandb.ai/korneelvandenberghe/l2f_bc/runs/j0ywe3k8,2025-04-22T12:35:15Z,-232.4086817061162,378.05,2.0,adaptive,"[5.38213488117051, 22.513877923123452, 45.658830286788, -72.62330795892238, -134.63442507459354, -172.7702619214793, -161.0369714605895, -220.78040197436422, -172.89864847323844, -142.14433725455078, -203.72923341496536, -215.19311982379196, -175.03752471084846, -227.9472888609548, -198.9538432911954, -222.18948771740915, -232.4086817061162]","[53.15, 133.75, 326.9, 135.3, 229.6, 325.8, 278.05, 424.5, 232.15, 92.8, 333.25, 420.95, 367.8, 374.5, 279.35, 376.55, 378.05]","[11.093383, 124.08546, 240.490144, 357.673864, 476.386962, 595.337464, 711.941186, 829.109472, 941.814914, 1057.07702, 1172.986657, 1287.123895, 1402.695499, 1519.084929, 1637.650954, 1753.730972, 1873.019853]","[0, 0, 0, 0, 0, 0, 0, 0, 0, 0, 0, 0, 0, 0, 0, 0, 0]","[241, 2648, 5055, 7462, 9869, 12276, 14683, 17090, 19497, 21904, 24311, 26718, 29125, 31532, 33939, 36346, 38753]","[128, 128]"
a43fz0x6,still-wave-568,TD3BC_JS_Online,l2f_bc,killed,https://wandb.ai/korneelvandenberghe/l2f_bc/runs/a43fz0x6,2025-04-22T13:09:07Z,337.59352008112944,518.0333333333333,2.0,adaptive,"[298.3519792825309, 360.9501485233616, 268.5867164592543, 465.5571289296973, 459.3848015288214, 397.326025843209, 333.77080423671276, 200.72400532711936, 312.37047802392397, 335.04811563704504, 271.2912157788681, 529.6330904581171, 337.59352008112944]","[455.1666666666667, 555.4, 417.3, 709.3333333333334, 710.3333333333334, 613.7666666666667, 520.8333333333334, 325.5, 485.26666666666665, 516.5333333333333, 419.4, 807.2, 518.0333333333333]","[55.389046, 568.043473, 1089.112112, 1583.961523, 2055.599965, 2526.190507, 2992.322678, 3479.112864, 3989.372712, 4485.792682, 4988.602702, 5464.572662, 5928.685226]","[0, 10, 20, 30, 40, 50, 60, 70, 80, 90, 100, 110, 120]","[424, 4640, 8856, 13072, 17288, 21507, 25723, 29939, 34155, 38371, 42590, 46806, 51022]","[256, 128]"
o5xnrpa2,warm-monkey-569,TD3BC_JS_Online,l2f_bc,crashed,https://wandb.ai/korneelvandenberghe/l2f_bc/runs/o5xnrpa2,2025-04-22T14:50:42Z,390.87295549628834,582.0666666666667,2.0,adaptive,[390.87295549628834],[582.0666666666667],[50.59681],[0],[424],"[256, 128]"
wgg9q2ky,scarlet-sound-570,TD3BC_JS_Online,l2f_bc,killed,https://wandb.ai/korneelvandenberghe/l2f_bc/runs/wgg9q2ky,2025-04-22T14:55:57Z,225.72264121943041,353.7,2.0,adaptive,"[482.8974594289699, 359.71194812914763, 383.8294123849262, 381.69002644622003, 358.17376682675047, 381.6938829658756, 316.47589063045194, 381.21788335948315, 357.0804949943466, 448.4357107835632, 290.89008984514356, 416.9942006383441, 310.7031922565373, 456.91693346739754, 370.89965518262784, 333.4600138754623, 334.2692790620386, 270.42805498284855, 357.92784438534113, 313.8394016732134, 332.4263128651146, 311.04225659634756, 315.6807107972384, 356.48083170711385, 291.08750243339193, 247.04215497262345, 246.3763661390776, 355.08654608959847, 289.0698906139039, 354.35577665893396, 335.8867049761684, 355.3927547285564, 286.51649721209645, 291.376657459025, 272.82862674715045, 352.2968307453479, 266.85234671734884, 353.67128384718495, 225.72264121943041]","[710.9666666666667, 544.2666666666667, 581.2666666666667, 581.2666666666667, 547.2666666666667, 584.7, 485.93333333333334, 583.2666666666667, 553.8666666666667, 677.0666666666667, 451.5, 648.1666666666666, 482.9, 708.4333333333333, 582.0333333333333, 521.4333333333333, 516.7666666666667, 420.7, 548.6333333333333, 485.3666666666667, 514.2666666666667, 482.96666666666664, 486.53333333333336, 547.0666666666667, 455.53333333333336, 388.03333333333336, 387.6333333333333, 547.5666666666667, 452.26666666666665, 549.7666666666667, 517.0, 551.6, 451.06666666666666, 453.5, 419.5, 550.5, 425.46666666666664, 550.5, 353.7]","[53.683197, 513.362886, 988.268857, 1447.451929, 1904.109692, 2357.552501, 2804.423696, 3276.900572, 3735.83515, 4243.424827, 4702.848201, 5144.070248, 5587.412674, 6041.522062, 6500.811539, 7493.446372, 7922.571685, 8356.274068, 8788.198071, 9231.031083, 9678.055156, 10124.250571, 10567.733214, 11006.935594, 11444.908989, 11883.830238, 12320.831354, 12764.019051, 13215.484712, 13663.057164, 14106.110123, 14541.101473, 14979.11277, 15424.868617, 15868.692621, 16311.808431, 16758.501009, 17226.535203, 17707.96113]","[0, 10, 20, 30, 40, 50, 60, 70, 80, 90, 100, 110, 120, 130, 140, 150, 160, 170, 180, 190, 200, 210, 220, 230, 240, 250, 260, 270, 280, 290, 300, 310, 320, 330, 340, 350, 360, 370, 380]","[424, 4640, 8856, 13072, 17288, 21507, 25723, 29939, 34155, 38371, 42590, 46806, 51022, 55238, 59454, 63673, 67889, 72105, 76321, 80537, 84756, 88972, 93188, 97404, 101620, 105839, 110055, 114271, 118487, 122703, 126922, 131138, 135354, 139570, 143786, 148005, 152221, 156437, 160653]","[256, 128]"
ejkl3wgc,vibrant-terrain-572,BC,l2f_bc,killed,https://wandb.ai/korneelvandenberghe/l2f_bc/runs/ejkl3wgc,2025-04-22T20:00:49Z,172.52204478660423,280.0,5.0,interval,"[107.17502177184329, 105.33603166666862, 174.08255170191234, 111.09004141109457, 207.97758643138565, 138.8727613842586, 49.964477109992664, 78.90618705527498, 114.36625519509691, 175.1858320260748, 174.54245570503682, 82.52533292268201, 304.6315434826599, 177.14948678696328, 13.45331933077593, 173.87144412880508, 139.7692194830505, 144.62802027481732, 172.52204478660423]","[187.2, 188.25, 286.5, 185.2, 331.25, 233.05, 101.2, 145.95, 185.15, 280.35, 284.9, 135.6, 469.7, 283.65, 38.5, 278.3, 231.55, 229.45, 280.0]","[11.681006, 93.459889, 175.961082, 260.383581, 341.823559, 421.23894, 501.133845, 579.245397, 659.718254, 737.203387, 814.06782, 894.295741, 975.285907, 1053.354052, 1130.156897, 1208.12508, 1285.26886, 1362.735857, 1441.364368]","[0, 10, 20, 30, 40, 50, 60, 70, 80, 90, 100, 110, 120, 130, 140, 150, 160, 170, 180]","[2, 14, 26, 38, 50, 62, 75, 87, 99, 111, 123, 136, 148, 160, 172, 184, 197, 209, 221]","[128, 128]"
t9affzhk,giddy-brook-573,BC,l2f_bc,finished,https://wandb.ai/korneelvandenberghe/l2f_bc/runs/t9affzhk,2025-04-22T20:26:34Z,331.1811597828896,519.8,5.0,interval,"[138.69447252509784, 236.78357995299126, 167.93574478955892, 203.17252580381253, 200.22203401142457, 268.58262848790594, 240.0163445757625, 206.00116557018515, 206.06903969557962, 73.40622153311175, 202.05681121887991, 101.76811707152137, 140.5065291506576, 137.02864321653053, 202.37535437154372, 333.20501126639164, 399.8872695555431, 235.1055331290072, 298.8663630379604, 298.1249831100829, 96.98895959763856, 172.91848027669874, 108.04921675620153, 202.58077689438537, 303.3758479259709, 234.9772483449402, 302.1927056856383, 271.9235092612197, 273.20490053427864, 331.1811597828896]","[225.95, 376.25, 277.0, 328.65, 321.7, 425.85, 376.15, 328.5, 330.2, 129.5, 323.3, 177.85, 233.25, 236.6, 333.85, 517.65, 617.3, 374.3, 477.3, 467.7, 176.2, 279.8, 183.2, 331.95, 476.35, 375.05, 472.45, 425.3, 429.75, 519.8]","[16.615975, 124.426408, 252.863814, 379.0779, 501.659833, 621.318878, 738.925129, 853.083271, 964.813041, 1075.32155, 1184.457707, 1292.444077, 1402.173082, 1509.356307, 1615.464509, 1724.388319, 1830.810443, 1935.752356, 2041.809868, 2150.393577, 2251.589076, 2376.387074, 2481.119146, 2587.299009, 2693.485814, 2799.324688, 2906.27381, 3012.752721, 3118.301541, 3223.860599]","[0, 10, 20, 30, 40, 50, 60, 70, 80, 90, 100, 110, 120, 130, 140, 150, 160, 170, 180, 190, 200, 210, 220, 230, 240, 250, 260, 270, 280, 290]","[2, 14, 26, 38, 50, 62, 75, 87, 99, 111, 123, 136, 148, 160, 172, 184, 197, 209, 221, 233, 245, 258, 270, 282, 294, 306, 319, 331, 343, 355]","[256, 128]"
skpdykjt,solar-cherry-574,BC,l2f_bc,finished,https://wandb.ai/korneelvandenberghe/l2f_bc/runs/skpdykjt,2025-04-22T21:22:02Z,170.63981163003513,281.85,5.0,interval,"[108.8152599012099, 107.08142828582807, 237.0997935325738, 138.5471841472751, 268.9099928004818, 263.3405233918629, 233.66131239749794, 236.48396775317912, 72.33968117608893, 272.1116111961868, 78.0869477997695, 172.78917143588757, 237.52878524142466, 102.74085501324082, 265.12790758235764, 236.4694942308784, 235.82229777403762, 268.312833916239, 231.80571658010786, 234.58416161682857, 210.19417973672785, 133.4423527115328, 170.20629598579256, 103.58060132981056, 206.59714765080193, 165.59427258164567, 236.99686909080106, 203.13193223667542, 269.0370070837804, 170.63981163003513]","[187.5, 182.7, 382.75, 226.45, 425.75, 428.25, 376.55, 377.9, 133.4, 421.7, 137.75, 275.95, 374.55, 177.65, 427.95, 374.85, 381.1, 428.55, 374.3, 375.55, 334.3, 227.95, 290.7, 176.7, 325.8, 273.1, 383.75, 321.45, 426.6, 281.85]","[12.248797, 107.050174, 201.466899, 295.167938, 389.496784, 483.46686, 577.525527, 670.975791, 762.278513, 853.197083, 944.012741, 1035.519385, 1126.436923, 1216.606146, 1308.147386, 1398.771541, 1489.524313, 1579.730637, 1669.552451, 1761.384168, 1850.903296, 1940.715177, 2030.68139, 2119.698402, 2210.096104, 2300.512632, 2391.434787, 2481.181305, 2571.377099, 2660.117492]","[0, 10, 20, 30, 40, 50, 60, 70, 80, 90, 100, 110, 120, 130, 140, 150, 160, 170, 180, 190, 200, 210, 220, 230, 240, 250, 260, 270, 280, 290]","[2, 14, 26, 38, 50, 62, 75, 87, 99, 111, 123, 136, 148, 160, 172, 184, 197, 209, 221, 233, 245, 258, 270, 282, 294, 306, 319, 331, 343, 355]","[256, 128]"
uwcez14q,absurd-energy-575,BC,l2f_bc,finished,https://wandb.ai/korneelvandenberghe/l2f_bc/runs/uwcez14q,2025-04-22T22:07:56Z,236.72914987340855,370.7,5.0,interval,"[106.61767857870193, 75.64649789426679, 203.28182759636553, 269.1251809653237, 202.18724726604566, 265.7930914619258, 207.6696326051271, 168.1442549297669, 208.10309953837424, 171.3016585367416, 269.9218065885142, 202.84151091688028, 74.39415783689655, 206.65580973208756, 202.0837768644837, 239.57112588567446, 233.9499532318386, 264.4741106292995, 270.07952831645855, 208.1775827761891, 270.8956131635954, 236.19565886106187, 135.40311257742434, 237.43655201301468, 204.5755465221543, 72.42396949486813, 397.2460128836047, 166.95502184450055, 238.66427889529058, 236.72914987340855]","[179.15, 133.85, 322.65, 425.5, 324.65, 426.05, 340.8, 284.55, 328.5, 278.4, 430.0, 327.6, 137.2, 326.2, 322.6, 374.75, 378.85, 421.85, 426.0, 334.85, 427.0, 379.2, 228.75, 371.45, 337.2, 128.35, 619.45, 280.0, 378.9, 370.7]","[12.568845, 105.105984, 217.872058, 330.569788, 441.71225, 555.077122, 664.849308, 773.396199, 880.595505, 986.653832, 1095.121114, 1203.037261, 1307.854061, 1412.911924, 1517.513472, 1624.026635, 1728.584738, 1834.307063, 1941.609294, 2050.207101, 2159.367101, 2264.234314, 2369.393531, 2473.986295, 2580.549683, 2685.18548, 2790.347003, 2894.092346, 2997.178783, 3100.529147]","[0, 10, 20, 30, 40, 50, 60, 70, 80, 90, 100, 110, 120, 130, 140, 150, 160, 170, 180, 190, 200, 210, 220, 230, 240, 250, 260, 270, 280, 290]","[2, 14, 26, 38, 50, 62, 75, 87, 99, 111, 123, 136, 148, 160, 172, 184, 197, 209, 221, 233, 245, 258, 270, 282, 294, 306, 319, 331, 343, 355]","[256, 128]"
bnx6499j,silvery-eon-576,BC,l2f_bc,finished,https://wandb.ai/korneelvandenberghe/l2f_bc/runs/bnx6499j,2025-04-22T23:01:25Z,170.93228749031235,276.5,5.0,interval,"[75.40309950114201, 141.3409803489458, 209.45427870919593, 170.10417858545011, 232.88242311151257, 141.85983776915555, 206.30793158194314, 137.11940973672512, 206.33296118179823, 138.20277766013874, 140.2096749820335, 139.06683772577398, 206.19327870132088, 203.55150239910688, 174.68268030585205, 136.2167474582054, 172.08456595216205, 235.72279529176882, 103.88919241139271, 369.8467251232577, 265.61633630670957, 238.37559153310582, 199.49011475572715, 202.62477972885463, 105.41739632796266, 267.767767683065, 266.2026712515393, 205.61131621186186, 143.98485267217464, 170.93228749031235]","[141.9, 240.6, 328.45, 278.55, 373.95, 236.6, 333.8, 227.15, 329.75, 233.35, 233.2, 236.4, 331.1, 321.9, 279.5, 234.5, 286.4, 382.25, 174.9, 569.65, 423.7, 372.3, 328.35, 323.05, 175.0, 426.5, 425.65, 332.65, 239.75, 276.5]","[12.666493, 107.049421, 224.606929, 341.072709, 457.549322, 570.993085, 684.426504, 797.020834, 907.479868, 1018.338144, 1128.661429, 1236.196226, 1344.846203, 1453.210125, 1557.996624, 1661.929662, 1766.577352, 1871.385156, 1977.903666, 2084.758777, 2189.328329, 2294.862688, 2398.04183, 2502.214989, 2605.524993, 2708.380011, 2811.41107, 2915.451719, 3016.963016, 3119.331696]","[0, 10, 20, 30, 40, 50, 60, 70, 80, 90, 100, 110, 120, 130, 140, 150, 160, 170, 180, 190, 200, 210, 220, 230, 240, 250, 260, 270, 280, 290]","[2, 14, 26, 38, 50, 62, 75, 87, 99, 111, 123, 136, 148, 160, 172, 184, 197, 209, 221, 233, 245, 258, 270, 282, 294, 306, 319, 331, 343, 355]","[256, 128]"
j6wb0l8y,woven-lion-577,BC,l2f_bc,finished,https://wandb.ai/korneelvandenberghe/l2f_bc/runs/j6wb0l8y,2025-04-22T23:55:09Z,170.62518449984228,286.05,5.0,interval,"[75.71362470001445, 229.8033257951381, 142.43016878456277, 240.02400296107095, 238.36276793721535, 239.73491271530844, 268.9552505573167, 138.42723752453665, 166.0320619482778, 304.36457271110714, 268.2904905691569, 298.4521042326837, 236.22753111616262, 274.13624442382957, 399.5604319247913, 171.70844200613138, 174.7321342355882, 307.6431971379069, 170.31742472676245, 237.34826622457723, 206.31485086532575, 203.00824532281734, 396.7284185101929, 204.7149349068231, 362.5904622876018, 205.8712150845576, 139.9143586513279, 265.0237675061065, 303.6124536479469, 170.62518449984228]","[138.15, 376.65, 232.7, 383.75, 380.4, 374.65, 430.5, 230.25, 274.65, 469.35, 421.0, 471.35, 382.2, 435.35, 613.05, 283.5, 280.95, 472.6, 278.95, 373.45, 328.0, 327.8, 618.4, 322.25, 564.05, 333.0, 236.1, 417.0, 470.95, 286.05]","[12.271359, 106.695482, 200.868251, 295.73976, 389.452369, 485.668261, 600.09423, 711.329025, 820.596226, 928.318686, 1036.309555, 1140.896415, 1245.527057, 1350.773773, 1452.062037, 1560.893422, 1668.072405, 1774.252693, 1878.947716, 1984.67315, 2087.394915, 2192.530943, 2298.062517, 2400.894188, 2504.558234, 2608.146257, 2708.15251, 2809.412824, 2909.019656, 3010.251303]","[0, 10, 20, 30, 40, 50, 60, 70, 80, 90, 100, 110, 120, 130, 140, 150, 160, 170, 180, 190, 200, 210, 220, 230, 240, 250, 260, 270, 280, 290]","[2, 14, 26, 38, 50, 62, 75, 87, 99, 111, 123, 136, 148, 160, 172, 184, 197, 209, 221, 233, 245, 258, 270, 282, 294, 306, 319, 331, 343, 355]","[256, 128]"
9fntygg2,expert-pyramid-578,BC,l2f_bc,finished,https://wandb.ai/korneelvandenberghe/l2f_bc/runs/9fntygg2,2025-04-23T00:47:03Z,465.8351931572194,717.1,50.0,fixed,"[36.48755133933089, 169.61415553954177, 106.32182022667034, 234.25020714751136, 272.29533907378215, 207.05511434397448, 239.7204970318668, 333.7047951836859, 166.68330911824026, 201.60466543361616, 172.25727313698295, 136.70249873134958, 270.4122389974669, 168.07597045007023, 237.94162781045983, 336.1302684510972, 263.19498595296056, 273.03723865379, 168.6564372656444, 297.8935113304077, 307.47195847249344, 171.03115533841353, 338.3499892900472, 169.69199798535698, 330.3556057390576, 335.7010310826314, 265.4762631499567, 227.27062497122938, 366.62495965295705, 465.8351931572194]","[83.05, 285.1, 180.55, 375.3, 429.05, 333.6, 375.55, 519.55, 280.0, 330.0, 279.45, 229.95, 424.0, 277.7, 379.05, 521.4, 419.3, 418.8, 277.7, 468.0, 477.55, 281.05, 520.8, 274.35, 518.95, 520.2, 428.35, 373.25, 564.85, 717.1]","[12.348716, 104.791277, 217.404583, 328.999711, 438.557201, 545.293403, 652.635763, 760.100893, 869.216201, 976.286281, 1082.361615, 1186.364588, 1292.434998, 1396.822123, 1503.566262, 1610.098356, 1714.1344, 1816.478629, 1922.240176, 2030.583822, 2136.453189, 2241.018179, 2346.579956, 2450.426756, 2555.697073, 2658.956673, 2761.28952, 2863.78139, 2965.954126, 3069.213409]","[0, 10, 20, 30, 40, 50, 60, 70, 80, 90, 100, 110, 120, 130, 140, 150, 160, 170, 180, 190, 200, 210, 220, 230, 240, 250, 260, 270, 280, 290]","[2, 14, 26, 38, 50, 62, 74, 86, 98, 110, 122, 134, 146, 158, 170, 182, 194, 206, 218, 230, 242, 254, 266, 278, 290, 302, 314, 326, 338, 350]","[256, 128]"
d8vbj2w8,vibrant-violet-579,BC,l2f_bc,finished,https://wandb.ai/korneelvandenberghe/l2f_bc/runs/d8vbj2w8,2025-04-23T01:39:50Z,398.40815342319127,613.35,50.0,fixed,"[172.1306425764936, 202.0226154420944, 232.2070185296894, 204.60935893548748, 235.27372041726943, 137.92356954726503, 336.87396202630055, 204.38864909340694, 138.60621930325559, 235.16007628660313, 172.0383900138997, 265.360150632527, 233.83199212438612, 205.2761640252642, 269.36685746898263, 103.54997009150051, 269.56297757681926, 266.12979144167764, 224.93504931806766, 237.78631053888336, 335.98854362811346, 400.6446934154649, 260.97410467782794, 236.1412792997084, 133.0540826036157, 172.06170845773843, 270.9967207536212, 204.09380779204355, 234.75637568066094, 398.40815342319127]","[279.05, 325.35, 371.5, 323.05, 376.3, 226.5, 529.6, 329.1, 227.0, 372.9, 277.0, 429.15, 373.0, 334.6, 423.9, 172.4, 424.35, 418.35, 376.1, 373.75, 520.65, 617.75, 419.2, 378.7, 225.05, 286.05, 427.05, 330.55, 377.95, 613.35]","[13.04406, 108.571248, 203.525358, 298.587772, 391.264871, 484.267308, 577.237703, 668.763846, 759.006607, 850.146679, 940.455278, 1031.226549, 1121.840772, 1212.171567, 1302.930357, 1393.184796, 1491.188987, 1600.167349, 1709.13064, 1819.068164, 1928.938134, 2041.081073, 2149.501637, 2258.03777, 2363.522057, 2469.502855, 2575.035487, 2678.544331, 2781.768726, 2887.126578]","[0, 10, 20, 30, 40, 50, 60, 70, 80, 90, 100, 110, 120, 130, 140, 150, 160, 170, 180, 190, 200, 210, 220, 230, 240, 250, 260, 270, 280, 290]","[2, 14, 26, 38, 50, 62, 74, 86, 98, 110, 122, 134, 146, 158, 170, 182, 194, 206, 218, 230, 242, 254, 266, 278, 290, 302, 314, 326, 338, 350]","[256, 128]"
bbdlqnzz,stellar-elevator-580,BC,l2f_bc,finished,https://wandb.ai/korneelvandenberghe/l2f_bc/runs/bbdlqnzz,2025-04-23T02:29:34Z,135.38484744796065,230.2,50.0,fixed,"[140.6950577322043, 301.25971691844177, 68.6774080722802, 138.85184416340752, 235.96053716064506, 270.02380131316033, 200.49216219219193, 359.84451295927386, 134.61924653446826, 266.48894127675555, 267.4735103201307, 332.3665043467785, 200.82435900984817, 299.53125437336115, 131.06986473578186, 266.79741848285374, 132.646516350755, 332.8633601542023, 259.18065717883417, 167.50028853476326, 200.93291318624634, 301.0340278069179, 234.88447524738845, 266.2770224948392, 301.071709847841, 134.70390387548244, 235.8991736984896, 235.4044587770487, 173.26205113982488, 135.38484744796065]","[234.8, 468.0, 133.55, 227.8, 378.6, 422.1, 328.2, 566.65, 230.7, 427.05, 423.75, 519.0, 328.85, 473.4, 227.75, 421.35, 233.9, 516.5, 419.35, 274.85, 323.85, 471.75, 377.1, 422.4, 472.0, 227.35, 372.7, 372.2, 282.8, 230.2]","[12.571433, 105.455335, 195.28207, 286.120057, 377.581451, 469.977008, 560.22396, 652.321444, 741.295226, 832.660502, 921.526276, 1010.972696, 1099.908319, 1188.834207, 1278.337712, 1367.670784, 1454.378179, 1542.553905, 1629.694939, 1716.281726, 1804.295813, 1892.184141, 1978.892707, 2066.25472, 2154.33269, 2241.229672, 2327.813102, 2413.955133, 2501.6309, 2588.208674]","[0, 10, 20, 30, 40, 50, 60, 70, 80, 90, 100, 110, 120, 130, 140, 150, 160, 170, 180, 190, 200, 210, 220, 230, 240, 250, 260, 270, 280, 290]","[2, 14, 26, 38, 50, 62, 74, 86, 98, 110, 122, 134, 146, 158, 170, 182, 194, 206, 218, 230, 242, 254, 266, 278, 290, 302, 314, 326, 338, 350]","[256, 128]"
b91zh5ji,young-paper-581,BC,l2f_bc,finished,https://wandb.ai/korneelvandenberghe/l2f_bc/runs/b91zh5ji,2025-04-23T03:14:07Z,268.8121036121318,423.55,50.0,fixed,"[38.8169190712381, 105.3957551446445, 237.67906330098245, 209.12617181446944, 140.6692496831707, 240.62967613342153, 202.0893684091521, 201.79639323080966, 141.00367771537546, 138.0434029504446, 195.96283142669114, 300.4723236192569, 72.17204257766416, 365.7318408635257, 328.8294303756781, 172.25139455168403, 241.11496922973902, 233.1524822246344, 369.5665476407661, 335.7684290377663, 173.42552324627326, 305.7447664995419, 235.93560955326384, 297.84996406848865, 233.94214970433836, 266.1270654804764, 171.24067889280758, 200.72215645424748, 136.05412898811815, 268.8121036121318]","[97.15, 186.0, 374.4, 335.25, 233.7, 379.6, 322.6, 323.0, 236.7, 238.8, 322.05, 469.45, 131.35, 569.35, 517.0, 275.4, 381.05, 372.0, 569.85, 518.25, 282.8, 478.75, 373.55, 466.05, 379.0, 422.65, 283.65, 327.35, 230.65, 423.55]","[11.887974, 105.132023, 218.043588, 327.857899, 435.988682, 544.632958, 651.981718, 758.053568, 861.832071, 966.111184, 1074.297701, 1182.346695, 1285.405609, 1391.780006, 1495.122855, 1597.26272, 1699.6717, 1799.826244, 1901.929612, 1999.521405, 2095.662968, 2192.389708, 2288.816649, 2385.772533, 2482.777025, 2579.283708, 2674.29136, 2770.103126, 2865.873715, 2960.777089]","[0, 10, 20, 30, 40, 50, 60, 70, 80, 90, 100, 110, 120, 130, 140, 150, 160, 170, 180, 190, 200, 210, 220, 230, 240, 250, 260, 270, 280, 290]","[2, 14, 26, 38, 50, 62, 74, 86, 98, 110, 122, 134, 146, 158, 170, 182, 194, 206, 218, 230, 242, 254, 266, 278, 290, 302, 314, 326, 338, 350]","[256, 128]"
o11g3ae6,earnest-sun-582,BC,l2f_bc,finished,https://wandb.ai/korneelvandenberghe/l2f_bc/runs/o11g3ae6,2025-04-23T04:04:57Z,333.1678899391003,518.2,50.0,fixed,"[106.93025632747432, 273.7173841354146, 137.20291628541767, 232.19991089932304, 237.04553185336644, 270.13508670741237, 233.82922755415925, 258.4080454783184, 239.88368418762622, 330.3333947354603, 137.24111388689593, 238.47037667185788, 237.3963962138759, 301.73606348598616, 267.22323484096995, 170.54085194109012, 233.85520029874883, 173.5302921504962, 301.03344752751076, 266.6319904015503, 268.82520395343346, 269.8672407065809, 104.2458961954471, 303.41228200108276, 363.0036598959817, 204.86593506785022, 109.9497746107003, 360.24224745045916, 205.32774651677445, 333.1678899391003]","[181.0, 424.6, 230.6, 374.0, 379.15, 426.8, 372.1, 418.6, 373.4, 522.1, 227.95, 381.7, 371.25, 466.15, 419.8, 288.0, 371.8, 279.5, 474.45, 425.85, 428.55, 427.4, 180.8, 469.95, 570.75, 327.35, 181.15, 563.2, 319.85, 518.2]","[12.233116, 105.532452, 196.641836, 288.532223, 380.629494, 473.514644, 564.647678, 655.49068, 746.334433, 857.683573, 965.419322, 1072.79921, 1178.75319, 1282.667933, 1385.765193, 1490.327376, 1595.019818, 1698.540094, 1803.123989, 1907.397599, 2010.518306, 2112.357356, 2212.738976, 2315.344675, 2418.456002, 2521.48011, 2625.724143, 2730.679347, 2832.605027, 2934.427569]","[0, 10, 20, 30, 40, 50, 60, 70, 80, 90, 100, 110, 120, 130, 140, 150, 160, 170, 180, 190, 200, 210, 220, 230, 240, 250, 260, 270, 280, 290]","[2, 14, 26, 38, 50, 62, 74, 86, 98, 110, 122, 134, 146, 158, 170, 182, 194, 206, 218, 230, 242, 254, 266, 278, 290, 302, 314, 326, 338, 350]","[256, 128]"
175qrri6,soft-violet-583,BC,l2f_bc,finished,https://wandb.ai/korneelvandenberghe/l2f_bc/runs/175qrri6,2025-04-23T08:07:31Z,232.01348876963704,367.95,5.0,adaptive,"[208.8067934140911, 143.37742489800138, 237.1772826842533, 74.1845435256573, 140.40032740940856, 266.3132032989768, 299.0431988327289, 236.52516400544226, 300.74390130709696, 137.84586256517912, 237.91908178800264, 168.41774870943533, 135.64301810167814, 270.766806629313, 238.23342570100104, 236.90924754278564, 172.38441930516723, 299.8894609543787, 267.116573692923, 362.63204380508404, 135.32453811615682, 301.580402845689, 361.9749689998751, 166.01292512028607, 139.17218720930515, 208.32810677066368, 266.199085752346, 201.50136525468173, 200.64315793940364, 232.01348876963704]","[328.25, 238.3, 378.7, 134.4, 228.9, 421.9, 467.8, 377.65, 470.8, 229.05, 378.35, 282.55, 227.75, 427.6, 375.2, 389.65, 291.25, 468.3, 430.6, 562.85, 226.35, 469.7, 565.55, 273.3, 228.35, 325.75, 425.75, 323.95, 332.35, 367.95]","[13.609277, 114.530265, 225.9384, 337.687742, 445.44855, 553.931669, 658.941103, 764.439703, 866.552526, 968.549883, 1072.334307, 1175.106529, 1277.562843, 1380.481342, 1483.414149, 1586.868062, 1690.433472, 1793.634579, 1897.091346, 2004.125954, 2109.95285, 2215.982821, 2323.563586, 2427.487823, 2531.174447, 2640.004215, 2753.937564, 2864.853935, 2970.811141, 3074.432989]","[0, 10, 20, 30, 40, 50, 60, 70, 80, 90, 100, 110, 120, 130, 140, 150, 160, 170, 180, 190, 200, 210, 220, 230, 240, 250, 260, 270, 280, 290]","[2, 19, 36, 53, 70, 87, 104, 121, 138, 155, 172, 189, 206, 223, 240, 257, 274, 291, 308, 325, 342, 359, 376, 393, 410, 427, 444, 461, 478, 495]","[256, 128]"
wqs0nqyj,noble-aardvark-584,BC,l2f_bc,finished,https://wandb.ai/korneelvandenberghe/l2f_bc/runs/wqs0nqyj,2025-04-23T09:00:29Z,398.09651490075873,616.0,5.0,adaptive,"[40.35147555567765, 141.81650250986985, 141.33714664165683, 138.0034224211974, 75.05156857351759, 172.1627344351636, 105.01141584044947, 135.39330627111767, 202.77814415965923, 141.6360894226847, 238.50343961322378, 127.97520011031904, 200.7668741731208, 168.94490416021972, 302.42827966585116, 137.24779952184824, 235.3557456052662, 238.53334551335598, 103.6130583451043, 262.1607372355203, 367.127248275539, 166.49759626879705, 432.96953007448417, 140.22292560174787, 269.3974445957405, 233.991019857758, 234.3756926767067, 205.2968915020182, 132.00634243880353, 398.09651490075873]","[86.3, 232.4, 238.4, 232.75, 138.95, 279.2, 181.3, 227.9, 327.4, 235.45, 371.8, 232.9, 325.9, 280.9, 467.45, 233.5, 377.3, 376.2, 189.6, 413.9, 564.1, 284.05, 667.65, 239.9, 425.05, 373.5, 376.75, 327.65, 230.9, 616.0]","[12.119855, 107.203279, 205.727046, 300.904298, 393.151615, 489.155128, 584.444759, 678.915249, 774.586539, 869.524164, 962.674826, 1054.593168, 1148.442934, 1244.251224, 1358.257499, 1471.421944, 1582.749152, 1694.65983, 2315.822357, 2315.830341, 2315.836336, 2315.841526, 2400.460826, 2508.065084, 2615.485572, 2721.455654, 2828.326009, 2934.157326, 3040.360197, 3149.108522]","[0, 10, 20, 30, 40, 50, 60, 70, 80, 90, 100, 110, 120, 130, 140, 150, 160, 170, 180, 190, 200, 210, 220, 230, 240, 250, 260, 270, 280, 290]","[2, 19, 36, 53, 70, 87, 104, 121, 138, 155, 172, 189, 206, 223, 240, 257, 274, 291, 308, 325, 342, 359, 376, 393, 410, 427, 444, 461, 478, 495]","[256, 128]"
c5xddiyz,easy-resonance-585,BC,l2f_bc,finished,https://wandb.ai/korneelvandenberghe/l2f_bc/runs/c5xddiyz,2025-04-23T09:54:45Z,132.81423625730744,228.75,5.0,adaptive,"[108.23302037230773, 199.30027089029304, 144.42769918245952, 302.93063055282386, 302.26188194749477, 332.0045628566801, 303.5607628225216, 173.98245964900394, 170.03941386499497, 99.2884014703998, 402.28335494194687, 106.23610502731015, 272.6703584267359, 236.02307089290966, 266.6339658021098, 265.0000649636215, 233.33240000316755, 270.4732188096198, 234.66161474040004, 133.79123705864367, 297.0726150715562, 298.51918330468345, 300.7695654003982, 269.25725829617693, 233.69051268665345, 137.32345166434717, 302.6447109235652, 233.79363955812943, 335.83958162016614, 132.81423625730744]","[177.75, 329.45, 240.85, 473.6, 471.25, 518.05, 470.25, 272.85, 276.7, 183.1, 615.45, 182.55, 428.75, 373.05, 419.3, 418.7, 375.2, 418.7, 377.05, 228.4, 473.25, 472.95, 473.05, 419.65, 371.55, 234.0, 472.0, 376.25, 522.35, 228.75]","[12.109586, 104.336126, 196.398897, 287.931644, 380.425072, 470.904934, 560.95581, 650.944761, 742.836305, 833.497036, 926.222905, 1016.077568, 1105.78115, 1194.996556, 1284.141088, 1373.754946, 1464.742211, 1553.456084, 1656.845117, 1765.204305, 1873.62276, 1982.72354, 2091.783915, 2197.208289, 2304.247193, 2410.383853, 2516.719487, 2624.593886, 2727.945142, 2831.08294]","[0, 10, 20, 30, 40, 50, 60, 70, 80, 90, 100, 110, 120, 130, 140, 150, 160, 170, 180, 190, 200, 210, 220, 230, 240, 250, 260, 270, 280, 290]","[2, 19, 36, 53, 70, 87, 104, 121, 138, 155, 172, 189, 206, 223, 240, 257, 274, 291, 308, 325, 342, 359, 376, 393, 410, 427, 444, 461, 478, 495]","[256, 128]"
dpcym28t,hearty-sky-586,BC,l2f_bc,finished,https://wandb.ai/korneelvandenberghe/l2f_bc/runs/dpcym28t,2025-04-23T10:43:39Z,323.65782158325766,517.25,5.0,adaptive,"[35.77131101497723, 242.84848046434644, 229.1728873169721, 206.5428314369643, 402.59475969854236, 303.5127642413238, 233.72803175986536, 199.5355342395227, 169.76993627716908, 139.9213124621646, 236.9283328744967, 302.7801129352623, 138.7332229181896, 273.2833882773455, 263.4857922881391, 264.83701458717707, 271.13632789182896, 202.53991627875416, 235.3188051973912, 169.40573038174017, 205.40710982455266, 170.36929122084535, 238.08554024696758, 168.25490525644852, 299.4533854762681, 198.05212575432842, 169.90139244477285, 202.3589474675867, 267.0620482593466, 323.65782158325766]","[88.85, 381.7, 377.35, 331.35, 614.2, 472.55, 373.1, 330.0, 275.4, 232.1, 379.6, 468.7, 240.45, 424.7, 422.6, 428.5, 421.3, 329.05, 373.5, 284.4, 329.1, 278.15, 370.65, 272.95, 472.75, 328.4, 280.55, 328.55, 424.8, 517.25]","[11.795613, 105.43667, 197.559394, 289.494891, 384.520108, 483.253773, 595.471137, 708.544065, 820.350902, 930.408256, 1041.288127, 1149.602086, 1256.364877, 1363.211011, 1470.105337, 1578.5392, 1686.820392, 1796.178088, 1902.973349, 2009.26178, 2117.384832, 2223.82245, 2333.048127, 2440.322713, 2548.552724, 2655.851342, 2763.761093, 2872.752758, 2978.817639, 3084.699292]","[0, 10, 20, 30, 40, 50, 60, 70, 80, 90, 100, 110, 120, 130, 140, 150, 160, 170, 180, 190, 200, 210, 220, 230, 240, 250, 260, 270, 280, 290]","[2, 19, 36, 53, 70, 87, 104, 121, 138, 155, 172, 189, 206, 223, 240, 257, 274, 291, 308, 325, 342, 359, 376, 393, 410, 427, 444, 461, 478, 495]","[256, 128]"
ixhyab3v,bumbling-hill-587,BC,l2f_bc,finished,https://wandb.ai/korneelvandenberghe/l2f_bc/runs/ixhyab3v,2025-04-23T11:36:49Z,169.94508396767122,277.55,5.0,adaptive,"[137.74864835285928, 364.0855207140245, 109.2642514922128, 142.19370165221875, 208.1924425333149, 235.7772851643445, 268.7059937072991, 267.99846793006196, 338.5806427385465, 137.3253767062931, 166.30132287976295, 296.98468209853024, 133.5860005453125, 238.73858060815058, 271.12458703063754, 236.97817098153155, 102.10603686094574, 297.4569890170284, 299.50547232365676, 238.3026579221302, 171.26821777293952, 168.1566345509578, 171.09952032821087, 300.1482100217839, 304.63692354733956, 200.9023222743492, 236.02748553219362, 263.4066899466642, 297.6562523935685, 169.94508396767122]","[233.95, 564.25, 191.7, 229.15, 325.95, 377.65, 419.6, 418.85, 520.85, 228.2, 275.55, 465.85, 226.4, 384.8, 423.2, 371.85, 175.9, 467.45, 470.7, 375.15, 283.55, 275.65, 280.3, 466.4, 472.3, 326.8, 375.2, 420.35, 471.5, 277.55]","[12.525545, 106.430564, 198.525133, 288.858734, 380.78999, 473.414773, 564.214503, 653.966505, 744.233086, 834.132435, 937.546215, 1048.672028, 1158.847529, 1268.62955, 1381.366598, 1489.82634, 1595.967833, 1704.096201, 1812.003999, 1918.4672, 2023.888763, 2127.893292, 2236.215718, 2344.315004, 2453.388317, 2561.93179, 2671.886444, 2783.936775, 2895.199199, 3006.000791]","[0, 10, 20, 30, 40, 50, 60, 70, 80, 90, 100, 110, 120, 130, 140, 150, 160, 170, 180, 190, 200, 210, 220, 230, 240, 250, 260, 270, 280, 290]","[2, 19, 36, 53, 70, 87, 104, 121, 138, 155, 172, 189, 206, 223, 240, 257, 274, 291, 308, 325, 342, 359, 376, 393, 410, 427, 444, 461, 478, 495]","[256, 128]"
du00k9rw,sparkling-spaceship-588,TD3BC,l2f_bc,finished,https://wandb.ai/korneelvandenberghe/l2f_bc/runs/du00k9rw,2025-04-23T14:36:07Z,-182.75316713311975,241.2,2.0,adaptive,"[19.986110591310453, 166.06418231637107, -12.343668515583055, -50.7743331712316, -152.35971449588158, -130.0104815531669, -191.85545673393648, -202.84356776660405, -166.35761870190282, -213.74201472569493, -186.52737578352958, -160.30523303892863, -247.307528241443, -183.55298317697284, -224.57239630992837, -172.3247041016661, -197.25607509790328, -159.56762419166458, -140.84579679084715, -303.7552613049944, -179.03440252489932, -99.14095657291293, -197.751591238819, -206.34748717393558, -186.29065933398283, -218.6511292256925, -179.83144492079776, -250.87015780263567, -177.82000558462124, -148.57081326471993, -207.89364679426518, -230.32797102423038, -231.4784968822575, -154.7815960282854, -218.75109164471397, -198.77209012564407, -230.6761555800077, -164.53777042381856, -149.92062879437466, -173.77569722614652, -314.22348667860933, -173.5983521582868, -162.14560383100672, -209.72169190757808, -210.68781001145095, -180.74421389455284, -185.21031200882078, -186.84293612206116, -204.18135141394592, -182.75316713311975]","[86.25, 423.05, 88.6, 371.3, 283.85, 179.3, 426.45, 376.55, 233.05, 374.15, 321.1, 276.65, 427.1, 285.35, 419.7, 279.7, 326.7, 232.75, 178.15, 573.3, 233.6, 134.3, 287.9, 331.05, 280.9, 425.05, 233.85, 473.55, 323.85, 181.75, 421.35, 472.75, 477.55, 229.6, 331.05, 280.6, 467.9, 233.55, 229.45, 281.7, 613.7, 326.4, 276.65, 331.9, 329.2, 277.05, 370.7, 238.3, 325.9, 241.2]","[17.567366, 189.430659, 355.244446, 520.666131, 680.071983, 842.043781, 1004.670604, 1164.197891, 1320.352024, 1477.369216, 1637.012585, 1807.547823, 1978.556252, 2152.656924, 2324.668424, 2496.583698, 2668.961677, 2841.131009, 3011.148176, 3185.253096, 3353.74211, 3523.459238, 3695.622061, 3870.296028, 4046.268361, 4218.207639, 4389.893688, 4560.574546, 4729.728019, 4900.428242, 5070.965236, 5236.387916, 5401.946534, 5567.424441, 5731.713485, 5894.57607, 6058.354124, 6226.260723, 6392.027356, 6554.950602, 6719.319188, 6878.7828, 7043.74666, 7206.450143, 7374.545707, 7539.122072, 7704.3985, 7866.144031, 8027.879577, 8191.554912]","[0, 0, 0, 0, 0, 0, 0, 0, 0, 0, 0, 0, 0, 0, 0, 0, 0, 0, 0, 0, 0, 0, 0, 0, 0, 0, 0, 0, 0, 0, 0, 0, 0, 0, 0, 0, 0, 0, 0, 0, 0, 0, 0, 0, 0, 0, 0, 0, 0, 0]","[241, 2648, 5055, 7462, 9869, 12276, 14683, 17090, 19497, 21904, 24311, 26718, 29125, 31532, 33939, 36346, 38753, 41160, 43567, 45974, 48381, 50788, 53195, 55602, 58009, 60416, 62823, 65230, 67637, 70044, 72451, 74858, 77265, 79672, 82079, 84486, 86893, 89300, 91707, 94114, 96521, 98928, 101335, 103742, 106149, 108556, 110963, 113370, 115777, 118184]","[256, 128]"
pobytapy,northern-voice-589,TD3BC,l2f_bc,finished,https://wandb.ai/korneelvandenberghe/l2f_bc/runs/pobytapy,2025-04-23T16:55:21Z,-276.4824541691653,569.1,2.0,adaptive,"[13.88581005103129, 25.03654399565396, 32.948772439803406, -74.68702458720932, -184.41505510809117, -153.62811171163256, -152.7190411451993, -238.35227448480728, -269.9534146066257, -73.96009659857307, -72.36549995606046, -142.7276498088635, -229.7491025987053, -213.7703712299006, -236.90813224194463, -202.31169892580564, -227.00642565164208, -209.91080043084906, -248.96489861628152, -202.71007889927895, -238.47469546163455, -144.86115457608122, -201.47044666499687, -220.54984560459405, -260.68872146053934, -225.20981189506202, -278.0264165521529, -221.8951305294732, -239.62434698221637, -175.6984448515525, -193.3808628831246, -146.24422703487394, -275.6065139242524, -172.11276261960694, -226.1010029074273, -241.32977987204373, -199.97276886389733, -177.6264699223465, -188.5901953379536, -160.46937906253498, -228.85464729349383, -158.6509847170693, -228.64618021119932, -233.46368306716545, -180.84136713346973, -263.6095778383936, -229.2851828751743, -301.5718984234164, -119.7422368882272, -276.4824541691653]","[82.35, 139.95, 333.0, 143.65, 422.1, 329.8, 332.25, 381.5, 381.95, 47.05, 49.85, 141.6, 380.4, 325.25, 421.95, 285.4, 381.6, 376.5, 470.0, 328.0, 427.85, 181.3, 330.65, 335.8, 383.5, 416.45, 572.8, 376.4, 424.15, 275.7, 327.95, 186.55, 515.9, 275.45, 383.85, 427.75, 325.3, 278.5, 370.3, 187.4, 471.85, 230.5, 378.75, 477.0, 237.9, 474.55, 380.6, 518.5, 134.45, 569.1]","[16.572084, 177.503553, 342.233142, 506.132877, 670.991847, 840.317499, 1006.029235, 1171.545621, 1336.366689, 1498.602042, 1667.821225, 1835.430814, 1999.713573, 2166.308175, 2330.215306, 2494.109189, 2655.320194, 2815.889558, 2977.805183, 3138.820766, 3300.228242, 3459.343207, 3620.609477, 3780.551867, 3940.621247, 4095.588624, 4252.096198, 4409.247698, 4567.631471, 4728.800124, 4887.189025, 5043.385573, 5205.880487, 5364.683694, 5525.045971, 5684.862357, 5842.585329, 6000.512067, 6159.406419, 6319.347173, 6476.730328, 6637.096428, 6796.689294, 6956.824175, 7112.69138, 7271.999848, 7430.603473, 7582.770606, 7734.096457, 7884.901929]","[0, 0, 0, 0, 0, 0, 0, 0, 0, 0, 0, 0, 0, 0, 0, 0, 0, 0, 0, 0, 0, 0, 0, 0, 0, 0, 0, 0, 0, 0, 0, 0, 0, 0, 0, 0, 0, 0, 0, 0, 0, 0, 0, 0, 0, 0, 0, 0, 0, 0]","[241, 2648, 5055, 7462, 9869, 12276, 14683, 17090, 19497, 21904, 24311, 26718, 29125, 31532, 33939, 36346, 38753, 41160, 43567, 45974, 48381, 50788, 53195, 55602, 58009, 60416, 62823, 65230, 67637, 70044, 72451, 74858, 77265, 79672, 82079, 84486, 86893, 89300, 91707, 94114, 96521, 98928, 101335, 103742, 106149, 108556, 110963, 113370, 115777, 118184]","[256, 128]"
soq1wfu6,glad-sun-590,TD3BC,l2f_bc,finished,https://wandb.ai/korneelvandenberghe/l2f_bc/runs/soq1wfu6,2025-04-23T19:09:15Z,-190.75032907656262,374.6,2.0,adaptive,"[57.89355292759302, 112.63854597472255, 91.25588535602637, -48.44085194207685, -171.1736155705276, -166.3775091292646, -176.0670530721665, -139.8496043031063, -225.33939025759827, -129.77960950036828, -261.3691690130758, -173.96725949647194, -289.0718294666038, -207.86875337282632, -234.1966864356585, -238.93922027871903, -222.44272515666694, -176.03141917363214, -188.54329986829256, -171.85599283189703, -216.24675997389576, -135.20257856253787, -169.55791429221077, -189.8573086532468, -200.50352135331372, -185.78765956611335, -218.43190460891856, -176.12516929877137, -158.3342181911373, -231.39300627715835, -215.74113994362452, -190.33303897342694, -265.77160833704284, -157.4512274021219, -153.64525135013344, -177.30750788034487, -182.94543285843494, -261.2751568445554, -196.82404490713435, -185.625664190749, -120.1035734435175, -273.2961877062259, -174.22176707785576, -157.17386330568087, -172.85134791925208, -198.76875299417696, -190.09522342014077, -159.6660572963421, -209.43363489812313, -190.75032907656262]","[136.6, 325.25, 466.5, 188.4, 375.9, 323.7, 281.55, 137.7, 326.95, 89.05, 378.05, 231.85, 471.15, 282.0, 473.0, 423.1, 424.0, 233.4, 278.8, 235.45, 418.15, 137.05, 229.8, 284.25, 372.5, 287.95, 466.25, 280.8, 229.35, 515.65, 417.65, 373.7, 470.6, 229.95, 232.25, 277.8, 325.8, 473.05, 378.7, 370.85, 181.05, 567.35, 280.4, 275.5, 282.45, 381.1, 323.15, 180.0, 420.7, 374.6]","[15.592563, 166.93334, 323.161402, 476.929145, 631.551357, 789.252206, 948.692197, 1106.643003, 1264.754369, 1420.011726, 1577.334105, 1734.551847, 1893.715259, 2048.481323, 2208.325012, 2374.938991, 2514.83699, 2667.363906, 2821.440064, 2975.702376, 3127.620249, 3281.307307, 3433.465985, 3582.756939, 3733.177745, 3881.419529, 4034.351236, 4184.990534, 4339.994016, 4496.822285, 4648.295876, 4799.595978, 4953.730095, 5108.280479, 5263.047008, 5415.772903, 5566.638991, 5721.693883, 5873.929438, 6026.897043, 6179.973546, 6337.401957, 6493.601163, 6648.854062, 6802.041418, 6957.186551, 7114.273361, 7268.698276, 7422.047302, 7575.125485]","[0, 0, 0, 0, 0, 0, 0, 0, 0, 0, 0, 0, 0, 0, 0, 0, 0, 0, 0, 0, 0, 0, 0, 0, 0, 0, 0, 0, 0, 0, 0, 0, 0, 0, 0, 0, 0, 0, 0, 0, 0, 0, 0, 0, 0, 0, 0, 0, 0, 0]","[241, 2648, 5055, 7462, 9869, 12276, 14683, 17090, 19497, 21904, 24311, 26718, 29125, 31532, 33939, 36346, 38753, 41160, 43567, 45974, 48381, 50788, 53195, 55602, 58009, 60416, 62823, 65230, 67637, 70044, 72451, 74858, 77265, 79672, 82079, 84486, 86893, 89300, 91707, 94114, 96521, 98928, 101335, 103742, 106149, 108556, 110963, 113370, 115777, 118184]","[256, 128]"
agdpozui,scarlet-forest-591,TD3BC,l2f_bc,finished,https://wandb.ai/korneelvandenberghe/l2f_bc/runs/agdpozui,2025-04-23T21:18:02Z,-237.37242239839915,429.15,2.0,adaptive,"[27.40532357086491, 70.1391679266656, 33.76595723384097, -49.22827085174521, -130.91438063063103, -153.2056821761168, -121.10087683036372, -150.20953053003703, -187.30603112291374, -127.18920909612129, -170.3497845999374, -240.22703994840995, -228.2022911599252, -185.4926314194753, -218.30295989331367, -196.6638333588868, -194.8891167676588, -144.10222996582323, -179.57912344786888, -221.5496068037631, -166.67146301986924, -158.27392770332239, -208.00200052417313, -176.76981865105316, -176.30428730291555, -243.35821478808288, -286.7119362347091, -226.2699475444483, -212.47610761716254, -182.09651929090214, -211.80433402000637, -240.64360981137716, -178.8484929464816, -198.2289978795678, -254.3660518327571, -205.92324160129942, -237.38539001935865, -221.07569435693557, -149.56364809248623, -219.61311974286792, -129.8345144847125, -196.11479825819498, -188.91247393064174, -148.75683998024905, -233.5169570937168, -170.7688449233233, -212.07600792527836, -124.17471216668646, -175.91892748928302, -237.37242239839915]","[90.75, 230.95, 272.95, 419.2, 228.1, 324.3, 176.55, 186.6, 280.15, 96.75, 281.6, 471.05, 423.55, 233.55, 375.3, 329.05, 324.45, 185.3, 277.2, 382.5, 279.15, 192.45, 427.25, 235.6, 373.2, 474.25, 566.65, 378.05, 374.6, 285.7, 419.15, 518.9, 372.75, 371.75, 427.0, 424.8, 429.65, 342.75, 232.9, 331.0, 177.0, 324.2, 334.6, 184.7, 342.65, 284.65, 423.9, 90.4, 277.25, 429.15]","[15.492877, 166.372559, 316.979854, 470.745116, 621.372221, 773.562516, 923.948222, 1077.314542, 1230.760902, 1382.331032, 1534.363484, 1688.95496, 1841.613067, 1995.371465, 2148.971375, 2302.527026, 2456.907492, 2611.026125, 2762.404942, 2913.670353, 3064.961307, 3218.15791, 3371.853618, 3524.454897, 3676.549897, 3828.707968, 3981.185325, 4133.418086, 4287.61992, 4437.235004, 4589.365546, 4739.733264, 4890.75679, 5041.375991, 5193.925721, 5346.000332, 5498.815092, 5650.950264, 5803.663194, 5956.788049, 6109.623613, 6261.1431, 6414.666327, 6567.123566, 6718.797874, 6871.153901, 7023.410635, 7175.158269, 7327.69173, 7479.527398]","[0, 0, 0, 0, 0, 0, 0, 0, 0, 0, 0, 0, 0, 0, 0, 0, 0, 0, 0, 0, 0, 0, 0, 0, 0, 0, 0, 0, 0, 0, 0, 0, 0, 0, 0, 0, 0, 0, 0, 0, 0, 0, 0, 0, 0, 0, 0, 0, 0, 0]","[241, 2648, 5055, 7462, 9869, 12276, 14683, 17090, 19497, 21904, 24311, 26718, 29125, 31532, 33939, 36346, 38753, 41160, 43567, 45974, 48381, 50788, 53195, 55602, 58009, 60416, 62823, 65230, 67637, 70044, 72451, 74858, 77265, 79672, 82079, 84486, 86893, 89300, 91707, 94114, 96521, 98928, 101335, 103742, 106149, 108556, 110963, 113370, 115777, 118184]","[256, 128]"
00yn7slx,rich-dragon-592,TD3BC,l2f_bc,finished,https://wandb.ai/korneelvandenberghe/l2f_bc/runs/00yn7slx,2025-04-23T23:25:10Z,-294.2653146059959,664.15,2.0,adaptive,"[17.92262776854775, 93.09208698638895, 93.60382933048254, -49.956858733186834, -163.13377940923013, -175.08956910496698, -105.02852098291149, -132.03412305888017, -159.12581543735658, -151.46463686431952, -270.84389873735876, -224.1901814724543, -154.8482496741323, -127.1731584237942, -213.42443044473802, -189.3425498022014, -225.59170830980844, -239.26356449064292, -164.26795337933757, -163.52565346586806, -240.04390665765314, -268.1103280140048, -162.31232824012412, -127.74687803845957, -258.93632942554893, -180.70249672905794, -214.90365727977968, -191.83034952532472, -175.11824847410122, -225.48585963479908, -136.17154890788328, -141.17301636581502, -218.72586181522843, -176.31646378190175, -141.60320368999615, -245.43310128107387, -198.6368964337151, -228.39078867242483, -243.64548762611767, -206.0037278445201, -244.01572364162968, -233.73347528004825, -150.87887192737819, -150.06041148804985, -236.65955023576825, -218.01303813385866, -194.57122494549478, -162.67426374890388, -167.85303381462958, -294.2653146059959]","[87.3, 280.6, 522.6, 285.2, 333.45, 371.8, 139.55, 182.7, 277.75, 190.7, 519.1, 424.9, 232.55, 138.4, 423.55, 288.55, 469.45, 382.35, 275.35, 231.1, 424.5, 522.75, 236.0, 182.45, 567.85, 234.45, 421.1, 324.8, 282.05, 384.85, 178.35, 184.55, 423.75, 323.7, 181.05, 425.7, 326.45, 472.65, 472.55, 381.1, 520.65, 470.85, 231.85, 233.2, 467.8, 424.5, 286.2, 281.5, 278.8, 664.15]","[14.220241, 157.018804, 305.351483, 452.426046, 598.485601, 745.048211, 892.633874, 1039.989149, 1188.934018, 1336.64644, 1485.69723, 1637.468572, 1785.001319, 1935.163052, 2084.227991, 2232.168111, 2382.084235, 2534.482695, 2685.452165, 2834.257154, 2981.657863, 3132.314155, 3281.606127, 3432.233346, 3582.95247, 3732.013505, 3880.310086, 4029.282778, 4178.273255, 4331.122514, 4481.435527, 4633.212372, 4783.772428, 4934.175075, 5081.372816, 5233.666952, 5383.081297, 5531.683447, 5681.742255, 5831.156488, 5979.3263, 6129.784434, 6278.456346, 6429.5081, 6579.453931, 6727.326025, 6876.390714, 7025.334232, 7172.911621, 7322.481188]","[0, 0, 0, 0, 0, 0, 0, 0, 0, 0, 0, 0, 0, 0, 0, 0, 0, 0, 0, 0, 0, 0, 0, 0, 0, 0, 0, 0, 0, 0, 0, 0, 0, 0, 0, 0, 0, 0, 0, 0, 0, 0, 0, 0, 0, 0, 0, 0, 0, 0]","[241, 2648, 5055, 7462, 9869, 12276, 14683, 17090, 19497, 21904, 24311, 26718, 29125, 31532, 33939, 36346, 38753, 41160, 43567, 45974, 48381, 50788, 53195, 55602, 58009, 60416, 62823, 65230, 67637, 70044, 72451, 74858, 77265, 79672, 82079, 84486, 86893, 89300, 91707, 94114, 96521, 98928, 101335, 103742, 106149, 108556, 110963, 113370, 115777, 118184]","[256, 128]"
s00q4d7b,frosty-surf-593,TD3BC,l2f_bc,finished,https://wandb.ai/korneelvandenberghe/l2f_bc/runs/s00q4d7b,2025-04-24T01:29:42Z,-303.99546504511693,525.7,2.0,interval,"[-7.234411919871858, 209.78023427788452, 31.253292375013416, -38.77177321923506, -146.0192419900522, -152.29750451879582, -153.78725160614664, -132.26497189438953, -221.55463657311822, -186.64581153350062, -175.21980988165333, -179.60666544957715, -202.3758261154373, -173.37319487056308, -207.68833338229047, -219.5522586776911, -310.4602419763936, -200.13244098364052, -205.2837929914334, -201.80563561033293, -262.57075225270086, -207.69378464026718, -286.250590491457, -260.16151745357666, -168.44104160863907, -210.42951868409364, -188.13887616928238, -189.46273849389314, -264.69766488698207, -237.84422730550358, -187.08313912310703, -223.27430450232237, -205.15327254244366, -261.2911373606898, -229.02799135708483, -203.0310669192658, -215.4537702239044, -251.67357084869573, -114.36253479548222, -240.66359241746076, -293.8762118367997, -109.88187004642566, -241.66016892378153, -179.82865000955366, -226.7685086294501, -296.35451990812294, -216.82017797492986, -258.251284702769, -186.26205564087388, -303.99546504511693]","[32.85, 525.35, 287.2, 376.7, 419.0, 318.1, 278.35, 132.5, 379.75, 274.1, 182.7, 277.45, 327.95, 277.0, 232.55, 282.2, 567.25, 280.3, 326.85, 242.1, 374.75, 232.95, 429.0, 422.4, 183.0, 377.3, 275.35, 279.4, 426.25, 379.3, 370.75, 329.6, 327.15, 471.6, 377.1, 281.65, 324.9, 427.65, 83.35, 284.85, 567.9, 44.2, 517.35, 232.15, 466.4, 476.0, 234.65, 379.2, 277.65, 525.7]","[14.404694, 164.100338, 316.847192, 471.19139, 623.690856, 776.618111, 929.843105, 1081.621452, 1237.511793, 1393.014029, 1548.155358, 1705.031275, 1859.629049, 2016.399324, 2169.80304, 2325.914092, 2482.555421, 2639.562869, 2795.467457, 2951.219433, 3108.533581, 3263.452682, 3419.707376, 3573.812101, 3728.943934, 3884.354292, 4040.036369, 4196.957191, 4352.857793, 4506.533918, 4660.692523, 4814.074527, 4967.782312, 5120.951868, 5276.031908, 5429.731091, 5582.696182, 5737.960288, 5894.097042, 6049.551914, 6204.441286, 6359.208712, 6512.884343, 6665.813302, 6822.164002, 6975.68094, 7131.772974, 7286.628441, 7439.80097, 7593.665872]","[0, 0, 0, 0, 0, 0, 0, 0, 0, 0, 0, 0, 0, 0, 0, 0, 0, 0, 0, 0, 0, 0, 0, 0, 0, 0, 0, 0, 0, 0, 0, 0, 0, 0, 0, 0, 0, 0, 0, 0, 0, 0, 0, 0, 0, 0, 0, 0, 0, 0]","[241, 2643, 5045, 7447, 9849, 12251, 14654, 17056, 19458, 21860, 24262, 26665, 29067, 31469, 33871, 36273, 38676, 41078, 43480, 45882, 48284, 50687, 53089, 55491, 57893, 60295, 62698, 65100, 67502, 69904, 72306, 74709, 77111, 79513, 81915, 84317, 86720, 89122, 91524, 93926, 96328, 98731, 101133, 103535, 105937, 108339, 110742, 113144, 115546, 117948]","[256, 128]"
cm9te0y8,hopeful-eon-594,TD3BC,l2f_bc,finished,https://wandb.ai/korneelvandenberghe/l2f_bc/runs/cm9te0y8,2025-04-24T03:38:49Z,-166.05618002887428,235.55,2.0,interval,"[1.075744347772384, 68.26547258178486, 42.7240279020407, -47.0297992727703, -134.9603509982636, -235.60759549525278, -232.1257681285676, -155.80998921028714, -206.049546864108, -85.25904540907368, -239.8775415590429, -163.53753229789015, -239.35947395293246, -149.93383847811793, -232.74808964447465, -232.37377072472472, -205.12186681401772, -229.21521398115883, -209.79054694021556, -169.01141346405342, -188.67409497314335, -162.2174129009105, -221.9661418799871, -174.78374828930328, -255.07207577202456, -209.84539970182396, -216.39345110732853, -277.4318350179727, -282.8628417380465, -176.15131524767722, -223.64716867627675, -244.51393852422243, -208.05548518750388, -146.6055378876794, -156.71009826483794, -159.27919217527545, -236.88306449565525, -222.62413755515917, -194.45498233805304, -275.13424967552635, -221.89834122251096, -275.2885559089426, -144.1430769595932, -188.64537826704836, -239.2923646837774, -274.0532637535118, -278.80443136370667, -163.22699048746136, -219.78714055445397, -166.05618002887428]","[37.7, 232.75, 332.0, 372.75, 277.8, 439.9, 430.2, 235.25, 278.6, 40.7, 380.4, 275.0, 421.7, 182.6, 380.6, 418.3, 278.95, 375.75, 328.9, 275.35, 233.55, 183.25, 330.95, 148.6, 431.1, 283.95, 372.35, 563.85, 516.3, 231.6, 424.25, 336.4, 237.55, 137.6, 183.45, 227.3, 425.65, 335.35, 285.05, 570.75, 468.0, 525.35, 137.15, 277.2, 421.75, 525.8, 519.7, 188.3, 377.4, 235.55]","[13.296277, 148.294131, 286.781002, 424.368322, 562.4269, 700.307646, 837.721467, 977.555956, 1116.987056, 1257.382822, 1397.774666, 1536.743751, 1674.800204, 1813.787679, 1954.712355, 2095.066197, 2232.709098, 2374.174206, 2512.932462, 2653.771797, 2793.177024, 2934.424244, 3072.573836, 3212.025514, 3351.91963, 3490.715984, 3629.825035, 3770.346212, 3910.320151, 4047.910998, 4187.821153, 4327.037673, 4465.620075, 4600.705038, 4741.009907, 4882.220723, 5023.995088, 5163.423435, 5306.22958, 5449.75767, 5590.931789, 5732.453988, 5871.389461, 6008.510385, 6147.288836, 6287.263374, 6425.910217, 6562.095809, 6699.073476, 6837.190609]","[0, 0, 0, 0, 0, 0, 0, 0, 0, 0, 0, 0, 0, 0, 0, 0, 0, 0, 0, 0, 0, 0, 0, 0, 0, 0, 0, 0, 0, 0, 0, 0, 0, 0, 0, 0, 0, 0, 0, 0, 0, 0, 0, 0, 0, 0, 0, 0, 0, 0]","[241, 2643, 5045, 7447, 9849, 12251, 14654, 17056, 19458, 21860, 24262, 26665, 29067, 31469, 33871, 36273, 38676, 41078, 43480, 45882, 48284, 50687, 53089, 55491, 57893, 60295, 62698, 65100, 67502, 69904, 72306, 74709, 77111, 79513, 81915, 84317, 86720, 89122, 91524, 93926, 96328, 98731, 101133, 103535, 105937, 108339, 110742, 113144, 115546, 117948]","[256, 128]"
nh07c1ye,hardy-frost-595,TD3BC,l2f_bc,killed,https://wandb.ai/korneelvandenberghe/l2f_bc/runs/nh07c1ye,2025-04-24T05:35:02Z,-261.3833712987572,574.1,2.0,interval,"[23.353709221619823, 166.01033989509864, 44.49820386911257, -42.22304701641363, -162.92413077432624, -191.96718205404508, -204.59213396891496, -234.80635099233618, -209.69612729923466, -163.25630179730814, -184.94824263519666, -222.4438876118504, -221.81092753352556, -166.83033327595444, -205.85676245697854, -206.71207230931196, -199.8618879498782, -205.1725277072541, -216.23407363010796, -192.95966949152663, -151.31933732014105, -151.5311116448201, -194.07861288202372, -301.30493164303283, -180.1014056270735, -174.89560117683246, -244.95371174995734, -247.66007267163886, -161.76939949218715, -253.36762441299817, -243.67563256725134, -139.74868008396817, -271.7459993674314, -172.63110389030544, -278.7508307494301, -261.3833712987572]","[76.25, 421.15, 326.5, 321.65, 329.4, 379.8, 336.7, 472.7, 378.0, 233.6, 328.85, 328.45, 377.2, 191.45, 419.2, 279.45, 333.2, 324.45, 327.35, 323.6, 183.05, 183.55, 372.7, 619.5, 280.85, 233.75, 467.25, 473.75, 143.3, 473.05, 471.65, 134.55, 480.45, 231.35, 517.65, 574.1]","[14.739971, 162.07379, 311.98583, 461.588901, 613.145995, 764.191737, 912.510937, 1061.543417, 1210.618271, 1359.082013, 1508.450955, 1658.062811, 1807.823139, 1957.436021, 2108.780988, 2260.432122, 2411.263976, 2561.650998, 2712.542952, 2862.556106, 3013.468421, 3165.817227, 3318.514747, 3470.890899, 3621.362094, 3770.371825, 3923.518647, 4074.724037, 4227.017711, 4376.722451, 4525.418601, 4674.206529, 4824.804203, 4973.959179, 5125.020214, 5275.643238]","[0, 0, 0, 0, 0, 0, 0, 0, 0, 0, 0, 0, 0, 0, 0, 0, 0, 0, 0, 0, 0, 0, 0, 0, 0, 0, 0, 0, 0, 0, 0, 0, 0, 0, 0, 0]","[241, 2643, 5045, 7447, 9849, 12251, 14654, 17056, 19458, 21860, 24262, 26665, 29067, 31469, 33871, 36273, 38676, 41078, 43480, 45882, 48284, 50687, 53089, 55491, 57893, 60295, 62698, 65100, 67502, 69904, 72306, 74709, 77111, 79513, 81915, 84317]","[256, 128]"
uqqd94jo,cool-star-596,TD3BC,l2f_bc,crashed,https://wandb.ai/korneelvandenberghe/l2f_bc/runs/uqqd94jo,2025-04-24T07:05:27Z,-226.48058998795813,379.35,2.0,adaptive,"[24.889954220284345, 152.11720036495345, 34.28494854783343, -49.18333851516307, -137.86847100796498, -146.43027861697175, -223.32067478428718, -209.29352986221085, -245.6987402608761, -280.08131199244013, -206.6144164352043, -177.10621279374135, -256.4245965728066, -200.06556268410932, -264.60827179761463, -239.73890872006928, -258.71179582386446, -193.06250443555635, -201.88804600130192, -236.7300446799271, -261.72393109923803, -226.48058998795813]","[95.5, 424.0, 287.95, 380.35, 277.9, 236.65, 376.75, 373.5, 468.1, 523.0, 421.25, 232.0, 468.75, 332.8, 517.4, 473.75, 470.3, 320.7, 372.1, 427.2, 520.4, 379.35]","[16.870622, 188.389092, 360.540295, 530.795646, 699.219053, 864.589824, 1030.279883, 1199.42569, 1365.795439, 1534.01342, 1702.540441, 1870.276346, 2039.131314, 2206.14103, 2372.653363, 2539.710676, 2711.545714, 2880.227255, 3056.413704, 3229.33629, 3401.020749, 3594.16466]","[0, 0, 0, 0, 0, 0, 0, 0, 0, 0, 0, 0, 0, 0, 0, 0, 0, 0, 0, 0, 0, 0]","[241, 2648, 5055, 7462, 9869, 12276, 14683, 17090, 19497, 21904, 24311, 26718, 29125, 31532, 33939, 36346, 38753, 41160, 43567, 45974, 48381, 50788]","[256, 256]"
ng9ycs6v,silvery-pyramid-600,TD3BC,l2f_bc,finished,https://wandb.ai/korneelvandenberghe/l2f_bc/runs/ng9ycs6v,2025-04-24T08:30:35Z,-153.3494263172544,277.6,2.0,adaptive,"[19.574545872713813, 81.84878376073752, 104.54306105599343, 170.78576866804121, 186.5163411799438, 103.6007970018328, 247.12744701764808, 225.20686421337837, 310.6647332015941, 93.19770083033417, 181.90412400047308, 73.79278559199187, 202.27233489740644, 155.60315420502462, 189.09600104918485, 139.14707161350864, 77.54223185954423, 28.81724844953659, 18.433055164859013, 17.950776860886183, 51.52871431359449, 91.30247308056354, 72.20059837739623, 66.54711412548377, 94.8554432323715, -77.11534700701384, -70.03278197348803, -51.68209338225245, -35.06360804092144, -48.59300867862977, -65.79145344968231, -46.6483815838905, -48.4979836182702, -56.039453821639356, -145.51790200072597, -190.276313261226, -133.7252880565979, -286.139847375373, -173.8850523411433, -123.30896696403298, -211.3556983459182, -202.0676452468777, -199.69810534456911, -137.47323832770942, -215.04098995108907, -251.34471639123717, -261.2859320885496, -173.78574443146948, -163.04169491273382, -153.3494263172544]","[87.6, 178.4, 229.4, 322.3, 379.15, 228.65, 473.4, 425.65, 572.2, 275.3, 467.6, 236.7, 519.1, 420.55, 473.85, 376.4, 237.0, 283.45, 233.45, 234.25, 327.5, 467.35, 422.75, 370.4, 518.9, 280.6, 335.4, 369.25, 419.05, 568.3, 475.3, 230.05, 282.4, 333.45, 324.45, 340.25, 229.55, 668.25, 323.2, 182.05, 519.45, 469.05, 420.4, 182.8, 425.25, 520.85, 612.85, 327.55, 279.15, 277.6]","[14.648005, 167.489638, 320.016443, 470.278093, 621.010109, 776.78882, 932.541926, 1085.737722, 1235.724378, 1385.287292, 1535.40243, 1684.101363, 1834.543411, 1986.516621, 2136.214946, 2286.078378, 2433.840239, 2581.223285, 2728.975698, 2877.351148, 3025.69175, 3182.807086, 3335.771478, 3486.392654, 3639.359215, 3791.56859, 3947.32576, 4103.296429, 4259.718782, 4413.605883, 4571.108936, 4725.958713, 4876.896916, 5031.078552, 5184.394792, 5335.381712, 5485.866873, 5640.209131, 5792.871302, 5943.921048, 6093.114051, 6244.094124, 6393.976512, 6542.685739, 6694.904512, 6861.949946, 7011.960176, 7162.727235, 7313.403099, 7464.401604]","[0, 0, 0, 0, 0, 0, 0, 0, 0, 0, 0, 0, 0, 0, 0, 0, 0, 0, 0, 0, 0, 0, 0, 0, 0, 0, 0, 0, 0, 0, 0, 0, 0, 0, 0, 0, 0, 0, 0, 0, 0, 0, 0, 0, 0, 0, 0, 0, 0, 0]","[241, 2647, 5053, 7459, 9865, 12271, 14677, 17083, 19489, 21896, 24302, 26708, 29114, 31520, 33926, 36332, 38738, 41145, 43551, 45957, 48363, 50769, 53175, 55581, 57987, 60394, 62800, 65206, 67612, 70018, 72424, 74830, 77236, 79642, 82049, 84455, 86861, 89267, 91673, 94079, 96485, 98891, 101298, 103704, 106110, 108516, 110922, 113328, 115734, 118140]","[256, 128]"
i8nk2ap8,vocal-snowflake-601,TD3BC_JS_Online,l2f_bc,killed,https://wandb.ai/korneelvandenberghe/l2f_bc/runs/i8nk2ap8,2025-04-24T08:49:38Z,270.9129229283413,417.0,2.0,adaptive,"[323.59493679782156, 247.4887795027613, 429.773265523085, 449.0972282720158, 378.76755973879165, 340.35039117901664, 398.7710772287473, 333.77901417041954, 336.265350554922, 333.5275519678014, 381.4542496036624, 335.3858708572282, 376.0156484853015, 270.9129229283413]","[486.8666666666667, 386.43333333333334, 644.7, 680.3666666666667, 578.4666666666667, 518.4333333333333, 610.4666666666667, 523.4, 516.9333333333333, 515.5666666666667, 587.2333333333333, 516.6666666666666, 582.9333333333333, 417.0]","[85.21228384971619, 857.4362468719482, 1641.6440179347992, 2433.0640227794647, 3225.4194078445435, 4021.205859899521, 4815.895138978958, 5611.653212070465, 6410.114001989365, 7209.810750961304, 8025.76288485527, 8838.708462953568, 9652.938010931015, 10466.468455076218]","[0, 10, 20, 30, 40, 50, 60, 70, 80, 90, 100, 110, 120, 130]","[424, 4640, 8856, 13072, 17288, 21507, 25723, 29939, 34155, 38371, 42590, 46806, 51022, 55238]","[256, 128]"
sb9ic3aw,charmed-snowflake-602,TD3BC,l2f_bc,crashed,https://wandb.ai/korneelvandenberghe/l2f_bc/runs/sb9ic3aw,2025-04-24T10:37:27Z,-72.84880184842214,378.5,2.0,adaptive,"[-5.618085521894292, 77.67542817266745, 114.70256865743393, 139.32596432602944, 107.97611008946208, 138.27675155550827, 172.43795138746495, 136.16278487189393, 217.5901177529679, 53.74538167443725, 87.92614121953159, 49.19076078288318, 158.85822776079414, 80.45022990960808, 182.6434158338375, 160.68194007754636, 166.8572826843307, 61.13667179198205, 57.248249738375705, 68.43887185032887, 161.2853260628056, 49.82170607001134, 72.31916917275389, 76.33754482255858, 39.73193118030498, -61.319347945688165, -54.5101275393893, -49.50820976296422, -54.09423535217309, -68.22479759694026, -72.84880184842214]","[36.0, 181.55, 225.6, 280.75, 226.55, 275.4, 322.35, 286.0, 415.2, 183.7, 277.9, 182.6, 425.6, 226.5, 475.15, 414.2, 420.4, 424.0, 376.05, 370.6, 761.15, 329.25, 417.35, 470.3, 280.75, 381.0, 324.8, 521.55, 565.2, 329.15, 378.5]","[14.189232, 157.90095, 305.6127, 454.248348, 601.571777, 747.163797, 895.589886, 1042.556689, 1191.275051, 1337.724915, 1485.921949, 1631.029248, 1779.08195, 1925.41824, 2074.006588, 2221.954418, 2369.307356, 2517.665384, 2665.697459, 2814.102975, 2966.491071, 3117.447649, 3267.213212, 3416.932469, 3566.404705, 3714.186608, 3860.52393, 4007.64106, 4156.350955, 4304.115024, 4454.868351]","[0, 0, 0, 0, 0, 0, 0, 0, 0, 0, 0, 0, 0, 0, 0, 0, 0, 0, 0, 0, 0, 0, 0, 0, 0, 0, 0, 0, 0, 0, 0]","[241, 2647, 5053, 7459, 9865, 12271, 14677, 17083, 19489, 21896, 24302, 26708, 29114, 31520, 33926, 36332, 38738, 41145, 43551, 45957, 48363, 50769, 53175, 55581, 57987, 60394, 62800, 65206, 67612, 70018, 72424]","[256, 128]"
c16zgm94,royal-moon-603,TD3BC_JS_Online,l2f_bc,finished,https://wandb.ai/korneelvandenberghe/l2f_bc/runs/c16zgm94,2025-04-24T11:47:25Z,-252.53508813052767,554.3666666666667,2.0,adaptive,"[286.2319943700007, 381.87254436298014, 253.04952466009863, 298.3977752310238, 314.6743820575468, 359.0438363023256, 273.2197364332632, 291.18948835876864, 377.4273805123265, 311.0280937865834, 282.91584453929045, 209.05145165523814, 261.65442936822177, 188.7512625615463, 297.9735901929899, 375.73997568243726, 320.359936872817, 240.8249433685001, 318.058585333681, 207.49860364462288, 151.72364350755427, 214.01631743397985, 289.0573802866992, 205.6739281987146, 199.61629404612407, 286.17600481799167, 166.11073446700541, 237.2519722427953, 235.53058921101086, 209.83006204673015, 106.6634906996799, 125.02630511246193, 75.41296951764966, 123.14633164640405, 85.29375247072257, 70.77257853191857, 116.04158157956893, 36.5296033875492, 126.62014507133736, 112.66884273907066, -38.4899963766518, -48.60590011812035, -55.49515299729175, -48.24247090556711, -67.02371473780077, -47.51698272646237, -30.407220965857796, -53.55050026585029, -41.33328459747688, -47.95310989341764, -249.50705441075493, -212.3032760978138, -251.89729733794795, -162.32677432301372, -216.5847715693062, -265.3163089267964, -248.88535947579834, -217.33003805560128, -257.46668744266526, -217.41114605747728, -206.81800580631563, -218.9477521632042, -225.03156099248335, -273.4855796685924, -280.9691793475232, -169.9850779215548, -214.80941517404827, -221.59278905378827, -234.6422301691111, -252.53508813052767]","[452.3666666666667, 583.2, 388.3, 454.9, 486.4, 547.2, 419.56666666666666, 451.8666666666667, 583.8333333333334, 481.3666666666667, 517.7, 389.5, 484.76666666666665, 353.06666666666666, 549.6333333333333, 677.9333333333333, 579.7, 454.3666666666667, 583.3666666666667, 385.1, 388.1, 514.2333333333333, 711.1666666666666, 519.8333333333334, 518.8333333333334, 711.9666666666667, 420.1333333333333, 582.5666666666667, 615.4, 518.3666666666667, 552.8333333333334, 611.7666666666667, 387.93333333333334, 580.5666666666667, 486.6, 453.8, 582.0, 291.76666666666665, 613.2333333333333, 545.6333333333333, 550.6666666666666, 485.6, 515.0666666666667, 615.7, 623.3333333333334, 612.6, 481.73333333333335, 580.6, 483.5, 454.1666666666667, 614.6666666666666, 550.0, 678.2666666666667, 389.2, 518.8333333333334, 676.6, 617.6666666666666, 486.1666666666667, 648.1, 549.7333333333333, 483.56666666666666, 481.4, 516.8, 646.0333333333333, 649.5666666666667, 356.7, 422.73333333333335, 465.76666666666665, 515.2666666666667, 554.3666666666667]","[84.51954102516174, 887.4957671165466, 1693.59246301651, 2504.2216823101044, 3315.738867998123, 4129.857502222061, 4942.398031234741, 5753.731328010559, 6569.800082206726, 7387.787146091461, 8199.611221075058, 9003.759709119797, 9809.737997055054, 10618.535140037537, 11429.323346138, 12242.578211069107, 13054.402104139328, 13867.154024124146, 14694.256344079971, 15519.918590307236, 16345.318671226501, 17166.086086273193, 17987.031481027603, 18809.832931041718, 19630.498195171356, 20482.178745031357, 21330.705992221832, 22178.478404045105, 23018.200360298157, 23860.243603229523, 24704.64426589012, 25550.20577931404, 26400.834728240967, 27251.74022912979, 28102.100848197937, 28958.6967689991, 29811.454940080643, 30662.764290094376, 31515.58522415161, 32364.6589550972, 33218.573441028595, 34067.72904396057, 34913.14719104767, 35759.234272003174, 36605.19688510895, 37451.34403300285, 38299.46784615517, 39140.506018161774, 39992.91520524025, 40848.10440015793, 41725.681616067886, 42579.745718955994, 43442.806757211685, 44314.09223604202, 45186.54563212395, 46069.88893413544, 46929.200508117676, 47786.72898197174, 48643.499239206314, 49508.45352816582, 50384.13583731651, 51245.922097206116, 52112.37751817703, 52975.94223713875, 53840.35790205002, 54706.9111931324, 55563.453307151794, 56423.305282115936, 57289.59612631798, 58158.96795916557]","[0, 10, 20, 30, 40, 50, 60, 70, 80, 90, 100, 110, 120, 130, 140, 150, 160, 170, 180, 190, 200, 210, 220, 230, 240, 250, 260, 270, 280, 290, 300, 310, 320, 330, 340, 350, 360, 370, 380, 390, 400, 410, 420, 430, 440, 450, 460, 470, 480, 490, 500, 510, 520, 530, 540, 550, 560, 570, 580, 590, 600, 610, 620, 630, 640, 650, 660, 670, 680, 690]","[424, 4640, 8856, 13072, 17288, 21507, 25723, 29939, 34155, 38371, 42591, 46807, 51023, 55239, 59455, 63674, 67890, 72106, 76322, 80538, 84758, 88974, 93190, 97406, 101622, 105841, 110057, 114273, 118489, 122705, 126925, 131141, 135357, 139573, 143789, 148008, 152224, 156440, 160656, 164872, 169092, 173308, 177524, 181740, 185956, 190172, 194388, 198604, 202820, 207036, 211254, 215470, 219686, 223902, 228118, 232336, 236552, 240768, 244984, 249200, 253418, 257634, 261850, 266066, 270282, 274500, 278716, 282932, 287148, 291364]","[256, 128]"
vn5t8cip,morning-glade-604,TD3BC,l2f_bc,finished,https://wandb.ai/korneelvandenberghe/l2f_bc/runs/vn5t8cip,2025-04-24T11:52:57Z,-238.24543800824244,567.1,2.0,adaptive,"[10.750676620839897, 142.39871262856101, 85.88062244945043, 188.32573780806894, 253.86026472190974, 167.34757106423825, 305.6192517285789, 198.73879034732298, 219.69177686662087, 114.58781769308696, 142.71963964250364, 98.35783491131231, 20.63658943057644, 163.49459067577328, 158.11441808544538, 161.80843436124837, 108.8559227889182, 51.816072077070224, 54.325088575474425, 94.33029980575726, 25.428914583949204, 28.463450529362905, 32.61407391926512, 49.23923625006007, 32.36284156128275, -58.403872961960474, -49.728601515466124, -58.32534370641048, -52.62589299269755, -55.93721753939095, -63.23746647335802, -65.79841566877158, -61.0956240769453, -43.66383931537359, -177.44522479967742, -173.0090815534059, -224.75001102068904, -138.57137675138904, -178.4311371892688, -127.66372983639425, -176.7762432417312, -109.52142775700722, -232.72309215190285, -192.81085203970127, -170.80426519078864, -205.88693520558732, -180.85684675673033, -166.81429933324455, -196.76293327006437, -238.24543800824244]","[68.4, 281.55, 179.9, 380.65, 466.1, 319.95, 563.8, 373.5, 416.7, 324.3, 375.25, 274.45, 130.65, 421.65, 422.45, 431.1, 329.3, 371.55, 376.9, 469.9, 233.6, 280.45, 273.2, 325.05, 276.75, 523.9, 272.65, 423.8, 228.1, 422.75, 522.5, 373.25, 467.1, 420.0, 325.9, 375.4, 519.8, 226.7, 370.0, 225.8, 284.4, 133.3, 516.8, 427.2, 275.25, 371.05, 373.8, 324.25, 373.75, 567.1]","[15.713702, 169.988035, 322.054327, 473.47066, 627.326645, 783.6971, 940.791856, 1096.903, 1251.412062, 1403.983427, 1557.084283, 1707.092239, 1855.757462, 2005.056409, 2157.562613, 2308.964026, 2454.593585, 2605.428329, 2754.604264, 2904.720028, 3050.038263, 3193.277366, 3340.406499, 3489.63871, 3637.415017, 3786.756408, 3932.798486, 4080.71262, 4225.413471, 4375.550654, 4524.253649, 4671.688318, 4821.060971, 4966.811164, 5112.977217, 5259.856159, 5414.471463, 5567.903492, 5717.405985, 5862.707982, 6011.444831, 6161.45975, 6311.028866, 6461.072732, 6608.124258, 6758.425683, 6907.664289, 7059.604323, 7207.531621, 7357.556708]","[0, 0, 0, 0, 0, 0, 0, 0, 0, 0, 0, 0, 0, 0, 0, 0, 0, 0, 0, 0, 0, 0, 0, 0, 0, 0, 0, 0, 0, 0, 0, 0, 0, 0, 0, 0, 0, 0, 0, 0, 0, 0, 0, 0, 0, 0, 0, 0, 0, 0]","[241, 2647, 5053, 7459, 9865, 12271, 14677, 17083, 19489, 21896, 24302, 26708, 29114, 31520, 33926, 36332, 38738, 41145, 43551, 45957, 48363, 50769, 53175, 55581, 57987, 60394, 62800, 65206, 67612, 70018, 72424, 74830, 77236, 79642, 82049, 84455, 86861, 89267, 91673, 94079, 96485, 98891, 101298, 103704, 106110, 108516, 110922, 113328, 115734, 118140]","[256, 128]"
idazxr2i,legendary-tree-605,TD3BC,l2f_bc,finished,https://wandb.ai/korneelvandenberghe/l2f_bc/runs/idazxr2i,2025-04-24T13:57:59Z,-179.39200518544686,373.15,2.0,adaptive,"[-0.12397470072603803, 204.0632227835329, 109.11138867628082, 74.37590582345396, 165.31362547710802, 47.734328945795895, 54.20592934900575, 200.36820893775476, 168.9266090855756, 102.43993449186385, 46.59494461870814, 36.12702305804421, 183.07047335881296, 120.63625800320979, 135.47922342713883, 95.4132230710841, 120.4642136391374, 72.37000728914636, 30.291776870407677, 25.963794195893957, 88.15918277533217, 73.06270743690372, 18.132359495848636, 53.28545194902199, 61.55118005027081, -58.7514208746771, -59.91869645870683, -49.26519776345775, -61.29332934592619, -61.212975413066296, -53.83338271393412, -51.89422369465151, -52.78013478303941, -49.58115396673887, -147.94288905480113, -180.86726905054226, -121.7100469422597, -164.35478501652943, -175.8460000580938, -180.0917704229152, -169.83263760602125, -195.1907668522425, -169.4549567136899, -202.02250813209332, -173.9690240955694, -145.79846239566777, -180.53214254788162, -201.4747208959517, -304.0850082945019, -179.39200518544686]","[40.95, 370.45, 223.9, 182.5, 328.15, 137.15, 134.3, 372.4, 323.7, 280.65, 180.2, 144.8, 470.2, 325.5, 376.3, 270.45, 328.3, 423.45, 221.45, 225.8, 470.9, 424.7, 228.1, 375.6, 373.25, 319.5, 280.1, 234.55, 284.95, 420.85, 421.65, 422.35, 424.25, 276.05, 231.4, 420.25, 184.3, 371.4, 376.2, 370.65, 422.6, 423.0, 326.75, 419.5, 329.3, 276.9, 420.4, 426.1, 626.9, 373.15]","[14.050579, 160.604367, 308.955962, 456.912325, 605.400875, 753.93941, 899.53864, 1048.411054, 1201.183712, 1352.188979, 1500.35863, 1651.690405, 1800.83311, 1949.934174, 2098.509322, 2250.83433, 2397.663478, 2546.734402, 2693.222669, 2840.429199, 2988.142533, 3136.978926, 3283.67938, 3433.432669, 3584.774346, 3736.946995, 3884.564448, 4046.718401, 4206.600211, 4368.132475, 4530.809685, 4695.088377, 4855.649748, 5017.543216, 5177.289575, 5333.539006, 5483.767099, 5632.483521, 5782.477096, 5932.258513, 6079.143588, 6222.564866, 6369.656448, 6514.999323, 6657.46582, 6799.569778, 6943.633189, 7088.611869, 7232.527279, 7376.343533]","[0, 0, 0, 0, 0, 0, 0, 0, 0, 0, 0, 0, 0, 0, 0, 0, 0, 0, 0, 0, 0, 0, 0, 0, 0, 0, 0, 0, 0, 0, 0, 0, 0, 0, 0, 0, 0, 0, 0, 0, 0, 0, 0, 0, 0, 0, 0, 0, 0, 0]","[241, 2647, 5053, 7459, 9865, 12271, 14677, 17083, 19489, 21896, 24302, 26708, 29114, 31520, 33926, 36332, 38738, 41145, 43551, 45957, 48363, 50769, 53175, 55581, 57987, 60394, 62800, 65206, 67612, 70018, 72424, 74830, 77236, 79642, 82049, 84455, 86861, 89267, 91673, 94079, 96485, 98891, 101298, 103704, 106110, 108516, 110922, 113328, 115734, 118140]","[256, 128]"
l3fsv28u,dauntless-hill-606,TD3BC,l2f_bc,finished,https://wandb.ai/korneelvandenberghe/l2f_bc/runs/l3fsv28u,2025-04-24T16:03:15Z,-148.58142216781718,228.15,2.0,adaptive,"[-9.050335272152497, 105.03206782148368, 140.47130926357246, 139.17455467600138, 194.47924296092776, 196.13335774911943, 55.9532187732867, 111.62934667062606, 143.85599822465204, 175.29392909852942, 213.40775727461374, 122.58120684417251, 164.86381575826871, 69.5623688063638, 185.28101751675362, 166.23616293324284, 48.61195370622819, 33.81377474024798, 79.4940722631629, 11.619004313360719, 50.88024794855511, 49.87392450293746, 55.42635354265188, 70.95156273464725, 38.32750745658676, -47.13245061115997, -43.02405100556442, -53.814133098704886, -49.699364253410984, -60.75897646937791, -49.390674940152216, -59.566934691717265, -67.43818584886529, -53.214736966852286, -161.65520648803738, -240.98271931693216, -151.64676600265753, -190.13413077037393, -202.14901465315265, -192.16577132680248, -130.717081880265, -144.35058897769125, -131.66222166881929, -184.70233226626146, -198.21503615386936, -232.80789839633275, -194.60402945648735, -162.0247307304139, -164.13033689150905, -148.58142216781718]","[36.0, 225.95, 275.75, 278.3, 368.8, 372.05, 132.2, 235.6, 284.3, 472.35, 517.05, 326.6, 417.8, 229.4, 474.85, 420.0, 176.05, 283.15, 422.7, 179.5, 378.6, 327.0, 378.95, 425.5, 325.5, 663.0, 421.3, 371.95, 419.2, 333.4, 613.95, 427.95, 423.95, 278.6, 327.4, 567.6, 231.0, 424.6, 428.2, 376.35, 226.2, 231.45, 228.65, 371.1, 377.5, 475.6, 332.2, 327.45, 323.55, 228.15]","[14.009841, 148.288775, 285.781103, 423.342675, 561.888715, 700.380445, 837.002831, 975.052692, 1112.42984, 1251.464984, 1389.955052, 1525.727584, 1664.346464, 1799.806824, 1938.166642, 2076.346543, 2212.374429, 2351.361585, 2489.778646, 2626.391646, 2765.918445, 2912.344735, 3134.85933, 3388.361589, 3669.341059, 3842.131299, 3982.335882, 4124.599318, 4269.902368, 4416.306639, 4562.839618, 4707.838542, 4854.378254, 4995.680373, 5139.266768, 5284.754587, 5434.226165, 5583.910102, 5732.938352, 5882.196965, 6034.556717, 6184.98029, 6331.71302, 6478.229312, 6633.419503, 6782.097151, 6929.059255, 7077.359413, 7229.850864, 7385.177676]","[0, 0, 0, 0, 0, 0, 0, 0, 0, 0, 0, 0, 0, 0, 0, 0, 0, 0, 0, 0, 0, 0, 0, 0, 0, 0, 0, 0, 0, 0, 0, 0, 0, 0, 0, 0, 0, 0, 0, 0, 0, 0, 0, 0, 0, 0, 0, 0, 0, 0]","[241, 2647, 5053, 7459, 9865, 12271, 14677, 17083, 19489, 21896, 24302, 26708, 29114, 31520, 33926, 36332, 38738, 41145, 43551, 45957, 48363, 50769, 53175, 55581, 57987, 60394, 62800, 65206, 67612, 70018, 72424, 74830, 77236, 79642, 82049, 84455, 86861, 89267, 91673, 94079, 96485, 98891, 101298, 103704, 106110, 108516, 110922, 113328, 115734, 118140]","[256, 128]"
c9oesc9n,devoted-mountain-607,TD3BC,l2f_bc,killed,https://wandb.ai/korneelvandenberghe/l2f_bc/runs/c9oesc9n,2025-04-24T18:08:50Z,-64.85707635963459,326.35,2.0,adaptive,"[55.41760221024441, 171.43356446262686, 257.9816522270857, 138.75044266281844, 136.0686224778217, 163.42554987764495, 189.84882911188896, 86.93189082403775, 225.85658801975688, 74.26845354653504, 32.05038362313159, 124.61555747301345, 182.31473785782552, 118.43646484692067, 209.19208486767207, 84.7091679004152, 35.14270583481339, 42.69777068420349, 11.17097396012267, 72.0984219222473, 33.681430595386345, 30.359126976533826, 85.78180046905723, -0.7294057668404319, 88.26270215816535, -55.534832527587035, -59.125805368835415, -64.85707635963459]","[137.95, 328.35, 471.35, 279.6, 274.3, 329.0, 368.05, 185.0, 422.4, 226.95, 133.15, 330.1, 474.15, 321.95, 514.9, 282.65, 136.65, 329.3, 175.7, 424.5, 279.55, 277.2, 528.65, 187.95, 519.25, 283.7, 322.35, 326.35]","[16.889192, 183.374683, 354.090745, 529.642169, 701.487847, 877.001173, 1050.107373, 1219.311406, 1387.774679, 1552.483938, 1709.394784, 1865.310046, 2023.319695, 2177.126089, 2332.973946, 2486.644661, 2640.137788, 2793.301377, 2945.61908, 3098.085324, 3251.932561, 3405.943844, 3559.226375, 3712.7821, 3865.876931, 4020.500809, 4175.825403, 4334.489834]","[0, 0, 0, 0, 0, 0, 0, 0, 0, 0, 0, 0, 0, 0, 0, 0, 0, 0, 0, 0, 0, 0, 0, 0, 0, 0, 0, 0]","[241, 2647, 5053, 7459, 9865, 12271, 14677, 17083, 19489, 21896, 24302, 26708, 29114, 31520, 33926, 36332, 38738, 41145, 43551, 45957, 48363, 50769, 53175, 55581, 57987, 60394, 62800, 65206]","[256, 128]"
lzneh5h1,magic-pine-608,TD3BC,l2f_bc,finished,https://wandb.ai/korneelvandenberghe/l2f_bc/runs/lzneh5h1,2025-04-24T19:24:58Z,-168.55947283043028,326.3,2.0,adaptive,"[-3.6158303650421666, 22.54086442464891, 26.11660769107645, 134.7149074040014, 190.8252276624437, 92.2586618101097, 113.17897374317754, 77.7236824110016, 53.01032015745524, 249.80602903006897, 52.87644838183077, 26.90439564709367, 77.59120749703337, 14.424800773157894, 38.425957233211996, -54.74939685403926, -44.09745312598126, -61.52101250736549, -63.97808111715334, -73.10271485392798, -180.8460286953954, -170.99012901920202, -261.63977901568785, -203.79406323043662, -157.7400030092583, -148.2197243462661, -266.55010923983957, -246.17813820389551, -260.9523173317308, -168.55947283043028]","[37.45, 86.15, 82.55, 273.95, 376.95, 282.35, 327.9, 226.1, 180.65, 617.4, 321.05, 286.15, 427.8, 241.6, 276.0, 422.4, 417.6, 467.6, 470.6, 425.55, 420.6, 377.4, 712.15, 520.35, 327.55, 275.0, 535.15, 528.1, 572.9, 326.3]","[15.279234, 162.58059, 316.193467, 469.063009, 622.708119, 777.154825, 933.187751, 1087.578209, 1243.158846, 1401.228264, 1553.349101, 1707.031942, 1860.644782, 2013.903379, 2169.988596, 2323.437371, 2480.752999, 2632.657546, 2784.362191, 2936.647665, 3090.622532, 3246.093413, 3398.286938, 3547.66752, 3696.738142, 3846.815729, 3997.58899, 4147.69064, 4298.200652, 4447.568837]","[0, 0, 0, 0, 0, 0, 0, 0, 0, 0, 0, 0, 0, 0, 0, 0, 0, 0, 0, 0, 0, 0, 0, 0, 0, 0, 0, 0, 0, 0]","[241, 2647, 5053, 7459, 9865, 12272, 14678, 17084, 19490, 21896, 24303, 26709, 29115, 31521, 33927, 36334, 38740, 41146, 43552, 45958, 48365, 50771, 53177, 55583, 57989, 60396, 62802, 65208, 67614, 70020]","[256, 128]"
wssu4bik,desert-totem-609,TD3BC,l2f_bc,finished,https://wandb.ai/korneelvandenberghe/l2f_bc/runs/wssu4bik,2025-04-24T20:41:49Z,-181.84187022553346,325.7,2.0,adaptive,"[-1.6949732676302485, 254.98117907130404, 82.61658996009199, 226.76638473621696, 165.0461769279912, 210.89433660603913, 48.37515398443703, 135.98589068447063, 233.54730907516017, 120.39757740522695, 31.26803482620216, 16.727900026423274, 49.127411802882534, 44.66579288935539, 28.37856548940447, -59.19210475973548, -59.64694936871793, -50.546297282621396, -58.92102256657803, -63.33671696130966, -176.05681349214498, -173.13068216323802, -194.51729631211032, -256.9361484405451, -213.72602486515456, -235.35548348228608, -160.1898798640537, -247.1751178649938, -182.16449931399993, -181.84187022553346]","[39.35, 469.1, 175.65, 420.65, 320.3, 520.3, 186.45, 373.1, 567.25, 323.55, 280.35, 225.95, 327.55, 321.6, 282.45, 420.2, 375.3, 328.7, 379.4, 330.6, 327.2, 282.05, 419.95, 618.55, 422.95, 519.45, 276.2, 574.05, 369.4, 325.7]","[15.030184, 168.326806, 322.545623, 478.392889, 633.069867, 789.23055, 943.673489, 1099.135758, 1253.33043, 1402.917392, 1553.43107, 1704.043438, 1852.585432, 2006.047543, 2157.756515, 2308.469658, 2459.95847, 2610.235226, 2762.656321, 2911.970943, 3061.866151, 3208.863225, 3357.996906, 3505.960466, 3656.06895, 3806.308674, 3956.279901, 4106.525751, 4256.26952, 4402.581593]","[0, 0, 0, 0, 0, 0, 0, 0, 0, 0, 0, 0, 0, 0, 0, 0, 0, 0, 0, 0, 0, 0, 0, 0, 0, 0, 0, 0, 0, 0]","[241, 2647, 5053, 7459, 9865, 12272, 14678, 17084, 19490, 21896, 24303, 26709, 29115, 31521, 33927, 36334, 38740, 41146, 43552, 45958, 48365, 50771, 53177, 55583, 57989, 60396, 62802, 65208, 67614, 70020]","[256, 128]"
ehtyovxr,dark-sky-610,TD3BC,l2f_bc,finished,https://wandb.ai/korneelvandenberghe/l2f_bc/runs/ehtyovxr,2025-04-24T21:57:34Z,-121.3937846759753,183.65,2.0,adaptive,"[-3.0798857757559084, 53.49208477416276, 138.60850912958412, 112.10935534092111, 82.34717415975729, 131.41788475483523, 123.09306248715816, 74.13446872211051, 156.00844974343894, 142.44112208532889, 37.93594879480385, 46.602983842593105, 54.894228392615744, 53.632564634783805, 52.26572880783883, -47.06858092619903, -63.811677835501925, -39.356398945132135, -63.73939072654881, -56.20393811094641, -123.50678724601364, -136.83045255384894, -172.13268830471532, -276.73011694347827, -225.68561545665938, -184.24484061908072, -170.6852943189724, -202.32096852782053, -183.04309841973384, -121.3937846759753]","[35.85, 136.45, 284.35, 229.55, 184.65, 373.15, 324.55, 224.6, 422.85, 377.65, 278.95, 330.45, 326.5, 379.2, 328.2, 415.25, 663.55, 468.15, 280.5, 468.2, 229.9, 232.7, 420.25, 665.55, 521.15, 373.35, 371.0, 374.9, 419.5, 183.65]","[13.494604, 152.294435, 296.191591, 442.701169, 586.782498, 731.22883, 874.794816, 1018.633755, 1162.333772, 1306.205592, 1448.821124, 1590.160251, 1743.985769, 1879.088253, 2022.383044, 2167.863402, 2314.086113, 2459.022153, 2605.292681, 2750.115801, 2894.538815, 3036.847268, 3181.807202, 3326.24512, 3471.617458, 3617.481027, 3761.065558, 3904.281814, 4046.99376, 4191.497214]","[0, 0, 0, 0, 0, 0, 0, 0, 0, 0, 0, 0, 0, 0, 0, 0, 0, 0, 0, 0, 0, 0, 0, 0, 0, 0, 0, 0, 0, 0]","[241, 2647, 5053, 7459, 9865, 12272, 14678, 17084, 19490, 21896, 24303, 26709, 29115, 31521, 33927, 36334, 38740, 41146, 43552, 45958, 48365, 50771, 53177, 55583, 57989, 60396, 62802, 65208, 67614, 70020]","[256, 128]"
42bl6zhw,royal-thunder-611,TD3BC,l2f_bc,finished,https://wandb.ai/korneelvandenberghe/l2f_bc/runs/42bl6zhw,2025-04-24T23:09:46Z,-170.11104639379306,323.75,2.0,interval,"[53.119621215038215, 136.84241924403858, 220.14880607711558, 59.96566819939373, 146.07876591567006, 98.653410662707, 87.33295014345433, 101.54754446233919, 106.3434067380042, 118.99778577513018, 48.206513401102065, 58.909305916233414, -1.687018006821861, 47.84634649656141, 49.307259772121874, -47.0050448540724, -54.01310343075589, -53.171220761455686, -49.113008394938724, -54.9963554141944, -180.32283652236453, -123.1235159632109, -136.79547818928788, -191.67471829469457, -118.1409424628752, -184.01619326620596, -242.3249432081624, -203.72173236350955, -156.95013833756656, -170.11104639379306]","[133.6, 279.6, 421.85, 142.65, 274.05, 277.45, 229.85, 278.0, 283.65, 342.05, 332.9, 379.0, 135.7, 282.5, 278.1, 331.35, 382.25, 277.7, 329.2, 330.65, 423.6, 182.15, 274.7, 474.5, 225.45, 376.55, 615.55, 469.8, 276.45, 323.75]","[14.678204000000001, 164.199369, 314.822928, 467.158959, 619.79112, 771.58331, 922.999699, 1073.312255, 1223.869045, 1375.683948, 1525.771124, 1676.547836, 1825.349615, 1978.174966, 2127.655075, 2279.47212, 2428.970106, 2578.256755, 2725.55039, 2877.193104, 3028.400236, 3178.159395, 3327.328335, 3479.100246, 3627.651717, 3780.453001, 3930.710072, 4081.280124, 4230.025064, 4381.074011]","[0, 0, 0, 0, 0, 0, 0, 0, 0, 0, 0, 0, 0, 0, 0, 0, 0, 0, 0, 0, 0, 0, 0, 0, 0, 0, 0, 0, 0, 0]","[241, 2642, 5043, 7444, 9845, 12247, 14649, 17050, 19451, 21852, 24254, 26656, 29057, 31458, 33859, 36261, 38663, 41064, 43465, 45866, 48268, 50670, 53071, 55472, 57873, 60275, 62677, 65078, 67479, 69880]","[256, 128]"
lalxhxhc,feasible-galaxy-612,TD3BC,l2f_bc,finished,https://wandb.ai/korneelvandenberghe/l2f_bc/runs/lalxhxhc,2025-04-25T00:25:08Z,-59.75520022633725,32.15,2.0,interval,"[133.5215118239751, 140.22969228747203, 168.49411037468275, 144.26663728490556, 144.18947586692553, 117.91458067787713, 109.69832660681975, 161.7758452252554, 34.52015750281741, 114.07498878336125, 86.05554780458216, 58.18108010359341, 3.344316492589125, 15.119679540830921, 28.34714865471483, -39.47567264788912, -51.736680328621595, -48.7626332203521, -61.1728771765746, -53.10859389973581, -143.79115069087965, -232.8752327331577, -152.1184388455381, -192.9776880245138, -186.06298115965, -182.12943359723187, -124.9719606241224, -205.00705953901357, -239.1007979744276, -59.75520022633725]","[278.5, 272.9, 330.25, 280.65, 280.9, 326.95, 327.7, 422.25, 137.95, 323.05, 518.9, 381.75, 137.05, 176.35, 233.85, 518.75, 278.4, 231.35, 378.4, 282.7, 280.3, 525.5, 235.7, 424.05, 381.0, 373.2, 230.3, 380.1, 529.2, 32.15]","[14.988456, 159.973303, 306.341929, 455.2606, 602.539525, 752.69388, 902.313381, 1051.759214, 1201.412666, 1352.867357, 1504.028116, 1654.858916, 1802.207918, 1949.86434, 2097.396117, 2246.39246, 2393.676422, 2544.67465, 2695.637067, 2846.174295, 2993.758562, 3145.372521, 3295.114802, 3447.122903, 3598.540798, 3748.178253, 3895.361154, 4040.934026, 4187.855332, 4334.045371]","[0, 0, 0, 0, 0, 0, 0, 0, 0, 0, 0, 0, 0, 0, 0, 0, 0, 0, 0, 0, 0, 0, 0, 0, 0, 0, 0, 0, 0, 0]","[241, 2642, 5043, 7444, 9845, 12247, 14649, 17050, 19451, 21852, 24254, 26656, 29057, 31458, 33859, 36261, 38663, 41064, 43465, 45866, 48268, 50670, 53071, 55472, 57873, 60275, 62677, 65078, 67479, 69880]","[256, 128]"
3zulrw8q,neat-mountain-613,TD3BC,l2f_bc,finished,https://wandb.ai/korneelvandenberghe/l2f_bc/runs/3zulrw8q,2025-04-25T01:39:44Z,-189.4840728142511,328.7,2.0,interval,"[20.09771264875682, 140.5512538109311, 57.71909667077349, 225.2163957107165, 112.87622283893197, 111.08416971535453, 71.28548104687982, 160.51732007735126, 76.3605995353018, 199.43138285723393, 51.358188509499506, 91.31920912972386, 64.49561815376393, 56.255651517535284, 49.2895129942307, -46.88391421350609, -46.76460415031151, -70.84259840958734, -79.98522221019167, -58.18502039528697, -201.04017717895812, -199.2985056587744, -173.89974262721466, -215.0168058740398, -208.7130345740023, -271.0267072308367, -219.3618538853922, -195.1461015040736, -168.7496425288104, -189.4840728142511]","[69.75, 277.0, 133.7, 429.35, 232.85, 336.55, 233.85, 423.35, 226.5, 525.75, 329.2, 470.4, 373.05, 373.85, 373.1, 325.35, 374.3, 328.2, 432.95, 423.95, 381.8, 378.15, 320.75, 520.2, 473.15, 569.5, 472.35, 236.8, 326.3, 328.7]","[14.019739, 154.157425, 296.737225, 439.710657, 583.411431, 728.063435, 871.95365, 1016.17342, 1160.090975, 1305.261286, 1457.592034, 1609.155888, 1762.047958, 1914.94729, 2066.996009, 2219.621542, 2371.803229, 2521.341176, 2672.117037, 2825.285345, 2976.374729, 3126.662501, 3268.666653, 3410.263561, 3556.028986, 3700.518022, 3844.555498, 3989.02209, 4133.596174, 4279.995389]","[0, 0, 0, 0, 0, 0, 0, 0, 0, 0, 0, 0, 0, 0, 0, 0, 0, 0, 0, 0, 0, 0, 0, 0, 0, 0, 0, 0, 0, 0]","[241, 2642, 5043, 7444, 9845, 12247, 14649, 17050, 19451, 21852, 24254, 26656, 29057, 31458, 33859, 36261, 38663, 41064, 43465, 45866, 48268, 50670, 53071, 55472, 57873, 60275, 62677, 65078, 67479, 69880]","[256, 128]"
hwnd5dhk,vague-hill-614,TD3BC,l2f_bc,finished,https://wandb.ai/korneelvandenberghe/l2f_bc/runs/hwnd5dhk,2025-04-25T02:53:25Z,-149.0365642339994,275.6,2.0,interval,"[24.28165297807897, 112.04491937203281, 136.44202757747559, 291.12548561619985, 178.09601368463774, 94.04427724931, 97.82215973730314, 119.31364973122713, 184.7489997119421, 119.39677302707987, 26.82667614503051, 62.33985636691334, 85.6835195128651, 61.4428622001044, 33.879910856976984, -43.062629551209106, -58.29206961146126, -48.80332412137118, -67.41539987385704, -58.297989565976465, -175.3394372577191, -162.78371396564592, -142.11024266109519, -190.43521289260727, -172.05895664756235, -116.59776261174792, -165.62720686837616, -140.82528255676212, -145.38048031292783, -149.0365642339994]","[81.25, 226.85, 283.1, 519.9, 329.2, 277.05, 287.3, 328.7, 468.35, 328.5, 228.7, 376.3, 428.85, 383.7, 284.15, 474.0, 374.85, 374.3, 287.5, 331.4, 380.8, 328.5, 318.9, 378.4, 328.0, 180.3, 324.95, 232.2, 234.35, 275.6]","[14.777069000000001, 158.46123, 304.871868, 453.181822, 600.981008, 750.767727, 899.919515, 1048.198116, 1198.248147, 1346.486634, 1493.838851, 1644.147556, 1793.633222, 1941.515056, 2088.047423, 2236.974015, 2384.814538, 2534.544422, 2684.645346, 2831.561797, 2978.724975, 3127.799425, 3276.501065, 3425.950904, 3575.013075, 3725.082199, 3873.07761, 4019.67136, 4170.129254, 4316.931836]","[0, 0, 0, 0, 0, 0, 0, 0, 0, 0, 0, 0, 0, 0, 0, 0, 0, 0, 0, 0, 0, 0, 0, 0, 0, 0, 0, 0, 0, 0]","[241, 2642, 5043, 7444, 9845, 12247, 14649, 17050, 19451, 21852, 24254, 26656, 29057, 31458, 33859, 36261, 38663, 41064, 43465, 45866, 48268, 50670, 53071, 55472, 57873, 60275, 62677, 65078, 67479, 69880]","[256, 128]"
1cj5ywsk,hopeful-hill-615,TD3BC,l2f_bc,finished,https://wandb.ai/korneelvandenberghe/l2f_bc/runs/1cj5ywsk,2025-04-25T04:07:45Z,-222.45384904659537,471.85,2.0,interval,"[51.496709906764764, 162.61172981597434, 83.6494246818477, 144.7481549348613, 194.41766383553812, 58.367914617869985, 98.45737857126457, 127.75213119155833, 116.82820162944522, 139.007653642344, 74.73169473692356, 55.73438703181065, 18.829677706808045, 36.72885189270065, 7.719373142118388, -56.90242336068421, -61.82623740333416, -60.31382849959596, -64.89550833220713, -52.91029402554223, -125.36080136913795, -187.07692121426447, -131.6442774684445, -213.6419725422843, -196.94361671232065, -153.7228712675113, -273.6977404134175, -217.62754211611886, -165.76378632053462, -222.45384904659537]","[139.65, 333.45, 181.45, 276.35, 371.4, 184.05, 279.95, 323.55, 327.65, 378.4, 418.1, 372.4, 230.5, 276.25, 188.7, 421.55, 279.9, 524.3, 282.7, 178.3, 224.25, 379.35, 140.65, 424.8, 377.2, 229.75, 617.3, 512.3, 326.2, 471.85]","[15.167662, 161.315586, 310.063074, 459.476906, 610.068966, 758.750919, 908.573765, 1057.525532, 1208.13482, 1357.007877, 1508.925377, 1659.061793, 1811.246339, 1962.962068, 2114.801755, 2263.445252, 2414.687753, 2563.589648, 2713.370081, 2862.616309, 3012.915183, 3162.37651, 3311.029487, 3462.707003, 3615.032853, 3764.818982, 3918.845574, 4067.94416, 4216.968999, 4367.993246]","[0, 0, 0, 0, 0, 0, 0, 0, 0, 0, 0, 0, 0, 0, 0, 0, 0, 0, 0, 0, 0, 0, 0, 0, 0, 0, 0, 0, 0, 0]","[241, 2642, 5043, 7444, 9845, 12247, 14649, 17050, 19451, 21852, 24254, 26656, 29057, 31458, 33859, 36261, 38663, 41064, 43465, 45866, 48268, 50670, 53071, 55472, 57873, 60275, 62677, 65078, 67479, 69880]","[256, 128]"
0wtwrk4i,efficient-disco-616,TD3BC_JS_Online,l2f_bc,killed,https://wandb.ai/korneelvandenberghe/l2f_bc/runs/0wtwrk4i,2025-04-25T04:10:07Z,284.3564681587833,515.5333333333333,2.0,adaptive,"[333.9077769149335, 359.1713260736827, 314.6750999819804, 316.57179908465474, 226.76566069302635, 377.7889879658242, 334.2136832486589, 315.78485450641097, 400.7923424387975, 426.8570327760407, 243.26505887642153, 245.46372796414082, 318.62810602985485, 319.28297870276685, 317.82769055037346, 283.0719933732956, 303.11009758272843, 354.20237134412395, 284.3564681587833]","[528.3666666666667, 551.5333333333333, 485.46666666666664, 482.7, 355.23333333333335, 584.2666666666667, 515.4666666666667, 482.56666666666666, 614.3, 647.4333333333333, 449.8333333333333, 455.23333333333335, 579.7, 583.0666666666667, 587.7666666666667, 520.8, 550.6666666666666, 646.9, 515.5333333333333]","[87.75031280517578, 897.9422791004181, 1706.2849969863892, 2515.8787927627563, 3331.0958440303802, 4153.548274755478, 4977.275945901871, 5802.369172811508, 6631.737374782562, 7463.532783031464, 8303.178030967712, 9145.763423919678, 9988.51653790474, 10829.94588303566, 11672.265105009079, 12516.157107830048, 13359.97940993309, 14202.799793720245, 15045.873449802399]","[0, 10, 20, 30, 40, 50, 60, 70, 80, 90, 100, 110, 120, 130, 140, 150, 160, 170, 180]","[424, 4640, 8856, 13072, 17288, 21507, 25723, 29939, 34155, 38371, 42591, 46807, 51023, 55239, 59455, 63674, 67890, 72106, 76322]","[256, 128]"
nz50cwbt,pious-mountain-617,TD3BC,l2f_bc,finished,https://wandb.ai/korneelvandenberghe/l2f_bc/runs/nz50cwbt,2025-04-25T05:22:58Z,-208.28531898062025,472.55,50.0,fixed,"[-6.781989077652021, 80.27311758061447, 114.54268704667713, 166.86014586000815, 168.6913227011452, 35.10102621050752, 100.69711263511346, 167.78750771829598, 74.31814360438662, 135.65530601359194, 22.94760419852428, 101.2162279658144, 75.2035931009968, 93.42903264070029, 42.34138801366945, -60.40523240956365, -59.18462252739065, -48.83658197900112, -45.962307655664404, -63.34205517758069, -187.63646673358295, -185.48058641427107, -214.0321618227244, -185.18159123387588, -193.6892185894016, -236.24254999018564, -201.58468067673036, -231.9662813085094, -153.81874253310036, -208.28531898062025]","[33.55, 180.1, 235.3, 324.5, 332.0, 128.1, 279.8, 420.15, 227.4, 374.85, 231.75, 514.2, 427.25, 465.45, 332.05, 235.35, 228.4, 327.5, 277.0, 472.45, 417.3, 467.1, 519.85, 384.1, 379.55, 517.35, 379.2, 573.05, 278.2, 472.55]","[14.22383, 157.072135, 301.809225, 450.314755, 599.850789, 749.416698, 897.705396, 1045.888934, 1193.641124, 1341.643357, 1488.512973, 1636.208789, 1784.514113, 1934.605645, 2083.004583, 2233.282151, 2383.585281, 2534.261536, 2682.659845, 2835.285978, 2985.724367, 3136.478196, 3287.823793, 3437.853448, 3588.31161, 3739.656562, 3888.399293, 4039.631165, 4191.026529, 4343.025852]","[0, 0, 0, 0, 0, 0, 0, 0, 0, 0, 0, 0, 0, 0, 0, 0, 0, 0, 0, 0, 0, 0, 0, 0, 0, 0, 0, 0, 0, 0]","[241, 2642, 5043, 7444, 9845, 12247, 14648, 17049, 19450, 21851, 24253, 26654, 29055, 31456, 33857, 36259, 38660, 41061, 43462, 45863, 48265, 50666, 53067, 55468, 57869, 60271, 62672, 65073, 67474, 69875]","[256, 128]"
8jtu74nc,iconic-moon-618,TD3BC,l2f_bc,finished,https://wandb.ai/korneelvandenberghe/l2f_bc/runs/8jtu74nc,2025-04-25T06:37:43Z,-109.14957752152493,177.65,50.0,fixed,"[-4.741525618551678, 252.20895793835507, 139.56970371770726, 112.75104108411435, 196.83481776954855, 98.72170346927098, 159.98857040656483, 75.05099143908355, 165.31340723084824, 118.85415163072882, 48.61629842491528, 76.14162494645302, 26.224514560465433, 88.56794614760713, 8.894912538712704, -43.99904599728002, -52.447164872172536, -37.93699470899226, -46.64379429111389, -62.528443469439004, -173.43782486447444, -159.2221292088578, -159.16280904657106, -183.6679801044805, -232.42546321429353, -143.08219201024707, -174.21538143864848, -184.37639625179744, -210.67258993368728, -109.14957752152493]","[40.55, 466.7, 281.7, 222.4, 369.95, 280.5, 421.55, 237.55, 416.5, 322.35, 322.7, 421.2, 277.55, 468.55, 182.3, 226.45, 561.85, 419.5, 376.15, 324.5, 332.75, 280.4, 279.8, 380.9, 522.0, 273.35, 371.1, 283.25, 469.5, 177.65]","[14.137037, 161.068734, 310.630888, 458.817012, 607.452964, 757.676045, 907.52753, 1057.471427, 1207.969089, 1355.175326, 1504.638841, 1653.086461, 1803.080634, 1952.551824, 2100.979014, 2247.938954, 2395.212677, 2543.000274, 2690.109004, 2840.803914, 2984.647867, 3129.840164, 3274.853299, 3422.33698, 3569.533338, 3718.834193, 3867.890812, 4014.067971, 4161.007752, 4307.681114]","[0, 0, 0, 0, 0, 0, 0, 0, 0, 0, 0, 0, 0, 0, 0, 0, 0, 0, 0, 0, 0, 0, 0, 0, 0, 0, 0, 0, 0, 0]","[241, 2642, 5043, 7444, 9845, 12247, 14648, 17049, 19450, 21851, 24253, 26654, 29055, 31456, 33857, 36259, 38660, 41061, 43462, 45863, 48265, 50666, 53067, 55468, 57869, 60271, 62672, 65073, 67474, 69875]","[256, 128]"
0936ev6l,lively-deluge-619,TD3BC,l2f_bc,finished,https://wandb.ai/korneelvandenberghe/l2f_bc/runs/0936ev6l,2025-04-25T07:51:51Z,-171.77777800542344,373.95,50.0,fixed,"[17.531509675447108, 198.28281629097282, 31.967628650746008, 302.5300853070338, 132.23957099998057, 31.04983760764278, 142.12084577035415, 135.60166470546753, 77.04424567535023, 102.64719488924979, 4.909905754630508, 56.62371436012586, 50.4648041952273, 45.87604290231277, 49.699556277192094, -77.74960510370005, -72.31147906123012, -57.697919874920785, -53.809380356846496, -75.47243063135724, -168.92841797691167, -196.89248256356433, -183.63544249382642, -251.15225496164288, -205.67106980749048, -247.44643173063082, -168.70455271024406, -158.00004273610483, -212.21283295223776, -171.77777800542344]","[92.0, 375.3, 92.25, 567.35, 277.55, 134.0, 374.2, 378.55, 223.5, 274.95, 183.95, 371.8, 373.3, 325.1, 376.75, 188.15, 479.1, 370.45, 377.15, 479.1, 332.55, 424.85, 422.55, 617.3, 423.25, 435.3, 232.6, 276.95, 429.05, 373.95]","[14.721831, 163.351243, 312.099651, 465.598712, 613.972136, 760.278585, 908.593657, 1064.135995, 1223.391592, 1386.21892, 1549.069106, 1715.429363, 1879.83978, 2046.773541, 2214.321971, 2382.97924, 2551.882559, 2719.577572, 2888.818129, 3054.956457, 3215.040165, 3369.19597, 3523.568653, 3681.07882, 3840.810546, 4000.284644, 4156.117314, 4311.242565, 4465.717888, 4622.813353]","[0, 0, 0, 0, 0, 0, 0, 0, 0, 0, 0, 0, 0, 0, 0, 0, 0, 0, 0, 0, 0, 0, 0, 0, 0, 0, 0, 0, 0, 0]","[241, 2642, 5043, 7444, 9845, 12247, 14648, 17049, 19450, 21851, 24253, 26654, 29055, 31456, 33857, 36259, 38660, 41061, 43462, 45863, 48265, 50666, 53067, 55468, 57869, 60271, 62672, 65073, 67474, 69875]","[256, 128]"
5m1xha5o,sunny-valley-620,TD3BC_JS_Online,l2f_bc,crashed,https://wandb.ai/korneelvandenberghe/l2f_bc/runs/5m1xha5o,2025-04-25T08:37:30Z,434.80904014167146,584.3,2.0,adaptive,"[501.1425792852031, 561.0852725627525, 536.1344932555799, 589.4309685664468, 561.0376170982092, 477.7129774824993, 502.81878667373337, 559.9937184160642, 507.0442711990787, 588.6404945768629, 494.71033911655724, 454.28540539918504, 581.5198418875041, 465.7352843839764, 323.55191738077997, 580.6151433187367, 434.6927308651806, 436.160382834117, 384.2833915112938, 396.7409015816296, 479.1726711782288, 426.5398195392254, 344.67832059205375, 299.49915481287667, 342.59732791560504, 398.99563467650177, 293.3231944126872, 479.16165559145907, 390.99801025041677, 623.1860916092177, 196.20723998758947, 409.98449339532687, 482.27943683589353, 371.39003999273024, 541.3562103933995, 352.71353015279414, 459.74412240728725, 324.1957165363019, 383.21994575854313, 367.87627967225365, 408.7839011719087, 174.43640082534753, 332.6109808779259, 438.33913486223753, 407.95058162829446, 405.5963038771931, 434.80904014167146]","[587.0333333333333, 646.4666666666667, 620.2333333333333, 679.3, 646.1666666666666, 549.4333333333333, 580.7, 642.3666666666667, 585.6666666666666, 679.9666666666667, 587.2, 542.8, 677.2, 549.7666666666667, 386.53333333333336, 677.1, 514.7666666666667, 515.7666666666667, 452.03333333333336, 475.53333333333336, 581.5, 514.7333333333333, 422.6666666666667, 376.3333333333333, 419.93333333333334, 485.3, 371.1666666666667, 582.8666666666667, 475.23333333333335, 747.6, 263.76666666666665, 521.4, 614.3666666666667, 473.3, 676.0, 455.4, 584.7, 417.1333333333333, 483.8666666666667, 479.7, 551.1, 259.1, 453.1, 581.5666666666667, 557.5666666666667, 551.1, 584.3]","[84.46165704727173, 869.8299770355225, 1660.0211808681488, 2450.4002108573914, 3239.2591700553894, 4031.746428012848, 4822.278524875641, 5615.5932648181915, 6407.313934087753, 7200.227427959442, 8002.1921479702, 8802.126636981964, 9604.34546995163, 10401.90226316452, 11202.546360969543, 12010.262797117233, 12809.157668828964, 13612.010358095169, 14417.90702700615, 15225.357730150223, 16032.854411125183, 16844.317059755325, 17656.628746032715, 18467.992334842682, 19280.98459815979, 20095.500366926193, 20909.075762987137, 21729.075695991516, 22545.706755161285, 23379.56643295288, 24211.75366616249, 25044.216639995575, 25891.402446985245, 26732.209346055984, 27573.561012029648, 28417.885296821594, 29267.06191587448, 30112.364112854004, 30950.84276509285, 31792.813187122345, 32645.986841917038, 33490.61737394333, 34338.043671131134, 35186.882503032684, 36032.339890003204, 36877.90765118599, 37725.337356090546]","[0, 10, 20, 30, 40, 50, 60, 70, 80, 90, 100, 110, 120, 130, 140, 150, 160, 170, 180, 190, 200, 210, 220, 230, 240, 250, 260, 270, 280, 290, 300, 310, 320, 330, 340, 350, 360, 370, 380, 390, 400, 410, 420, 430, 440, 450, 460]","[424, 4640, 8856, 13072, 17288, 21507, 25723, 29939, 34155, 38371, 42591, 46807, 51023, 55239, 59455, 63674, 67890, 72106, 76322, 80538, 84758, 88974, 93190, 97406, 101622, 105841, 110057, 114273, 118489, 122705, 126925, 131141, 135357, 139573, 143789, 148008, 152224, 156440, 160656, 164872, 169092, 173308, 177524, 181740, 185956, 190172, 194388]","[256, 128]"
rbt435s7,glamorous-planet-621,TD3BC,l2f_bc,killed,https://wandb.ai/korneelvandenberghe/l2f_bc/runs/rbt435s7,2025-04-25T09:11:20Z,90.53918147874397,284.15,50.0,fixed,"[14.012507071329807, 170.53462898295874, 337.2756753302066, 218.61187606711982, 223.62220641262647, 97.72903599475474, 127.27486913160203, 225.5652951011169, 90.53918147874397]","[87.0, 326.55, 615.2, 420.9, 424.95, 286.9, 379.0, 566.9, 284.15]","[15.811038, 160.246608, 305.840291, 455.260084, 603.656146, 753.054755, 905.881093, 1057.569814, 1207.368304]","[0, 0, 0, 0, 0, 0, 0, 0, 0]","[241, 2642, 5043, 7444, 9845, 12247, 14648, 17049, 19450]","[256, 128]"
36vnn9hk,major-field-622,BC,l2f_bc,finished,https://wandb.ai/korneelvandenberghe/l2f_bc/runs/36vnn9hk,2025-04-26T00:44:42Z,10.640396635847816,31.1,5.0,adaptive,"[10.063729300198727, 12.080359613733043, 142.6797160615197, 43.19093396017187, 9.025158500616985, 115.83154652471273, 17.095430953282154, 15.88950582573508, 44.290723855378666, 13.257016044588672, 44.73935639314555, 33.985621257132294, 12.589494470262782, 11.212367301215416, 110.04549934506619, 9.781038703993152, 7.842198542456055, 13.870694146735625, 15.843536952057264, 13.024378641546955, 22.536221257388405, 9.036094904413362, 12.35992177555018, 47.15510155932665, 9.54017441405401, 10.052063146202123, 9.340971633011135, 81.73021034811353, 12.848731012495122, 10.640396635847816]","[34.8, 48.3, 231.35, 89.55, 37.85, 187.1, 48.2, 42.45, 90.95, 33.6, 96.2, 75.4, 41.5, 43.15, 182.7, 36.5, 36.8, 40.25, 38.0, 48.2, 58.95, 34.3, 43.5, 88.55, 37.9, 35.45, 37.5, 135.6, 43.4, 31.1]","[7.833278, 67.592614, 128.481562, 187.564983, 246.339888, 306.629301, 366.100884, 424.967648, 484.281147, 543.286341, 602.085999, 660.771222, 719.439875, 778.657054, 839.138878, 898.332912, 957.545333, 1017.006436, 1076.919832, 1136.800647, 1196.150442, 1255.568253, 1315.728792, 1375.821649, 1435.10715, 1494.360337, 1553.792316, 1613.792094, 1673.335927, 1732.898217]","[0, 10, 20, 30, 40, 50, 60, 70, 80, 90, 100, 110, 120, 130, 140, 150, 160, 170, 180, 190, 200, 210, 220, 230, 240, 250, 260, 270, 280, 290]","[2, 19, 36, 53, 70, 87, 104, 121, 138, 155, 172, 189, 206, 223, 240, 257, 274, 291, 308, 325, 342, 359, 376, 393, 410, 427, 444, 461, 478, 495]","[16, 16]"
9oog9276,valiant-feather-623,BC,l2f_bc,finished,https://wandb.ai/korneelvandenberghe/l2f_bc/runs/9oog9276,2025-04-26T01:14:42Z,46.787595290000944,95.5,5.0,adaptive,"[12.094742100666945, 8.46274947777094, 10.007475541682775, 76.09095476078592, 43.424129225197596, 41.38217435502816, 9.966721936976967, 77.06137965060279, 45.685838286503554, 6.760285204391053, 4.7916161627529785, 8.449174978558448, 11.958218319062578, 79.04105046834539, 2.218030598377671, 40.64568062726147, 4.4693811022790575, 7.711222261369214, 12.650802811015488, 40.79418404044274, 77.29622451813518, 15.060628623824718, 43.554715356415045, 43.00325176042037, 43.070251464307454, 140.84499612804854, 14.388784177928816, 13.034575313029503, 46.443952939680614, 46.787595290000944]","[40.65, 36.9, 42.5, 130.9, 90.35, 86.9, 43.55, 137.75, 93.0, 36.35, 32.9, 40.4, 43.35, 141.5, 39.55, 92.9, 39.2, 41.55, 48.45, 97.1, 137.85, 55.05, 89.05, 86.05, 87.4, 230.5, 52.7, 46.4, 94.15, 95.5]","[7.712824, 67.204102, 127.675493, 188.942234, 249.55948, 309.649162, 369.519723, 430.500044, 490.73974, 550.61112, 610.496003, 671.254343, 731.796355, 793.806808, 853.614086, 913.693837, 973.488393, 1034.213668, 1094.970707, 1155.092381, 1215.258265, 1275.001874, 1334.791785, 1395.106785, 1455.267348, 1516.009507, 1575.783307, 1635.874481, 1696.062544, 1756.528195]","[0, 10, 20, 30, 40, 50, 60, 70, 80, 90, 100, 110, 120, 130, 140, 150, 160, 170, 180, 190, 200, 210, 220, 230, 240, 250, 260, 270, 280, 290]","[2, 19, 36, 53, 70, 87, 104, 121, 138, 155, 172, 189, 206, 223, 240, 257, 274, 291, 308, 325, 342, 359, 376, 393, 410, 427, 444, 461, 478, 495]","[16, 16]"
pwnurn8t,stoic-breeze-624,BC,l2f_bc,finished,https://wandb.ai/korneelvandenberghe/l2f_bc/runs/pwnurn8t,2025-04-26T01:45:02Z,22.92914130730364,64.95,5.0,adaptive,"[9.09646431707988, 42.73316281245677, 40.52085370288343, 6.666578590272185, 3.860565554170882, 107.82888361988725, 6.762438505637137, 36.02689379133601, 73.54464638884716, 45.23373006191039, 40.18738451131092, 39.58481973979125, 9.579576490596798, 106.90378928859688, 11.08633951860082, 141.99680446876079, 46.3967849645178, 41.07058262303124, 3.7319700425458366, 77.2874845576829, 53.27333902150078, 9.824341429839459, 9.050321542748733, 9.402321281491803, 74.52380672456188, 76.56824340910978, 51.786478761603135, 44.59002091699203, 181.8918010187602, 22.92914130730364]","[33.15, 92.7, 96.65, 41.05, 39.75, 181.35, 47.15, 86.9, 146.2, 96.75, 89.05, 88.95, 49.2, 184.0, 55.35, 231.55, 93.85, 90.5, 39.2, 138.9, 102.35, 45.9, 39.3, 42.15, 130.95, 132.85, 101.6, 93.7, 282.25, 64.95]","[7.7558810000000005, 67.453579, 127.461425, 187.717867, 249.05091, 309.942608, 369.623462, 429.153443, 489.558489, 549.147011, 608.416538, 667.7268, 726.815158, 786.187023, 844.569545, 903.560478, 963.305904, 1022.252355, 1081.602753, 1141.217243, 1200.570712, 1259.90699, 1319.332138, 1378.837757, 1439.00693, 1498.772624, 1558.393563, 1618.058234, 1678.601294, 1737.847725]","[0, 10, 20, 30, 40, 50, 60, 70, 80, 90, 100, 110, 120, 130, 140, 150, 160, 170, 180, 190, 200, 210, 220, 230, 240, 250, 260, 270, 280, 290]","[2, 19, 36, 53, 70, 87, 104, 121, 138, 155, 172, 189, 206, 223, 240, 257, 274, 291, 308, 325, 342, 359, 376, 393, 410, 427, 444, 461, 478, 495]","[16, 16]"
okv7c3u9,earnest-meadow-625,BC,l2f_bc,finished,https://wandb.ai/korneelvandenberghe/l2f_bc/runs/okv7c3u9,2025-04-26T02:15:03Z,79.40043896939974,140.5,5.0,adaptive,"[7.091428892768394, 107.55759070958598, 142.52705994417133, 78.23850289593254, 132.66007756577096, 7.802247244528468, 40.81169594329805, 76.87020605573665, 75.94917220102226, 9.849654974926368, 79.78328501097889, 145.76420482803502, 45.528143912691995, 45.08120758452121, 78.88418985937201, 110.82836518341905, 81.42702184313708, 83.83795086360209, 147.97387902106783, 144.6922194468845, 12.85418274731405, 42.03508710345844, 175.1115594505026, 17.659069773638954, 78.48872848295673, 13.83076724650881, 146.21801511085317, 44.837300274227985, 13.78288268081744, 79.40043896939974]","[37.1, 182.2, 238.3, 147.45, 230.7, 44.35, 87.85, 139.2, 137.6, 42.85, 136.1, 233.25, 86.95, 95.5, 143.5, 180.8, 146.95, 147.5, 240.05, 239.45, 42.6, 80.75, 274.1, 42.8, 134.25, 44.55, 231.5, 95.65, 44.55, 140.5]","[7.978045, 69.441624, 132.10271, 194.450277, 256.585162, 317.686983, 379.539219, 441.921944, 504.362063, 565.482579, 627.300915, 690.380045, 752.431331, 813.902409, 875.809716, 937.637781, 1000.324141, 1062.019663, 1124.885499, 1187.097824, 1248.528718, 1310.097707, 1372.373046, 1433.519567, 1495.179641, 1556.742956, 1619.072762, 1680.545156, 1742.179246, 1804.11773]","[0, 10, 20, 30, 40, 50, 60, 70, 80, 90, 100, 110, 120, 130, 140, 150, 160, 170, 180, 190, 200, 210, 220, 230, 240, 250, 260, 270, 280, 290]","[2, 19, 36, 53, 70, 87, 104, 121, 138, 155, 172, 189, 206, 223, 240, 257, 274, 291, 308, 325, 342, 359, 376, 393, 410, 427, 444, 461, 478, 495]","[32, 32]"
kjr021ul,fine-shadow-626,BC,l2f_bc,finished,https://wandb.ai/korneelvandenberghe/l2f_bc/runs/kjr021ul,2025-04-26T02:46:12Z,15.091155600325862,36.65,5.0,adaptive,"[9.831117304067815, 176.50420141424266, 74.20057751389353, 108.15760026658165, 142.59170321709877, 72.35588105358491, 109.55447910279509, 42.038719968661695, 5.976662709119057, 76.18445853297294, 9.812627014935488, 15.703490598546443, 13.291912312515421, 17.707629437390803, 19.997330626203347, 12.68374938058535, 82.04482471695204, 138.56091475636782, 139.4236452904409, 15.242403204399261, 203.43562602404583, 77.02057508327586, 77.37853323476243, 16.620451597011417, 17.04527010473953, 149.53754036631773, 109.50541124924166, 76.51757410438736, 111.62409721247566, 15.091155600325862]","[40.55, 281.75, 142.15, 185.95, 247.75, 141.25, 193.15, 91.05, 39.95, 142.1, 34.3, 43.7, 41.35, 45.65, 42.35, 33.05, 137.45, 228.15, 247.0, 38.25, 334.95, 138.6, 142.45, 38.5, 45.5, 241.3, 192.15, 138.0, 199.1, 36.65]","[7.908453, 70.174377, 131.851703, 194.963013, 257.409576, 318.370235, 380.417816, 441.276092, 502.24688, 564.157271, 624.866124, 685.557564, 747.277137, 808.555504, 869.854258, 930.419817, 991.524318, 1052.459187, 1113.352801, 1173.234593, 1234.202518, 1295.478516, 1356.428302, 1417.318618, 1478.118359, 1540.057649, 1601.564621, 1662.974586, 1724.515984, 1785.435895]","[0, 10, 20, 30, 40, 50, 60, 70, 80, 90, 100, 110, 120, 130, 140, 150, 160, 170, 180, 190, 200, 210, 220, 230, 240, 250, 260, 270, 280, 290]","[2, 19, 36, 53, 70, 87, 104, 121, 138, 155, 172, 189, 206, 223, 240, 257, 274, 291, 308, 325, 342, 359, 376, 393, 410, 427, 444, 461, 478, 495]","[32, 32]"
nebtlbay,exalted-eon-627,BC,l2f_bc,finished,https://wandb.ai/korneelvandenberghe/l2f_bc/runs/nebtlbay,2025-04-26T03:17:02Z,69.6482559125449,134.55,5.0,adaptive,"[9.585092880844606, 40.50167783596409, 76.93393804360922, 141.37736722397335, 72.500394439008, 108.66677306493855, 73.96155122643086, 43.44655894601217, 47.05975140039248, 76.55417608283126, 19.295553082217385, 87.79114119740989, 145.07472674489222, 137.65649765562023, 109.62728771114564, 167.38649757265182, 139.10419808590805, 103.49645936749168, 74.27669662082315, 73.69546705034107, 7.637341979906149, 10.664990744567827, 114.20230580865385, 174.39626343204617, 72.6720202585731, 43.41161194010864, 8.983881924375753, 10.065083941290212, 104.4351048361435, 69.6482559125449]","[36.9, 88.6, 138.6, 234.25, 135.65, 190.8, 137.8, 91.65, 98.3, 136.5, 54.15, 147.5, 233.9, 227.45, 193.95, 281.1, 235.35, 188.4, 132.9, 140.1, 33.0, 36.35, 190.8, 283.0, 142.0, 100.15, 41.35, 37.8, 186.95, 134.55]","[7.813017, 69.064539, 131.326333, 194.113965, 255.154506, 316.187414, 377.357632, 438.393265, 500.211193, 562.530267, 624.31432, 686.330997, 747.713362, 808.999411, 870.079471, 931.520315, 992.997526, 1054.101828, 1115.100104, 1176.076817, 1236.55473, 1297.288964, 1359.190155, 1421.099081, 1482.170394, 1543.034873, 1603.655194, 1664.65992, 1726.856871, 1788.282456]","[0, 10, 20, 30, 40, 50, 60, 70, 80, 90, 100, 110, 120, 130, 140, 150, 160, 170, 180, 190, 200, 210, 220, 230, 240, 250, 260, 270, 280, 290]","[2, 19, 36, 53, 70, 87, 104, 121, 138, 155, 172, 189, 206, 223, 240, 257, 274, 291, 308, 325, 342, 359, 376, 393, 410, 427, 444, 461, 478, 495]","[32, 32]"
gq559xbz,skilled-dream-628,BC,l2f_bc,finished,https://wandb.ai/korneelvandenberghe/l2f_bc/runs/gq559xbz,2025-04-26T03:47:55Z,166.90959223246597,280.75,5.0,adaptive,"[7.411136562533768, 135.9451317722162, 139.2385418564265, 239.38388409950767, 237.29962648622595, 203.0177590866645, 42.067115837262975, 173.13653173293562, 236.57896707106693, 143.96716513199502, 199.02984124091353, 106.58635896013281, 172.29892570677526, 237.1867228053471, 74.94333164677161, 136.72106977768635, 139.00726557329565, 143.2717216017223, 141.2422279615453, 69.20717246398667, 73.06136242688777, 170.2797236205993, 136.3348438878128, 138.93585702079127, 167.80599622717335, 237.83400014024838, 269.9749683072318, 135.61246368186056, 135.54877969161913, 166.90959223246597]","[34.6, 232.45, 229.05, 376.55, 377.1, 326.4, 93.2, 277.6, 376.1, 230.3, 331.9, 182.05, 280.5, 375.3, 131.85, 224.6, 237.8, 237.85, 236.6, 130.05, 138.35, 281.6, 230.55, 233.7, 279.4, 376.75, 430.7, 236.05, 228.1, 280.75]","[8.140986, 74.263997, 141.312203, 210.118312, 277.606831, 343.927635, 409.244648, 476.363353, 542.522085, 607.940916, 673.831786, 738.993591, 804.679174, 870.856726, 935.805601, 1001.303365, 1068.043252, 1133.371717, 1198.277834, 1261.980994, 1327.176009, 1393.322102, 1458.588862, 1523.736162, 1589.015669, 1655.084779, 1721.026471, 1786.507163, 1851.818511, 1917.111375]","[0, 10, 20, 30, 40, 50, 60, 70, 80, 90, 100, 110, 120, 130, 140, 150, 160, 170, 180, 190, 200, 210, 220, 230, 240, 250, 260, 270, 280, 290]","[2, 19, 36, 53, 70, 87, 104, 121, 138, 155, 172, 189, 206, 223, 240, 257, 274, 291, 308, 325, 342, 359, 376, 393, 410, 427, 444, 461, 478, 495]","[64, 64]"
6351lgp2,graceful-glitter-629,BC,l2f_bc,finished,https://wandb.ai/korneelvandenberghe/l2f_bc/runs/6351lgp2,2025-04-26T04:21:00Z,76.6517436848913,141.0,5.0,adaptive,"[6.936514475012497, 201.2522221572712, 36.729939802491984, 101.62732590728363, 137.42939890927929, 107.21387607840275, 170.55704023378937, 205.33601285046385, 77.00696731656248, 142.2986977882905, 142.82079151066463, 212.2813836398412, 71.76628723125305, 75.22540152113224, 142.7920101885884, 172.66780094566892, 79.3368406243354, 105.88164962716994, 74.42751511357912, 45.3090948249622, 240.1130048422396, 142.7432163865959, 173.570376686161, 105.94074253698709, 109.81545088537241, 203.4914185919718, 139.02725846549325, 110.77855856186821, 238.6949492639269, 76.6517436848913]","[32.9, 323.85, 87.0, 188.95, 229.95, 193.1, 277.25, 327.0, 134.2, 230.65, 229.45, 333.6, 134.15, 137.8, 229.1, 281.15, 135.35, 184.0, 137.8, 90.75, 383.4, 239.05, 282.0, 190.35, 189.45, 334.25, 234.95, 189.95, 376.35, 141.0]","[8.285885, 73.960044, 138.570878, 203.875838, 269.884142, 334.504656, 399.832259, 464.558601, 528.178238, 593.031484, 657.197843, 721.889544, 785.607137, 849.548091, 913.544724, 977.562133, 1041.416572, 1105.137097, 1169.499724, 1232.758428, 1297.085248, 1361.881883, 1425.934868, 1489.257724, 1553.134037, 1617.467033, 1681.857606, 1745.816305, 1810.462434, 1874.160246]","[0, 10, 20, 30, 40, 50, 60, 70, 80, 90, 100, 110, 120, 130, 140, 150, 160, 170, 180, 190, 200, 210, 220, 230, 240, 250, 260, 270, 280, 290]","[2, 19, 36, 53, 70, 87, 104, 121, 138, 155, 172, 189, 206, 223, 240, 257, 274, 291, 308, 325, 342, 359, 376, 393, 410, 427, 444, 461, 478, 495]","[64, 64]"
vrv2bzib,gallant-plasma-630,BC,l2f_bc,finished,https://wandb.ai/korneelvandenberghe/l2f_bc/runs/vrv2bzib,2025-04-26T04:53:21Z,18.97135257990196,41.95,5.0,adaptive,"[80.05200230362252, 70.94716745255673, 171.69445864706944, 209.37787920982063, 103.79161947498783, 199.6564026495464, 165.01968760180347, 107.42305320553965, 49.787055341377275, 235.1412773892776, 136.8123748160576, 14.19172069349772, 18.718323370974822, 20.523239768323187, 17.103292231985957, 18.666730453888345, 16.85416916930972, 136.80615629155977, 206.6755313088816, 269.343715932199, 17.709650583741798, 300.3975213682376, 18.42303011706626, 13.236173544316907, 17.243848865743086, 103.02620785931951, 14.435819255002897, 16.73607257344392, 135.85854118347197, 18.97135257990196]","[149.8, 133.15, 287.25, 344.35, 189.8, 324.35, 274.7, 190.45, 96.95, 385.2, 237.35, 38.3, 44.15, 45.65, 42.05, 40.55, 41.75, 232.85, 334.5, 424.85, 40.4, 478.6, 41.55, 35.85, 37.6, 180.0, 37.7, 40.75, 233.1, 41.95]","[8.575161, 73.631567, 140.377115, 207.321238, 272.968844, 339.023303, 404.423073, 469.411034, 533.715177, 599.432404, 664.589229, 728.986806, 794.410621, 858.632263, 922.661611, 985.984279, 1049.058708, 1113.795996, 1178.800115, 1244.13177, 1308.106575, 1373.679876, 1437.803034, 1503.250569, 1568.256617, 1634.348228, 1699.315955, 1764.311385, 1829.799741, 1894.074441]","[0, 10, 20, 30, 40, 50, 60, 70, 80, 90, 100, 110, 120, 130, 140, 150, 160, 170, 180, 190, 200, 210, 220, 230, 240, 250, 260, 270, 280, 290]","[2, 19, 36, 53, 70, 87, 104, 121, 138, 155, 172, 189, 206, 223, 240, 257, 274, 291, 308, 325, 342, 359, 376, 393, 410, 427, 444, 461, 478, 495]","[64, 64]"
2ugrziwf,resilient-valley-631,BC,l2f_bc,finished,https://wandb.ai/korneelvandenberghe/l2f_bc/runs/2ugrziwf,2025-04-26T05:26:02Z,237.5171572894079,378.6,5.0,adaptive,"[207.2759743889191, 280.2641346309138, 176.9313210057033, 233.27547755079476, 235.17919100103836, 102.41076458937445, 329.055792791149, 238.7430996756679, 240.40927632083512, 140.14985200583902, 202.45526611888073, 106.26460771497348, 205.80801803273707, 236.48856617281862, 174.7456290969928, 301.2709970812583, 236.2784272705922, 176.05386535123114, 201.6527551195925, 269.01950713150893, 139.90206393787534, 237.45655478274216, 136.27350479786207, 234.1474017515746, 135.52213286653313, 174.0991426359793, 303.3358906040709, 239.67736927430292, 365.9200246979257, 237.5171572894079]","[331.3, 428.65, 279.95, 372.3, 373.7, 187.05, 515.85, 376.15, 379.35, 235.5, 328.1, 182.15, 332.55, 373.05, 279.05, 469.95, 380.75, 282.65, 331.15, 422.65, 246.15, 375.8, 238.0, 372.15, 231.95, 282.75, 478.65, 376.9, 566.85, 378.6]","[11.68237, 101.309114, 191.449921, 281.823451, 371.560321, 460.869774, 549.683725, 639.856748, 729.612243, 818.032756, 907.343678, 994.86094, 1082.425866, 1170.155144, 1258.608369, 1351.770705, 1459.875735, 1565.967882, 1670.012914, 1775.702438, 1877.978024, 1980.435378, 2082.998964, 2185.578492, 2287.281752, 2387.93699, 2489.414183, 2590.210151, 2693.133104, 2791.889837]","[0, 10, 20, 30, 40, 50, 60, 70, 80, 90, 100, 110, 120, 130, 140, 150, 160, 170, 180, 190, 200, 210, 220, 230, 240, 250, 260, 270, 280, 290]","[2, 19, 36, 53, 70, 87, 104, 121, 138, 155, 172, 189, 206, 223, 240, 257, 274, 291, 308, 325, 342, 359, 376, 393, 410, 427, 444, 461, 478, 495]","[256, 128]"
xqtbc8zj,mild-tree-632,BC,l2f_bc,finished,https://wandb.ai/korneelvandenberghe/l2f_bc/runs/xqtbc8zj,2025-04-26T06:14:10Z,203.14356243127014,320.95,5.0,adaptive,"[103.15484012216925, 174.02552894083323, 208.85801189482194, 262.95686231155855, 237.74084749752257, 204.42436852495618, 199.70563428353586, 173.51425015406687, 135.86749995767212, 205.5056400406716, 236.7973654763983, 139.26291638502056, 103.70948663497529, 203.93019304450905, 207.29511406585024, 234.5069732888538, 367.21860259015637, 331.5999028065637, 135.17299573371625, 331.2960337388918, 271.4842501545651, 137.9329622054684, 262.8785500554055, 173.0401104995173, 235.03857911317422, 264.8985523469406, 234.1821670644219, 236.70058688276495, 273.6966341065114, 203.14356243127014]","[186.4, 273.6, 334.4, 422.9, 382.25, 327.75, 322.85, 282.85, 230.3, 334.15, 378.05, 235.5, 184.5, 321.25, 333.75, 375.95, 567.2, 518.25, 224.55, 521.35, 426.45, 233.25, 419.9, 282.0, 373.2, 420.25, 372.3, 389.45, 425.55, 320.95]","[10.939341, 98.789313, 189.30931, 289.231058, 399.138272, 506.325692, 611.313813, 715.418144, 820.680339, 924.35662, 1028.362948, 1129.981954, 1232.74412, 1334.81255, 1437.637736, 1540.809377, 1643.906031, 1745.929233, 1846.520996, 1949.759236, 2050.27003, 2156.396637, 2262.19314, 2365.644665, 2467.637715, 2570.228678, 2670.236557, 2770.694225, 2871.540851, 2974.786965]","[0, 10, 20, 30, 40, 50, 60, 70, 80, 90, 100, 110, 120, 130, 140, 150, 160, 170, 180, 190, 200, 210, 220, 230, 240, 250, 260, 270, 280, 290]","[2, 19, 36, 53, 70, 87, 104, 121, 138, 155, 172, 189, 206, 223, 240, 257, 274, 291, 308, 325, 342, 359, 376, 393, 410, 427, 444, 461, 478, 495]","[256, 128]"
afoxgyu5,ethereal-wildflower-633,BC,l2f_bc,finished,https://wandb.ai/korneelvandenberghe/l2f_bc/runs/afoxgyu5,2025-04-26T07:05:25Z,307.77685721541957,474.4,5.0,adaptive,"[5.494174749830987, 307.059537605012, 203.52806157085715, 173.9324903446525, 141.56867380286562, 172.89814521065554, 171.22028689174527, 232.2962566984048, 234.88538599580997, 72.25282203422849, 268.3810327450508, 231.02016506803926, 204.21101925890014, 236.4626932713761, 235.8968581641157, 202.73902690796908, 143.38477205701713, 201.13424693836097, 332.9715955388405, 166.24879511242955, 204.32018315361586, 137.64141083462727, 137.55179962450535, 238.06122634635125, 203.06992376803152, 169.22958997896242, 199.84281820930738, 267.5610051682612, 170.80940325182493, 307.77685721541957]","[38.15, 473.4, 327.45, 285.95, 239.7, 276.95, 282.6, 376.15, 377.0, 141.15, 421.55, 374.25, 333.75, 370.85, 373.0, 329.25, 243.25, 332.9, 526.4, 279.9, 329.45, 228.65, 232.15, 381.1, 320.7, 276.05, 325.55, 424.9, 284.2, 474.4]","[11.149223, 99.86272, 188.012058, 277.312363, 367.41162, 457.360052, 548.01243, 635.667608, 722.535866, 819.988194, 926.695538, 1031.384679, 1133.995758, 1238.031254, 1344.911663, 1450.014495, 1552.973654, 1657.096798, 1761.921949, 1865.31365, 4881.555002, 4881.56102, 4979.591041, 5080.841195, 5183.61623, 5286.288619, 5391.101337, 5501.335179, 5609.012798, 5719.429531]","[0, 10, 20, 30, 40, 50, 60, 70, 80, 90, 100, 110, 120, 130, 140, 150, 160, 170, 180, 190, 200, 210, 220, 230, 240, 250, 260, 270, 280, 290]","[2, 19, 36, 53, 70, 87, 104, 121, 138, 155, 172, 189, 206, 223, 240, 257, 274, 291, 308, 325, 342, 359, 376, 393, 410, 427, 444, 461, 478, 495]","[256, 128]"
1fhegmq7,electric-cosmos-634,TD3BC_JS_Online,l2f_bc,killed,https://wandb.ai/korneelvandenberghe/l2f_bc/runs/1fhegmq7,2025-04-28T11:00:33Z,-255.36918444307742,518.3666666666667,2.0,adaptive,"[359.26000028621297, 342.1505082597563, 249.12584491055233, 317.5697248309997, 357.5087754373328, 282.3246494424135, 301.7487116753472, 397.7702688117134, 280.40173391135596, 316.482095454105, 159.57159525478866, 218.3731597299371, 176.6287903133974, 229.9659498283548, 192.0052950421922, 104.09653313634277, 119.25169924195552, 92.48944053482877, 124.10370511583204, 172.59401795720623, -41.78921842088243, -46.00911769098032, -45.314668373988034, -49.49636734645411, -39.161396830026185, -184.4697139167844, -259.93522262855754, -210.4767315547935, -207.50112134159687, -206.5665165118421, -234.41279071366654, -206.85512341617323, -211.60592521961456, -204.3014173524233, -241.67192009897812, -240.11351437160144, -212.05007292642475, -275.7678784510533, -197.60868088529477, -271.1164797192113, -219.25078476346695, -191.72869933336563, -197.1680785489697, -233.0843983456117, -247.22015618737908, -225.37381390855006, -273.74995050588103, -241.9435479642567, -291.6712622515957, -255.36918444307742]","[550.5666666666667, 514.4666666666667, 386.5, 488.7, 552.7, 515.8666666666667, 550.7333333333333, 712.5333333333333, 517.8, 578.8333333333334, 420.9, 550.0333333333333, 453.7, 546.9666666666667, 486.4, 551.8333333333334, 580.7333333333333, 484.93333333333334, 611.0, 775.1, 580.4333333333333, 579.5333333333333, 680.5666666666667, 550.8666666666667, 515.6666666666666, 452.6333333333333, 646.7333333333333, 546.9666666666667, 517.4333333333333, 546.4666666666667, 517.2, 514.0, 485.2, 513.6666666666666, 616.6333333333333, 519.0, 487.53333333333336, 678.3666666666667, 458.0, 648.0666666666667, 454.6333333333333, 418.46666666666664, 391.46666666666664, 483.96666666666664, 611.1666666666666, 452.96666666666664, 520.0333333333333, 483.4, 582.4, 518.3666666666667]","[51.312568, 513.720159, 991.259227, 1496.052568, 1976.285968, 2476.279763, 2948.91521, 3404.161074, 4111.254803, 5056.530281, 5643.905289, 6123.396204, 6574.319073, 7028.856818, 7478.120764, 7927.813282, 8369.225058, 8832.985108, 9308.472381, 9801.197578, 10323.337113, 10841.544183, 11322.805842, 11792.869745, 12264.05917, 12737.664435, 13207.506166, 13663.757009, 14121.157206, 14574.337749, 15029.150909, 15479.23914, 15933.455528, 16416.83474, 16886.842928, 17390.424226, 17914.052864, 18401.513848, 18876.597208, 19342.991904, 19800.742395, 20251.799803, 20704.327967, 21153.883583, 21604.966684, 22060.185567, 22515.120388, 23003.937114, 23485.15287, 23972.652584]","[0, 10, 20, 30, 40, 50, 60, 70, 80, 90, 100, 110, 120, 130, 140, 150, 160, 170, 180, 190, 200, 210, 220, 230, 240, 250, 260, 270, 280, 290, 300, 310, 320, 330, 340, 350, 360, 370, 380, 390, 400, 410, 420, 430, 440, 450, 460, 470, 480, 490]","[424, 4640, 8856, 13072, 17288, 21508, 25724, 29940, 34156, 38372, 42592, 46808, 51024, 55240, 59456, 63676, 67892, 72108, 76324, 80540, 84760, 88976, 93192, 97408, 101624, 105844, 110060, 114276, 118492, 122708, 126928, 131144, 135360, 139576, 143792, 148012, 152228, 156444, 160660, 164876, 169096, 173312, 177528, 181744, 185960, 190180, 194396, 198612, 202828, 207044]","[256, 128]"
