Relative Time (Process),Schedule : adaptive - _step,Schedule : adaptive - _step__MIN,Schedule : adaptive - _step__MAX,Schedule : adaptive - test reward ,Schedule : adaptive - test reward __MIN,Schedule : adaptive - test reward __MAX,Schedule : fixed - _step,Schedule : fixed - _step__MIN,Schedule : fixed - _step__MAX,Schedule : fixed - test reward ,Schedule : fixed - test reward __MIN,Schedule : fixed - test reward __MAX,Schedule : interval - _step,Schedule : interval - _step__MIN,Schedule : interval - _step__MAX,Schedule : interval - test reward ,Schedule : interval - test reward __MIN,Schedule : interval - test reward __MAX,epoch
5.808027982711792,2255.0,2255.0,2255.0,27.11969566345215,27.11969566345215,27.11969566345215,,,,,,,,,,,,,0.0
7.36829400062561,2257.0,2257.0,2257.0,27.11969566345215,27.11969566345215,27.11969566345215,,,,,,,,,,,,,0.14836795252225518
10.57548,1839.0,1839.0,1839.0,27.119696,27.119696,27.119696,,,,,,,,,,,,,0.29673590504451036
10.648926,1843.4,1843.4,1843.4,27.119696,27.119696,27.119696,5.0,5.0,5.0,27.119696,27.119696,27.119696,,,,,,,0.4451038575667655
10.666492,1847.8,1847.8,1847.8,27.119696,27.119696,27.119696,5.0,5.0,5.0,27.119696,27.119696,27.119696,,,,,,,0.5934718100890207
10.666536,1852.2,1852.2,1852.2,27.119696,27.119696,27.119696,5.0,5.0,5.0,27.119696,27.119696,27.119696,,,,,,,0.7418397626112759
10.73334,1856.6,1856.6,1856.6,27.119696,27.119696,27.119696,5.0,5.0,5.0,27.119696,27.119696,27.119696,,,,,,,0.890207715133531
10.741938,1861.0,1861.0,1861.0,27.119696,27.119696,27.119696,5.0,5.0,5.0,27.119696,27.119696,27.119696,,,,,,,1.0385756676557862
10.786078,1856.6,1856.6,1856.6,28.5859142,28.5859142,28.5859142,5.0,5.0,5.0,27.119696,27.119696,27.119696,1775.0,1775.0,1775.0,27.119696,27.119696,27.119696,1.1869436201780414
10.872657,1852.2,1852.2,1852.2,30.0521324,30.0521324,30.0521324,5.0,5.0,5.0,27.119696,27.119696,27.119696,1741.0,1741.0,1741.0,27.119696,27.119696,27.119696,1.3353115727002967
10.87333,1847.8,1847.8,1847.8,31.518350599999998,31.518350599999998,31.518350599999998,5.0,5.0,5.0,27.119696,27.119696,27.119696,1879.0,1879.0,1879.0,27.119696,27.119696,27.119696,1.4836795252225519
10.890688,1843.4,1843.4,1843.4,32.9845688,32.9845688,32.9845688,5.0,5.0,5.0,27.119696,27.119696,27.119696,1351.0,1351.0,1351.0,27.119696,27.119696,27.119696,1.632047477744807
10.919944,1839.0,1839.0,1839.0,34.450787,34.450787,34.450787,5.0,5.0,5.0,27.119696,27.119696,27.119696,1474.0,1474.0,1474.0,27.119696,27.119696,27.119696,1.780415430267062
10.940464,1747.5,1747.5,1747.5,34.450787,34.450787,34.450787,5.0,5.0,5.0,27.119696,27.119696,27.119696,1597.0,1597.0,1597.0,27.119696,27.119696,27.119696,1.9287833827893173
11.098132,1656.0,1656.0,1656.0,34.450787,34.450787,34.450787,5.0,5.0,5.0,27.119696,27.119696,27.119696,1720.0,1720.0,1720.0,27.119696,27.119696,27.119696,2.0771513353115725
11.183573,1646.8,1646.8,1646.8,34.450787,34.450787,34.450787,5.0,5.0,5.0,27.119696,27.119696,27.119696,1843.0,1843.0,1843.0,27.119696,27.119696,27.119696,2.2255192878338277
11.47139,1637.6,1637.6,1637.6,34.450787,34.450787,34.450787,5.0,5.0,5.0,27.119696,27.119696,27.119696,1641.0,1641.0,1641.0,27.119696,27.119696,27.119696,2.373887240356083
11.729195,1628.4,1628.4,1628.4,34.450787,34.450787,34.450787,5.0,5.0,5.0,27.119696,27.119696,27.119696,1439.0,1439.0,1439.0,27.119696,27.119696,27.119696,2.522255192878338
11.811738,1619.2,1619.2,1619.2,34.450787,34.450787,34.450787,5.0,5.0,5.0,27.119696,27.119696,27.119696,1540.0,1540.0,1540.0,27.119696,27.119696,27.119696,2.6706231454005933
11.900592,1610.0,1610.0,1610.0,34.450787,34.450787,34.450787,5.0,5.0,5.0,27.119696,27.119696,27.119696,3484.4,3484.4,3484.4,28.3875917,28.3875917,28.3875917,2.8189910979228485
12.195608,4844.0,4844.0,4844.0,34.34493666666667,34.34493666666667,34.34493666666667,5.0,5.0,5.0,27.119696,27.119696,27.119696,5428.8,5428.8,5428.8,29.655487400000002,29.655487400000002,29.655487400000002,2.9673590504451037
76.500643,8078.0,8078.0,8078.0,34.23908633333333,34.23908633333333,34.23908633333333,250.0,250.0,250.0,38.551178,38.551178,38.551178,7373.200000000001,7373.200000000001,7373.200000000001,30.923383100000002,30.923383100000002,30.923383100000002,3.115727002967359
80.710022,11312.0,11312.0,11312.0,34.133236,34.133236,34.133236,250.0,250.0,250.0,39.06955,39.06955,39.06955,9317.6,9317.6,9317.6,32.1912788,32.1912788,32.1912788,3.264094955489614
80.712035,14546.0,14546.0,14546.0,34.02738566666667,34.02738566666667,34.02738566666667,250.0,250.0,250.0,37.574528,37.574528,37.574528,11262.0,11262.0,11262.0,33.4591745,33.4591745,33.4591745,3.4124629080118694
80.772729,17780.0,17780.0,17780.0,33.92153533333334,33.92153533333334,33.92153533333334,250.0,250.0,250.0,39.52848,39.52848,39.52848,13206.400000000001,13206.400000000001,13206.400000000001,34.7270702,34.7270702,34.7270702,3.560830860534124
80.937332,21014.0,21014.0,21014.0,33.815685,33.815685,33.815685,250.0,250.0,250.0,40.227715,40.227715,40.227715,15150.800000000001,15150.800000000001,15150.800000000001,35.9949659,35.9949659,35.9949659,3.7091988130563793
82.229963,21145.5,21145.5,21145.5,36.450359000000006,36.450359000000006,36.450359000000006,250.0,250.0,250.0,40.92695,40.92695,40.92695,17095.2,17095.2,17095.2,37.2628616,37.2628616,37.2628616,3.8575667655786345
85.59854,21277.0,21277.0,21277.0,39.085033,39.085033,39.085033,250.0,250.0,250.0,40.30991233333333,40.30991233333333,40.30991233333333,19039.600000000002,19039.600000000002,19039.600000000002,38.530757300000005,38.530757300000005,38.530757300000005,4.00593471810089
85.897992,21238.75,21238.75,21238.75,38.26234875,38.26234875,38.26234875,250.0,250.0,250.0,39.69287466666667,39.69287466666667,39.69287466666667,20984.0,20984.0,20984.0,39.798653,39.798653,39.798653,4.154302670623145
86.204534,21200.5,21200.5,21200.5,37.439664500000006,37.439664500000006,37.439664500000006,250.0,250.0,250.0,39.075837,39.075837,39.075837,21908.0,21908.0,21908.0,40.38506,40.38506,40.38506,4.3026706231454
86.836329,21162.25,21162.25,21162.25,36.616980250000005,36.616980250000005,36.616980250000005,250.0,250.0,250.0,38.45879933333333,38.45879933333333,38.45879933333333,20830.0,20830.0,20830.0,36.234753,36.234753,36.234753,4.451038575667655
86.920287,21124.0,21124.0,21124.0,35.794296,35.794296,35.794296,250.0,250.0,250.0,37.84176166666667,37.84176166666667,37.84176166666667,20882.75,20882.75,20882.75,37.421629249999995,37.421629249999995,37.421629249999995,4.599406528189911
90.680197,21188.0,21188.0,21188.0,38.6308305,38.6308305,38.6308305,250.0,250.0,250.0,37.224724,37.224724,37.224724,20935.5,20935.5,20935.5,38.6085055,38.6085055,38.6085055,4.747774480712166
90.77159,21252.0,21252.0,21252.0,41.467365,41.467365,41.467365,250.0,250.0,250.0,37.348614600000005,37.348614600000005,37.348614600000005,20988.25,20988.25,20988.25,39.795381750000004,39.795381750000004,39.795381750000004,4.896142433234421
90.816196,21306.5,21306.5,21306.5,40.133422,40.133422,40.133422,250.0,250.0,250.0,37.4725052,37.4725052,37.4725052,21041.0,21041.0,21041.0,40.982258,40.982258,40.982258,5.044510385756676
90.896782,21361.0,21361.0,21361.0,38.799479,38.799479,38.799479,250.0,250.0,250.0,37.5963958,37.5963958,37.5963958,21792.0,21792.0,21792.0,38.628452,38.628452,38.628452,5.192878338278931
90.914923,21415.5,21415.5,21415.5,37.465536,37.465536,37.465536,250.0,250.0,250.0,37.7202864,37.7202864,37.7202864,20901.0,20901.0,20901.0,37.32328,37.32328,37.32328,5.341246290801187
90.982301,21470.0,21470.0,21470.0,36.131593,36.131593,36.131593,250.0,250.0,250.0,37.844177,37.844177,37.844177,20946.0,20946.0,20946.0,38.491635,38.491635,38.491635,5.489614243323442
91.749343,21524.5,21524.5,21524.5,34.79765,34.79765,34.79765,307.8,307.8,307.8,36.922241,36.922241,36.922241,20991.0,20991.0,20991.0,39.65999,39.65999,39.65999,5.637982195845697
96.123428,21579.0,21579.0,21579.0,33.463707,33.463707,33.463707,365.6,365.6,365.6,36.000305,36.000305,36.000305,23176.1,23176.1,23176.1,38.3153813,38.3153813,38.3153813,5.786350148367952
139.5656018257141,20963.0,20963.0,20963.0,40.41610336303711,40.41610336303711,40.41610336303711,423.4,423.4,423.4,35.078369,35.078369,35.078369,25361.2,25361.2,25361.2,36.970772600000004,36.970772600000004,36.970772600000004,5.9347181008902075
149.55389404296875,21862.0,21862.0,21862.0,38.632720947265625,38.632720947265625,38.632720947265625,481.2,481.2,481.2,34.156433,34.156433,34.156433,27546.3,27546.3,27546.3,35.6261639,35.6261639,35.6261639,6.083086053412463
155.74915,25329.0,25329.0,25329.0,37.79981912272135,37.79981912272135,37.79981912272135,539.0,539.0,539.0,33.234497,33.234497,33.234497,29731.4,29731.4,29731.4,34.2815552,34.2815552,34.2815552,6.231454005934718
155.756688,28796.0,28796.0,28796.0,36.96691729817708,36.96691729817708,36.96691729817708,539.0,539.0,539.0,36.577026,36.577026,36.577026,31916.5,31916.5,31916.5,32.9369465,32.9369465,32.9369465,6.379821958456973
155.819807,32263.0,32263.0,32263.0,36.134015473632815,36.134015473632815,36.134015473632815,539.0,539.0,539.0,36.856857,36.856857,36.856857,34101.6,34101.6,34101.6,31.5923378,31.5923378,31.5923378,6.528189910979228
156.537151,35730.0,35730.0,35730.0,35.30111364908854,35.30111364908854,35.30111364908854,539.0,539.0,539.0,31.299507,31.299507,31.299507,36286.7,36286.7,36286.7,30.2477291,30.2477291,30.2477291,6.6765578635014835
157.27621,39197.0,39197.0,39197.0,34.46821182454427,34.46821182454427,34.46821182454427,539.0,539.0,539.0,27.12802,27.12802,27.12802,38471.8,38471.8,38471.8,28.9031204,28.9031204,28.9031204,6.824925816023739
160.967008,42664.0,42664.0,42664.0,33.63531,33.63531,33.63531,539.0,539.0,539.0,29.437612,29.437612,29.437612,40656.899999999994,40656.899999999994,40656.899999999994,27.558511699999997,27.558511699999997,27.558511699999997,6.973293768545994
166.228232,42423.0,42423.0,42423.0,35.210273,35.210273,35.210273,539.0,539.0,539.0,31.747204,31.747204,31.747204,42842.0,42842.0,42842.0,26.213903,26.213903,26.213903,7.121661721068248
170.627047,42182.0,42182.0,42182.0,36.785236,36.785236,36.785236,539.0,539.0,539.0,34.056796000000006,34.056796000000006,34.056796000000006,42506.5,42506.5,42506.5,35.3792845,35.3792845,35.3792845,7.2700296735905034
170.925992,42137.5,42137.5,42137.5,36.60364325,36.60364325,36.60364325,539.0,539.0,539.0,36.366388,36.366388,36.366388,42171.0,42171.0,42171.0,44.544666,44.544666,44.544666,7.418397626112759
171.078212,42093.0,42093.0,42093.0,36.4220505,36.4220505,36.4220505,539.0,539.0,539.0,38.67598,38.67598,38.67598,42450.5,42450.5,42450.5,38.587511,38.587511,38.587511,7.566765578635014
171.337925,42048.5,42048.5,42048.5,36.24045775,36.24045775,36.24045775,539.0,539.0,539.0,37.4914592,37.4914592,37.4914592,42730.0,42730.0,42730.0,32.630356,32.630356,32.630356,7.715133531157269
171.948932,42004.0,42004.0,42004.0,36.058865,36.058865,36.058865,539.0,539.0,539.0,36.3069384,36.3069384,36.3069384,42684.8,42684.8,42684.8,32.541474799999996,32.541474799999996,32.541474799999996,7.863501483679524
176.156464,42227.0,42227.0,42227.0,36.087017,36.087017,36.087017,539.0,539.0,539.0,35.122417600000006,35.122417600000006,35.122417600000006,42639.6,42639.6,42639.6,32.4525936,32.4525936,32.4525936,8.01186943620178
176.240204,42071.0,42071.0,42071.0,34.64862,34.64862,34.64862,539.0,539.0,539.0,33.937896800000004,33.937896800000004,33.937896800000004,42594.4,42594.4,42594.4,32.3637124,32.3637124,32.3637124,8.160237388724035
176.44686,43936.36363636364,43936.36363636364,43936.36363636364,35.237111818181816,35.237111818181816,35.237111818181816,539.0,539.0,539.0,32.753376,32.753376,32.753376,42549.2,42549.2,42549.2,32.2748312,32.2748312,32.2748312,8.30860534124629
176.771307,45801.72727272727,45801.72727272727,45801.72727272727,35.82560363636364,35.82560363636364,35.82560363636364,596.8,596.8,596.8,34.159494,34.159494,34.159494,42504.0,42504.0,42504.0,32.18595,32.18595,32.18595,8.456973293768545
176.862176,47667.09090909091,47667.09090909091,47667.09090909091,36.41409545454545,36.41409545454545,36.41409545454545,654.6,654.6,654.6,35.565612,35.565612,35.565612,42404.0,42404.0,42404.0,41.79608,41.79608,41.79608,8.6053412462908
180.845348,49532.454545454544,49532.454545454544,49532.454545454544,37.002587272727276,37.002587272727276,37.002587272727276,712.4,712.4,712.4,36.97173,36.97173,36.97173,42032.0,42032.0,42032.0,30.95276,30.95276,30.95276,8.753709198813056
181.257349,51397.818181818184,51397.818181818184,51397.818181818184,37.59107909090909,37.59107909090909,37.59107909090909,770.2,770.2,770.2,38.377848,38.377848,38.377848,42564.0,42564.0,42564.0,30.144659,30.144659,30.144659,8.90207715133531
226.567878,53263.181818181816,53263.181818181816,53263.181818181816,38.17957090909091,38.17957090909091,38.17957090909091,828.0,828.0,828.0,39.783966,39.783966,39.783966,45517.71428571428,45517.71428571428,45517.71428571428,31.560938714285715,31.560938714285715,31.560938714285715,9.050445103857566
230.79477,55128.545454545456,55128.545454545456,55128.545454545456,38.76806272727273,38.76806272727273,38.76806272727273,828.0,828.0,828.0,34.90143,34.90143,34.90143,48471.42857142857,48471.42857142857,48471.42857142857,32.977218428571426,32.977218428571426,32.977218428571426,9.198813056379821
230.798344,56993.90909090909,56993.90909090909,56993.90909090909,39.35655454545455,39.35655454545455,39.35655454545455,828.0,828.0,828.0,36.046234,36.046234,36.046234,51425.142857142855,51425.142857142855,51425.142857142855,34.39349814285714,34.39349814285714,34.39349814285714,9.347181008902076
232.322531,58859.27272727273,58859.27272727273,58859.27272727273,39.945046363636365,39.945046363636365,39.945046363636365,828.0,828.0,828.0,34.982197,34.982197,34.982197,54378.857142857145,54378.857142857145,54378.857142857145,35.809777857142855,35.809777857142855,35.809777857142855,9.495548961424332
235.864787,60724.63636363637,60724.63636363637,60724.63636363637,40.53353818181819,40.53353818181819,40.53353818181819,828.0,828.0,828.0,35.880978,35.880978,35.880978,57332.57142857143,57332.57142857143,57332.57142857143,37.22605757142857,37.22605757142857,37.22605757142857,9.643916913946587
235.988649,62590.0,62590.0,62590.0,41.12203,41.12203,41.12203,828.0,828.0,828.0,35.152800166666665,35.152800166666665,35.152800166666665,60286.28571428571,60286.28571428571,60286.28571428571,38.642337285714284,38.642337285714284,38.642337285714284,9.792284866468842
246.251216,62572.666666666664,62572.666666666664,62572.666666666664,37.33207633333333,37.33207633333333,37.33207633333333,828.0,828.0,828.0,34.42462233333333,34.42462233333333,34.42462233333333,63240.0,63240.0,63240.0,40.058617,40.058617,40.058617,9.940652818991097
251.361246,62555.333333333336,62555.333333333336,62555.333333333336,33.542122666666664,33.542122666666664,33.542122666666664,828.0,828.0,828.0,33.6964445,33.6964445,33.6964445,63183.0,63183.0,63183.0,36.297035,36.297035,36.297035,10.089020771513352
255.662307,62538.0,62538.0,62538.0,29.752169,29.752169,29.752169,828.0,828.0,828.0,32.968266666666665,32.968266666666665,32.968266666666665,63191.0,63191.0,63191.0,35.6776105,35.6776105,35.6776105,10.237388724035608
255.954325,62488.333333333336,62488.333333333336,62488.333333333336,32.335391,32.335391,32.335391,828.0,828.0,828.0,32.24008883333333,32.24008883333333,32.24008883333333,63199.0,63199.0,63199.0,35.058186,35.058186,35.058186,10.385756676557863
256.114926,62438.666666666664,62438.666666666664,62438.666666666664,34.918613,34.918613,34.918613,828.0,828.0,828.0,31.511911,31.511911,31.511911,63003.666666666664,63003.666666666664,63003.666666666664,34.91494733333333,34.91494733333333,34.91494733333333,10.534124629080118
256.179905,62389.0,62389.0,62389.0,37.501835,37.501835,37.501835,828.0,828.0,828.0,32.36043575,32.36043575,32.36043575,62808.333333333336,62808.333333333336,62808.333333333336,34.77170866666667,34.77170866666667,34.77170866666667,10.682492581602373
256.791201,62547.0,62547.0,62547.0,34.180419,34.180419,34.180419,828.0,828.0,828.0,33.2089605,33.2089605,33.2089605,62613.0,62613.0,62613.0,34.62847,34.62847,34.62847,10.830860534124628
261.270419,62705.0,62705.0,62705.0,30.859003,30.859003,30.859003,828.0,828.0,828.0,34.05748525,34.05748525,34.05748525,62914.666666666664,62914.666666666664,62914.666666666664,32.788955333333334,32.788955333333334,32.788955333333334,10.979228486646884
261.49581,62946.333333333336,62946.333333333336,62946.333333333336,31.058438000000002,31.058438000000002,31.058438000000002,828.0,828.0,828.0,34.90601,34.90601,34.90601,63216.333333333336,63216.333333333336,63216.333333333336,30.949440666666668,30.949440666666668,30.949440666666668,11.127596439169139
261.887611,63187.666666666664,63187.666666666664,63187.666666666664,31.257873,31.257873,31.257873,869.2857142857143,869.2857142857143,869.2857142857143,35.321522,35.321522,35.321522,63518.0,63518.0,63518.0,29.109926,29.109926,29.109926,11.275964391691394
261.974988,63429.0,63429.0,63429.0,31.457308,31.457308,31.457308,910.5714285714286,910.5714285714286,910.5714285714286,35.737034,35.737034,35.737034,62958.5,62958.5,62958.5,32.096182999999996,32.096182999999996,32.096182999999996,11.42433234421365
271.293379,56331.333333333336,56331.333333333336,56331.333333333336,32.98278312263997,32.98278312263997,32.98278312263997,951.8571428571429,951.8571428571429,951.8571428571429,36.152546,36.152546,36.152546,62399.0,62399.0,62399.0,35.08244,35.08244,35.08244,11.572700296735905
276.288941,49233.666666666664,49233.666666666664,49233.666666666664,34.50825824527995,34.50825824527995,34.50825824527995,993.1428571428571,993.1428571428571,993.1428571428571,36.568058,36.568058,36.568058,62876.0,62876.0,62876.0,34.108288,34.108288,34.108288,11.72106824925816
278.3476438522339,42136.0,42136.0,42136.0,36.03373336791992,36.03373336791992,36.03373336791992,1034.4285714285713,1034.4285714285713,1034.4285714285713,36.98357,36.98357,36.98357,65165.11111111111,65165.11111111111,65165.11111111111,33.42807811111111,33.42807811111111,33.42807811111111,11.869436201780415
298.7065670490265,42706.0,42706.0,42706.0,44.356815338134766,44.356815338134766,44.356815338134766,1075.7142857142858,1075.7142857142858,1075.7142857142858,37.399082,37.399082,37.399082,67454.22222222222,67454.22222222222,67454.22222222222,32.74786822222222,32.74786822222222,32.74786822222222,12.01780415430267
301.962269,49492.333333333336,49492.333333333336,49492.333333333336,42.79368611511231,42.79368611511231,42.79368611511231,1117.0,1117.0,1117.0,37.814594,37.814594,37.814594,69743.33333333333,69743.33333333333,69743.33333333333,32.067658333333334,32.067658333333334,32.067658333333334,12.166172106824925
305.845631,56278.666666666664,56278.666666666664,56278.666666666664,41.230556892089844,41.230556892089844,41.230556892089844,1117.0,1117.0,1117.0,38.566467,38.566467,38.566467,72032.44444444444,72032.44444444444,72032.44444444444,31.387448444444445,31.387448444444445,31.387448444444445,12.31454005934718
310.84244,63065.0,63065.0,63065.0,39.66742766906738,39.66742766906738,39.66742766906738,1117.0,1117.0,1117.0,33.235306,33.235306,33.235306,74321.55555555556,74321.55555555556,74321.55555555556,30.707238555555556,30.707238555555556,30.707238555555556,12.462908011869436
312.369848,69851.33333333333,69851.33333333333,69851.33333333333,38.10429844604492,38.10429844604492,38.10429844604492,1117.0,1117.0,1117.0,34.368687,34.368687,34.368687,76610.66666666667,76610.66666666667,76610.66666666667,30.027028666666666,30.027028666666666,30.027028666666666,12.611275964391691
315.912094,76637.66666666666,76637.66666666666,76637.66666666666,36.541169223022465,36.541169223022465,36.541169223022465,1117.0,1117.0,1117.0,41.875957,41.875957,41.875957,78899.77777777778,78899.77777777778,78899.77777777778,29.346818777777777,29.346818777777777,29.346818777777777,12.759643916913946
321.014148,83424.0,83424.0,83424.0,34.97804,34.97804,34.97804,1117.0,1117.0,1117.0,41.113113,41.113113,41.113113,81188.88888888889,81188.88888888889,81188.88888888889,28.666608888888888,28.666608888888888,28.666608888888888,12.908011869436201
331.385472,83470.83333333333,83470.83333333333,83470.83333333333,35.37701066666666,35.37701066666666,35.37701066666666,1117.0,1117.0,1117.0,40.350269,40.350269,40.350269,83478.0,83478.0,83478.0,27.986399,27.986399,27.986399,13.056379821958457
331.615008,83517.66666666667,83517.66666666667,83517.66666666667,35.775981333333334,35.775981333333334,35.775981333333334,1117.0,1117.0,1117.0,39.587425,39.587425,39.587425,83891.0,83891.0,83891.0,35.411877,35.411877,35.411877,13.204747774480712
340.98276,83564.5,83564.5,83564.5,36.174952000000005,36.174952000000005,36.174952000000005,1117.0,1117.0,1117.0,38.824581,38.824581,38.824581,84332.0,84332.0,84332.0,34.44827,34.44827,34.44827,13.353115727002967
341.545315,83611.33333333333,83611.33333333333,83611.33333333333,36.57392266666667,36.57392266666667,36.57392266666667,1117.0,1117.0,1117.0,38.061737,38.061737,38.061737,83756.5,83756.5,83756.5,33.489374999999995,33.489374999999995,33.489374999999995,13.501483679525222
342.294641,83658.16666666667,83658.16666666667,83658.16666666667,36.97289333333333,36.97289333333333,36.97289333333333,1117.0,1117.0,1117.0,37.829978,37.829978,37.829978,83181.0,83181.0,83181.0,32.53048,32.53048,32.53048,13.649851632047477
345.931058,83705.0,83705.0,83705.0,37.371864,37.371864,37.371864,1117.0,1117.0,1117.0,37.598219,37.598219,37.598219,83373.5,83373.5,83373.5,31.4485845,31.4485845,31.4485845,13.798219584569733
346.185493,83945.0,83945.0,83945.0,34.5682685,34.5682685,34.5682685,1117.0,1117.0,1117.0,37.36646,37.36646,37.36646,83566.0,83566.0,83566.0,30.366689,30.366689,30.366689,13.946587537091988
346.387074,84185.0,84185.0,84185.0,31.764673,31.764673,31.764673,1158.2857142857142,1158.2857142857142,1158.2857142857142,36.99651714285714,36.99651714285714,36.99651714285714,83758.5,83758.5,83758.5,29.2847935,29.2847935,29.2847935,14.094955489614243
347.301649,84161.5,84161.5,84161.5,31.801442,31.801442,31.801442,1199.5714285714287,1199.5714285714287,1199.5714285714287,36.626574285714284,36.626574285714284,36.626574285714284,83951.0,83951.0,83951.0,28.202898,28.202898,28.202898,14.243323442136496
351.998998,84138.0,84138.0,84138.0,31.838211,31.838211,31.838211,1240.857142857143,1240.857142857143,1240.857142857143,36.256631428571424,36.256631428571424,36.256631428571424,84033.66666666667,84033.66666666667,84033.66666666667,29.702077333333335,29.702077333333335,29.702077333333335,14.391691394658752
356.310451,83791.0,83791.0,83791.0,30.33124,30.33124,30.33124,1282.142857142857,1282.142857142857,1282.142857142857,35.88668857142857,35.88668857142857,35.88668857142857,84116.33333333333,84116.33333333333,84116.33333333333,31.20125666666667,31.20125666666667,31.20125666666667,14.540059347181007
366.329084,86402.375,86402.375,86402.375,30.83089375,30.83089375,30.83089375,1323.4285714285713,1323.4285714285713,1323.4285714285713,35.51674571428571,35.51674571428571,35.51674571428571,84199.0,84199.0,84199.0,32.700436,32.700436,32.700436,14.688427299703262
371.596153,89013.75,89013.75,89013.75,31.3305475,31.3305475,31.3305475,1364.7142857142858,1364.7142857142858,1364.7142857142858,35.14680285714286,35.14680285714286,35.14680285714286,83536.0,83536.0,83536.0,34.389343,34.389343,34.389343,14.836795252225517
385.89079,91625.125,91625.125,91625.125,31.830201250000002,31.830201250000002,31.830201250000002,1406.0,1406.0,1406.0,34.77686,34.77686,34.77686,86491.14285714286,86491.14285714286,86491.14285714286,34.55941257142857,34.55941257142857,34.55941257142857,14.985163204747773
387.009605,94236.5,94236.5,94236.5,32.329855,32.329855,32.329855,1406.0,1406.0,1406.0,29.99272,29.99272,29.99272,89446.28571428571,89446.28571428571,89446.28571428571,34.729482142857144,34.729482142857144,34.729482142857144,15.133531157270028
387.418275,96847.875,96847.875,96847.875,32.82950875,32.82950875,32.82950875,1377.0,1377.0,1377.0,32.690487,32.690487,32.690487,92401.42857142858,92401.42857142858,92401.42857142858,34.899551714285714,34.899551714285714,34.899551714285714,15.281899109792283
391.074621,99459.25,99459.25,99459.25,33.3291625,33.3291625,33.3291625,1406.0,1406.0,1406.0,24.82205,24.82205,24.82205,95356.57142857143,95356.57142857143,95356.57142857143,35.069621285714284,35.069621285714284,35.069621285714284,15.430267062314538
395.95614,102070.625,102070.625,102070.625,33.82881625,33.82881625,33.82881625,1406.0,1406.0,1406.0,37.0129,37.0129,37.0129,98311.71428571429,98311.71428571429,98311.71428571429,35.239690857142854,35.239690857142854,35.239690857142854,15.578635014836793
411.066954,104682.0,104682.0,104682.0,34.32847,34.32847,34.32847,1406.0,1406.0,1406.0,36.36519714285714,36.36519714285714,36.36519714285714,101266.85714285714,101266.85714285714,101266.85714285714,35.40976042857143,35.40976042857143,35.40976042857143,15.727002967359049
416.412627,83934.0,83934.0,83934.0,36.957426909790044,36.957426909790044,36.957426909790044,1406.0,1406.0,1406.0,35.71749428571429,35.71749428571429,35.71749428571429,104222.0,104222.0,104222.0,35.57983,35.57983,35.57983,15.875370919881304
420.28783798217773,63186.0,63186.0,63186.0,39.58638381958008,39.58638381958008,39.58638381958008,1406.0,1406.0,1406.0,35.06979142857143,35.06979142857143,35.06979142857143,104357.5,104357.5,104357.5,36.17792,36.17792,36.17792,16.02373887240356
421.921335,76894.33333333333,76894.33333333333,76894.33333333333,38.559697546386715,38.559697546386715,38.559697546386715,1406.0,1406.0,1406.0,34.422088571428574,34.422088571428574,34.422088571428574,104493.0,104493.0,104493.0,36.77601,36.77601,36.77601,16.172106824925816
426.013404,90602.66666666667,90602.66666666667,90602.66666666667,37.53301127319336,37.53301127319336,37.53301127319336,1406.0,1406.0,1406.0,33.774385714285714,33.774385714285714,33.774385714285714,104436.0,104436.0,104436.0,38.634224,38.634224,38.634224,16.32047477744807
431.567868,104311.0,104311.0,104311.0,36.506325,36.506325,36.506325,1406.0,1406.0,1406.0,33.12668285714285,33.12668285714285,33.12668285714285,104318.33333333333,104318.33333333333,104318.33333333333,36.472014,36.472014,36.472014,16.468842729970326
431.600974,104374.5,104374.5,104374.5,35.55033375,35.55033375,35.55033375,1406.0,1406.0,1406.0,32.47898,32.47898,32.47898,104200.66666666667,104200.66666666667,104200.66666666667,34.309804,34.309804,34.309804,16.61721068249258
432.325013,104438.0,104438.0,104438.0,34.594342499999996,34.594342499999996,34.594342499999996,1406.0,1406.0,1406.0,33.62798325,33.62798325,33.62798325,104083.0,104083.0,104083.0,32.147594,32.147594,32.147594,16.765578635014837
432.458694,104501.5,104501.5,104501.5,33.63835125,33.63835125,33.63835125,1406.0,1406.0,1406.0,34.7769865,34.7769865,34.7769865,104055.0,104055.0,104055.0,33.493614,33.493614,33.493614,16.91394658753709
435.970316,104565.0,104565.0,104565.0,32.68236,32.68236,32.68236,1406.0,1406.0,1406.0,35.92598975,35.92598975,35.92598975,104216.5,104216.5,104216.5,33.4412045,33.4412045,33.4412045,17.062314540059347
436.233536,104511.0,104511.0,104511.0,37.170835,37.170835,37.170835,1406.0,1406.0,1406.0,37.074993,37.074993,37.074993,104378.0,104378.0,104378.0,33.388795,33.388795,33.388795,17.2106824925816
442.027796,104457.0,104457.0,104457.0,41.65931,41.65931,41.65931,1463.8,1463.8,1463.8,36.5359604,36.5359604,36.5359604,104539.5,104539.5,104539.5,33.3363855,33.3363855,33.3363855,17.359050445103858
450.1067249774933,63679.0,63679.0,63679.0,44.320064544677734,44.320064544677734,44.320064544677734,1521.6,1521.6,1521.6,35.9969278,35.9969278,35.9969278,104701.0,104701.0,104701.0,33.283975999999996,33.283975999999996,33.283975999999996,17.50741839762611
456.355617,104836.0,104836.0,104836.0,34.811047,34.811047,34.811047,1579.4,1579.4,1579.4,35.457895199999996,35.457895199999996,35.457895199999996,104862.5,104862.5,104862.5,33.2315665,33.2315665,33.2315665,17.655786350148368
456.363851,107385.0,107385.0,107385.0,36.114679875,36.114679875,36.114679875,1637.2,1637.2,1637.2,34.9188626,34.9188626,34.9188626,105024.0,105024.0,105024.0,33.179157,33.179157,33.179157,17.80415430267062
465.93718,109934.0,109934.0,109934.0,37.41831275,37.41831275,37.41831275,1695.0,1695.0,1695.0,34.37983,34.37983,34.37983,104985.8,104985.8,104985.8,33.166665599999995,33.166665599999995,33.166665599999995,17.95252225519288
467.059603,112483.0,112483.0,112483.0,38.721945625000004,38.721945625000004,38.721945625000004,1695.0,1695.0,1695.0,32.4978,32.4978,32.4978,104947.6,104947.6,104947.6,33.1541742,33.1541742,33.1541742,18.100890207715132
467.472639,115032.0,115032.0,115032.0,40.0255785,40.0255785,40.0255785,1666.0,1666.0,1666.0,33.422333,33.422333,33.422333,104909.4,104909.4,104909.4,33.1416828,33.1416828,33.1416828,18.24925816023739
471.121162,117581.0,117581.0,117581.0,41.329211375,41.329211375,41.329211375,1666.0,1666.0,1666.0,39.121834,39.121834,39.121834,104871.2,104871.2,104871.2,33.1291914,33.1291914,33.1291914,18.397626112759642
471.625651,120130.0,120130.0,120130.0,42.632844250000005,42.632844250000005,42.632844250000005,1666.0,1666.0,1666.0,42.3979455,42.3979455,42.3979455,104833.0,104833.0,104833.0,33.1167,33.1167,33.1167,18.5459940652819
476.004793,122679.0,122679.0,122679.0,43.936477125,43.936477125,43.936477125,1666.0,1666.0,1666.0,45.674057,45.674057,45.674057,111568.0,111568.0,111568.0,35.592048,35.592048,35.592048,18.694362017804153
501.10774,125228.0,125228.0,125228.0,45.24011,45.24011,45.24011,1670.8333333333333,1670.8333333333333,1670.8333333333333,45.24498916666666,45.24498916666666,45.24498916666666,118303.0,118303.0,118303.0,38.067396,38.067396,38.067396,18.84272997032641
501.435779,125104.0,125104.0,125104.0,40.228117250000004,40.228117250000004,40.228117250000004,1675.6666666666667,1675.6666666666667,1675.6666666666667,44.81592133333333,44.81592133333333,44.81592133333333,125038.0,125038.0,125038.0,40.542744,40.542744,40.542744,18.991097922848663
516.048454,124980.0,124980.0,124980.0,35.2161245,35.2161245,35.2161245,1680.5,1680.5,1680.5,44.3868535,44.3868535,44.3868535,124989.0,124989.0,124989.0,32.04875,32.04875,32.04875,19.139465875370917
516.952965,124856.0,124856.0,124856.0,30.204131750000002,30.204131750000002,30.204131750000002,1685.3333333333333,1685.3333333333333,1685.3333333333333,43.957785666666666,43.957785666666666,43.957785666666666,125046.0,125046.0,125046.0,36.178097,36.178097,36.178097,19.287833827893174
521.638225,124732.0,124732.0,124732.0,25.192139,25.192139,25.192139,1690.1666666666667,1690.1666666666667,1690.1666666666667,43.52871783333333,43.52871783333333,43.52871783333333,125161.25,125161.25,125161.25,36.72986425,36.72986425,36.72986425,19.436201780415427
521.660067,124975.0,124975.0,124975.0,31.0315705,31.0315705,31.0315705,1695.0,1695.0,1695.0,43.09965,43.09965,43.09965,125276.5,125276.5,125276.5,37.2816315,37.2816315,37.2816315,19.584569732937684
526.002258,125218.0,125218.0,125218.0,36.871002,36.871002,36.871002,1687.75,1687.75,1687.75,40.18350875,40.18350875,40.18350875,125391.75,125391.75,125391.75,37.83339875,37.83339875,37.83339875,19.732937685459937
527.495225,125282.5,125282.5,125282.5,37.0190675,37.0190675,37.0190675,1680.5,1680.5,1680.5,37.2673675,37.2673675,37.2673675,125507.0,125507.0,125507.0,38.385166,38.385166,38.385166,19.881305637982194
527.629164,125347.0,125347.0,125347.0,37.167133,37.167133,37.167133,1673.25,1673.25,1673.25,34.351226249999996,34.351226249999996,34.351226249999996,125541.0,125541.0,125541.0,29.420761,29.420761,29.420761,20.029673590504448
531.284481,125411.5,125411.5,125411.5,37.3151985,37.3151985,37.3151985,1666.0,1666.0,1666.0,31.435085,31.435085,31.435085,125465.75,125465.75,125465.75,29.762157,29.762157,29.762157,20.178041543026705
537.054191,125476.0,125476.0,125476.0,37.463264,37.463264,37.463264,1810.5,1810.5,1810.5,33.002796000000004,33.002796000000004,33.002796000000004,125390.5,125390.5,125390.5,30.103552999999998,30.103552999999998,30.103552999999998,20.32640949554896
545.985678,125433.2,125433.2,125433.2,35.6830056,35.6830056,35.6830056,1955.0,1955.0,1955.0,34.570507,34.570507,34.570507,125315.25,125315.25,125315.25,30.444949,30.444949,30.444949,20.474777448071215
546.393817,125390.4,125390.4,125390.4,33.9027472,33.9027472,33.9027472,1955.0,1955.0,1955.0,38.9506885,38.9506885,38.9506885,125240.0,125240.0,125240.0,30.786345,30.786345,30.786345,20.62314540059347
552.527598,125347.6,125347.6,125347.6,32.1224888,32.1224888,32.1224888,1955.0,1955.0,1955.0,43.33087,43.33087,43.33087,125197.28571428571,125197.28571428571,125197.28571428571,31.490356285714288,31.490356285714288,31.490356285714288,20.771513353115726
556.166652,125304.8,125304.8,125304.8,30.342230400000002,30.342230400000002,30.342230400000002,1955.0,1955.0,1955.0,40.67509,40.67509,40.67509,125154.57142857143,125154.57142857143,125154.57142857143,32.19436757142857,32.19436757142857,32.19436757142857,20.91988130563798
556.391464,125262.0,125262.0,125262.0,28.561972,28.561972,28.561972,1955.0,1955.0,1955.0,40.49901,40.49901,40.49901,125111.85714285714,125111.85714285714,125111.85714285714,32.89837885714286,32.89837885714286,32.89837885714286,21.068249258160236
557.112597,111560.33333333333,111560.33333333333,111560.33333333333,29.603053634562176,29.603053634562176,29.603053634562176,1955.0,1955.0,1955.0,40.32293,40.32293,40.32293,125069.14285714286,125069.14285714286,125069.14285714286,33.602390142857146,33.602390142857146,33.602390142857146,21.21661721068249
561.056482,97858.66666666667,97858.66666666667,97858.66666666667,30.644135269124348,30.644135269124348,30.644135269124348,1955.0,1955.0,1955.0,38.988754,38.988754,38.988754,125026.42857142857,125026.42857142857,125026.42857142857,34.30640142857143,34.30640142857143,34.30640142857143,21.364985163204746
564.7975497245789,84157.0,84157.0,84157.0,31.685216903686523,31.685216903686523,31.685216903686523,1959.8333333333333,1959.8333333333333,1959.8333333333333,38.5372305,38.5372305,38.5372305,124983.71428571429,124983.71428571429,124983.71428571429,35.010412714285714,35.010412714285714,35.010412714285714,21.513353115727
571.660104,104788.0,104788.0,104788.0,33.70520260245768,33.70520260245768,33.70520260245768,1964.6666666666667,1964.6666666666667,1964.6666666666667,38.085707,38.085707,38.085707,124941.0,124941.0,124941.0,35.714424,35.714424,35.714424,21.661721068249257
591.459518,125419.0,125419.0,125419.0,35.72518830122884,35.72518830122884,35.72518830122884,1969.5,1969.5,1969.5,37.6341835,37.6341835,37.6341835,146302.0,146302.0,146302.0,28.307503,28.307503,28.307503,21.81008902077151
596.136939,146050.0,146050.0,146050.0,37.745174,37.745174,37.745174,1974.3333333333333,1974.3333333333333,1974.3333333333333,37.18266,37.18266,37.18266,146229.75,146229.75,146229.75,32.069133,32.069133,32.069133,21.958456973293767
604.514839887619,84081.0,84081.0,84081.0,31.63764381408691,31.63764381408691,31.63764381408691,1979.1666666666667,1979.1666666666667,1979.1666666666667,36.7311365,36.7311365,36.7311365,146157.5,146157.5,146157.5,35.830763,35.830763,35.830763,22.10682492581602
611.722559,104547.66666666667,104547.66666666667,104547.66666666667,32.80666087605794,32.80666087605794,32.80666087605794,1984.0,1984.0,1984.0,36.279613,36.279613,36.279613,146085.25,146085.25,146085.25,39.592393,39.592393,39.592393,22.255192878338278
616.079804,125014.33333333334,125014.33333333334,125014.33333333334,33.975677938028966,33.975677938028966,33.975677938028966,1979.857142857143,1979.857142857143,1979.857142857143,37.41034928571428,37.41034928571428,37.41034928571428,146013.0,146013.0,146013.0,43.354023,43.354023,43.354023,22.40356083086053
616.669062,145481.0,145481.0,145481.0,35.144695,35.144695,35.144695,1975.7142857142858,1975.7142857142858,1975.7142857142858,38.54108557142857,38.54108557142857,38.54108557142857,145750.0,145750.0,145750.0,38.1331515,38.1331515,38.1331515,22.551928783382788
616.978623,145929.0,145929.0,145929.0,36.6950075,36.6950075,36.6950075,1971.5714285714287,1971.5714285714287,1971.5714285714287,39.67182185714286,39.67182185714286,39.67182185714286,145487.0,145487.0,145487.0,32.91228,32.91228,32.91228,22.70029673590504
621.039959,146377.0,146377.0,146377.0,38.24532,38.24532,38.24532,1967.4285714285713,1967.4285714285713,1967.4285714285713,40.802558142857144,40.802558142857144,40.802558142857144,145799.5,145799.5,145799.5,32.85849,32.85849,32.85849,22.8486646884273
622.52984,146242.8,146242.8,146242.8,37.5198194,37.5198194,37.5198194,1963.2857142857142,1963.2857142857142,1963.2857142857142,41.93329442857143,41.93329442857143,41.93329442857143,146112.0,146112.0,146112.0,32.8047,32.8047,32.8047,22.997032640949552
622.658033,146108.6,146108.6,146108.6,36.7943188,36.7943188,36.7943188,1959.142857142857,1959.142857142857,1959.142857142857,43.064030714285714,43.064030714285714,43.064030714285714,146367.0,146367.0,146367.0,27.819975,27.819975,27.819975,23.14540059347181
626.334958,145974.4,145974.4,145974.4,36.0688182,36.0688182,36.0688182,1955.0,1955.0,1955.0,44.194767,44.194767,44.194767,146283.83333333334,146283.83333333334,146283.83333333334,29.5385715,29.5385715,29.5385715,23.293768545994062
631.043356,145840.2,145840.2,145840.2,35.3433176,35.3433176,35.3433176,2244.0,2244.0,2244.0,44.706615,44.706615,44.706615,146200.66666666666,146200.66666666666,146200.66666666666,31.257168,31.257168,31.257168,23.44213649851632
632.098831,145706.0,145706.0,145706.0,34.617817,34.617817,34.617817,2244.0,2244.0,2244.0,35.580465000000004,35.580465000000004,35.580465000000004,146117.5,146117.5,146117.5,32.9757645,32.9757645,32.9757645,23.590504451038573
637.584361,145783.0,145783.0,145783.0,34.74260966666667,34.74260966666667,34.74260966666667,2244.0,2244.0,2244.0,26.454315,26.454315,26.454315,146034.33333333334,146034.33333333334,146034.33333333334,34.694361,34.694361,34.694361,23.73887240356083
641.221573,145860.0,145860.0,145860.0,34.86740233333334,34.86740233333334,34.86740233333334,2244.0,2244.0,2244.0,35.380276,35.380276,35.380276,145951.16666666666,145951.16666666666,145951.16666666666,36.412957500000005,36.412957500000005,36.412957500000005,23.887240356083083
641.432929,145937.0,145937.0,145937.0,34.992195,34.992195,34.992195,2244.0,2244.0,2244.0,37.646393,37.646393,37.646393,145868.0,145868.0,145868.0,38.131554,38.131554,38.131554,24.03560830860534
647.171953,146014.0,146014.0,146014.0,35.11698766666667,35.11698766666667,35.11698766666667,2244.0,2244.0,2244.0,39.91251,39.91251,39.91251,145825.5,145825.5,145825.5,37.0004075,37.0004075,37.0004075,24.183976261127594
651.111862,146091.0,146091.0,146091.0,35.24178033333334,35.24178033333334,35.24178033333334,2244.0,2244.0,2244.0,39.623383,39.623383,39.623383,145783.0,145783.0,145783.0,35.869261,35.869261,35.869261,24.33234421364985
661.43608,146168.0,146168.0,146168.0,35.366573,35.366573,35.366573,2244.0,2244.0,2244.0,39.979969399999995,39.979969399999995,39.979969399999995,145740.5,145740.5,145740.5,34.7381145,34.7381145,34.7381145,24.480712166172104
671.694542,152904.0,152904.0,152904.0,34.17623066666667,34.17623066666667,34.17623066666667,2244.0,2244.0,2244.0,40.3365558,40.3365558,40.3365558,145698.0,145698.0,145698.0,33.606968,33.606968,33.606968,24.62908011869436
681.483112,159640.0,159640.0,159640.0,32.985888333333335,32.985888333333335,32.985888333333335,2244.0,2244.0,2244.0,40.6931422,40.6931422,40.6931422,166794.0,166794.0,166794.0,31.545986,31.545986,31.545986,24.777448071216615
691.166419,166376.0,166376.0,166376.0,31.795546,31.795546,31.795546,2244.0,2244.0,2244.0,41.0497286,41.0497286,41.0497286,166789.5,166789.5,166789.5,32.3297155,32.3297155,32.3297155,24.92581602373887
706.763735,135522.0,135522.0,135522.0,30.977324696777345,30.977324696777345,30.977324696777345,2244.0,2244.0,2244.0,41.406315,41.406315,41.406315,166785.0,166785.0,166785.0,33.113445,33.113445,33.113445,25.074183976261125
712.0959477424622,104668.0,104668.0,104668.0,30.159103393554688,30.159103393554688,30.159103393554688,2340.3333333333335,2340.3333333333335,2340.3333333333335,37.807864,37.807864,37.807864,166780.5,166780.5,166780.5,33.8971745,33.8971745,33.8971745,25.222551928783382
716.109395,167265.0,167265.0,167265.0,31.388077,31.388077,31.388077,2436.6666666666665,2436.6666666666665,2436.6666666666665,34.209413,34.209413,34.209413,166776.0,166776.0,166776.0,34.680904,34.680904,34.680904,25.370919881305635
716.205373,167080.5,167080.5,167080.5,32.5043345,32.5043345,32.5043345,2533.0,2533.0,2533.0,30.610962,30.610962,30.610962,166771.5,166771.5,166771.5,35.4646335,35.4646335,35.4646335,25.519287833827892
716.343427,166896.0,166896.0,166896.0,33.620592,33.620592,33.620592,2388.5,2388.5,2388.5,36.120844000000005,36.120844000000005,36.120844000000005,166767.0,166767.0,166767.0,36.248363,36.248363,36.248363,25.667655786350146
716.377004,166711.5,166711.5,166711.5,34.7368495,34.7368495,34.7368495,2244.0,2244.0,2244.0,41.630726,41.630726,41.630726,166705.0,166705.0,166705.0,36.63723733333333,36.63723733333333,36.63723733333333,25.816023738872403
716.700088,166527.0,166527.0,166527.0,35.853107,35.853107,35.853107,2301.8,2301.8,2301.8,41.4459248,41.4459248,41.4459248,166643.0,166643.0,166643.0,37.026111666666665,37.026111666666665,37.026111666666665,25.964391691394656
717.714405,166653.66666666666,166653.66666666666,166653.66666666666,35.771938500000005,35.771938500000005,35.771938500000005,2359.6,2359.6,2359.6,41.2611236,41.2611236,41.2611236,166581.0,166581.0,166581.0,37.414986,37.414986,37.414986,26.112759643916913
722.566056,166780.33333333334,166780.33333333334,166780.33333333334,35.69077,35.69077,35.69077,2417.4,2417.4,2417.4,41.0763224,41.0763224,41.0763224,166786.0,166786.0,166786.0,34.793037,34.793037,34.793037,26.261127596439167
727.019507,166907.0,166907.0,166907.0,35.6096015,35.6096015,35.6096015,2475.2,2475.2,2475.2,40.8915212,40.8915212,40.8915212,166621.0,166621.0,166621.0,38.542553,38.542553,38.542553,26.409495548961424
727.640443,167033.66666666666,167033.66666666666,167033.66666666666,35.528433,35.528433,35.528433,2533.0,2533.0,2533.0,40.70672,40.70672,40.70672,166668.5,166668.5,166668.5,39.0672125,39.0672125,39.0672125,26.557863501483677
731.283663,167160.33333333334,167160.33333333334,167160.33333333334,35.4472645,35.4472645,35.4472645,2533.0,2533.0,2533.0,39.578545,39.578545,39.578545,166716.0,166716.0,166716.0,39.591872,39.591872,39.591872,26.706231454005934
732.135724,167287.0,167287.0,167287.0,35.366096,35.366096,35.366096,2533.0,2533.0,2533.0,37.695967499999995,37.695967499999995,37.695967499999995,166763.5,166763.5,166763.5,40.1165315,40.1165315,40.1165315,26.854599406528187
732.22997,151607.5,151607.5,151607.5,35.35560284564209,35.35560284564209,35.35560284564209,2533.0,2533.0,2533.0,35.81339,35.81339,35.81339,166811.0,166811.0,166811.0,40.641191,40.641191,40.641191,27.002967359050444
736.162897,135928.0,135928.0,135928.0,35.34510969128418,35.34510969128418,35.34510969128418,2533.0,2533.0,2533.0,34.835526,34.835526,34.835526,166858.5,166858.5,166858.5,41.165850500000005,41.165850500000005,41.165850500000005,27.151335311572698
741.349922,120248.5,120248.5,120248.5,35.33461653692627,35.33461653692627,35.33461653692627,2533.0,2533.0,2533.0,34.503215142857144,34.503215142857144,34.503215142857144,166906.0,166906.0,166906.0,41.69051,41.69051,41.69051,27.299703264094955
761.4830911159515,104569.0,104569.0,104569.0,35.32412338256836,35.32412338256836,35.32412338256836,2533.0,2533.0,2533.0,34.170904285714286,34.170904285714286,34.170904285714286,173883.66666666666,173883.66666666666,173883.66666666666,39.94852066666667,39.94852066666667,39.94852066666667,27.44807121661721
776.485011,167116.0,167116.0,167116.0,35.484585,35.484585,35.484585,2533.0,2533.0,2533.0,33.83859342857143,33.83859342857143,33.83859342857143,180861.33333333334,180861.33333333334,180861.33333333334,38.20653133333334,38.20653133333334,38.20653133333334,27.596439169139465
776.511869,173808.33333333334,173808.33333333334,173808.33333333334,35.91489,35.91489,35.91489,2533.0,2533.0,2533.0,33.50628257142857,33.50628257142857,33.50628257142857,187839.0,187839.0,187839.0,36.464542,36.464542,36.464542,27.74480712166172
776.730633,180500.66666666666,180500.66666666666,180500.66666666666,36.345195000000004,36.345195000000004,36.345195000000004,2533.0,2533.0,2533.0,33.17397171428571,33.17397171428571,33.17397171428571,166947.0,166947.0,166947.0,30.07153,30.07153,30.07153,27.893175074183976
791.204385,187193.0,187193.0,187193.0,36.7755,36.7755,36.7755,2533.0,2533.0,2533.0,32.841660857142855,32.841660857142855,32.841660857142855,170295.33333333334,170295.33333333334,170295.33333333334,31.013467666666667,31.013467666666667,31.013467666666667,28.04154302670623
801.82089,187173.0,187173.0,187173.0,35.824175,35.824175,35.824175,2533.0,2533.0,2533.0,32.50935,32.50935,32.50935,173643.66666666666,173643.66666666666,173643.66666666666,31.955405333333335,31.955405333333335,31.955405333333335,28.189910979228486
806.141877,187153.0,187153.0,187153.0,34.87285,34.87285,34.87285,2677.5,2677.5,2677.5,33.1440085,33.1440085,33.1440085,176992.0,176992.0,176992.0,32.897343,32.897343,32.897343,28.33827893175074
806.252603,187141.14285714287,187141.14285714287,187141.14285714287,35.42852042857143,35.42852042857143,35.42852042857143,2822.0,2822.0,2822.0,33.778667,33.778667,33.778667,180340.33333333334,180340.33333333334,180340.33333333334,33.83928066666667,33.83928066666667,33.83928066666667,28.486646884272993
811.420191,187129.2857142857,187129.2857142857,187129.2857142857,35.984190857142856,35.984190857142856,35.984190857142856,2533.0,2533.0,2533.0,42.133965,42.133965,42.133965,183688.66666666666,183688.66666666666,183688.66666666666,34.781218333333335,34.781218333333335,34.781218333333335,28.63501483679525
812.743141,187117.42857142858,187117.42857142858,187117.42857142858,36.53986128571429,36.53986128571429,36.53986128571429,2677.5,2677.5,2677.5,39.893246000000005,39.893246000000005,39.893246000000005,187037.0,187037.0,187037.0,35.723156,35.723156,35.723156,28.783382789317503
812.849042,187105.57142857142,187105.57142857142,187105.57142857142,37.09553171428571,37.09553171428571,37.09553171428571,2822.0,2822.0,2822.0,37.652527,37.652527,37.652527,187059.33333333334,187059.33333333334,187059.33333333334,39.03575266666667,39.03575266666667,39.03575266666667,28.93175074183976
816.327028,187093.7142857143,187093.7142857143,187093.7142857143,37.651202142857144,37.651202142857144,37.651202142857144,2822.0,2822.0,2822.0,41.013157,41.013157,41.013157,187081.66666666666,187081.66666666666,187081.66666666666,42.34834933333334,42.34834933333334,42.34834933333334,29.080118694362014
816.497767,187081.85714285713,187081.85714285713,187081.85714285713,38.206872571428576,38.206872571428576,38.206872571428576,2822.0,2822.0,2822.0,37.309368,37.309368,37.309368,187104.0,187104.0,187104.0,45.660946,45.660946,45.660946,29.22848664688427
816.733514,187070.0,187070.0,187070.0,38.762543,38.762543,38.762543,2822.0,2822.0,2822.0,33.605579,33.605579,33.605579,187092.0,187092.0,187092.0,42.77825066666667,42.77825066666667,42.77825066666667,29.376854599406524
822.290883,187171.0,187171.0,187171.0,36.3439715,36.3439715,36.3439715,2822.0,2822.0,2822.0,29.90179,29.90179,29.90179,187080.0,187080.0,187080.0,39.895555333333334,39.895555333333334,39.895555333333334,29.52522255192878
822.602188,187272.0,187272.0,187272.0,33.925399999999996,33.925399999999996,33.925399999999996,2807.5,2807.5,2807.5,34.877342,34.877342,34.877342,187068.0,187068.0,187068.0,37.01286,37.01286,37.01286,29.673590504451035
826.216538,187373.0,187373.0,187373.0,31.506828499999997,31.506828499999997,31.506828499999997,2793.0,2793.0,2793.0,39.852894,39.852894,39.852894,187155.33333333334,187155.33333333334,187155.33333333334,36.16825666666667,36.16825666666667,36.16825666666667,29.82195845697329
827.174049,187474.0,187474.0,187474.0,29.088257,29.088257,29.088257,2828.3333333333335,2828.3333333333335,2828.3333333333335,39.581733,39.581733,39.581733,187242.66666666666,187242.66666666666,187242.66666666666,35.32365333333333,35.32365333333333,35.32365333333333,29.970326409495545
832.055042,166117.33333333334,166117.33333333334,166117.33333333334,33.03403229524739,33.03403229524739,33.03403229524739,2863.6666666666665,2863.6666666666665,2863.6666666666665,39.310572,39.310572,39.310572,187330.0,187330.0,187330.0,34.47905,34.47905,34.47905,30.118694362017802
841.38443,144760.66666666666,144760.66666666666,144760.66666666666,36.979807590494794,36.979807590494794,36.979807590494794,2899.0,2899.0,2899.0,39.039411,39.039411,39.039411,187425.0,187425.0,187425.0,38.70572,38.70572,38.70572,30.267062314540055
862.6161317825317,123404.0,123404.0,123404.0,40.92558288574219,40.92558288574219,40.92558288574219,2934.3333333333335,2934.3333333333335,2934.3333333333335,38.76825,38.76825,38.76825,197914.5,197914.5,197914.5,37.903909999999996,37.903909999999996,37.903909999999996,30.415430267062312
871.538217,155246.0,155246.0,155246.0,39.1427414428711,39.1427414428711,39.1427414428711,2969.6666666666665,2969.6666666666665,2969.6666666666665,38.497088999999995,38.497088999999995,38.497088999999995,208404.0,208404.0,208404.0,37.1021,37.1021,37.1021,30.563798219584566
881.526906,187088.0,187088.0,187088.0,37.3599,37.3599,37.3599,3005.0,3005.0,3005.0,38.225927999999996,38.225927999999996,38.225927999999996,198109.5,198109.5,198109.5,35.552309,35.552309,35.552309,30.712166172106823
891.770268,197712.5,197712.5,197712.5,37.6712525,37.6712525,37.6712525,3040.3333333333335,3040.3333333333335,3040.3333333333335,37.954767,37.954767,37.954767,187815.0,187815.0,187815.0,34.002518,34.002518,34.002518,30.860534124629076
896.241469,208337.0,208337.0,208337.0,37.982605,37.982605,37.982605,3075.6666666666665,3075.6666666666665,3075.6666666666665,37.683606,37.683606,37.683606,190081.88888888888,190081.88888888888,190081.88888888888,34.633776000000005,34.633776000000005,34.633776000000005,31.008902077151333
896.300898,208062.0,208062.0,208062.0,39.9958325,39.9958325,39.9958325,3111.0,3111.0,3111.0,37.412445,37.412445,37.412445,192348.77777777778,192348.77777777778,192348.77777777778,35.265034,35.265034,35.265034,31.157270029673587
901.181103,207787.0,207787.0,207787.0,42.00906,42.00906,42.00906,3096.5,3096.5,3096.5,42.5067325,42.5067325,42.5067325,194615.66666666666,194615.66666666666,194615.66666666666,35.896292,35.896292,35.896292,31.305637982195844
901.361753,195746.57142857142,195746.57142857142,195746.57142857142,41.228945676443914,41.228945676443914,41.228945676443914,3082.0,3082.0,3082.0,47.60102,47.60102,47.60102,196882.55555555556,196882.55555555556,196882.55555555556,36.52755,36.52755,36.52755,31.454005934718097
902.896756,183706.14285714287,183706.14285714287,183706.14285714287,40.44883135288784,40.44883135288784,40.44883135288784,3082.0,3082.0,3082.0,31.285349,31.285349,31.285349,199149.44444444444,199149.44444444444,199149.44444444444,37.158808,37.158808,37.158808,31.602373887240354
906.882071,171665.7142857143,171665.7142857143,171665.7142857143,39.66871702933175,39.66871702933175,39.66871702933175,2822.0,2822.0,2822.0,40.113056,40.113056,40.113056,201416.33333333334,201416.33333333334,201416.33333333334,37.790065999999996,37.790065999999996,37.790065999999996,31.750741839762608
911.459365,159625.2857142857,159625.2857142857,159625.2857142857,38.88860270577567,38.88860270577567,38.88860270577567,2822.0,2822.0,2822.0,38.6372,38.6372,38.6372,203683.22222222222,203683.22222222222,203683.22222222222,38.421324,38.421324,38.421324,31.899109792284865
912.349576,147584.85714285716,147584.85714285716,147584.85714285716,38.10848838221958,38.10848838221958,38.10848838221958,3111.0,3111.0,3111.0,30.652584,30.652584,30.652584,205950.11111111112,205950.11111111112,205950.11111111112,39.052582,39.052582,39.052582,32.04747774480712
917.78395,135544.42857142858,135544.42857142858,135544.42857142858,37.328374058663506,37.328374058663506,37.328374058663506,3101.3333333333335,3101.3333333333335,3101.3333333333335,29.346688,29.346688,29.346688,208217.0,208217.0,208217.0,39.68384,39.68384,39.68384,32.195845697329375
920.5786690711976,123504.0,123504.0,123504.0,36.54825973510742,36.54825973510742,36.54825973510742,3091.6666666666665,3091.6666666666665,3091.6666666666665,28.040792,28.040792,28.040792,208343.33333333334,208343.33333333334,208343.33333333334,38.75916333333333,38.75916333333333,38.75916333333333,32.34421364985163
921.379108,151791.66666666666,151791.66666666666,151791.66666666666,40.09009815673828,40.09009815673828,40.09009815673828,3082.0,3082.0,3082.0,26.734896,26.734896,26.734896,208469.66666666666,208469.66666666666,208469.66666666666,37.83448666666666,37.83448666666666,37.83448666666666,32.49258160237388
921.53322,180079.33333333334,180079.33333333334,180079.33333333334,43.63193657836914,43.63193657836914,43.63193657836914,3121.75,3121.75,3121.75,28.08263275,28.08263275,28.08263275,208596.0,208596.0,208596.0,36.90981,36.90981,36.90981,32.64094955489614
921.76543,208367.0,208367.0,208367.0,47.173775,47.173775,47.173775,3161.5,3161.5,3161.5,29.430369499999998,29.430369499999998,29.430369499999998,208227.5,208227.5,208227.5,38.286405,38.286405,38.286405,32.789317507418396
922.861714,208191.5,208191.5,208191.5,41.566301499999994,41.566301499999994,41.566301499999994,3201.25,3201.25,3201.25,30.77810625,30.77810625,30.77810625,207859.0,207859.0,207859.0,39.663,39.663,39.663,32.93768545994065
927.215407,208016.0,208016.0,208016.0,35.958828,35.958828,35.958828,3241.0,3241.0,3241.0,32.125843,32.125843,32.125843,207899.0,207899.0,207899.0,38.608301999999995,38.608301999999995,38.608301999999995,33.0860534124629
942.084883,207994.0,207994.0,207994.0,34.9920654,34.9920654,34.9920654,3280.75,3280.75,3280.75,33.47357975,33.47357975,33.47357975,207939.0,207939.0,207939.0,37.553604,37.553604,37.553604,33.23442136498516
946.42746,207972.0,207972.0,207972.0,34.0253028,34.0253028,34.0253028,3320.5,3320.5,3320.5,34.8213165,34.8213165,34.8213165,208646.0,208646.0,208646.0,33.06174,33.06174,33.06174,33.38278931750742
978.559975,207950.0,207950.0,207950.0,33.058540199999996,33.058540199999996,33.058540199999996,3360.25,3360.25,3360.25,36.169053250000005,36.169053250000005,36.169053250000005,224809.0,224809.0,224809.0,37.831093,37.831093,37.831093,33.531157270029674
986.361303,207928.0,207928.0,207928.0,32.0917776,32.0917776,32.0917776,3400.0,3400.0,3400.0,37.51679,37.51679,37.51679,222958.11111111112,222958.11111111112,222958.11111111112,37.457451,37.457451,37.457451,33.67952522255192
986.742748,207906.0,207906.0,207906.0,31.125015,31.125015,31.125015,3385.5,3385.5,3385.5,37.4999415,37.4999415,37.4999415,221107.22222222222,221107.22222222222,221107.22222222222,37.083809,37.083809,37.083809,33.82789317507418
991.440598,215104.33333333334,215104.33333333334,215104.33333333334,31.28615866666667,31.28615866666667,31.28615866666667,3371.0,3371.0,3371.0,37.483093,37.483093,37.483093,219256.33333333334,219256.33333333334,219256.33333333334,36.710167,36.710167,36.710167,33.97626112759644
992.954452,222302.66666666666,222302.66666666666,222302.66666666666,31.447302333333333,31.447302333333333,31.447302333333333,3371.0,3371.0,3371.0,34.91566,34.91566,34.91566,217405.44444444444,217405.44444444444,217405.44444444444,36.336525,36.336525,36.336525,34.124629080118694
996.269977,229501.0,229501.0,229501.0,31.608446,31.608446,31.608446,3380.6666666666665,3380.6666666666665,3380.6666666666665,35.760376666666666,35.760376666666666,35.760376666666666,215554.55555555556,215554.55555555556,215554.55555555556,35.962883,35.962883,35.962883,34.272997032640944
1001.543456,229520.0,229520.0,229520.0,39.53289,39.53289,39.53289,3390.3333333333335,3390.3333333333335,3390.3333333333335,36.605093333333336,36.605093333333336,36.605093333333336,213703.66666666666,213703.66666666666,213703.66666666666,35.589241,35.589241,35.589241,34.4213649851632
1002.404294,215363.5,215363.5,215363.5,39.27441125284831,39.27441125284831,39.27441125284831,3400.0,3400.0,3400.0,37.44981,37.44981,37.44981,211852.77777777778,211852.77777777778,211852.77777777778,35.215599,35.215599,35.215599,34.56973293768546
1006.517925,201207.0,201207.0,201207.0,39.01593250569661,39.01593250569661,39.01593250569661,3111.0,3111.0,3111.0,44.4188,44.4188,44.4188,210001.88888888888,210001.88888888888,210001.88888888888,34.841957,34.841957,34.841957,34.718100890207715
1006.807667,187050.5,187050.5,187050.5,38.75745375854492,38.75745375854492,38.75745375854492,3111.0,3111.0,3111.0,36.575469999999996,36.575469999999996,36.575469999999996,208151.0,208151.0,208151.0,34.468315,34.468315,34.468315,34.866468842729965
1006.946417,172894.0,172894.0,172894.0,38.49897501139323,38.49897501139323,38.49897501139323,3111.0,3111.0,3111.0,28.73214,28.73214,28.73214,218387.5,218387.5,218387.5,37.9218225,37.9218225,37.9218225,35.01483679525222
1012.813739,158737.5,158737.5,158737.5,38.24049626424153,38.24049626424153,38.24049626424153,3197.6666666666665,3197.6666666666665,3197.6666666666665,30.545163333333335,30.545163333333335,30.545163333333335,228624.0,228624.0,228624.0,41.37533,41.37533,41.37533,35.16320474777448
1015.2621018886566,144581.0,144581.0,144581.0,37.98201751708984,37.98201751708984,37.98201751708984,3284.3333333333335,3284.3333333333335,3284.3333333333335,32.35818666666667,32.35818666666667,32.35818666666667,228692.33333333334,228692.33333333334,228692.33333333334,41.494391,41.494391,41.494391,35.311572700296736
1016.464916,172840.33333333334,172840.33333333334,172840.33333333334,40.49580167805989,40.49580167805989,40.49580167805989,3371.0,3371.0,3371.0,34.17121,34.17121,34.17121,228760.66666666666,228760.66666666666,228760.66666666666,41.613451999999995,41.613451999999995,41.613451999999995,35.459940652818986
1016.565389,201099.66666666666,201099.66666666666,201099.66666666666,43.009585839029945,43.009585839029945,43.009585839029945,3407.125,3407.125,3407.125,35.390662,35.390662,35.390662,228829.0,228829.0,228829.0,41.732513,41.732513,41.732513,35.60830860534124
1021.809041,229359.0,229359.0,229359.0,45.52337,45.52337,45.52337,3443.25,3443.25,3443.25,36.610114,36.610114,36.610114,229063.5,229063.5,229063.5,38.8926765,38.8926765,38.8926765,35.7566765578635
1022.891093,229427.5,229427.5,229427.5,39.6016525,39.6016525,39.6016525,3479.375,3479.375,3479.375,37.829566,37.829566,37.829566,229298.0,229298.0,229298.0,36.05284,36.05284,36.05284,35.90504451038576
1032.252737,229496.0,229496.0,229496.0,33.679935,33.679935,33.679935,3515.5,3515.5,3515.5,39.049018000000004,39.049018000000004,39.049018000000004,229099.0,229099.0,229099.0,36.085282500000005,36.085282500000005,36.085282500000005,36.05341246290801
1046.469764,215399.5,215399.5,215399.5,33.3360798538208,33.3360798538208,33.3360798538208,3551.625,3551.625,3551.625,40.26847,40.26847,40.26847,228900.0,228900.0,228900.0,36.117725,36.117725,36.117725,36.201780415430264
1047.121851,201303.0,201303.0,201303.0,32.992224707641604,32.992224707641604,32.992224707641604,3587.75,3587.75,3587.75,41.487922,41.487922,41.487922,228746.0,228746.0,228746.0,35.277714,35.277714,35.277714,36.35014836795252
1068.592416,187206.5,187206.5,187206.5,32.6483695614624,32.6483695614624,32.6483695614624,3623.875,3623.875,3623.875,42.707374,42.707374,42.707374,250181.0,250181.0,250181.0,35.296803,35.296803,35.296803,36.49851632047478
1076.486678,173110.0,173110.0,173110.0,32.3045144152832,32.3045144152832,32.3045144152832,3660.0,3660.0,3660.0,43.926826,43.926826,43.926826,250111.25,250111.25,250111.25,36.49784833333333,36.49784833333333,36.49784833333333,36.64688427299703
1081.413191,159013.5,159013.5,159013.5,31.960659269104003,31.960659269104003,31.960659269104003,3660.0,3660.0,3660.0,36.16186,36.16186,36.16186,250041.5,250041.5,250041.5,37.69889366666666,37.69889366666666,37.69889366666666,36.795252225519285
1082.5726461410522,144917.0,144917.0,144917.0,31.616804122924805,31.616804122924805,31.616804122924805,3660.0,3660.0,3660.0,34.883401,34.883401,34.883401,249971.75,249971.75,249971.75,38.899938999999996,38.899938999999996,38.899938999999996,36.94362017804154
1083.011049,197209.5,197209.5,197209.5,33.2266720614624,33.2266720614624,33.2266720614624,3660.0,3660.0,3660.0,33.604942,33.604942,33.604942,249902.0,249902.0,249902.0,40.10098433333333,40.10098433333333,40.10098433333333,37.0919881305638
1091.301381,249502.0,249502.0,249502.0,34.83654,34.83654,34.83654,3660.0,3660.0,3660.0,34.9528965,34.9528965,34.9528965,249832.25,249832.25,249832.25,41.30202966666667,41.30202966666667,41.30202966666667,37.24035608308605
1091.58291,249698.0,249698.0,249698.0,30.646646,30.646646,30.646646,3660.0,3660.0,3660.0,36.300851,36.300851,36.300851,249762.5,249762.5,249762.5,42.503074999999995,42.503074999999995,42.503074999999995,37.388724035608305
1091.781307,229533.0,229533.0,229533.0,39.31984,39.31984,39.31984,3660.0,3660.0,3660.0,37.6488055,37.6488055,37.6488055,249692.75,249692.75,249692.75,43.704120333333336,43.704120333333336,43.704120333333336,37.53709198813056
1092.460353,232072.25,232072.25,232072.25,41.506295,41.506295,41.506295,3660.0,3660.0,3660.0,38.99676,38.99676,38.99676,249623.0,249623.0,249623.0,44.90516566666667,44.90516566666667,44.90516566666667,37.68545994065282
1101.57879,234611.5,234611.5,234611.5,43.692750000000004,43.692750000000004,43.692750000000004,3371.0,3371.0,3371.0,35.769917,35.769917,35.769917,249553.25,249553.25,249553.25,46.106211,46.106211,46.106211,37.83382789317507
1107.004053,237150.75,237150.75,237150.75,45.879205,45.879205,45.879205,3400.0,3400.0,3400.0,35.966537,35.966537,35.966537,249483.5,249483.5,249483.5,47.307256333333335,47.307256333333335,47.307256333333335,37.982195845697326
1111.518417,239690.0,239690.0,239690.0,48.06566,48.06566,48.06566,3660.0,3660.0,3660.0,41.295452,41.295452,41.295452,249413.75,249413.75,249413.75,48.50830166666667,48.50830166666667,48.50830166666667,38.13056379821958
1112.849476,242229.25,242229.25,242229.25,50.252115,50.252115,50.252115,3688.9,3688.9,3688.9,40.959857799999995,40.959857799999995,40.959857799999995,249344.0,249344.0,249344.0,49.709347,49.709347,49.709347,38.27893175074183
1116.602634,244768.5,244768.5,244768.5,52.43857,52.43857,52.43857,3717.8,3717.8,3717.8,40.6242636,40.6242636,40.6242636,249692.0,249692.0,249692.0,38.986324,38.986324,38.986324,38.42729970326409
1116.841242,247307.75,247307.75,247307.75,54.625025,54.625025,54.625025,3746.7,3746.7,3746.7,40.288669399999996,40.288669399999996,40.288669399999996,228834.0,228834.0,228834.0,44.11338,44.11338,44.11338,38.57566765578635
1121.847922,249847.0,249847.0,249847.0,56.81148,56.81148,56.81148,3775.6,3775.6,3775.6,39.9530752,39.9530752,39.9530752,239308.0,239308.0,239308.0,45.784853,45.784853,45.784853,38.724035608308604
1122.926357,249796.5,249796.5,249796.5,44.53202,44.53202,44.53202,3804.5,3804.5,3804.5,39.617481,39.617481,39.617481,249782.0,249782.0,249782.0,47.456326,47.456326,47.456326,38.872403560830854
1132.289388,249746.0,249746.0,249746.0,32.25256,32.25256,32.25256,3833.4,3833.4,3833.4,39.281886799999995,39.281886799999995,39.281886799999995,249893.5,249893.5,249893.5,42.251307999999995,42.251307999999995,42.251307999999995,39.02077151335311
1146.514285,232983.6,232983.6,232983.6,33.475493892333986,33.475493892333986,33.475493892333986,3862.3,3862.3,3862.3,38.9462926,38.9462926,38.9462926,250005.0,250005.0,250005.0,37.04629,37.04629,37.04629,39.16913946587537
1157.188193,216221.2,216221.2,216221.2,34.69842778466797,34.69842778466797,34.69842778466797,3891.2,3891.2,3891.2,38.6106984,38.6106984,38.6106984,249706.0,249706.0,249706.0,37.320835,37.320835,37.320835,39.317507418397625
1163.623204,199458.8,199458.8,199458.8,35.921361677001954,35.921361677001954,35.921361677001954,3920.1,3920.1,3920.1,38.2751042,38.2751042,38.2751042,270746.0,270746.0,270746.0,31.557184,31.557184,31.557184,39.465875370919875
1166.535298,182696.4,182696.4,182696.4,37.14429556933594,37.14429556933594,37.14429556933594,3949.0,3949.0,3949.0,37.93951,37.93951,37.93951,270704.1666666667,270704.1666666667,270704.1666666667,31.76329008333333,31.76329008333333,31.76329008333333,39.61424332344213
1170.262964963913,165934.0,165934.0,165934.0,38.36722946166992,38.36722946166992,38.36722946166992,3949.0,3949.0,3949.0,38.490703499999995,38.490703499999995,38.490703499999995,270662.3333333333,270662.3333333333,270662.3333333333,31.969396166666666,31.969396166666666,31.969396166666666,39.76261127596439
1176.494131,200827.66666666666,200827.66666666666,200827.66666666666,38.78426630777995,38.78426630777995,38.78426630777995,3949.0,3949.0,3949.0,39.041897,39.041897,39.041897,270620.5,270620.5,270620.5,32.17550225,32.17550225,32.17550225,39.910979228486646
1178.107971,235721.3333333333,235721.3333333333,235721.3333333333,39.201303153889974,39.201303153889974,39.201303153889974,3949.0,3949.0,3949.0,42.14323,42.14323,42.14323,270578.6666666667,270578.6666666667,270578.6666666667,32.38160833333333,32.38160833333333,32.38160833333333,40.059347181008896
1186.615509,270615.0,270615.0,270615.0,39.61834,39.61834,39.61834,3949.0,3949.0,3949.0,37.651643500000006,37.651643500000006,37.651643500000006,270536.8333333333,270536.8333333333,270536.8333333333,32.587714416666664,32.587714416666664,32.587714416666664,40.20771513353115
1187.522195,260402.5,260402.5,260402.5,37.7745,37.7745,37.7745,3949.0,3949.0,3949.0,33.160057,33.160057,33.160057,270495.0,270495.0,270495.0,32.793820499999995,32.793820499999995,32.793820499999995,40.35608308605341
1191.816076,250190.0,250190.0,250190.0,35.93066,35.93066,35.93066,3852.6666666666665,3852.6666666666665,3852.6666666666665,36.70161466666667,36.70161466666667,36.70161466666667,270453.1666666667,270453.1666666667,270453.1666666667,32.999926583333334,32.999926583333334,32.999926583333334,40.50445103857567
1196.336939,270731.0,270731.0,270731.0,37.27502,37.27502,37.27502,3756.3333333333335,3756.3333333333335,3756.3333333333335,40.243172333333334,40.243172333333334,40.243172333333334,270411.3333333333,270411.3333333333,270411.3333333333,33.206032666666665,33.206032666666665,33.206032666666665,40.65281899109792
1201.625754,270770.5,270770.5,270770.5,38.36333416666666,38.36333416666666,38.36333416666666,3660.0,3660.0,3660.0,43.78473,43.78473,43.78473,270369.5,270369.5,270369.5,33.41213875,33.41213875,33.41213875,40.80118694362017
1207.066807,270810.0,270810.0,270810.0,39.45164833333333,39.45164833333333,39.45164833333333,3689.0,3689.0,3689.0,33.98265,33.98265,33.98265,270327.6666666667,270327.6666666667,270327.6666666667,33.618244833333335,33.618244833333335,33.618244833333335,40.94955489614243
1211.588311,270849.5,270849.5,270849.5,40.5399625,40.5399625,40.5399625,3949.0,3949.0,3949.0,32.62928,32.62928,32.62928,270285.8333333333,270285.8333333333,270285.8333333333,33.82435091666667,33.82435091666667,33.82435091666667,41.09792284866469
1216.65226,270889.0,270889.0,270889.0,41.628276666666665,41.628276666666665,41.628276666666665,3977.8888888888887,3977.8888888888887,3977.8888888888887,34.436197444444446,34.436197444444446,34.436197444444446,270244.0,270244.0,270244.0,34.030457,34.030457,34.030457,41.24629080118694
1217.884567,270928.5,270928.5,270928.5,42.71659083333333,42.71659083333333,42.71659083333333,4006.777777777778,4006.777777777778,4006.777777777778,36.24311488888889,36.24311488888889,36.24311488888889,270649.0,270649.0,270649.0,46.118687,46.118687,46.118687,41.394658753709194
1226.877852,270968.0,270968.0,270968.0,43.804905,43.804905,43.804905,4035.6666666666665,4035.6666666666665,4035.6666666666665,38.050032333333334,38.050032333333334,38.050032333333334,260294.0,260294.0,260294.0,41.4112415,41.4112415,41.4112415,41.54302670623145
1231.873801,270561.5,270561.5,270561.5,43.6510575,43.6510575,43.6510575,4064.5555555555557,4064.5555555555557,4064.5555555555557,39.85694977777778,39.85694977777778,39.85694977777778,249939.0,249939.0,249939.0,36.703796,36.703796,36.703796,41.69139465875371
1232.329729,270155.0,270155.0,270155.0,43.49721,43.49721,43.49721,4093.4444444444443,4093.4444444444443,4093.4444444444443,41.66386722222222,41.66386722222222,41.66386722222222,260442.0,260442.0,260442.0,35.8176705,35.8176705,35.8176705,41.83976261127596
1232.963901,235447.33333333334,235447.33333333334,235447.33333333334,38.62581791748047,38.62581791748047,38.62581791748047,4122.333333333333,4122.333333333333,4122.333333333333,43.47078466666667,43.47078466666667,43.47078466666667,270945.0,270945.0,270945.0,34.931545,34.931545,34.931545,41.988130563798215
1246.549586,200739.6666666667,200739.6666666667,200739.6666666667,33.75442583496094,33.75442583496094,33.75442583496094,4151.222222222223,4151.222222222223,4151.222222222223,45.27770211111111,45.27770211111111,45.27770211111111,270457.0,270457.0,270457.0,42.178192,42.178192,42.178192,42.13649851632047
1247.471773147583,166032.0,166032.0,166032.0,28.883033752441406,28.883033752441406,28.883033752441406,4180.111111111111,4180.111111111111,4180.111111111111,47.084619555555555,47.084619555555555,47.084619555555555,277586.6666666667,277586.6666666667,277586.6666666667,45.24800466666667,45.24800466666667,45.24800466666667,42.28486646884273
1256.583279,186893.66666666666,186893.66666666666,186893.66666666666,31.10724696036784,31.10724696036784,31.10724696036784,4209.0,4209.0,4209.0,48.891537,48.891537,48.891537,284716.3333333333,284716.3333333333,284716.3333333333,48.31781733333334,48.31781733333334,48.31781733333334,42.43323442136498
1263.659056,207755.33333333334,207755.33333333334,207755.33333333334,33.33146016829427,33.33146016829427,33.33146016829427,4218.666666666667,4218.666666666667,4218.666666666667,42.90925166666666,42.90925166666666,42.90925166666666,291846.0,291846.0,291846.0,51.38763,51.38763,51.38763,42.581602373887236
1267.220097,228617.0,228617.0,228617.0,35.5556733762207,35.5556733762207,35.5556733762207,4228.333333333333,4228.333333333333,4228.333333333333,36.92696633333333,36.92696633333333,36.92696633333333,270107.0,270107.0,270107.0,30.18048,30.18048,30.18048,42.72997032640949
1271.548919,249478.6666666667,249478.6666666667,249478.6666666667,37.779886584147135,37.779886584147135,37.779886584147135,4238.0,4238.0,4238.0,30.944681,30.944681,30.944681,272198.0,272198.0,272198.0,32.1930236,32.1930236,32.1930236,42.87833827893175
1278.165625,270340.3333333334,270340.3333333334,270340.3333333334,40.00409979207357,40.00409979207357,40.00409979207357,4238.0,4238.0,4238.0,40.40774,40.40774,40.40774,274289.0,274289.0,274289.0,34.2055672,34.2055672,34.2055672,43.026706231454
1281.648256,291202.0,291202.0,291202.0,42.228313,42.228313,42.228313,4238.0,4238.0,4238.0,36.724393,36.724393,36.724393,276380.0,276380.0,276380.0,36.2181108,36.2181108,36.2181108,43.17507418397626
1282.587764,284449.0,284449.0,284449.0,41.52963366666667,41.52963366666667,41.52963366666667,4238.0,4238.0,4238.0,33.041046,33.041046,33.041046,278471.0,278471.0,278471.0,38.2306544,38.2306544,38.2306544,43.323442136498514
1296.680669,277696.0,277696.0,277696.0,40.83095433333333,40.83095433333333,40.83095433333333,3949.0,3949.0,3949.0,47.508545,47.508545,47.508545,280562.0,280562.0,280562.0,40.243198,40.243198,40.243198,43.47181008902077
1296.855168,270943.0,270943.0,270943.0,40.132275,40.132275,40.132275,4035.6666666666665,4035.6666666666665,4035.6666666666665,42.228404999999995,42.228404999999995,42.228404999999995,282653.0,282653.0,282653.0,42.2557416,42.2557416,42.2557416,43.62017804154302
1301.368421,291890.0,291890.0,291890.0,40.65326,40.65326,40.65326,4122.333333333333,4122.333333333333,4122.333333333333,36.948265,36.948265,36.948265,284744.0,284744.0,284744.0,44.2682852,44.2682852,44.2682852,43.76854599406528
1306.63782,270823.2,270823.2,270823.2,40.33958569165039,40.33958569165039,40.33958569165039,4209.0,4209.0,4209.0,31.668125,31.668125,31.668125,286835.0,286835.0,286835.0,46.2808288,46.2808288,46.2808288,43.916913946587535
1307.126131,249756.4,249756.4,249756.4,40.02591138330078,40.02591138330078,40.02591138330078,3949.0,3949.0,3949.0,35.543987,35.543987,35.543987,288926.0,288926.0,288926.0,48.2933724,48.2933724,48.2933724,44.06528189910979
1321.685359,228689.6,228689.6,228689.6,39.712237074951176,39.712237074951176,39.712237074951176,4010.0,4010.0,4010.0,35.597447333333335,35.597447333333335,35.597447333333335,291017.0,291017.0,291017.0,50.305916,50.305916,50.305916,44.21364985163204
1322.917928,207622.8,207622.8,207622.8,39.398562766601565,39.398562766601565,39.398562766601565,4071.0,4071.0,4071.0,35.65090766666667,35.65090766666667,35.65090766666667,291383.0,291383.0,291383.0,42.43517,42.43517,42.43517,44.3620178041543
1328.041321992874,186556.0,186556.0,186556.0,39.08488845825195,39.08488845825195,39.08488845825195,4132.0,4132.0,4132.0,35.704368,35.704368,35.704368,291451.5,291451.5,291451.5,40.98120175,40.98120175,40.98120175,44.510385756676556
1331.909249,291660.0,291660.0,291660.0,42.515522,42.515522,42.515522,4193.0,4193.0,4193.0,35.757828333333336,35.757828333333336,35.757828333333336,291520.0,291520.0,291520.0,39.5272335,39.5272335,39.5272335,44.65875370919881
1337.37021,291654.0,291654.0,291654.0,47.403122,47.403122,47.403122,4254.0,4254.0,4254.0,35.81128866666666,35.81128866666666,35.81128866666666,291588.5,291588.5,291588.5,38.073265250000006,38.073265250000006,38.073265250000006,44.80712166172106
1342.999085,294236.5,294236.5,294236.5,46.5952855,46.5952855,46.5952855,4315.0,4315.0,4315.0,35.864748999999996,35.864748999999996,35.864748999999996,291657.0,291657.0,291657.0,36.619297,36.619297,36.619297,44.95548961424332
1346.910307,296819.0,296819.0,296819.0,45.787449,45.787449,45.787449,4376.0,4376.0,4376.0,35.91820933333333,35.91820933333333,35.91820933333333,270846.0,270846.0,270846.0,34.925716,34.925716,34.925716,45.103857566765576
1351.584506,299401.5,299401.5,299401.5,44.9796125,44.9796125,44.9796125,4437.0,4437.0,4437.0,35.97166966666666,35.97166966666666,35.97166966666666,291578.0,291578.0,291578.0,45.837013,45.837013,45.837013,45.25222551928783
1351.637985,301984.0,301984.0,301984.0,44.171776,44.171776,44.171776,4498.0,4498.0,4498.0,36.02513,36.02513,36.02513,301821.5,301821.5,301821.5,43.8731065,43.8731065,43.8731065,45.40059347181008
1358.694833,304566.5,304566.5,304566.5,43.3639395,43.3639395,43.3639395,4512.5,4512.5,4512.5,37.326764999999995,37.326764999999995,37.326764999999995,312065.0,312065.0,312065.0,41.9092,41.9092,41.9092,45.54896142433234
1371.605175,307149.0,307149.0,307149.0,42.556103,42.556103,42.556103,4527.0,4527.0,4527.0,38.6284,38.6284,38.6284,306836.5,306836.5,306836.5,41.276242499999995,41.276242499999995,41.276242499999995,45.6973293768546
1373.219916,309731.5,309731.5,309731.5,41.7482665,41.7482665,41.7482665,4527.0,4527.0,4527.0,34.093967,34.093967,34.093967,301608.0,301608.0,301608.0,40.643285,40.643285,40.643285,45.845697329376854
1381.686821,312314.0,312314.0,312314.0,40.94043,40.94043,40.94043,4527.0,4527.0,4527.0,36.20417633333333,36.20417633333333,36.20417633333333,296379.5,296379.5,296379.5,40.0103275,40.0103275,40.0103275,45.994065281899104
1382.258957,312391.5,312391.5,312391.5,41.58368,41.58368,41.58368,4527.0,4527.0,4527.0,38.31438566666667,38.31438566666667,38.31438566666667,291151.0,291151.0,291151.0,39.37737,39.37737,39.37737,46.14243323442136
1382.659893,312469.0,312469.0,312469.0,42.226929999999996,42.226929999999996,42.226929999999996,4527.0,4527.0,4527.0,40.424595,40.424595,40.424595,293738.625,293738.625,293738.625,40.002673125,40.002673125,40.002673125,46.29080118694362
1391.741357,312546.5,312546.5,312546.5,42.87018,42.87018,42.87018,4238.0,4238.0,4238.0,43.88407,43.88407,43.88407,296326.25,296326.25,296326.25,40.62797625,40.62797625,40.62797625,46.439169139465875
1406.40651,312624.0,312624.0,312624.0,43.51343,43.51343,43.51343,4368.0,4368.0,4368.0,38.627695,38.627695,38.627695,298913.875,298913.875,298913.875,41.253279375,41.253279375,41.253279375,46.587537091988125
1406.781231,301999.5,301999.5,301999.5,35.420934,35.420934,35.420934,4498.0,4498.0,4498.0,33.37132,33.37132,33.37132,301501.5,301501.5,301501.5,41.8785825,41.8785825,41.8785825,46.73590504451038
1406.895582,291375.0,291375.0,291375.0,27.328438,27.328438,27.328438,4368.0,4368.0,4368.0,33.7989735,33.7989735,33.7989735,304089.125,304089.125,304089.125,42.503885625,42.503885625,42.503885625,46.88427299703264
1412.92484,238932.0,238932.0,238932.0,30.10911188330078,30.10911188330078,30.10911188330078,4238.0,4238.0,4238.0,34.226627,34.226627,34.226627,306676.75,306676.75,306676.75,43.12918875,43.12918875,43.12918875,47.032640949554896
1415.6406922340393,186489.0,186489.0,186489.0,32.88978576660156,32.88978576660156,32.88978576660156,4329.5,4329.5,4329.5,35.34232866666667,35.34232866666667,35.34232866666667,309264.375,309264.375,309264.375,43.754491875,43.754491875,43.754491875,47.181008902077146
1427.949198,228316.0,228316.0,228316.0,32.73970151106771,32.73970151106771,32.73970151106771,4421.0,4421.0,4421.0,36.45803033333333,36.45803033333333,36.45803033333333,311852.0,311852.0,311852.0,44.379795,44.379795,44.379795,47.3293768545994
1431.725085,270143.0,270143.0,270143.0,32.58961725553385,32.58961725553385,32.58961725553385,4512.5,4512.5,4512.5,37.573732,37.573732,37.573732,312535.0,312535.0,312535.0,41.68714,41.68714,41.68714,47.47774480712166
1436.934725,311970.0,311970.0,311970.0,32.439533,32.439533,32.439533,4604.0,4604.0,4604.0,38.689433666666666,38.689433666666666,38.689433666666666,312351.5,312351.5,312351.5,41.0689735,41.0689735,41.0689735,47.62611275964391
1442.414402,312679.0,312679.0,312679.0,43.274006,43.274006,43.274006,4695.5,4695.5,4695.5,39.80513533333333,39.80513533333333,39.80513533333333,312168.0,312168.0,312168.0,40.450807,40.450807,40.450807,47.77448071216617
1446.769736,315217.875,315217.875,315217.875,43.12762175,43.12762175,43.12762175,4787.0,4787.0,4787.0,40.920837,40.920837,40.920837,311984.5,311984.5,311984.5,39.832640500000004,39.832640500000004,39.832640500000004,47.92284866468842
1451.621722,317756.75,317756.75,317756.75,42.9812375,42.9812375,42.9812375,4792.8,4792.8,4792.8,38.954411,38.954411,38.954411,311801.0,311801.0,311801.0,39.214474,39.214474,39.214474,48.07121661721068
1453.040887,320295.625,320295.625,320295.625,42.83485325,42.83485325,42.83485325,4798.6,4798.6,4798.6,36.987985,36.987985,36.987985,311917.0,311917.0,311917.0,38.475845,38.475845,38.475845,48.21958456973293
1458.725922,322834.5,322834.5,322834.5,42.688469,42.688469,42.688469,4804.4,4804.4,4804.4,35.021558999999996,35.021558999999996,35.021558999999996,332681.0,332681.0,332681.0,40.117256,40.117256,40.117256,48.36795252225519
1461.944405,325373.375,325373.375,325373.375,42.54208475,42.54208475,42.54208475,4810.2,4810.2,4810.2,33.055133,33.055133,33.055133,291655.0,291655.0,291655.0,38.71022,38.71022,38.71022,48.516320474777444
1471.666643,327912.25,327912.25,327912.25,42.395700500000004,42.395700500000004,42.395700500000004,4816.0,4816.0,4816.0,31.088707,31.088707,31.088707,294533.14285714284,294533.14285714284,294533.14285714284,39.17248885714286,39.17248885714286,39.17248885714286,48.6646884272997
1478.283971,330451.125,330451.125,330451.125,42.24931625,42.24931625,42.24931625,4787.0,4787.0,4787.0,39.476536,39.476536,39.476536,297411.28571428574,297411.28571428574,297411.28571428574,39.63475771428571,39.63475771428571,39.63475771428571,48.81305637982195
1481.726607,332990.0,332990.0,332990.0,42.102932,42.102932,42.102932,4801.5,4801.5,4801.5,41.62307,41.62307,41.62307,300289.4285714286,300289.4285714286,300289.4285714286,40.09702657142857,40.09702657142857,40.09702657142857,48.96142433234421
1482.723232,270055.0,270055.0,270055.0,40.588073742309575,40.588073742309575,40.588073742309575,4816.0,4816.0,4816.0,43.769604,43.769604,43.769604,303167.5714285714,303167.5714285714,303167.5714285714,40.55929542857143,40.55929542857143,40.55929542857143,49.109792284866465
1488.0431439876556,207120.0,207120.0,207120.0,39.07321548461914,39.07321548461914,39.07321548461914,4671.5,4671.5,4671.5,42.764154500000004,42.764154500000004,42.764154500000004,306045.71428571426,306045.71428571426,306045.71428571426,41.02156428571429,41.02156428571429,41.02156428571429,49.25816023738872
1493.587401,238545.0,238545.0,238545.0,38.44607836346435,38.44607836346435,38.44607836346435,4527.0,4527.0,4527.0,41.758705,41.758705,41.758705,308923.85714285716,308923.85714285716,308923.85714285716,41.483833142857144,41.483833142857144,41.483833142857144,49.40652818991097
1497.293557,269970.0,269970.0,269970.0,37.81894124230957,37.81894124230957,37.81894124230957,4657.0,4657.0,4657.0,42.3690425,42.3690425,42.3690425,311802.0,311802.0,311802.0,41.946102,41.946102,41.946102,49.55489614243323
1506.851125,301395.0,301395.0,301395.0,37.19180412115479,37.19180412115479,37.19180412115479,4787.0,4787.0,4787.0,42.97938,42.97938,42.97938,316016.0,316016.0,316016.0,42.161589,42.161589,42.161589,49.703264094955486
1511.440455,332820.0,332820.0,332820.0,36.564667,36.564667,36.564667,4700.333333333333,4700.333333333333,4700.333333333333,42.17792,42.17792,42.17792,320230.0,320230.0,320230.0,42.377076,42.377076,42.377076,49.85163204747774
1516.937331,312109.0,312109.0,312109.0,38.38583,38.38583,38.38583,4613.666666666667,4613.666666666667,4613.666666666667,41.37646,41.37646,41.37646,324444.0,324444.0,324444.0,42.592563,42.592563,42.592563,49.99999999999999
1517.987352,316270.0,316270.0,316270.0,41.173792999999996,41.173792999999996,41.173792999999996,4527.0,4527.0,4527.0,40.575,40.575,40.575,328658.0,328658.0,328658.0,42.80805,42.80805,42.80805,50.14836795252225
1536.761137,320431.0,320431.0,320431.0,43.961756,43.961756,43.961756,4710.0,4710.0,4710.0,44.592310000000005,44.592310000000005,44.592310000000005,332872.0,332872.0,332872.0,43.023537,43.023537,43.023537,50.29673590504451
1537.982154,324592.0,324592.0,324592.0,46.749719,46.749719,46.749719,4893.0,4893.0,4893.0,48.60962,48.60962,48.60962,332789.0,332789.0,332789.0,45.314407,45.314407,45.314407,50.445103857566764
1546.829638,328753.0,328753.0,328753.0,49.537682000000004,49.537682000000004,49.537682000000004,5076.0,5076.0,5076.0,52.62693,52.62693,52.62693,332813.75,332813.75,332813.75,44.567490250000006,44.567490250000006,44.567490250000006,50.593471810089014
1546.970608,332914.0,332914.0,332914.0,52.325645,52.325645,52.325645,5080.833333333333,5080.833333333333,5080.833333333333,51.605585000000005,51.605585000000005,51.605585000000005,332838.5,332838.5,332838.5,43.8205735,43.8205735,43.8205735,50.74183976261127
1547.451687,333128.0,333128.0,333128.0,43.517303,43.517303,43.517303,5085.666666666667,5085.666666666667,5085.666666666667,50.58424,50.58424,50.58424,332863.25,332863.25,332863.25,43.07365675,43.07365675,43.07365675,50.89020771513353
1556.657307,317363.875,317363.875,317363.875,43.125899383270266,43.125899383270266,43.125899383270266,5090.5,5090.5,5090.5,49.562895,49.562895,49.562895,332888.0,332888.0,332888.0,42.32674,42.32674,42.32674,51.038575667655785
1563.76923,301599.75,301599.75,301599.75,42.734495766540526,42.734495766540526,42.734495766540526,5095.333333333333,5095.333333333333,5095.333333333333,48.54155,48.54155,48.54155,353940.0,353940.0,353940.0,39.158028,39.158028,39.158028,51.186943620178035
1573.080547,285835.625,285835.625,285835.625,42.343092149810786,42.343092149810786,42.343092149810786,5100.166666666667,5100.166666666667,5100.166666666667,47.520205000000004,47.520205000000004,47.520205000000004,332647.0,332647.0,332647.0,43.790264,43.790264,43.790264,51.33531157270029
1576.725402,270071.5,270071.5,270071.5,41.951688533081054,41.951688533081054,41.951688533081054,5105.0,5105.0,5105.0,46.49886,46.49886,46.49886,322282.5,322282.5,322282.5,44.197162,44.197162,44.197162,51.48367952522255
1576.981869,254307.375,254307.375,254307.375,41.56028491635132,41.56028491635132,41.56028491635132,5090.5,5090.5,5090.5,38.4770605,38.4770605,38.4770605,311918.0,311918.0,311918.0,44.60406,44.60406,44.60406,51.632047477744806
1578.348954,238543.25,238543.25,238543.25,41.16888129962158,41.16888129962158,41.16888129962158,5076.0,5076.0,5076.0,30.455261,30.455261,30.455261,314902.5714285714,314902.5714285714,314902.5714285714,43.975492857142854,43.975492857142854,43.975492857142854,51.780415430267055
1582.785992,222779.125,222779.125,222779.125,40.77747768289184,40.77747768289184,40.77747768289184,5076.0,5076.0,5076.0,41.1554,41.1554,41.1554,317887.14285714284,317887.14285714284,317887.14285714284,43.34692571428571,43.34692571428571,43.34692571428571,51.92878338278931
1586.6079981327057,207015.0,207015.0,207015.0,40.38607406616211,40.38607406616211,40.38607406616211,4979.666666666667,4979.666666666667,4979.666666666667,40.27972066666667,40.27972066666667,40.27972066666667,320871.71428571426,320871.71428571426,320871.71428571426,42.71835857142857,42.71835857142857,42.71835857142857,52.07715133531157
1586.772266,354144.0,354144.0,354144.0,45.67905,45.67905,45.67905,4883.333333333333,4883.333333333333,4883.333333333333,39.40404133333333,39.40404133333333,39.40404133333333,323856.28571428574,323856.28571428574,323856.28571428574,42.08979142857143,42.08979142857143,42.08979142857143,52.225519287833826
1593.641291,353969.0,353969.0,353969.0,46.988567499999995,46.988567499999995,46.988567499999995,4787.0,4787.0,4787.0,38.528362,38.528362,38.528362,326840.85714285716,326840.85714285716,326840.85714285716,41.46122428571429,41.46122428571429,41.46122428571429,52.373887240356076
1606.907919,353794.0,353794.0,353794.0,48.298085,48.298085,48.298085,5076.0,5076.0,5076.0,44.009335,44.009335,44.009335,329825.4285714286,329825.4285714286,329825.4285714286,40.832657142857144,40.832657142857144,40.832657142857144,52.52225519287833
1617.329896,353619.0,353619.0,353619.0,49.6076025,49.6076025,49.6076025,4989.333333333333,4989.333333333333,4989.333333333333,43.07645,43.07645,43.07645,332810.0,332810.0,332810.0,40.20409,40.20409,40.20409,52.67062314540059
1621.478507,353444.0,353444.0,353444.0,50.91712,50.91712,50.91712,4902.666666666667,4902.666666666667,4902.666666666667,42.143565,42.143565,42.143565,337938.75,337938.75,337938.75,43.188426,43.188426,43.188426,52.81899109792285
1628.004345,343064.5,343064.5,343064.5,46.654664999999994,46.654664999999994,46.654664999999994,4816.0,4816.0,4816.0,41.21068,41.21068,41.21068,343067.5,343067.5,343067.5,46.172762,46.172762,46.172762,52.9673590504451
1631.982567,332685.0,332685.0,332685.0,42.39221,42.39221,42.39221,4920.0,4920.0,4920.0,42.369788,42.369788,42.369788,348196.25,348196.25,348196.25,49.157098,49.157098,49.157098,53.115727002967354
1648.884836,279424.0,279424.0,279424.0,41.64983844421387,41.64983844421387,41.64983844421387,5024.0,5024.0,5024.0,43.528896,43.528896,43.528896,353325.0,353325.0,353325.0,52.141434,52.141434,52.141434,53.26409495548961
1650.2626659870148,226163.0,226163.0,226163.0,40.907466888427734,40.907466888427734,40.907466888427734,5128.0,5128.0,5128.0,44.688004,44.688004,44.688004,353695.5,353695.5,353695.5,46.441779999999994,46.441779999999994,46.441779999999994,53.41246290801187
1651.799391,268572.0,268572.0,268572.0,39.960124592285155,39.960124592285155,39.960124592285155,5232.0,5232.0,5232.0,45.847112,45.847112,45.847112,354066.0,354066.0,354066.0,40.742126,40.742126,40.742126,53.56083086053412
1651.890482,310981.0,310981.0,310981.0,39.01278229614258,39.01278229614258,39.01278229614258,5336.0,5336.0,5336.0,47.00622,47.00622,47.00622,354022.0,354022.0,354022.0,40.1611335,40.1611335,40.1611335,53.709198813056375
1652.47638,353390.0,353390.0,353390.0,38.06544,38.06544,38.06544,5341.8,5341.8,5341.8,46.9536606,46.9536606,46.9536606,353978.0,353978.0,353978.0,39.580141,39.580141,39.580141,53.85756676557863
1662.013853,354224.0,354224.0,354224.0,56.881718,56.881718,56.881718,5347.6,5347.6,5347.6,46.9011012,46.9011012,46.9011012,353934.0,353934.0,353934.0,38.999148500000004,38.999148500000004,38.999148500000004,54.00593471810089
1666.826886,357667.8333333333,357667.8333333333,357667.8333333333,54.5150925,54.5150925,54.5150925,5353.4,5353.4,5353.4,46.8485418,46.8485418,46.8485418,353890.0,353890.0,353890.0,38.418156,38.418156,38.418156,54.15430267062314
1668.809924,361111.6666666667,361111.6666666667,361111.6666666667,52.148467,52.148467,52.148467,5359.2,5359.2,5359.2,46.7959824,46.7959824,46.7959824,374786.0,374786.0,374786.0,45.79005,45.79005,45.79005,54.302670623145396
1681.79352,364555.5,364555.5,364555.5,49.7818415,49.7818415,49.7818415,5365.0,5365.0,5365.0,46.743423,46.743423,46.743423,366440.0,366440.0,366440.0,46.3236088,46.3236088,46.3236088,54.45103857566765
1683.408173,367999.3333333333,367999.3333333333,367999.3333333333,47.415216,47.415216,47.415216,5365.0,5365.0,5365.0,44.59004,44.59004,44.59004,358094.0,358094.0,358094.0,46.857167600000004,46.857167600000004,46.857167600000004,54.59940652818991
1687.857754,371443.1666666667,371443.1666666667,371443.1666666667,45.0485905,45.0485905,45.0485905,5365.0,5365.0,5365.0,41.95592,41.95592,41.95592,349748.0,349748.0,349748.0,47.3907264,47.3907264,47.3907264,54.74777448071216
1691.829058,374887.0,374887.0,374887.0,42.681965,42.681965,42.681965,5292.75,5292.75,5292.75,42.895404,42.895404,42.895404,341402.0,341402.0,341402.0,47.9242852,47.9242852,47.9242852,54.89614243323442
1697.020392,374861.6,374861.6,374861.6,41.958814,41.958814,41.958814,5220.5,5220.5,5220.5,43.834888,43.834888,43.834888,333056.0,333056.0,333056.0,48.457844,48.457844,48.457844,55.04451038575667
1698.125436,374836.2,374836.2,374836.2,41.235662999999995,41.235662999999995,41.235662999999995,5148.25,5148.25,5148.25,44.774372,44.774372,44.774372,353651.0,353651.0,353651.0,44.540592,44.540592,44.540592,55.19287833827893
1698.695865,374810.8,374810.8,374810.8,40.512512,40.512512,40.512512,5076.0,5076.0,5076.0,45.713856,45.713856,45.713856,353642.5,353642.5,353642.5,45.32609075,45.32609075,45.32609075,55.34124629080118
1711.968546,374785.4,374785.4,374785.4,39.789361,39.789361,39.789361,5365.0,5365.0,5365.0,40.39777,40.39777,40.39777,353634.0,353634.0,353634.0,46.111589499999994,46.111589499999994,46.111589499999994,55.48961424332344
1736.522682,374760.0,374760.0,374760.0,39.06621,39.06621,39.06621,5292.75,5292.75,5292.75,43.7859725,43.7859725,43.7859725,353625.5,353625.5,353625.5,46.897088249999996,46.897088249999996,46.897088249999996,55.637982195845694
1737.364782,364018.0,364018.0,364018.0,38.85762,38.85762,38.85762,5220.5,5220.5,5220.5,47.174175000000005,47.174175000000005,47.174175000000005,353617.0,353617.0,353617.0,47.682587,47.682587,47.682587,55.78635014836795
1742.025777,353276.0,353276.0,353276.0,38.64903,38.64903,38.64903,5148.25,5148.25,5148.25,50.562377500000004,50.562377500000004,50.562377500000004,357731.2,357731.2,357731.2,50.112207999999995,50.112207999999995,50.112207999999995,55.9347181008902
1745.187049,310830.3333333333,310830.3333333333,310830.3333333333,36.901092072347005,36.901092072347005,36.901092072347005,5076.0,5076.0,5076.0,53.95058,53.95058,53.95058,361845.4,361845.4,361845.4,52.541829,52.541829,52.541829,56.08308605341246
1756.940788,268384.6666666667,268384.6666666667,268384.6666666667,35.153154144694014,35.153154144694014,35.153154144694014,5625.0,5625.0,5625.0,39.01806,39.01806,39.01806,365959.6,365959.6,365959.6,54.97145,54.97145,54.97145,56.231454005934715
1759.8552460670471,225939.0,225939.0,225939.0,33.405216217041016,33.405216217041016,33.405216217041016,5628.625,5628.625,5628.625,40.5710155,40.5710155,40.5710155,370073.8,370073.8,370073.8,57.401071,57.401071,57.401071,56.37982195845697
1761.834843,275597.0,275597.0,275597.0,39.61083981136068,39.61083981136068,39.61083981136068,5632.25,5632.25,5632.25,42.123971,42.123971,42.123971,374188.0,374188.0,374188.0,59.830692,59.830692,59.830692,56.52818991097922
1763.93206,325255.0,325255.0,325255.0,45.81646340568034,45.81646340568034,45.81646340568034,5635.875,5635.875,5635.875,43.6769265,43.6769265,43.6769265,374150.0,374150.0,374150.0,53.40247,53.40247,53.40247,56.67655786350148
1767.520479,374913.0,374913.0,374913.0,52.022087,52.022087,52.022087,5639.5,5639.5,5639.5,45.229882,45.229882,45.229882,384707.5,384707.5,384707.5,50.4811825,50.4811825,50.4811825,56.824925816023736
1773.845255,375000.3333333333,375000.3333333333,375000.3333333333,53.221658,53.221658,53.221658,5643.125,5643.125,5643.125,46.7828375,46.7828375,46.7828375,395265.0,395265.0,395265.0,47.559895,47.559895,47.559895,56.973293768545986
1776.864469,375087.6666666667,375087.6666666667,375087.6666666667,54.421229000000004,54.421229000000004,54.421229000000004,5646.75,5646.75,5646.75,48.335793,48.335793,48.335793,374478.0,374478.0,374478.0,37.809464,37.809464,37.809464,57.12166172106824
1777.051858,375175.0,375175.0,375175.0,55.6208,55.6208,55.6208,5650.375,5650.375,5650.375,49.888748500000005,49.888748500000005,49.888748500000005,372123.44444444444,372123.44444444444,372123.44444444444,38.46201133333333,38.46201133333333,38.46201133333333,57.2700296735905
1788.462146,381861.0,381861.0,381861.0,55.91180666666667,55.91180666666667,55.91180666666667,5654.0,5654.0,5654.0,51.441704,51.441704,51.441704,369768.8888888889,369768.8888888889,369768.8888888889,39.11455866666667,39.11455866666667,39.11455866666667,57.41839762611276
1791.903757,388547.0,388547.0,388547.0,56.20281333333333,56.20281333333333,56.20281333333333,5654.0,5654.0,5654.0,46.51777,46.51777,46.51777,367414.3333333333,367414.3333333333,367414.3333333333,39.767106,39.767106,39.767106,57.56676557863501
1796.873186,395233.0,395233.0,395233.0,56.49382,56.49382,56.49382,5654.0,5654.0,5654.0,47.4560075,47.4560075,47.4560075,365059.77777777775,365059.77777777775,365059.77777777775,40.41965333333333,40.41965333333333,40.41965333333333,57.715133531157264
1797.996975,346076.6666666667,346076.6666666667,346076.6666666667,51.7361512504069,51.7361512504069,51.7361512504069,5654.0,5654.0,5654.0,48.394245,48.394245,48.394245,362705.22222222225,362705.22222222225,362705.22222222225,41.07220066666667,41.07220066666667,41.07220066666667,57.86350148367952
1803.750958,296920.3333333333,296920.3333333333,296920.3333333333,46.978482500813804,46.978482500813804,46.978482500813804,5365.0,5365.0,5365.0,47.86411,47.86411,47.86411,360350.6666666667,360350.6666666667,360350.6666666667,41.724748,41.724748,41.724748,58.01186943620178
1815.349072933197,247764.0,247764.0,247764.0,42.2208137512207,42.2208137512207,42.2208137512207,5509.5,5509.5,5509.5,43.1079165,43.1079165,43.1079165,357996.1111111111,357996.1111111111,357996.1111111111,42.37729533333333,42.37729533333333,42.37729533333333,58.16023738872403
1817.036752,284699.0,284699.0,284699.0,45.49273881341553,45.49273881341553,45.49273881341553,5654.0,5654.0,5654.0,38.351723,38.351723,38.351723,355641.55555555556,355641.55555555556,355641.55555555556,43.02984266666667,43.02984266666667,43.02984266666667,58.308605341246285
1817.057851,321634.0,321634.0,321634.0,48.76466387561035,48.76466387561035,48.76466387561035,5581.75,5581.75,5581.75,39.12983925,39.12983925,39.12983925,353287.0,353287.0,353287.0,43.68239,43.68239,43.68239,58.45697329376854
1818.173273,358569.0,358569.0,358569.0,52.03658893780518,52.03658893780518,52.03658893780518,5509.5,5509.5,5509.5,39.9079555,39.9079555,39.9079555,374177.0,374177.0,374177.0,44.889824,44.889824,44.889824,58.6053412462908
1851.572279,395504.0,395504.0,395504.0,55.308514,55.308514,55.308514,5437.25,5437.25,5437.25,40.686071749999996,40.686071749999996,40.686071749999996,374292.0,374292.0,374292.0,45.2664732,45.2664732,45.2664732,58.75370919881305
1860.25652,385106.5,385106.5,385106.5,47.274742,47.274742,47.274742,5365.0,5365.0,5365.0,41.464188,41.464188,41.464188,374407.0,374407.0,374407.0,45.643122399999996,45.643122399999996,45.643122399999996,58.902077151335305
1862.075125,374709.0,374709.0,374709.0,39.24097,39.24097,39.24097,5639.5,5639.5,5639.5,51.097628,51.097628,51.097628,374522.0,374522.0,374522.0,46.0197716,46.0197716,46.0197716,59.05044510385756
1867.009552,381489.3333333333,381489.3333333333,381489.3333333333,41.904551999999995,41.904551999999995,41.904551999999995,5914.0,5914.0,5914.0,60.731068,60.731068,60.731068,374637.0,374637.0,374637.0,46.396420799999994,46.396420799999994,46.396420799999994,59.19881305637982
1869.276136,388269.6666666667,388269.6666666667,388269.6666666667,44.568134,44.568134,44.568134,5917.625,5917.625,5917.625,59.771767,59.771767,59.771767,374752.0,374752.0,374752.0,46.77307,46.77307,46.77307,59.34718100890207
1877.557473,395050.0,395050.0,395050.0,47.231716,47.231716,47.231716,5921.25,5921.25,5921.25,58.812466,58.812466,58.812466,385241.0,385241.0,385241.0,45.941697500000004,45.941697500000004,45.941697500000004,59.495548961424326
1881.882287,395146.2,395146.2,395146.2,47.7482268,47.7482268,47.7482268,5924.875,5924.875,5924.875,57.853165000000004,57.853165000000004,57.853165000000004,395730.0,395730.0,395730.0,45.110325,45.110325,45.110325,59.64391691394658
1883.890067,395242.4,395242.4,395242.4,48.2647376,48.2647376,48.2647376,5928.5,5928.5,5928.5,56.893864,56.893864,56.893864,416216.0,416216.0,416216.0,42.364475,42.364475,42.364475,59.79228486646884
1883.97589,395338.6,395338.6,395338.6,48.7812484,48.7812484,48.7812484,5932.125,5932.125,5932.125,55.934563,55.934563,55.934563,395520.0,395520.0,395520.0,48.44881,48.44881,48.44881,59.94065281899109
1891.914687,395434.8,395434.8,395434.8,49.2977592,49.2977592,49.2977592,5935.75,5935.75,5935.75,54.975262,54.975262,54.975262,395724.0,395724.0,395724.0,36.371532,36.371532,36.371532,60.08902077151335
1892.110884,395531.0,395531.0,395531.0,49.81427,49.81427,49.81427,5939.375,5939.375,5939.375,54.015961000000004,54.015961000000004,54.015961000000004,395639.44444444444,395639.44444444444,395639.44444444444,37.557109000000004,37.557109000000004,37.557109000000004,60.237388724035604
1898.531917,400680.25,400680.25,400680.25,50.23691,50.23691,50.23691,5943.0,5943.0,5943.0,53.05666,53.05666,53.05666,395554.8888888889,395554.8888888889,395554.8888888889,38.742686,38.742686,38.742686,60.38575667655786
1901.973875,405829.5,405829.5,405829.5,50.659549999999996,50.659549999999996,50.659549999999996,5943.0,5943.0,5943.0,49.733875,49.733875,49.733875,395470.3333333333,395470.3333333333,395470.3333333333,39.928263,39.928263,39.928263,60.53412462908011
1903.067464,410978.75,410978.75,410978.75,51.08219,51.08219,51.08219,5943.0,5943.0,5943.0,38.877323,38.877323,38.877323,395385.77777777775,395385.77777777775,395385.77777777775,41.11384,41.11384,41.11384,60.68249258160237
1906.9302,416128.0,416128.0,416128.0,51.50483,51.50483,51.50483,5798.5,5798.5,5798.5,44.7798865,44.7798865,44.7798865,395301.22222222225,395301.22222222225,395301.22222222225,42.299417,42.299417,42.299417,60.830860534124625
1913.815942,359902.3333333333,359902.3333333333,359902.3333333333,49.402846413981116,49.402846413981116,49.402846413981116,5654.0,5654.0,5654.0,50.68245,50.68245,50.68245,395216.6666666667,395216.6666666667,395216.6666666667,43.484994,43.484994,43.484994,60.97922848664688
1922.098516,303676.6666666667,303676.6666666667,303676.6666666667,47.30086282796224,47.30086282796224,47.30086282796224,5914.0,5914.0,5914.0,50.64147,50.64147,50.64147,395132.1111111111,395132.1111111111,395132.1111111111,44.670570999999995,44.670570999999995,44.670570999999995,61.12759643916913
1936.613097190857,247451.0,247451.0,247451.0,45.19887924194336,45.19887924194336,45.19887924194336,5862.0,5862.0,5862.0,47.412,47.412,47.412,395047.55555555556,395047.55555555556,395047.55555555556,45.856148,45.856148,45.856148,61.27596439169139
1938.216087,303586.3333333333,303586.3333333333,303586.3333333333,51.34451549462891,51.34451549462891,51.34451549462891,5810.0,5810.0,5810.0,44.18253,44.18253,44.18253,394963.0,394963.0,394963.0,47.041725,47.041725,47.041725,61.424332344213646
1947.099314,359721.6666666667,359721.6666666667,359721.6666666667,57.49015174731445,57.49015174731445,57.49015174731445,5758.0,5758.0,5758.0,40.95306,40.95306,40.95306,374762.0,374762.0,374762.0,43.377514,43.377514,43.377514,61.5727002967359
1966.626345,415857.0,415857.0,415857.0,63.635788,63.635788,63.635788,5706.0,5706.0,5706.0,37.72359,37.72359,37.72359,378115.6666666667,378115.6666666667,378115.6666666667,43.22746333333333,43.22746333333333,43.22746333333333,61.72106824925815
1975.322748,408969.3333333333,408969.3333333333,408969.3333333333,55.71645866666667,55.71645866666667,55.71645866666667,5654.0,5654.0,5654.0,34.49412,34.49412,34.49412,381469.3333333333,381469.3333333333,381469.3333333333,43.07741266666667,43.07741266666667,43.07741266666667,61.86943620178041
1977.050555,402081.6666666667,402081.6666666667,402081.6666666667,47.79712933333333,47.79712933333333,47.79712933333333,6203.0,6203.0,6203.0,50.942375,50.942375,50.942375,384823.0,384823.0,384823.0,42.927362,42.927362,42.927362,62.01780415430267
1977.124569,395194.0,395194.0,395194.0,39.8778,39.8778,39.8778,6206.222222222223,6206.222222222223,6206.222222222223,49.35903888888889,49.35903888888889,49.35903888888889,388176.6666666667,388176.6666666667,388176.6666666667,42.77731133333333,42.77731133333333,42.77731133333333,62.166172106824924
1983.184805870056,268660.0,268660.0,268660.0,45.78766632080078,45.78766632080078,45.78766632080078,6209.444444444444,6209.444444444444,6209.444444444444,47.775702777777774,47.775702777777774,47.775702777777774,391530.3333333333,391530.3333333333,391530.3333333333,42.627260666666665,42.627260666666665,42.627260666666665,62.31454005934717
1989.389869,342222.5,342222.5,342222.5,42.49261466040039,42.49261466040039,42.49261466040039,6212.666666666667,6212.666666666667,6212.666666666667,46.192366666666665,46.192366666666665,46.192366666666665,394884.0,394884.0,394884.0,42.47721,42.47721,42.47721,62.46290801186943
1992.601983,415785.0,415785.0,415785.0,39.197563,39.197563,39.197563,6215.888888888889,6215.888888888889,6215.888888888889,44.609030555555556,44.609030555555556,44.609030555555556,415876.5,415876.5,415876.5,39.134437,39.134437,39.134437,62.61127596439169
1993.925996,418761.0,418761.0,418761.0,40.97517114285714,40.97517114285714,40.97517114285714,6219.111111111111,6219.111111111111,6219.111111111111,43.02569444444444,43.02569444444444,43.02569444444444,436869.0,436869.0,436869.0,35.791664,35.791664,35.791664,62.759643916913944
1996.921354,421737.0,421737.0,421737.0,42.75277928571429,42.75277928571429,42.75277928571429,6222.333333333333,6222.333333333333,6222.333333333333,41.44235833333333,41.44235833333333,41.44235833333333,416586.0,416586.0,416586.0,50.396145,50.396145,50.396145,62.908011869436194
2004.015525,424713.0,424713.0,424713.0,44.53038742857143,44.53038742857143,44.53038742857143,6225.555555555556,6225.555555555556,6225.555555555556,39.85902222222222,39.85902222222222,39.85902222222222,416522.0,416522.0,416522.0,42.647797,42.647797,42.647797,63.05637982195845
2006.961577,427689.0,427689.0,427689.0,46.30799557142857,46.30799557142857,46.30799557142857,6228.777777777777,6228.777777777777,6228.777777777777,38.275686111111106,38.275686111111106,38.275686111111106,416379.0,416379.0,416379.0,43.25299,43.25299,43.25299,63.20474777448071
2012.000903,430665.0,430665.0,430665.0,48.08560371428571,48.08560371428571,48.08560371428571,6232.0,6232.0,6232.0,36.69235,36.69235,36.69235,416312.125,416312.125,416312.125,43.908255,43.908255,43.908255,63.353115727002965
2013.598934,433641.0,433641.0,433641.0,49.86321185714286,49.86321185714286,49.86321185714286,6203.0,6203.0,6203.0,42.397034,42.397034,42.397034,416245.25,416245.25,416245.25,44.56352,44.56352,44.56352,63.501483679525215
2016.98245,436617.0,436617.0,436617.0,51.64082,51.64082,51.64082,6212.666666666667,6212.666666666667,6212.666666666667,42.015726,42.015726,42.015726,416178.375,416178.375,416178.375,45.218785,45.218785,45.218785,63.64985163204747
2017.105797,416760.0,416760.0,416760.0,48.04206,48.04206,48.04206,6222.333333333333,6222.333333333333,6222.333333333333,41.634418,41.634418,41.634418,416111.5,416111.5,416111.5,45.87405,45.87405,45.87405,63.79821958456973
2018.146701,420099.0,420099.0,420099.0,48.87313,48.87313,48.87313,6232.0,6232.0,6232.0,41.25311,41.25311,41.25311,416044.625,416044.625,416044.625,46.529315,46.529315,46.529315,63.946587537091986
2023.89809,423438.0,423438.0,423438.0,49.7042,49.7042,49.7042,5914.0,5914.0,5914.0,74.235306,74.235306,74.235306,415977.75,415977.75,415977.75,47.18458,47.18458,47.18458,64.09495548961424
2032.178156,426777.0,426777.0,426777.0,50.53527,50.53527,50.53527,6203.0,6203.0,6203.0,53.169697,53.169697,53.169697,415910.875,415910.875,415910.875,47.839845,47.839845,47.839845,64.2433234421365
2063.25624,430116.0,430116.0,430116.0,51.36634,51.36634,51.36634,6268.0,6268.0,6268.0,57.83365775,57.83365775,57.83365775,415844.0,415844.0,415844.0,48.49511,48.49511,48.49511,64.39169139465875
2067.677042,433455.0,433455.0,433455.0,52.197410000000005,52.197410000000005,52.197410000000005,6333.0,6333.0,6333.0,62.4976185,62.4976185,62.4976185,394909.0,394909.0,394909.0,36.074944,36.074944,36.074944,64.540059347181
2086.919778,436794.0,436794.0,436794.0,53.02848,53.02848,53.02848,6398.0,6398.0,6398.0,67.16157925,67.16157925,67.16157925,403312.2,403312.2,403312.2,37.3156078,37.3156078,37.3156078,64.68842729970326
2087.105436,429911.3333333333,429911.3333333333,429911.3333333333,51.159657333333335,51.159657333333335,51.159657333333335,6463.0,6463.0,6463.0,71.82554,71.82554,71.82554,411715.4,411715.4,411715.4,38.5562716,38.5562716,38.5562716,64.83679525222551
2095.389783,423028.6666666667,423028.6666666667,423028.6666666667,49.29083466666667,49.29083466666667,49.29083466666667,5943.0,5943.0,5943.0,52.90803,52.90803,52.90803,420118.6,420118.6,420118.6,39.7969354,39.7969354,39.7969354,64.98516320474776
2097.168656,416146.0,416146.0,416146.0,47.422012,47.422012,47.422012,6011.625,6011.625,6011.625,50.78102749999999,50.78102749999999,50.78102749999999,428521.8,428521.8,428521.8,41.0375992,41.0375992,41.0375992,65.13353115727003
2111.960141,426556.0,426556.0,426556.0,45.373726000000005,45.373726000000005,45.373726000000005,6080.25,6080.25,6080.25,48.654025,48.654025,48.654025,436925.0,436925.0,436925.0,42.278263,42.278263,42.278263,65.28189910979228
2112.647909,436966.0,436966.0,436966.0,43.32544,43.32544,43.32544,6148.875,6148.875,6148.875,46.5270225,46.5270225,46.5270225,447153.0,447153.0,447153.0,38.69877150000001,38.69877150000001,38.69877150000001,65.43026706231454
2113.963162,352709.0,352709.0,352709.0,42.38882092163086,42.38882092163086,42.38882092163086,6217.5,6217.5,6217.5,44.40002,44.40002,44.40002,457381.0,457381.0,457381.0,35.11928,35.11928,35.11928,65.57863501483679
2114.819282054901,268452.0,268452.0,268452.0,41.45220184326172,41.45220184326172,41.45220184326172,6286.125,6286.125,6286.125,42.273017499999995,42.273017499999995,42.273017499999995,436768.5,436768.5,436768.5,47.53685,47.53685,47.53685,65.72700296735904
2119.437787,295479.5714285714,295479.5714285714,295479.5714285714,42.00909700851005,42.00909700851005,42.00909700851005,6354.75,6354.75,6354.75,40.146015,40.146015,40.146015,416156.0,416156.0,416156.0,59.95442,59.95442,59.95442,65.8753709198813
2122.010296,322507.14285714284,322507.14285714284,322507.14285714284,42.56599217375837,42.56599217375837,42.56599217375837,6423.375,6423.375,6423.375,38.0190125,38.0190125,38.0190125,436840.0,436840.0,436840.0,36.33195,36.33195,36.33195,66.02373887240356
2123.695997,349534.7142857143,349534.7142857143,349534.7142857143,43.122887339006695,43.122887339006695,43.122887339006695,6492.0,6492.0,6492.0,35.89201,35.89201,35.89201,437060.5,437060.5,437060.5,57.88082,57.88082,57.88082,66.1721068249258
2124.055738,376562.2857142857,376562.2857142857,376562.2857142857,43.67978250425502,43.67978250425502,43.67978250425502,6506.5,6506.5,6506.5,41.8171885,41.8171885,41.8171885,437281.0,437281.0,437281.0,79.42969,79.42969,79.42969,66.32047477744807
2127.070314,403589.85714285716,403589.85714285716,403589.85714285716,44.23667766950335,44.23667766950335,44.23667766950335,6521.0,6521.0,6521.0,47.742367,47.742367,47.742367,437229.875,437229.875,437229.875,77.79040375,77.79040375,77.79040375,66.46884272997032
2128.209226,430617.4285714286,430617.4285714286,430617.4285714286,44.79357283475167,44.79357283475167,44.79357283475167,6521.0,6521.0,6521.0,41.574005,41.574005,41.574005,437178.75,437178.75,437178.75,76.1511175,76.1511175,76.1511175,66.61721068249257
2132.026345,457645.0,457645.0,457645.0,45.350468,45.350468,45.350468,6362.0,6362.0,6362.0,38.910197499999995,38.910197499999995,38.910197499999995,437127.625,437127.625,437127.625,74.51183125,74.51183125,74.51183125,66.76557863501483
2133.967604,447351.5,447351.5,447351.5,74.168159,74.168159,74.168159,6203.0,6203.0,6203.0,36.24639,36.24639,36.24639,437076.5,437076.5,437076.5,72.872545,72.872545,72.872545,66.91394658753708
2137.170544,437058.0,437058.0,437058.0,102.98585,102.98585,102.98585,6347.5,6347.5,6347.5,36.013194999999996,36.013194999999996,36.013194999999996,437025.375,437025.375,437025.375,71.23325874999999,71.23325874999999,71.23325874999999,67.06231454005935
2142.238309,363135.5,363135.5,363135.5,77.69301731567383,77.69301731567383,77.69301731567383,6492.0,6492.0,6492.0,35.78,35.78,35.78,436974.25,436974.25,436974.25,69.59397249999999,69.59397249999999,69.59397249999999,67.2106824925816
2153.182058095932,289213.0,289213.0,289213.0,52.400184631347656,52.400184631347656,52.400184631347656,6578.666666666667,6578.666666666667,6578.666666666667,55.82285133333333,55.82285133333333,55.82285133333333,436923.125,436923.125,436923.125,67.95468625,67.95468625,67.95468625,67.35905044510385
2188.296936,345493.3333333333,345493.3333333333,345493.3333333333,54.811259087565105,54.811259087565105,54.811259087565105,6665.333333333333,6665.333333333333,6665.333333333333,75.86570266666666,75.86570266666666,75.86570266666666,436872.0,436872.0,436872.0,66.3154,66.3154,66.3154,67.50741839762611
2202.160317,401773.6666666667,401773.6666666667,401773.6666666667,57.222333543782554,57.222333543782554,57.222333543782554,6752.0,6752.0,6752.0,95.908554,95.908554,95.908554,432740.6,432740.6,432740.6,60.4966734,60.4966734,60.4966734,67.65578635014836
2212.085771,458054.0,458054.0,458054.0,59.633408,59.633408,59.633408,6492.0,6492.0,6492.0,65.7717245,65.7717245,65.7717245,428609.2,428609.2,428609.2,54.6779468,54.6779468,54.6779468,67.80415430267061
2213.404254,447586.5,447586.5,447586.5,51.179661,51.179661,51.179661,6232.0,6232.0,6232.0,35.634895,35.634895,35.634895,424477.8,424477.8,424477.8,48.859220199999996,48.859220199999996,48.859220199999996,67.95252225519287
2217.211951,437119.0,437119.0,437119.0,42.725914,42.725914,42.725914,6323.5,6323.5,6323.5,37.8768075,37.8768075,37.8768075,420346.4,420346.4,420346.4,43.0404936,43.0404936,43.0404936,68.10089020771512
2230.933339,444038.3333333333,444038.3333333333,444038.3333333333,50.364901333333336,50.364901333333336,50.364901333333336,6415.0,6415.0,6415.0,40.11872,40.11872,40.11872,416215.0,416215.0,416215.0,37.221767,37.221767,37.221767,68.24925816023739
2232.002778,450957.6666666667,450957.6666666667,450957.6666666667,58.00388866666667,58.00388866666667,58.00388866666667,6506.5,6506.5,6506.5,42.3606325,42.3606325,42.3606325,457841.0,457841.0,457841.0,50.21822,50.21822,50.21822,68.39762611275964
2232.694394,457877.0,457877.0,457877.0,65.642876,65.642876,65.642876,6598.0,6598.0,6598.0,44.602545,44.602545,44.602545,468017.5,468017.5,468017.5,47.5741465,47.5741465,47.5741465,68.54599406528189
2233.999723,460232.22222222225,460232.22222222225,460232.22222222225,64.556635,64.556635,64.556635,6689.5,6689.5,6689.5,46.844457500000004,46.844457500000004,46.844457500000004,478194.0,478194.0,478194.0,44.930073,44.930073,44.930073,68.69436201780415
2238.770727,462587.44444444444,462587.44444444444,462587.44444444444,63.470394,63.470394,63.470394,6781.0,6781.0,6781.0,49.08637,49.08637,49.08637,467962.5,467962.5,467962.5,41.101806499999995,41.101806499999995,41.101806499999995,68.8427299703264
2242.27327,464942.6666666667,464942.6666666667,464942.6666666667,62.384153,62.384153,62.384153,6781.0,6781.0,6781.0,40.991822,40.991822,40.991822,457731.0,457731.0,457731.0,37.27354,37.27354,37.27354,68.99109792284865
2243.289273,467297.8888888889,467297.8888888889,467297.8888888889,61.297912,61.297912,61.297912,6781.0,6781.0,6781.0,32.897274,32.897274,32.897274,457658.0,457658.0,457658.0,52.947005,52.947005,52.947005,69.13946587537092
2244.099889,469653.1111111111,469653.1111111111,469653.1111111111,60.211671,60.211671,60.211671,6781.0,6781.0,6781.0,49.48259266666666,49.48259266666666,49.48259266666666,457585.0,457585.0,457585.0,68.62047,68.62047,68.62047,69.28783382789317
2244.475162,472008.3333333333,472008.3333333333,472008.3333333333,59.12543,59.12543,59.12543,6781.0,6781.0,6781.0,66.06791133333333,66.06791133333333,66.06791133333333,436588.0,436588.0,436588.0,52.757114,52.757114,52.757114,69.43620178041543
2247.146191,474363.55555555556,474363.55555555556,474363.55555555556,58.039189,58.039189,58.039189,6781.0,6781.0,6781.0,82.65323,82.65323,82.65323,439581.14285714284,439581.14285714284,439581.14285714284,52.36885585714286,52.36885585714286,52.36885585714286,69.58456973293768
2249.035181,476718.77777777775,476718.77777777775,476718.77777777775,56.952948,56.952948,56.952948,6492.0,6492.0,6492.0,77.8336,77.8336,77.8336,442574.28571428574,442574.28571428574,442574.28571428574,51.980597714285715,51.980597714285715,51.980597714285715,69.73293768545993
2252.086411,479074.0,479074.0,479074.0,55.866707,55.866707,55.866707,6636.5,6636.5,6636.5,63.042029,63.042029,63.042029,445567.4285714286,445567.4285714286,445567.4285714286,51.592339571428575,51.592339571428575,51.592339571428575,69.8813056379822
2257.310114,468814.0,468814.0,468814.0,60.5991135,60.5991135,60.5991135,6781.0,6781.0,6781.0,48.250458,48.250458,48.250458,448560.5714285714,448560.5714285714,448560.5714285714,51.20408142857143,51.20408142857143,51.20408142857143,70.02967359050444
2267.217248,458554.0,458554.0,458554.0,65.33152,65.33152,65.33152,6824.333333333333,6824.333333333333,6824.333333333333,51.15593333333334,51.15593333333334,51.15593333333334,451553.71428571426,451553.71428571426,451553.71428571426,50.81582328571429,50.81582328571429,50.81582328571429,70.1780415430267
2294.990828037262,289017.0,289017.0,289017.0,31.41136360168457,31.41136360168457,31.41136360168457,6867.666666666667,6867.666666666667,6867.666666666667,54.06140866666667,54.06140866666667,54.06140866666667,454546.85714285716,454546.85714285716,454546.85714285716,50.42756514285714,50.42756514285714,50.42756514285714,70.32640949554896
2313.339786,295938.3333333333,295938.3333333333,295938.3333333333,41.69530359903971,41.69530359903971,41.69530359903971,6911.0,6911.0,6911.0,56.96688400000001,56.96688400000001,56.96688400000001,457540.0,457540.0,457540.0,50.039307,50.039307,50.039307,70.47477744807121
2320.969484,302859.6666666667,302859.6666666667,302859.6666666667,51.97924359639485,51.97924359639485,51.97924359639485,6954.333333333333,6954.333333333333,6954.333333333333,59.872359333333335,59.872359333333335,59.872359333333335,436718.0,436718.0,436718.0,62.588516,62.588516,62.588516,70.62314540059347
2326.5466828346252,309781.0,309781.0,309781.0,62.26318359375,62.26318359375,62.26318359375,6997.666666666667,6997.666666666667,6997.666666666667,62.77783466666667,62.77783466666667,62.77783466666667,443692.1666666667,443692.1666666667,443692.1666666667,59.312392333333335,59.312392333333335,59.312392333333335,70.77151335311572
2327.208815,366144.6666666667,366144.6666666667,366144.6666666667,63.42440239583333,63.42440239583333,63.42440239583333,7041.0,7041.0,7041.0,65.68331,65.68331,65.68331,450666.3333333333,450666.3333333333,450666.3333333333,56.036268666666665,56.036268666666665,56.036268666666665,70.91988130563797
2328.475995,422508.3333333333,422508.3333333333,422508.3333333333,64.58562119791667,64.58562119791667,64.58562119791667,6521.0,6521.0,6521.0,39.838364,39.838364,39.838364,457640.5,457640.5,457640.5,52.760144999999994,52.760144999999994,52.760144999999994,71.06824925816024
2337.138751,478872.0,478872.0,478872.0,65.74684,65.74684,65.74684,6630.8,6630.8,6630.8,44.4990072,44.4990072,44.4990072,464614.6666666667,464614.6666666667,464614.6666666667,49.48402133333333,49.48402133333333,49.48402133333333,71.21661721068249
2337.253827,457957.0,457957.0,457957.0,43.48226,43.48226,43.48226,6740.6,6740.6,6740.6,49.1596504,49.1596504,49.1596504,471588.8333333333,471588.8333333333,471588.8333333333,46.20789766666667,46.20789766666667,46.20789766666667,71.36498516320474
2352.053126,468204.0,468204.0,468204.0,46.29232,46.29232,46.29232,6850.4,6850.4,6850.4,53.8202936,53.8202936,53.8202936,478563.0,478563.0,478563.0,42.931774,42.931774,42.931774,71.513353115727
2352.73401,478451.0,478451.0,478451.0,49.10238,49.10238,49.10238,6960.2,6960.2,6960.2,58.480936799999995,58.480936799999995,58.480936799999995,485535.0,485535.0,485535.0,46.317060999999995,46.317060999999995,46.317060999999995,71.66172106824925
2358.844009,481398.28571428574,481398.28571428574,481398.28571428574,51.644839999999995,51.644839999999995,51.644839999999995,7070.0,7070.0,7070.0,63.14158,63.14158,63.14158,492507.0,492507.0,492507.0,49.702348,49.702348,49.702348,71.81008902077151
2359.039716,484345.5714285714,484345.5714285714,484345.5714285714,54.1873,54.1873,54.1873,7070.0,7070.0,7070.0,73.1021,73.1021,73.1021,499479.0,499479.0,499479.0,53.087635,53.087635,53.087635,71.95845697329376
2362.22051,487292.85714285716,487292.85714285716,487292.85714285716,56.72976,56.72976,56.72976,7070.0,7070.0,7070.0,83.06262,83.06262,83.06262,488835.0,488835.0,488835.0,46.419016,46.419016,46.419016,72.10682492581601
2362.326239,490240.14285714284,490240.14285714284,490240.14285714284,59.272220000000004,59.272220000000004,59.272220000000004,7070.0,7070.0,7070.0,62.9301215,62.9301215,62.9301215,478191.0,478191.0,478191.0,39.750397,39.750397,39.750397,72.25519287833828
2363.372821,493187.4285714286,493187.4285714286,493187.4285714286,61.81468,61.81468,61.81468,7070.0,7070.0,7070.0,42.797623,42.797623,42.797623,478253.0,478253.0,478253.0,41.87995525,41.87995525,41.87995525,72.40356083086053
2364.100237,496134.71428571426,496134.71428571426,496134.71428571426,64.35714,64.35714,64.35714,6752.0,6752.0,6752.0,63.862576,63.862576,63.862576,478315.0,478315.0,478315.0,44.0095135,44.0095135,44.0095135,72.55192878338278
2367.124776,499082.0,499082.0,499082.0,66.8996,66.8996,66.8996,6824.25,6824.25,6824.25,61.629599,61.629599,61.629599,478377.0,478377.0,478377.0,46.13907175,46.13907175,46.13907175,72.70029673590504
2369.140804,494014.25,494014.25,494014.25,67.81969000000001,67.81969000000001,67.81969000000001,6896.5,6896.5,6896.5,59.396621999999994,59.396621999999994,59.396621999999994,478439.0,478439.0,478439.0,48.26863,48.26863,48.26863,72.84866468842729
2369.518237,488946.5,488946.5,488946.5,68.73978,68.73978,68.73978,6968.75,6968.75,6968.75,57.163644999999995,57.163644999999995,57.163644999999995,457730.0,457730.0,457730.0,58.789494,58.789494,58.789494,72.99703264094956
2372.378985,483878.75,483878.75,483878.75,69.65987,69.65987,69.65987,7041.0,7041.0,7041.0,54.930668,54.930668,54.930668,457828.3333333333,457828.3333333333,457828.3333333333,52.99791933333333,52.99791933333333,52.99791933333333,73.1454005934718
2392.284391,478811.0,478811.0,478811.0,70.57996,70.57996,70.57996,6976.0,6976.0,6976.0,53.528658,53.528658,53.528658,457926.6666666667,457926.6666666667,457926.6666666667,47.206344666666666,47.206344666666666,47.206344666666666,73.29376854599406
2446.011156,478721.4,478721.4,478721.4,67.352116,67.352116,67.352116,6911.0,6911.0,6911.0,52.126648,52.126648,52.126648,458025.0,458025.0,458025.0,41.41477,41.41477,41.41477,73.44213649851632
2448.398625,478631.8,478631.8,478631.8,64.124272,64.124272,64.124272,6846.0,6846.0,6846.0,50.724638,50.724638,50.724638,478899.0,478899.0,478899.0,44.91651,44.91651,44.91651,73.59050445103857
2453.576679,478542.2,478542.2,478542.2,60.896428,60.896428,60.896428,6781.0,6781.0,6781.0,49.322628,49.322628,49.322628,481505.875,481505.875,481505.875,47.180073375,47.180073375,47.180073375,73.73887240356082
2457.266876,478452.6,478452.6,478452.6,57.668583999999996,57.668583999999996,57.668583999999996,7301.0,7301.0,7301.0,48.70031,48.70031,48.70031,484112.75,484112.75,484112.75,49.44363675,49.44363675,49.44363675,73.88724035608308
2457.300024,478363.0,478363.0,478363.0,54.44074,54.44074,54.44074,7306.8,7306.8,7306.8,47.718566,47.718566,47.718566,486719.625,486719.625,486719.625,51.707200125,51.707200125,51.707200125,74.03560830860533
2462.1877,499329.0,499329.0,499329.0,55.81865,55.81865,55.81865,7312.6,7312.6,7312.6,46.736822000000004,46.736822000000004,46.736822000000004,489326.5,489326.5,489326.5,53.970763500000004,53.970763500000004,53.970763500000004,74.1839762611276
2477.798596,499310.0,499310.0,499310.0,48.23673,48.23673,48.23673,7318.4,7318.4,7318.4,45.755078,45.755078,45.755078,491933.375,491933.375,491933.375,56.234326875,56.234326875,56.234326875,74.33234421364985
2478.2954189777374,307828.0,307828.0,307828.0,39.857818603515625,39.857818603515625,39.857818603515625,7324.2,7324.2,7324.2,44.773334,44.773334,44.773334,494540.25,494540.25,494540.25,58.49789025,58.49789025,58.49789025,74.4807121661721
2478.905423,331474.8888888889,331474.8888888889,331474.8888888889,40.395802869791666,40.395802869791666,40.395802869791666,7330.0,7330.0,7330.0,43.79159,43.79159,43.79159,497147.125,497147.125,497147.125,60.761453625,60.761453625,60.761453625,74.62908011869436
2479.100358,355121.77777777775,355121.77777777775,355121.77777777775,40.93378713606771,40.93378713606771,40.93378713606771,7185.5,7185.5,7185.5,55.82082,55.82082,55.82082,499754.0,499754.0,499754.0,63.025017,63.025017,63.025017,74.77744807121661
2479.169192,378768.6666666667,378768.6666666667,378768.6666666667,41.47177140234375,41.47177140234375,41.47177140234375,7041.0,7041.0,7041.0,67.85005,67.85005,67.85005,504757.25,504757.25,504757.25,58.320291749999996,58.320291749999996,58.320291749999996,74.92581602373886
2482.290691,402415.55555555556,402415.55555555556,402415.55555555556,42.00975566861979,42.00975566861979,42.00975566861979,7359.0,7359.0,7359.0,51.36561,51.36561,51.36561,509760.5,509760.5,509760.5,53.6155665,53.6155665,53.6155665,75.07418397626112
2483.452808,426062.44444444444,426062.44444444444,426062.44444444444,42.54773993489584,42.54773993489584,42.54773993489584,7359.0,7359.0,7359.0,38.465042,38.465042,38.465042,514763.75,514763.75,514763.75,48.910841250000004,48.910841250000004,48.910841250000004,75.22255192878337
2484.083809,449709.3333333334,449709.3333333334,449709.3333333334,43.08572420117188,43.08572420117188,43.08572420117188,7349.333333333333,7349.333333333333,7349.333333333333,42.77280666666667,42.77280666666667,42.77280666666667,519767.0,519767.0,519767.0,44.206116,44.206116,44.206116,75.37091988130564
2487.377848,473356.22222222225,473356.22222222225,473356.22222222225,43.62370846744792,43.62370846744792,43.62370846744792,7339.666666666667,7339.666666666667,7339.666666666667,47.08057133333333,47.08057133333333,47.08057133333333,499047.0,499047.0,499047.0,46.63763,46.63763,46.63763,75.51928783382789
2487.46969,497003.1111111111,497003.1111111111,497003.1111111111,44.16169273372396,44.16169273372396,44.16169273372396,7330.0,7330.0,7330.0,51.388336,51.388336,51.388336,492250.3333333333,492250.3333333333,492250.3333333333,49.6681,49.6681,49.6681,75.66765578635014
2492.170341,520650.0,520650.0,520650.0,44.699677,44.699677,44.699677,7292.857142857143,7292.857142857143,7292.857142857143,50.974628,50.974628,50.974628,485453.6666666667,485453.6666666667,485453.6666666667,52.69857,52.69857,52.69857,75.8160237388724
2494.559368,457212.0,457212.0,457212.0,47.53962485628255,47.53962485628255,47.53962485628255,7255.714285714285,7255.714285714285,7255.714285714285,50.56092,50.56092,50.56092,478657.0,478657.0,478657.0,55.72904,55.72904,55.72904,75.96439169139465
2499.185507,393774.0,393774.0,393774.0,50.37957271256511,50.37957271256511,50.37957271256511,7218.571428571428,7218.571428571428,7218.571428571428,50.147212,50.147212,50.147212,499708.0,499708.0,499708.0,40.183826,40.183826,40.183826,76.1127596439169
2501.473224878311,330336.0,330336.0,330336.0,53.219520568847656,53.219520568847656,53.219520568847656,7181.428571428572,7181.428571428572,7181.428571428572,49.733503999999996,49.733503999999996,49.733503999999996,492612.6666666667,492612.6666666667,492612.6666666667,39.46695166666667,39.46695166666667,39.46695166666667,76.26112759643917
2527.454226,500482.0,500482.0,500482.0,82.22477,82.22477,82.22477,7144.285714285715,7144.285714285715,7144.285714285715,49.319796,49.319796,49.319796,485517.3333333333,485517.3333333333,485517.3333333333,38.75007733333334,38.75007733333334,38.75007733333334,76.40949554896142
2569.558972,500263.4,500263.4,500263.4,78.26402,78.26402,78.26402,7107.142857142857,7107.142857142857,7107.142857142857,48.906088,48.906088,48.906088,478422.0,478422.0,478422.0,38.033203,38.033203,38.033203,76.55786350148367
2573.656498,500044.8,500044.8,500044.8,74.30327,74.30327,74.30327,7070.0,7070.0,7070.0,48.49238,48.49238,48.49238,485329.6666666667,485329.6666666667,485329.6666666667,36.878819666666665,36.878819666666665,36.878819666666665,76.70623145400593
2577.319578,499826.2,499826.2,499826.2,70.34252000000001,70.34252000000001,70.34252000000001,7590.0,7590.0,7590.0,83.32923,83.32923,83.32923,492237.3333333333,492237.3333333333,492237.3333333333,35.72443633333334,35.72443633333334,35.72443633333334,76.85459940652818
2578.453,499607.6,499607.6,499607.6,66.38177,66.38177,66.38177,7597.25,7597.25,7597.25,75.89717575,75.89717575,75.89717575,499145.0,499145.0,499145.0,34.570053,34.570053,34.570053,77.00296735905044
2587.363097,499389.0,499389.0,499389.0,62.42102,62.42102,62.42102,7604.5,7604.5,7604.5,68.4651215,68.4651215,68.4651215,502218.14285714284,502218.14285714284,502218.14285714284,36.66429185714286,36.66429185714286,36.66429185714286,77.1513353115727
2592.27156,520351.0,520351.0,520351.0,68.3273,68.3273,68.3273,7611.75,7611.75,7611.75,61.03306725,61.03306725,61.03306725,505291.28571428574,505291.28571428574,505291.28571428574,38.75853071428572,38.75853071428572,38.75853071428572,77.29970326409494
2598.964662,520215.3333333333,520215.3333333333,520215.3333333333,61.62073833333333,61.62073833333333,61.62073833333333,7619.0,7619.0,7619.0,53.601013,53.601013,53.601013,508364.4285714286,508364.4285714286,508364.4285714286,40.852769571428574,40.852769571428574,40.852769571428574,77.44807121661721
2599.241323,520079.6666666667,520079.6666666667,520079.6666666667,54.91417666666666,54.91417666666666,54.91417666666666,7330.0,7330.0,7330.0,49.747444,49.747444,49.747444,511437.5714285714,511437.5714285714,511437.5714285714,42.94700842857143,42.94700842857143,42.94700842857143,77.59643916913946
2602.842824,519944.0,519944.0,519944.0,48.207615,48.207615,48.207615,7489.0,7489.0,7489.0,45.123827000000006,45.123827000000006,45.123827000000006,514510.71428571426,514510.71428571426,514510.71428571426,45.04124728571429,45.04124728571429,45.04124728571429,77.74480712166171
2603.531181,523534.1666666667,523534.1666666667,523534.1666666667,51.16252083333333,51.16252083333333,51.16252083333333,7648.0,7648.0,7648.0,40.50021,40.50021,40.50021,517583.85714285716,517583.85714285716,517583.85714285716,47.13548614285715,47.13548614285715,47.13548614285715,77.89317507418397
2604.150468,527124.3333333334,527124.3333333334,527124.3333333334,54.11742666666667,54.11742666666667,54.11742666666667,7633.5,7633.5,7633.5,57.553565000000006,57.553565000000006,57.553565000000006,520657.0,520657.0,520657.0,49.229725,49.229725,49.229725,78.04154302670622
2607.367322,530714.5,530714.5,530714.5,57.0723325,57.0723325,57.0723325,7619.0,7619.0,7619.0,74.60692,74.60692,74.60692,527401.3333333334,527401.3333333334,527401.3333333334,47.53334433333333,47.53334433333333,47.53334433333333,78.18991097922849
2607.548244,534304.6666666666,534304.6666666666,534304.6666666666,60.02723833333333,60.02723833333333,60.02723833333333,7619.0,7619.0,7619.0,65.45567,65.45567,65.45567,534145.6666666666,534145.6666666666,534145.6666666666,45.83696366666667,45.83696366666667,45.83696366666667,78.33827893175074
2614.154394,537894.8333333334,537894.8333333334,537894.8333333334,62.982144166666664,62.982144166666664,62.982144166666664,7644.666666666667,7644.666666666667,7644.666666666667,66.47057,66.47057,66.47057,540890.0,540890.0,540890.0,44.140583,44.140583,44.140583,78.48664688427299
2617.217369,541485.0,541485.0,541485.0,65.93705,65.93705,65.93705,7670.333333333333,7670.333333333333,7670.333333333333,67.48546999999999,67.48546999999999,67.48546999999999,530613.0,530613.0,530613.0,40.540004499999995,40.540004499999995,40.540004499999995,78.63501483679525
2617.425588,536382.75,536382.75,536382.75,74.4397,74.4397,74.4397,7696.0,7696.0,7696.0,68.50037,68.50037,68.50037,520336.0,520336.0,520336.0,36.939426,36.939426,36.939426,78.7833827893175
2624.605442,531280.5,531280.5,531280.5,82.94235,82.94235,82.94235,7721.666666666667,7721.666666666667,7721.666666666667,69.51527,69.51527,69.51527,499468.0,499468.0,499468.0,69.88093,69.88093,69.88093,78.93175074183975
2629.237873,526178.25,526178.25,526178.25,91.445,91.445,91.445,7747.333333333333,7747.333333333333,7747.333333333333,70.53017,70.53017,70.53017,520559.0,520559.0,520559.0,49.392937,49.392937,49.392937,79.08011869436201
2657.495896,521076.0,521076.0,521076.0,99.94765,99.94765,99.94765,7773.0,7773.0,7773.0,71.54507,71.54507,71.54507,516279.2,516279.2,516279.2,49.161841,49.161841,49.161841,79.22848664688426
2664.1043519973755,329194.0,329194.0,329194.0,38.41033935546875,38.41033935546875,38.41033935546875,7798.666666666667,7798.666666666667,7798.666666666667,72.55996999999999,72.55996999999999,72.55996999999999,511999.4,511999.4,511999.4,48.930745,48.930745,48.930745,79.37685459940653
2679.2544078826904,350860.0,350860.0,350860.0,48.65016555786133,48.65016555786133,48.65016555786133,7824.333333333333,7824.333333333333,7824.333333333333,73.57487,73.57487,73.57487,507719.6,507719.6,507719.6,48.699649,48.699649,48.699649,79.52522255192878
2702.373035,384676.6,384676.6,384676.6,51.231439246289064,51.231439246289064,51.231439246289064,7850.0,7850.0,7850.0,74.58977,74.58977,74.58977,503439.8,503439.8,503439.8,48.468553,48.468553,48.468553,79.67359050445103
2704.600747,418493.2,418493.2,418493.2,53.8127129347168,53.8127129347168,53.8127129347168,7604.5,7604.5,7604.5,56.450455000000005,56.450455000000005,56.450455000000005,499160.0,499160.0,499160.0,48.237457,48.237457,48.237457,79.82195845697329
2708.732016,452309.8,452309.8,452309.8,56.39398662314453,56.39398662314453,56.39398662314453,7359.0,7359.0,7359.0,38.31114,38.31114,38.31114,509619.5,509619.5,509619.5,54.804790499999996,54.804790499999996,54.804790499999996,79.97032640949554
2713.507309,486126.4,486126.4,486126.4,58.975260311572264,58.975260311572264,58.975260311572264,7496.25,7496.25,7496.25,47.7160115,47.7160115,47.7160115,520079.0,520079.0,520079.0,61.372124,61.372124,61.372124,80.11869436201779
2717.419188,519943.0,519943.0,519943.0,61.556534,61.556534,61.556534,7633.5,7633.5,7633.5,57.120883000000006,57.120883000000006,57.120883000000006,523624.6666666667,523624.6666666667,523624.6666666667,61.437071,61.437071,61.437071,80.26706231454006
2722.319387,540993.0,540993.0,540993.0,51.559124,51.559124,51.559124,7770.75,7770.75,7770.75,66.5257545,66.5257545,66.5257545,527170.3333333334,527170.3333333334,527170.3333333334,61.502018,61.502018,61.502018,80.4154302670623
2724.041471,540998.1428571428,540998.1428571428,540998.1428571428,50.90200857142857,50.90200857142857,50.90200857142857,7908.0,7908.0,7908.0,75.930626,75.930626,75.930626,530716.0,530716.0,530716.0,61.566964999999996,61.566964999999996,61.566964999999996,80.56379821958457
2724.314805,541003.2857142857,541003.2857142857,541003.2857142857,50.244893142857144,50.244893142857144,50.244893142857144,7590.0,7590.0,7590.0,44.412895,44.412895,44.412895,534261.6666666666,534261.6666666666,534261.6666666666,61.631912,61.631912,61.631912,80.71216617210682
2728.593709,541008.4285714285,541008.4285714285,541008.4285714285,49.587777714285714,49.587777714285714,49.587777714285714,7908.0,7908.0,7908.0,42.96927,42.96927,42.96927,537807.3333333334,537807.3333333334,537807.3333333334,61.696859,61.696859,61.696859,80.86053412462907
2729.199635,541013.5714285715,541013.5714285715,541013.5714285715,48.930662285714284,48.930662285714284,48.930662285714284,7908.0,7908.0,7908.0,62.914955000000006,62.914955000000006,62.914955000000006,541353.0,541353.0,541353.0,61.761806,61.761806,61.761806,81.00890207715133
2732.436084,541018.7142857143,541018.7142857143,541018.7142857143,48.273546857142854,48.273546857142854,48.273546857142854,7908.0,7908.0,7908.0,82.86064,82.86064,82.86064,541197.4,541197.4,541197.4,56.8567418,56.8567418,56.8567418,81.15727002967358
2732.591924,541023.8571428572,541023.8571428572,541023.8571428572,47.61643142857143,47.61643142857143,47.61643142857143,7908.0,7908.0,7908.0,87.844055,87.844055,87.844055,541041.8,541041.8,541041.8,51.9516776,51.9516776,51.9516776,81.30563798219583
2732.891512,541029.0,541029.0,541029.0,46.959316,46.959316,46.959316,7936.875,7936.875,7936.875,89.425771875,89.425771875,89.425771875,540886.2,540886.2,540886.2,47.0466134,47.0466134,47.0466134,81.4540059347181
2742.272788,561894.0,561894.0,561894.0,98.27497,98.27497,98.27497,7965.75,7965.75,7965.75,91.00748875,91.00748875,91.00748875,540730.6,540730.6,540730.6,42.1415492,42.1415492,42.1415492,81.60237388724035
2742.479718,558159.8,558159.8,558159.8,121.92428799999999,121.92428799999999,121.92428799999999,7994.625,7994.625,7994.625,92.58920562499999,92.58920562499999,92.58920562499999,540575.0,540575.0,540575.0,37.236485,37.236485,37.236485,81.75074183976261
2749.198579,554425.6,554425.6,554425.6,145.57360599999998,145.57360599999998,145.57360599999998,8023.5,8023.5,8023.5,94.17092249999999,94.17092249999999,94.17092249999999,561771.0,561771.0,561771.0,42.03993,42.03993,42.03993,81.89910979228486
2759.289123,550691.4,550691.4,550691.4,169.222924,169.222924,169.222924,8052.375,8052.375,8052.375,95.752639375,95.752639375,95.752639375,541046.0,541046.0,541046.0,82.117134,82.117134,82.117134,82.04747774480711
2764.649554,546957.2,546957.2,546957.2,192.872242,192.872242,192.872242,8081.25,8081.25,8081.25,97.33435625,97.33435625,97.33435625,520678.0,520678.0,520678.0,63.515663,63.515663,63.515663,82.19584569732937
2797.545466,543223.0,543223.0,543223.0,216.52156,216.52156,216.52156,8110.125,8110.125,8110.125,98.916073125,98.916073125,98.916073125,520544.75,520544.75,520544.75,60.575941,60.575941,60.575941,82.34421364985162
2827.430371,511098.5,511098.5,511098.5,187.6441721110026,187.6441721110026,187.6441721110026,8139.0,8139.0,8139.0,100.49779,100.49779,100.49779,520411.5,520411.5,520411.5,57.636219,57.636219,57.636219,82.49258160237387
2838.807946,478974.0,478974.0,478974.0,158.7667842220052,158.7667842220052,158.7667842220052,7648.0,7648.0,7648.0,48.473026,48.473026,48.473026,520278.25,520278.25,520278.25,54.696497,54.696497,54.696497,82.64094955489614
2839.649566,446849.5,446849.5,446849.5,129.88939633300782,129.88939633300782,129.88939633300782,7705.666666666667,7705.666666666667,7705.666666666667,131.35015066666665,131.35015066666665,131.35015066666665,520145.0,520145.0,520145.0,51.756775,51.756775,51.756775,82.78931750741839
2848.546665,414725.0,414725.0,414725.0,101.01200844401042,101.01200844401042,101.01200844401042,7763.333333333333,7763.333333333333,7763.333333333333,214.22727533333332,214.22727533333332,214.22727533333332,540772.0,540772.0,540772.0,44.43708,44.43708,44.43708,82.93768545994065
2849.385887,382600.5,382600.5,382600.5,72.13462055501302,72.13462055501302,72.13462055501302,7821.0,7821.0,7821.0,297.1044,297.1044,297.1044,543750.4285714285,543750.4285714285,543750.4285714285,45.444644571428576,45.444644571428576,45.444644571428576,83.0860534124629
2852.3342518806458,350476.0,350476.0,350476.0,43.257232666015625,43.257232666015625,43.257232666015625,7936.666666666667,7936.666666666667,7936.666666666667,217.583539,217.583539,217.583539,546728.8571428572,546728.8571428572,546728.8571428572,46.45220914285714,46.45220914285714,46.45220914285714,83.23442136498515
2852.473788,540865.0,540865.0,540865.0,58.109768,58.109768,58.109768,8052.333333333333,8052.333333333333,8052.333333333333,138.062678,138.062678,138.062678,549707.2857142857,549707.2857142857,549707.2857142857,47.45977371428572,47.45977371428572,47.45977371428572,83.38278931750742
2852.656363,545128.6,545128.6,545128.6,57.585394400000006,57.585394400000006,57.585394400000006,8168.0,8168.0,8168.0,58.541817,58.541817,58.541817,552685.7142857143,552685.7142857143,552685.7142857143,48.467338285714284,48.467338285714284,48.467338285714284,83.53115727002967
2853.675524,549392.2,549392.2,549392.2,57.0610208,57.0610208,57.0610208,8197.0,8197.0,8197.0,60.11082,60.11082,60.11082,555664.1428571428,555664.1428571428,555664.1428571428,49.47490285714286,49.47490285714286,49.47490285714286,83.67952522255192
2854.120588,553655.8,553655.8,553655.8,56.536647200000004,56.536647200000004,56.536647200000004,8197.0,8197.0,8197.0,73.365974,73.365974,73.365974,558642.5714285715,558642.5714285715,558642.5714285715,50.482467428571425,50.482467428571425,50.482467428571425,83.82789317507418
2854.241681,557919.4,557919.4,557919.4,56.0122736,56.0122736,56.0122736,8189.75,8189.75,8189.75,69.10891975,69.10891975,69.10891975,561621.0,561621.0,561621.0,51.490032,51.490032,51.490032,83.97626112759643
2857.775609,562183.0,562183.0,562183.0,55.4879,55.4879,55.4879,8182.5,8182.5,8182.5,64.8518655,64.8518655,64.8518655,561587.3333333334,561587.3333333334,561587.3333333334,50.355175,50.355175,50.355175,84.1246290801187
2859.1814138889313,370918.0,370918.0,370918.0,57.991207122802734,57.991207122802734,57.991207122802734,8175.25,8175.25,8175.25,60.59481125,60.59481125,60.59481125,561553.6666666666,561553.6666666666,561553.6666666666,49.220318,49.220318,49.220318,84.27299703264094
2862.496391,466382.5,466382.5,466382.5,78.87054356140138,78.87054356140138,78.87054356140138,8168.0,8168.0,8168.0,56.337757,56.337757,56.337757,561520.0,561520.0,561520.0,48.085460999999995,48.085460999999995,48.085460999999995,84.4213649851632
2862.94024,561847.0,561847.0,561847.0,99.74988,99.74988,99.74988,8196.875,8196.875,8196.875,64.05736362500001,64.05736362500001,64.05736362500001,561486.3333333334,561486.3333333334,561486.3333333334,46.950604,46.950604,46.950604,84.56973293768546
2872.339454,582593.0,582593.0,582593.0,82.736664,82.736664,82.736664,8225.75,8225.75,8225.75,71.77697025,71.77697025,71.77697025,561452.6666666666,561452.6666666666,561452.6666666666,45.815747,45.815747,45.815747,84.71810089020771
2872.522214,578907.4,578907.4,578907.4,90.914058,90.914058,90.914058,8254.625,8254.625,8254.625,79.496576875,79.496576875,79.496576875,561419.0,561419.0,561419.0,44.68089,44.68089,44.68089,84.86646884272996
2889.245415,575221.8,575221.8,575221.8,99.091452,99.091452,99.091452,8283.5,8283.5,8283.5,87.2161835,87.2161835,87.2161835,582618.0,582618.0,582618.0,38.62739,38.62739,38.62739,85.01483679525222
2894.33776,571536.2,571536.2,571536.2,107.268846,107.268846,107.268846,8312.375,8312.375,8312.375,94.93579012500001,94.93579012500001,94.93579012500001,562149.0,562149.0,562149.0,69.32457,69.32457,69.32457,85.16320474777447
2899.693837,567850.6,567850.6,567850.6,115.44623999999999,115.44623999999999,115.44623999999999,8341.25,8341.25,8341.25,102.65539675,102.65539675,102.65539675,540891.0,540891.0,540891.0,112.4717,112.4717,112.4717,85.31157270029674
2932.618474,564165.0,564165.0,564165.0,123.623634,123.623634,123.623634,8370.125,8370.125,8370.125,110.375003375,110.375003375,110.375003375,540189.4285714285,540189.4285714285,540189.4285714285,106.34948514285715,106.34948514285715,106.34948514285715,85.45994065281899
2957.490868,563958.1,563958.1,563958.1,119.85764209999999,119.85764209999999,119.85764209999999,8399.0,8399.0,8399.0,118.09461,118.09461,118.09461,539487.8571428572,539487.8571428572,539487.8571428572,100.22727028571428,100.22727028571428,100.22727028571428,85.60830860534124
2973.89281,563751.2,563751.2,563751.2,116.09165019999999,116.09165019999999,116.09165019999999,7937.0,7937.0,7937.0,56.652275,56.652275,56.652275,538786.2857142857,538786.2857142857,538786.2857142857,94.10505542857143,94.10505542857143,94.10505542857143,85.7566765578635
2974.459044,563544.3,563544.3,563544.3,112.32565829999999,112.32565829999999,112.32565829999999,8081.0,8081.0,8081.0,422.4826,422.4826,422.4826,538084.7142857143,538084.7142857143,538084.7142857143,87.98284057142857,87.98284057142857,87.98284057142857,85.90504451038575
2977.758946,563337.4,563337.4,563337.4,108.5596664,108.5596664,108.5596664,8457.0,8457.0,8457.0,71.13902,71.13902,71.13902,537383.1428571428,537383.1428571428,537383.1428571428,81.86062571428572,81.86062571428572,81.86062571428572,86.053412462908
2978.75956,563130.5,563130.5,563130.5,104.7936745,104.7936745,104.7936745,8486.0,8486.0,8486.0,39.72601,39.72601,39.72601,536681.5714285715,536681.5714285715,536681.5714285715,75.73841085714287,75.73841085714287,75.73841085714287,86.20178041543026
2982.809137,562923.6,562923.6,562923.6,101.02768259999999,101.02768259999999,101.02768259999999,8471.5,8471.5,8471.5,54.7698425,54.7698425,54.7698425,535980.0,535980.0,535980.0,69.616196,69.616196,69.616196,86.35014836795251
2984.203693,562716.7,562716.7,562716.7,97.26169069999999,97.26169069999999,97.26169069999999,8457.0,8457.0,8457.0,69.813675,69.813675,69.813675,548874.5,548874.5,548874.5,99.361063,99.361063,99.361063,86.49851632047476
2988.611729,562509.8,562509.8,562509.8,93.49569879999999,93.49569879999999,93.49569879999999,8457.0,8457.0,8457.0,70.0626975,70.0626975,70.0626975,561769.0,561769.0,561769.0,129.10593,129.10593,129.10593,86.64688427299703
2989.286678,562302.9,562302.9,562302.9,89.7297069,89.7297069,89.7297069,8457.0,8457.0,8457.0,70.31172000000001,70.31172000000001,70.31172000000001,583121.0,583121.0,583121.0,98.738556,98.738556,98.738556,86.79525222551928
2992.53449,562096.0,562096.0,562096.0,85.963715,85.963715,85.963715,8457.0,8457.0,8457.0,70.5607425,70.5607425,70.5607425,583049.3333333334,583049.3333333334,583049.3333333334,91.07181616666666,91.07181616666666,91.07181616666666,86.94362017804154
2992.83231,583009.0,583009.0,583009.0,81.01553,81.01553,81.01553,8457.0,8457.0,8457.0,70.809765,70.809765,70.809765,582977.6666666666,582977.6666666666,582977.6666666666,83.40507633333334,83.40507633333334,83.40507633333334,87.09198813056379
2997.987604,583217.0,583217.0,583217.0,88.99155,88.99155,88.99155,8457.0,8457.0,8457.0,71.05878750000001,71.05878750000001,71.05878750000001,582906.0,582906.0,582906.0,75.7383365,75.7383365,75.7383365,87.24035608308604
3002.562618,593621.5,593621.5,593621.5,124.809055,124.809055,124.809055,8457.0,8457.0,8457.0,71.30781,71.30781,71.30781,582834.3333333334,582834.3333333334,582834.3333333334,68.07159666666666,68.07159666666666,68.07159666666666,87.3887240356083
3007.403328,604026.0,604026.0,604026.0,160.62656,160.62656,160.62656,8479.444444444445,8479.444444444445,8479.444444444445,72.22875400000001,72.22875400000001,72.22875400000001,582762.6666666666,582762.6666666666,582762.6666666666,60.404856833333334,60.404856833333334,60.404856833333334,87.53709198813056
3007.580557,551003.0,551003.0,551003.0,136.97178920166016,136.97178920166016,136.97178920166016,8501.888888888889,8501.888888888889,8501.888888888889,73.149698,73.149698,73.149698,582691.0,582691.0,582691.0,52.738117,52.738117,52.738117,87.6854599406528
3024.287884,497980.0,497980.0,497980.0,113.31701840332032,113.31701840332032,113.31701840332032,8524.333333333334,8524.333333333334,8524.333333333334,74.070642,74.070642,74.070642,603043.0,603043.0,603043.0,48.87663,48.87663,48.87663,87.83382789317507
3029.387456,444957.0,444957.0,444957.0,89.66224760498048,89.66224760498048,89.66224760498048,8546.777777777777,8546.777777777777,8546.777777777777,74.991586,74.991586,74.991586,582972.0,582972.0,582972.0,152.99403,152.99403,152.99403,87.98219584569732
3033.9550569057465,391934.0,391934.0,391934.0,66.00747680664062,66.00747680664062,66.00747680664062,8569.222222222223,8569.222222222223,8569.222222222223,75.91253,75.91253,75.91253,576031.0,576031.0,576031.0,128.14885333333334,128.14885333333334,128.14885333333334,88.13056379821958
3043.853371143341,370991.0,370991.0,370991.0,66.90196228027344,66.90196228027344,66.90196228027344,8591.666666666666,8591.666666666666,8591.666666666666,76.833474,76.833474,76.833474,569090.0,569090.0,569090.0,103.30367666666666,103.30367666666666,103.30367666666666,88.27893175074183
3044.76986,478465.0,478465.0,478465.0,132.5213011401367,132.5213011401367,132.5213011401367,8614.111111111111,8614.111111111111,8614.111111111111,77.754418,77.754418,77.754418,562149.0,562149.0,562149.0,78.4585,78.4585,78.4585,88.42729970326408
3072.673767,585939.0,585939.0,585939.0,198.14064,198.14064,198.14064,8636.555555555555,8636.555555555555,8636.555555555555,78.67536199999999,78.67536199999999,78.67536199999999,567304.125,567304.125,567304.125,74.36314975,74.36314975,74.36314975,88.57566765578635
3092.557457,585543.3333333334,585543.3333333334,585543.3333333334,180.29480588888887,180.29480588888887,180.29480588888887,8659.0,8659.0,8659.0,79.596306,79.596306,79.596306,572459.25,572459.25,572459.25,70.2677995,70.2677995,70.2677995,88.7240356083086
3102.841316,585147.6666666666,585147.6666666666,585147.6666666666,162.44897177777779,162.44897177777779,162.44897177777779,8746.0,8746.0,8746.0,85.663795,85.663795,85.663795,577614.375,577614.375,577614.375,66.17244925,66.17244925,66.17244925,88.87240356083085
3104.525752,584752.0,584752.0,584752.0,144.60313766666667,144.60313766666667,144.60313766666667,8283.0,8283.0,8283.0,622.3899,622.3899,622.3899,582769.5,582769.5,582769.5,62.077099000000004,62.077099000000004,62.077099000000004,89.02077151335311
3108.842112,584356.3333333334,584356.3333333334,584356.3333333334,126.75730355555555,126.75730355555555,126.75730355555555,8775.0,8775.0,8775.0,55.406845,55.406845,55.406845,587924.625,587924.625,587924.625,57.98174875,57.98174875,57.98174875,89.16913946587536
3113.973879,583960.6666666666,583960.6666666666,583960.6666666666,108.91146944444444,108.91146944444444,108.91146944444444,8197.0,8197.0,8197.0,60.139755,60.139755,60.139755,593079.75,593079.75,593079.75,53.8863985,53.8863985,53.8863985,89.31750741839762
3119.29008,583565.0,583565.0,583565.0,91.06563533333333,91.06563533333333,91.06563533333333,8746.0,8746.0,8746.0,124.27074,124.27074,124.27074,598234.875,598234.875,598234.875,49.79104825,49.79104825,49.79104825,89.46587537091987
3119.298042,583169.3333333334,583169.3333333334,583169.3333333334,73.21980122222223,73.21980122222223,73.21980122222223,8746.0,8746.0,8746.0,118.65812722222222,118.65812722222222,118.65812722222222,603390.0,603390.0,603390.0,45.695698,45.695698,45.695698,89.61424332344212
3121.86578,582773.6666666666,582773.6666666666,582773.6666666666,55.373967111111114,55.373967111111114,55.373967111111114,8746.0,8746.0,8746.0,113.04551444444445,113.04551444444445,113.04551444444445,561881.0,561881.0,561881.0,48.274387,48.274387,48.274387,89.76261127596439
3127.585192,582378.0,582378.0,582378.0,37.528133,37.528133,37.528133,8746.0,8746.0,8746.0,107.43290166666667,107.43290166666667,107.43290166666667,567240.75,567240.75,567240.75,54.6131065,54.6131065,54.6131065,89.91097922848664
3132.896093,604227.0,604227.0,604227.0,62.073494,62.073494,62.073494,8746.0,8746.0,8746.0,101.8202888888889,101.8202888888889,101.8202888888889,572600.5,572600.5,572600.5,60.951826,60.951826,60.951826,90.05934718100889
3133.036437,604065.0,604065.0,604065.0,53.024555,53.024555,53.024555,8746.0,8746.0,8746.0,96.20767611111111,96.20767611111111,96.20767611111111,577960.25,577960.25,577960.25,67.29054550000001,67.29054550000001,67.29054550000001,90.20771513353115
3133.679057,614772.0,614772.0,614772.0,81.3878955,81.3878955,81.3878955,8746.0,8746.0,8746.0,90.59506333333334,90.59506333333334,90.59506333333334,583320.0,583320.0,583320.0,73.629265,73.629265,73.629265,90.3560830860534
3142.477984,625479.0,625479.0,625479.0,109.751236,109.751236,109.751236,8746.0,8746.0,8746.0,84.98245055555556,84.98245055555556,84.98245055555556,593344.5,593344.5,593344.5,57.015217500000006,57.015217500000006,57.015217500000006,90.50445103857567
3142.645589,589988.8333333334,589988.8333333334,589988.8333333334,99.31632426574707,99.31632426574707,99.31632426574707,8746.0,8746.0,8746.0,79.36983777777778,79.36983777777778,79.36983777777778,603369.0,603369.0,603369.0,40.40117,40.40117,40.40117,90.65281899109792
3147.623931,554498.6666666666,554498.6666666666,554498.6666666666,88.88141253149415,88.88141253149415,88.88141253149415,8746.0,8746.0,8746.0,73.757225,73.757225,73.757225,613569.5,613569.5,613569.5,41.4826515,41.4826515,41.4826515,90.80118694362017
3169.332096,519008.5,519008.5,519008.5,78.44650079724121,78.44650079724121,78.44650079724121,8774.833333333334,8774.833333333334,8774.833333333334,95.6639725,95.6639725,95.6639725,623770.0,623770.0,623770.0,42.564133,42.564133,42.564133,90.94955489614243
3169.443193,483518.3333333334,483518.3333333334,483518.3333333334,68.01158906298829,68.01158906298829,68.01158906298829,8803.666666666666,8803.666666666666,8803.666666666666,117.57072,117.57072,117.57072,604223.0,604223.0,604223.0,119.11365,119.11365,119.11365,91.09792284866468
3189.81673,448028.1666666667,448028.1666666667,448028.1666666667,57.57667732873536,57.57667732873536,57.57667732873536,8832.5,8832.5,8832.5,139.4774675,139.4774675,139.4774675,583498.0,583498.0,583498.0,898.03973,898.03973,898.03973,91.24629080118693
3207.2352600097656,412538.0,412538.0,412538.0,47.14176559448242,47.14176559448242,47.14176559448242,8861.333333333334,8861.333333333334,8861.333333333334,161.38421499999998,161.38421499999998,161.38421499999998,587598.3,587598.3,587598.3,815.661074,815.661074,815.661074,91.3946587537092
3212.875744,607432.0,607432.0,607432.0,268.14,268.14,268.14,8890.166666666666,8890.166666666666,8890.166666666666,183.29096249999998,183.29096249999998,183.29096249999998,591698.6,591698.6,591698.6,733.282418,733.282418,733.282418,91.54302670623144
3227.619661,553464.75,553464.75,553464.75,214.65433261871337,214.65433261871337,214.65433261871337,8919.0,8919.0,8919.0,205.19771,205.19771,205.19771,595798.9,595798.9,595798.9,650.9037619999999,650.9037619999999,650.9037619999999,91.69139465875371
3232.92316,499497.5,499497.5,499497.5,161.16866523742675,161.16866523742675,161.16866523742675,9006.0,9006.0,9006.0,243.02734,243.02734,243.02734,599899.2,599899.2,599899.2,568.5251059999999,568.5251059999999,568.5251059999999,91.83976261127596
3234.602332,445530.25,445530.25,445530.25,107.68299785614013,107.68299785614013,107.68299785614013,8514.0,8514.0,8514.0,265.51764,265.51764,265.51764,603999.5,603999.5,603999.5,486.14644999999996,486.14644999999996,486.14644999999996,91.98813056379821
3237.658689022064,391563.0,391563.0,391563.0,54.19733047485352,54.19733047485352,54.19733047485352,8774.5,8774.5,8774.5,158.3547575,158.3547575,158.3547575,608099.8,608099.8,608099.8,403.7677939999999,403.7677939999999,403.7677939999999,92.13649851632047
3243.931916,430429.1666666667,430429.1666666667,430429.1666666667,65.9959887290446,65.9959887290446,65.9959887290446,9035.0,9035.0,9035.0,51.191875,51.191875,51.191875,612200.1,612200.1,612200.1,321.3891379999999,321.3891379999999,321.3891379999999,92.28486646884272
3249.054018,469295.3333333333,469295.3333333333,469295.3333333333,77.79464698323568,77.79464698323568,77.79464698323568,8486.0,8486.0,8486.0,78.98279,78.98279,78.98279,616300.4,616300.4,616300.4,239.0104819999999,239.0104819999999,239.0104819999999,92.43323442136497
3249.36974,508161.5,508161.5,508161.5,89.59330523742676,89.59330523742676,89.59330523742676,9006.0,9006.0,9006.0,53.832527,53.832527,53.832527,620400.7,620400.7,620400.7,156.63182599999993,156.63182599999993,156.63182599999993,92.58160237388724
3254.361203,547027.6666666666,547027.6666666666,547027.6666666666,101.39196349161783,101.39196349161783,101.39196349161783,9006.0,9006.0,9006.0,57.190741125,57.190741125,57.190741125,624501.0,624501.0,624501.0,74.25317,74.25317,74.25317,92.72997032640949
3261.913098,585893.8333333333,585893.8333333333,585893.8333333333,113.1906217458089,113.1906217458089,113.1906217458089,9006.0,9006.0,9006.0,60.54895525,60.54895525,60.54895525,582440.0,582440.0,582440.0,66.909065,66.909065,66.909065,92.87833827893175
3268.089383,624760.0,624760.0,624760.0,124.98928,124.98928,124.98928,9006.0,9006.0,9006.0,63.907169374999995,63.907169374999995,63.907169374999995,590755.8,590755.8,590755.8,61.779455999999996,61.779455999999996,61.779455999999996,93.026706231454
3272.635655,603776.0,603776.0,603776.0,68.32928,68.32928,68.32928,9006.0,9006.0,9006.0,67.2653835,67.2653835,67.2653835,599071.6,599071.6,599071.6,56.649847,56.649847,56.649847,93.17507418397625
3272.987014,625388.0,625388.0,625388.0,205.55162,205.55162,205.55162,9006.0,9006.0,9006.0,70.623597625,70.623597625,70.623597625,607387.4,607387.4,607387.4,51.520238,51.520238,51.520238,93.32344213649851
3277.542854,646754.0,646754.0,646754.0,437.2397,437.2397,437.2397,9006.0,9006.0,9006.0,73.98181174999999,73.98181174999999,73.98181174999999,615703.2,615703.2,615703.2,46.390629000000004,46.390629000000004,46.390629000000004,93.47181008902076
3277.810151,644253.2857142857,644253.2857142857,644253.2857142857,434.0840628571429,434.0840628571429,434.0840628571429,9006.0,9006.0,9006.0,77.340025875,77.340025875,77.340025875,624019.0,624019.0,624019.0,41.26102,41.26102,41.26102,93.62017804154301
3282.687169,641752.5714285715,641752.5714285715,641752.5714285715,430.9284257142857,430.9284257142857,430.9284257142857,9006.0,9006.0,9006.0,80.69824,80.69824,80.69824,614163.0,614163.0,614163.0,71.56039200000001,71.56039200000001,71.56039200000001,93.76854599406528
3288.753208,639251.8571428572,639251.8571428572,639251.8571428572,427.7727885714286,427.7727885714286,427.7727885714286,9054.166666666666,9054.166666666666,9054.166666666666,94.82287666666666,94.82287666666666,94.82287666666666,604307.0,604307.0,604307.0,101.859764,101.859764,101.859764,93.91691394658753
3309.496671,636751.1428571428,636751.1428571428,636751.1428571428,424.61715142857145,424.61715142857145,424.61715142857145,9102.333333333334,9102.333333333334,9102.333333333334,108.94751333333333,108.94751333333333,108.94751333333333,625575.0,625575.0,625575.0,150.19148,150.19148,150.19148,94.06528189910979
3324.371052,634250.4285714285,634250.4285714285,634250.4285714285,421.4615142857143,421.4615142857143,421.4615142857143,9150.5,9150.5,9150.5,123.07215,123.07215,123.07215,644685.0,644685.0,644685.0,51.35072,51.35072,51.35072,94.21364985163204
3334.87241,631749.7142857143,631749.7142857143,631749.7142857143,418.3058771428571,418.3058771428571,418.3058771428571,9198.666666666666,9198.666666666666,9198.666666666666,137.19678666666667,137.19678666666667,137.19678666666667,605155.0,605155.0,605155.0,615.6402,615.6402,615.6402,94.36201780415429
3357.928564,629249.0,629249.0,629249.0,415.15024,415.15024,415.15024,9246.833333333334,9246.833333333334,9246.833333333334,151.3214233333333,151.3214233333333,151.3214233333333,609719.7777777778,609719.7777777778,609719.7777777778,567.9381922222223,567.9381922222223,567.9381922222223,94.51038575667656
3362.998001,589699.8,589699.8,589699.8,344.54391178759766,344.54391178759766,344.54391178759766,9295.0,9295.0,9295.0,165.44606,165.44606,165.44606,614284.5555555555,614284.5555555555,614284.5555555555,520.2361844444445,520.2361844444445,520.2361844444445,94.6587537091988
3364.684435,550150.6,550150.6,550150.6,273.9375835751953,273.9375835751953,273.9375835751953,8745.0,8745.0,8745.0,323.74246,323.74246,323.74246,618849.3333333334,618849.3333333334,618849.3333333334,472.5341766666667,472.5341766666667,472.5341766666667,94.80712166172106
3367.680202,510601.4,510601.4,510601.4,203.33125536279294,203.33125536279294,203.33125536279294,9121.0,9121.0,9121.0,272.9554,272.9554,272.9554,623414.1111111111,623414.1111111111,623414.1111111111,424.83216888888893,424.83216888888893,424.83216888888893,94.95548961424332
3379.020753,471052.2,471052.2,471052.2,132.7249271503906,132.7249271503906,132.7249271503906,9324.0,9324.0,9324.0,70.938354,70.938354,70.938354,627978.8888888889,627978.8888888889,627978.8888888889,377.13016111111114,377.13016111111114,377.13016111111114,95.10385756676557
3383.10010099411,431503.0,431503.0,431503.0,62.11859893798828,62.11859893798828,62.11859893798828,9309.5,9309.5,9309.5,77.929737,77.929737,77.929737,632543.6666666666,632543.6666666666,632543.6666666666,329.4281533333334,329.4281533333334,329.4281533333334,95.25222551928782
3384.449835,485151.0,485151.0,485151.0,79.0383392034912,79.0383392034912,79.0383392034912,9295.0,9295.0,9295.0,84.92112,84.92112,84.92112,637108.4444444445,637108.4444444445,637108.4444444445,281.7261455555556,281.7261455555556,281.7261455555556,95.40059347181008
3394.16056,538799.0,538799.0,538799.0,95.95807946899414,95.95807946899414,95.95807946899414,8746.0,8746.0,8746.0,117.34227,117.34227,117.34227,641673.2222222222,641673.2222222222,641673.2222222222,234.0241377777778,234.0241377777778,234.0241377777778,95.54896142433233
3399.403838,592447.0,592447.0,592447.0,112.87781973449708,112.87781973449708,112.87781973449708,8824.42857142857,8824.42857142857,8824.42857142857,113.64970571428572,113.64970571428572,113.64970571428572,646238.0,646238.0,646238.0,186.32213,186.32213,186.32213,95.6973293768546
3408.149914,646095.0,646095.0,646095.0,129.79756,129.79756,129.79756,8902.857142857143,8902.857142857143,8902.857142857143,109.95714142857143,109.95714142857143,109.95714142857143,645620.6666666666,645620.6666666666,645620.6666666666,139.59354133333332,139.59354133333332,139.59354133333332,95.84569732937685
3412.694254,624646.0,624646.0,624646.0,79.39113,79.39113,79.39113,8981.285714285714,8981.285714285714,8981.285714285714,106.26457714285715,106.26457714285715,106.26457714285715,645003.3333333334,645003.3333333334,645003.3333333334,92.86495266666665,92.86495266666665,92.86495266666665,95.9940652818991
3412.864561,635625.5,635625.5,635625.5,286.148245,286.148245,286.148245,9059.714285714286,9059.714285714286,9059.714285714286,102.57201285714285,102.57201285714285,102.57201285714285,644386.0,644386.0,644386.0,46.136364,46.136364,46.136364,96.14243323442136
3413.045127,646605.0,646605.0,646605.0,492.90536,492.90536,492.90536,9138.142857142857,9138.142857142857,9138.142857142857,98.87944857142857,98.87944857142857,98.87944857142857,634185.75,634185.75,634185.75,64.795023,64.795023,64.795023,96.29080118694361
3417.601149,667917.0,667917.0,667917.0,82.02188,82.02188,82.02188,9216.57142857143,9216.57142857143,9216.57142857143,95.18688428571429,95.18688428571429,95.18688428571429,623985.5,623985.5,623985.5,83.453682,83.453682,83.453682,96.43916913946586
3417.747447,582375.3333333334,582375.3333333334,582375.3333333334,70.23600568318685,70.23600568318685,70.23600568318685,9295.0,9295.0,9295.0,91.49432,91.49432,91.49432,613785.25,613785.25,613785.25,102.112341,102.112341,102.112341,96.58753709198812
3421.970298,496833.6666666666,496833.6666666666,496833.6666666666,58.4501313663737,58.4501313663737,58.4501313663737,9336.285714285714,9336.285714285714,9336.285714285714,96.09001500000001,96.09001500000001,96.09001500000001,603585.0,603585.0,603585.0,120.771,120.771,120.771,96.73590504451037
3434.083899974823,411292.0,411292.0,411292.0,46.66425704956055,46.66425704956055,46.66425704956055,9377.57142857143,9377.57142857143,9377.57142857143,100.68571,100.68571,100.68571,625204.0,625204.0,625204.0,86.448125,86.448125,86.448125,96.88427299703264
3454.566531,445520.4285714286,445520.4285714286,445520.4285714286,110.73318175676619,110.73318175676619,110.73318175676619,9418.857142857143,9418.857142857143,9418.857142857143,105.281405,105.281405,105.281405,646823.0,646823.0,646823.0,52.12525,52.12525,52.12525,97.03264094955489
3472.177477,479748.85714285716,479748.85714285716,479748.85714285716,174.80210646397182,174.80210646397182,174.80210646397182,9460.142857142857,9460.142857142857,9460.142857142857,109.8771,109.8771,109.8771,622446.0,622446.0,622446.0,138.36328,138.36328,138.36328,97.18100890207714
3474.419646,513977.2857142857,513977.2857142857,513977.2857142857,238.87103117117746,238.87103117117746,238.87103117117746,9501.42857142857,9501.42857142857,9501.42857142857,114.472795,114.472795,114.472795,665708.0,665708.0,665708.0,54.381977,54.381977,54.381977,97.3293768545994
3479.922923,548205.7142857143,548205.7142857143,548205.7142857143,302.9399558783831,302.9399558783831,302.9399558783831,9542.714285714286,9542.714285714286,9542.714285714286,119.06849,119.06849,119.06849,627229.0,627229.0,627229.0,620.4775,620.4775,620.4775,97.47774480712165
3498.080191,582434.1428571428,582434.1428571428,582434.1428571428,367.0088805855887,367.0088805855887,367.0088805855887,9584.0,9584.0,9584.0,123.664185,123.664185,123.664185,631606.4444444445,631606.4444444445,631606.4444444445,556.4100557777778,556.4100557777778,556.4100557777778,97.6261127596439
3499.763625,616662.5714285714,616662.5714285714,616662.5714285714,431.0778052927944,431.0778052927944,431.0778052927944,8947.0,8947.0,8947.0,318.73926,318.73926,318.73926,635983.8888888889,635983.8888888889,635983.8888888889,492.34261155555555,492.34261155555555,492.34261155555555,97.77448071216617
3502.982126,650891.0,650891.0,650891.0,495.14673,495.14673,495.14673,9149.5,9149.5,9149.5,240.40390000000002,240.40390000000002,240.40390000000002,640361.3333333334,640361.3333333334,640361.3333333334,428.2751673333333,428.2751673333333,428.2751673333333,97.92284866468842
3512.742309,654180.8,654180.8,654180.8,461.222144,461.222144,461.222144,9352.0,9352.0,9352.0,162.06854,162.06854,162.06854,644738.7777777778,644738.7777777778,644738.7777777778,364.2077231111111,364.2077231111111,364.2077231111111,98.07121661721068
3514.112983,657470.6,657470.6,657470.6,427.297558,427.297558,427.297558,9613.0,9613.0,9613.0,68.15338,68.15338,68.15338,649116.2222222222,649116.2222222222,649116.2222222222,300.1402788888889,300.1402788888889,300.1402788888889,98.21958456973293
3519.531017,660760.4,660760.4,660760.4,393.372972,393.372972,393.372972,9555.0,9555.0,9555.0,100.275444,100.275444,100.275444,653493.6666666666,653493.6666666666,653493.6666666666,236.0728346666666,236.0728346666666,236.0728346666666,98.36795252225518
3534.242474,664050.2,664050.2,664050.2,359.448386,359.448386,359.448386,9035.0,9035.0,9035.0,61.903748,61.903748,61.903748,657871.1111111111,657871.1111111111,657871.1111111111,172.0053904444444,172.0053904444444,172.0053904444444,98.51632047477744
3548.204036,667340.0,667340.0,667340.0,325.5238,325.5238,325.5238,9116.833333333334,9116.833333333334,9116.833333333334,105.49971,105.49971,105.49971,662248.5555555555,662248.5555555555,662248.5555555555,107.9379462222222,107.9379462222222,107.9379462222222,98.6646884272997
3549.460884,656358.5,656358.5,656358.5,197.015935,197.015935,197.015935,9198.666666666666,9198.666666666666,9198.666666666666,149.09567199999998,149.09567199999998,149.09567199999998,666626.0,666626.0,666626.0,43.870502,43.870502,43.870502,98.81305637982194
3552.750793,645377.0,645377.0,645377.0,68.50807,68.50807,68.50807,9280.5,9280.5,9280.5,192.691634,192.691634,192.691634,666120.0,666120.0,666120.0,45.365055,45.365055,45.365055,98.96142433234421
3557.969149,667703.5,667703.5,667703.5,246.78237,246.78237,246.78237,9362.333333333334,9362.333333333334,9362.333333333334,236.28759599999998,236.28759599999998,236.28759599999998,665614.0,665614.0,665614.0,46.859608,46.859608,46.859608,99.10979228486646
3562.674815,690030.0,690030.0,690030.0,425.05667,425.05667,425.05667,9444.166666666666,9444.166666666666,9444.166666666666,279.88355799999994,279.88355799999994,279.88355799999994,657508.8,657508.8,657508.8,105.8662024,105.8662024,105.8662024,99.25816023738872
3562.839814,571971.0,571971.0,571971.0,258.9195322045898,258.9195322045898,258.9195322045898,9526.0,9526.0,9526.0,323.47952,323.47952,323.47952,649403.6,649403.6,649403.6,164.8727968,164.8727968,164.8727968,99.40652818991097
3563.0244739055634,453912.0,453912.0,453912.0,92.78239440917967,92.78239440917967,92.78239440917967,9564.555555555555,9564.555555555555,9564.555555555555,292.3174638888889,292.3174638888889,292.3174638888889,641298.4,641298.4,641298.4,223.87939120000001,223.87939120000001,223.87939120000001,99.55489614243322
3563.101747,668349.0,668349.0,668349.0,140.34668,140.34668,140.34668,9603.111111111111,9603.111111111111,9603.111111111111,261.1554077777778,261.1554077777778,261.1554077777778,633193.2,633193.2,633193.2,282.8859856,282.8859856,282.8859856,99.70326409495549
3593.013745,629057.5,629057.5,629057.5,124.52471886291504,124.52471886291504,124.52471886291504,9641.666666666666,9641.666666666666,9641.666666666666,229.99335166666663,229.99335166666663,229.99335166666663,625088.0,625088.0,625088.0,341.89258,341.89258,341.89258,99.85163204747774
3599.617743,589766.0,589766.0,589766.0,108.70275772583007,108.70275772583007,108.70275772583007,9680.222222222223,9680.222222222223,9680.222222222223,198.83129555555553,198.83129555555553,198.83129555555553,667761.0,667761.0,667761.0,120.806076,120.806076,120.806076,99.99999999999999
3622.232935,550474.5,550474.5,550474.5,92.88079658874511,92.88079658874511,92.88079658874511,9718.777777777777,9718.777777777777,9718.777777777777,167.66923944444443,167.66923944444443,167.66923944444443,646120.0,646120.0,646120.0,88.013115,88.013115,88.013115,100.14836795252225
3624.471096,511183.0,511183.0,511183.0,77.05883545166014,77.05883545166014,77.05883545166014,9757.333333333334,9757.333333333334,9757.333333333334,136.5071833333333,136.5071833333333,136.5071833333333,686427.0,686427.0,686427.0,73.03615,73.03615,73.03615,100.2967359050445
3624.968739,471891.5,471891.5,471891.5,61.23687431457519,61.23687431457519,61.23687431457519,9795.888888888889,9795.888888888889,9795.888888888889,105.34512722222217,105.34512722222217,105.34512722222217,649013.0,649013.0,649013.0,517.2755,517.2755,517.2755,100.44510385756676
3632.737977027893,432600.0,432600.0,432600.0,45.414913177490234,45.414913177490234,45.414913177490234,9834.444444444445,9834.444444444445,9834.444444444445,74.18307111111108,74.18307111111108,74.18307111111108,652710.2,652710.2,652710.2,472.04703099999995,472.04703099999995,472.04703099999995,100.59347181008901
3633.159775,512462.6666666667,512462.6666666667,512462.6666666667,139.99139211832681,139.99139211832681,139.99139211832681,9873.0,9873.0,9873.0,43.021015,43.021015,43.021015,656407.4,656407.4,656407.4,426.818562,426.818562,426.818562,100.74183976261126
3639.842692,592325.3333333334,592325.3333333334,592325.3333333334,234.5678710591634,234.5678710591634,234.5678710591634,9178.0,9178.0,9178.0,151.00165,151.00165,151.00165,660104.6,660104.6,660104.6,381.59009299999997,381.59009299999997,381.59009299999997,100.89020771513353
3648.046756,672188.0,672188.0,672188.0,329.14435,329.14435,329.14435,9525.5,9525.5,9525.5,102.479926,102.479926,102.479926,663801.8,663801.8,663801.8,336.361624,336.361624,336.361624,101.03857566765578
3654.228664,670980.2,670980.2,670980.2,279.419522,279.419522,279.419522,9873.0,9873.0,9873.0,53.958202,53.958202,53.958202,667499.0,667499.0,667499.0,291.133155,291.133155,291.133155,101.18694362017803
3659.61734,669772.4,669772.4,669772.4,229.694694,229.694694,229.694694,9844.0,9844.0,9844.0,67.59816,67.59816,67.59816,671196.2,671196.2,671196.2,245.90468599999997,245.90468599999997,245.90468599999997,101.33531157270029
3662.811844,668564.6,668564.6,668564.6,179.96986600000002,179.96986600000002,179.96986600000002,9583.0,9583.0,9583.0,512.6267,512.6267,512.6267,674893.4,674893.4,674893.4,200.676217,200.676217,200.676217,101.48367952522254
3679.324016,667356.8,667356.8,667356.8,130.24503800000002,130.24503800000002,130.24503800000002,9324.0,9324.0,9324.0,46.111794,46.111794,46.111794,678590.6,678590.6,678590.6,155.447748,155.447748,155.447748,101.6320474777448
3692.801275,666149.0,666149.0,666149.0,80.52021,80.52021,80.52021,9416.4,9416.4,9416.4,113.0776192,113.0776192,113.0776192,682287.8,682287.8,682287.8,110.21927899999997,110.21927899999997,110.21927899999997,101.78041543026706
3698.034229,677890.0,677890.0,677890.0,439.960905,439.960905,439.960905,9508.8,9508.8,9508.8,180.0434444,180.0434444,180.0434444,685985.0,685985.0,685985.0,64.99081,64.99081,64.99081,101.9287833827893
3698.262551,689631.0,689631.0,689631.0,799.4016,799.4016,799.4016,9601.2,9601.2,9601.2,247.0092696,247.0092696,247.0092696,686528.0,686528.0,686528.0,69.794686,69.794686,69.794686,102.07715133531157
3707.74757,711655.0,711655.0,711655.0,579.5535,579.5535,579.5535,9693.6,9693.6,9693.6,313.97509479999997,313.97509479999997,313.97509479999997,687071.0,687071.0,687071.0,74.598562,74.598562,74.598562,102.22551928783382
3707.911976,704483.6666666666,704483.6666666666,704483.6666666666,530.6391666666666,530.6391666666666,530.6391666666666,9786.0,9786.0,9786.0,380.94092,380.94092,380.94092,687614.0,687614.0,687614.0,79.402438,79.402438,79.402438,102.37388724035607
3709.521136,697312.3333333334,697312.3333333334,697312.3333333334,481.7248333333333,481.7248333333333,481.7248333333333,9829.375,9829.375,9829.375,345.45731875,345.45731875,345.45731875,688157.0,688157.0,688157.0,84.206314,84.206314,84.206314,102.52225519287833
3713.162566,690141.0,690141.0,690141.0,432.8105,432.8105,432.8105,9872.75,9872.75,9872.75,309.9737175,309.9737175,309.9737175,688162.3333333334,688162.3333333334,688162.3333333334,86.29003133333333,86.29003133333333,86.29003133333333,102.67062314540058
3740.2302248477936,473560.0,473560.0,473560.0,56.86336135864258,56.86336135864258,56.86336135864258,9916.125,9916.125,9916.125,274.49011625,274.49011625,274.49011625,688167.6666666666,688167.6666666666,688167.6666666666,88.37374866666667,88.37374866666667,88.37374866666667,102.81899109792285
3744.673495,495647.1,495647.1,495647.1,64.86410822277833,64.86410822277833,64.86410822277833,9959.5,9959.5,9959.5,239.006515,239.006515,239.006515,688173.0,688173.0,688173.0,90.457466,90.457466,90.457466,102.9673590504451
3769.515705,517734.2,517734.2,517734.2,72.86485508691406,72.86485508691406,72.86485508691406,10002.875,10002.875,10002.875,203.52291375000001,203.52291375000001,203.52291375000001,707372.0,707372.0,707372.0,79.81311,79.81311,79.81311,103.11572700296735
3770.0233,539821.3,539821.3,539821.3,80.86560195104981,80.86560195104981,80.86560195104981,10046.25,10046.25,10046.25,168.0393125,168.0393125,168.0393125,670454.0,670454.0,670454.0,703.4372,703.4372,703.4372,103.26409495548961
3773.115976,561908.4,561908.4,561908.4,88.86634881518555,88.86634881518555,88.86634881518555,10089.625,10089.625,10089.625,132.55571125,132.55571125,132.55571125,646861.0,646861.0,646861.0,448.6505,448.6505,448.6505,103.41246290801186
3773.241393,583995.5,583995.5,583995.5,96.8670956793213,96.8670956793213,96.8670956793213,10133.0,10133.0,10133.0,97.07211,97.07211,97.07211,653526.6666666666,653526.6666666666,653526.6666666666,326.37238666666667,326.37238666666667,326.37238666666667,103.56083086053411
3779.933508,606082.6,606082.6,606082.6,104.86784254345704,104.86784254345704,104.86784254345704,9467.0,9467.0,9467.0,409.42203,409.42203,409.42203,660192.3333333334,660192.3333333334,660192.3333333334,204.09427333333335,204.09427333333335,204.09427333333335,103.70919881305637
3782.289163,628169.7,628169.7,628169.7,112.8685894075928,112.8685894075928,112.8685894075928,9814.5,9814.5,9814.5,241.377625,241.377625,241.377625,666858.0,666858.0,666858.0,81.81616,81.81616,81.81616,103.85756676557862
3794.314044,650256.8,650256.8,650256.8,120.86933627172853,120.86933627172853,120.86933627172853,10162.0,10162.0,10162.0,73.33322,73.33322,73.33322,671363.0,671363.0,671363.0,77.87201633333333,77.87201633333333,77.87201633333333,104.00593471810089
3799.70112,672343.9,672343.9,672343.9,128.87008313586426,128.87008313586426,128.87008313586426,10133.0,10133.0,10133.0,120.9977,120.9977,120.9977,675868.0,675868.0,675868.0,73.92787266666666,73.92787266666666,73.92787266666666,104.15430267062314
3803.096758,694431.0,694431.0,694431.0,136.87083,136.87083,136.87083,9944.5,9944.5,9944.5,316.83925,316.83925,316.83925,680373.0,680373.0,680373.0,69.983729,69.983729,69.983729,104.30267062314539
3807.869266,613979.0,613979.0,613979.0,107.80745152669272,107.80745152669272,107.80745152669272,9756.0,9756.0,9756.0,512.6808,512.6808,512.6808,684878.0,684878.0,684878.0,66.03958533333333,66.03958533333333,66.03958533333333,104.45103857566765
3819.409477,533527.0,533527.0,533527.0,78.74407305338542,78.74407305338542,78.74407305338542,9584.0,9584.0,9584.0,76.43162,76.43162,76.43162,689383.0,689383.0,689383.0,62.09544166666666,62.09544166666666,62.09544166666666,104.5994065281899
3834.6599881649017,453075.0,453075.0,453075.0,49.680694580078125,49.680694580078125,49.680694580078125,9656.166666666666,9656.166666666666,9656.166666666666,148.74416666666667,148.74416666666667,148.74416666666667,693888.0,693888.0,693888.0,58.151298,58.151298,58.151298,104.74777448071215
3837.875785,687351.0,687351.0,687351.0,58.35197,58.35197,58.35197,9728.333333333334,9728.333333333334,9728.333333333334,221.05671333333333,221.05671333333333,221.05671333333333,698393.0,698393.0,698393.0,54.20715433333333,54.20715433333333,54.20715433333333,104.89614243323442
3843.317546,710895.0,710895.0,710895.0,517.15784,517.15784,517.15784,9800.5,9800.5,9800.5,293.36926,293.36926,293.36926,702898.0,702898.0,702898.0,50.26301066666666,50.26301066666666,50.26301066666666,105.04451038575667
3848.098541,721571.5,721571.5,721571.5,292.56323499999996,292.56323499999996,292.56323499999996,9872.666666666666,9872.666666666666,9872.666666666666,365.68180666666666,365.68180666666666,365.68180666666666,707403.0,707403.0,707403.0,46.318867,46.318867,46.318867,105.19287833827892
3852.81527,732248.0,732248.0,732248.0,67.96863,67.96863,67.96863,9944.833333333334,9944.833333333334,9944.833333333334,437.9943533333333,437.9943533333333,437.9943533333333,707845.0,707845.0,707845.0,82.61592025,82.61592025,82.61592025,105.34124629080118
3863.0447,721971.0,721971.0,721971.0,256.06908,256.06908,256.06908,10017.0,10017.0,10017.0,510.3069,510.3069,510.3069,708287.0,708287.0,708287.0,118.9129735,118.9129735,118.9129735,105.48961424332343
3863.219313,711694.0,711694.0,711694.0,444.16953,444.16953,444.16953,10118.25,10118.25,10118.25,405.7410075,405.7410075,405.7410075,708729.0,708729.0,708729.0,155.21002675,155.21002675,155.21002675,105.6379821958457
3864.594237,675595.5,675595.5,675595.5,383.44290056966145,383.44290056966145,383.44290056966145,10219.5,10219.5,10219.5,301.175115,301.175115,301.175115,709171.0,709171.0,709171.0,191.50708,191.50708,191.50708,105.78635014836794
3894.735972,639497.0,639497.0,639497.0,322.71627113932294,322.71627113932294,322.71627113932294,10320.75,10320.75,10320.75,196.60922250000004,196.60922250000004,196.60922250000004,709219.0,709219.0,709219.0,61.872837,61.872837,61.872837,105.9347181008902
3913.323499,603398.5,603398.5,603398.5,261.9896417089844,261.9896417089844,261.9896417089844,10422.0,10422.0,10422.0,92.04333,92.04333,92.04333,718697.0,718697.0,718697.0,63.17223849999999,63.17223849999999,63.17223849999999,106.08308605341246
3914.564735,567300.0,567300.0,567300.0,201.26301227864585,201.26301227864585,201.26301227864585,10060.0,10060.0,10060.0,219.88534499999997,219.88534499999997,219.88534499999997,728175.0,728175.0,728175.0,64.47164,64.47164,64.47164,106.23145400593471
3920.009658,531201.5,531201.5,531201.5,140.5363828483073,140.5363828483073,140.5363828483073,9698.0,9698.0,9698.0,347.72736,347.72736,347.72736,708355.3333333334,708355.3333333334,708355.3333333334,153.44984333333332,153.44984333333332,153.44984333333332,106.37982195845696
3920.1347007751465,495103.0,495103.0,495103.0,79.80975341796875,79.80975341796875,79.80975341796875,9886.25,9886.25,9886.25,277.544175,277.544175,277.544175,688535.6666666666,688535.6666666666,688535.6666666666,242.42804666666666,242.42804666666666,242.42804666666666,106.52818991097922
3924.768198,526599.5714285715,526599.5714285715,526599.5714285715,101.21124578683036,101.21124578683036,101.21124578683036,10074.5,10074.5,10074.5,207.36099,207.36099,207.36099,668716.0,668716.0,668716.0,331.40625,331.40625,331.40625,106.67655786350147
3925.094107,558096.1428571428,558096.1428571428,558096.1428571428,122.61273815569197,122.61273815569197,122.61273815569197,10262.75,10262.75,10262.75,137.17780499999998,137.17780499999998,137.17780499999998,691823.0,691823.0,691823.0,425.2892,425.2892,425.2892,106.82492581602374
3939.40449,589592.7142857143,589592.7142857143,589592.7142857143,144.01423052455357,144.01423052455357,144.01423052455357,10451.0,10451.0,10451.0,66.99462,66.99462,66.99462,690494.0,690494.0,690494.0,300.27538833333335,300.27538833333335,300.27538833333335,106.97329376854599
3944.801096,621089.2857142857,621089.2857142857,621089.2857142857,165.4157228934152,165.4157228934152,165.4157228934152,10422.0,10422.0,10422.0,167.30948,167.30948,167.30948,689165.0,689165.0,689165.0,175.26157666666668,175.26157666666668,175.26157666666668,107.12166172106824
3952.3481,652585.8571428572,652585.8571428572,652585.8571428572,186.8172152622768,186.8172152622768,186.8172152622768,10204.5,10204.5,10204.5,389.90619,389.90619,389.90619,687836.0,687836.0,687836.0,50.247765,50.247765,50.247765,107.2700296735905
3952.933758,684082.4285714286,684082.4285714286,684082.4285714286,208.2187076311384,208.2187076311384,208.2187076311384,9987.0,9987.0,9987.0,612.5029,612.5029,612.5029,695848.0,695848.0,695848.0,51.386924,51.386924,51.386924,107.41839762611275
3953.190608,715579.0,715579.0,715579.0,229.6202,229.6202,229.6202,9930.0,9930.0,9930.0,404.169665,404.169665,404.169665,703860.0,703860.0,703860.0,52.526083,52.526083,52.526083,107.566765578635
3964.500972,711736.0,711736.0,711736.0,139.777655,139.777655,139.777655,9873.0,9873.0,9873.0,195.83643,195.83643,195.83643,711872.0,711872.0,711872.0,53.665242,53.665242,53.665242,107.71513353115726
3982.943892,707893.0,707893.0,707893.0,49.93511,49.93511,49.93511,9953.8,9953.8,9953.8,295.515844,295.515844,295.515844,719884.0,719884.0,719884.0,54.804401,54.804401,54.804401,107.86350148367951
3993.292688,720260.5,720260.5,720260.5,237.12817,237.12817,237.12817,10034.6,10034.6,10034.6,395.195258,395.195258,395.195258,727896.0,727896.0,727896.0,55.94356,55.94356,55.94356,108.01186943620178
3993.399551,732628.0,732628.0,732628.0,424.32123,424.32123,424.32123,10115.4,10115.4,10115.4,494.87467200000003,494.87467200000003,494.87467200000003,728488.8,728488.8,728488.8,90.36023399999999,90.36023399999999,90.36023399999999,108.16023738872403
4002.889473,754020.0,754020.0,754020.0,597.1944,597.1944,597.1944,10196.2,10196.2,10196.2,594.5540860000001,594.5540860000001,594.5540860000001,729081.6,729081.6,729081.6,124.77690799999999,124.77690799999999,124.77690799999999,108.30860534124628
4013.113336,743873.5,743873.5,743873.5,654.9944499999999,654.9944499999999,654.9944499999999,10277.0,10277.0,10277.0,694.2335,694.2335,694.2335,729674.4,729674.4,729674.4,159.193582,159.193582,159.193582,108.45697329376854
4018.449362,733727.0,733727.0,733727.0,712.7945,712.7945,712.7945,10358.0,10358.0,10358.0,574.415438,574.415438,574.415438,730267.2,730267.2,730267.2,193.610256,193.610256,193.610256,108.60534124629079
4024.659082,603283.5,603283.5,603283.5,380.6470478210449,380.6470478210449,380.6470478210449,10439.0,10439.0,10439.0,454.59737600000005,454.59737600000005,454.59737600000005,730860.0,730860.0,730860.0,228.02693,228.02693,228.02693,108.75370919881304
4038.8542759418488,472840.0,472840.0,472840.0,48.49959564208984,48.49959564208984,48.49959564208984,10520.0,10520.0,10520.0,334.779314,334.779314,334.779314,730560.5,730560.5,730560.5,231.16270500000002,231.16270500000002,231.16270500000002,108.9020771513353
4044.792471,477608.8888888889,477608.8888888889,477608.8888888889,54.30851236979166,54.30851236979166,54.30851236979166,10601.0,10601.0,10601.0,214.961252,214.961252,214.961252,730261.0,730261.0,730261.0,234.29848,234.29848,234.29848,109.05044510385756
4053.405331,482377.77777777775,482377.77777777775,482377.77777777775,60.117429097493485,60.117429097493485,60.117429097493485,10682.0,10682.0,10682.0,95.14319,95.14319,95.14319,739567.5,739567.5,739567.5,146.7033075,146.7033075,146.7033075,109.19881305637982
4064.623308,487146.6666666667,487146.6666666667,487146.6666666667,65.92634582519531,65.92634582519531,65.92634582519531,10334.5,10334.5,10334.5,333.202025,333.202025,333.202025,748874.0,748874.0,748874.0,59.108135,59.108135,59.108135,109.34718100890207
4065.094526,491915.55555555556,491915.55555555556,491915.55555555556,71.73526255289713,71.73526255289713,71.73526255289713,9987.0,9987.0,9987.0,571.26086,571.26086,571.26086,731162.5,731162.5,731162.5,191.61839750000001,191.61839750000001,191.61839750000001,109.49554896142432
4080.15085,496684.44444444444,496684.44444444444,496684.44444444444,77.54417928059894,77.54417928059894,77.54417928059894,10363.5,10363.5,10363.5,299.8948875,299.8948875,299.8948875,713451.0,713451.0,713451.0,324.12866,324.12866,324.12866,109.64391691394658
4084.491439,501453.3333333333,501453.3333333333,501453.3333333333,83.35309600830078,83.35309600830078,83.35309600830078,10740.0,10740.0,10740.0,28.528915,28.528915,28.528915,701988.5,701988.5,701988.5,374.10272,374.10272,374.10272,109.79228486646883
4084.819976,506222.22222222225,506222.22222222225,506222.22222222225,89.1620127360026,89.1620127360026,89.1620127360026,10696.5,10696.5,10696.5,60.68383250000001,60.68383250000001,60.68383250000001,690526.0,690526.0,690526.0,424.07678,424.07678,424.07678,109.94065281899108
4089.890512,510991.1111111111,510991.1111111111,510991.1111111111,94.97092946370441,94.97092946370441,94.97092946370441,10653.0,10653.0,10653.0,92.83875,92.83875,92.83875,693555.0,693555.0,693555.0,360.25701,360.25701,360.25701,110.08902077151335
4103.366628885269,515760.0,515760.0,515760.0,100.77984619140624,100.77984619140624,100.77984619140624,10435.5,10435.5,10435.5,352.254025,352.254025,352.254025,696584.0,696584.0,696584.0,296.43724,296.43724,296.43724,110.2373887240356
4108.001412,626529.5,626529.5,626529.5,211.32600309570313,211.32600309570313,211.32600309570313,10218.0,10218.0,10218.0,611.6693,611.6693,611.6693,699613.0,699613.0,699613.0,232.61747,232.61747,232.61747,110.38575667655786
4108.258744,737299.0,737299.0,737299.0,321.87216,321.87216,321.87216,10175.5,10175.5,10175.5,414.222035,414.222035,414.222035,702642.0,702642.0,702642.0,168.7977,168.7977,168.7977,110.53412462908011
4119.587162,734569.3333333334,734569.3333333334,734569.3333333334,234.34538666666668,234.34538666666668,234.34538666666668,10133.0,10133.0,10133.0,216.77477,216.77477,216.77477,705671.0,705671.0,705671.0,104.97793000000001,104.97793000000001,104.97793000000001,110.68249258160236
4132.426339,731839.6666666666,731839.6666666666,731839.6666666666,146.81861333333333,146.81861333333333,146.81861333333333,10195.5,10195.5,10195.5,282.26225,282.26225,282.26225,708700.0,708700.0,708700.0,41.15816,41.15816,41.15816,110.83086053412462
4138.005085,729110.0,729110.0,729110.0,59.29184,59.29184,59.29184,10258.0,10258.0,10258.0,347.74973,347.74973,347.74973,728742.0,728742.0,728742.0,47.5757915,47.5757915,47.5757915,110.97922848664687
4143.371567,741692.0,741692.0,741692.0,479.67687,479.67687,479.67687,10320.5,10320.5,10320.5,413.23721,413.23721,413.23721,748784.0,748784.0,748784.0,53.993423,53.993423,53.993423,111.12759643916912
4143.465579,754274.0,754274.0,754274.0,900.0619,900.0619,900.0619,10383.0,10383.0,10383.0,478.72469,478.72469,478.72469,749341.6,749341.6,749341.6,54.5883336,54.5883336,54.5883336,111.27596439169139
4152.97974,775489.0,775489.0,775489.0,519.6165,519.6165,519.6165,10445.5,10445.5,10445.5,544.21217,544.21217,544.21217,749899.2,749899.2,749899.2,55.1832442,55.1832442,55.1832442,111.42433234421364
4168.179956,765156.5,765156.5,765156.5,518.3042499999999,518.3042499999999,518.3042499999999,10508.0,10508.0,10508.0,609.69965,609.69965,609.69965,750456.8,750456.8,750456.8,55.7781548,55.7781548,55.7781548,111.5727002967359
4168.516252,754824.0,754824.0,754824.0,516.992,516.992,516.992,10652.666666666666,10652.666666666666,10652.666666666666,448.51418,448.51418,448.51418,751014.4,751014.4,751014.4,56.3730654,56.3730654,56.3730654,111.72106824925815
4184.729664,728773.9,728773.9,728773.9,472.0984907653808,472.0984907653808,472.0984907653808,10797.333333333334,10797.333333333334,10797.333333333334,287.32871,287.32871,287.32871,751572.0,751572.0,751572.0,56.967976,56.967976,56.967976,111.8694362017804
4198.489839,702723.8,702723.8,702723.8,427.2049815307617,427.2049815307617,427.2049815307617,10942.0,10942.0,10942.0,126.14324,126.14324,126.14324,751720.5,751720.5,751720.5,197.42041799999998,197.42041799999998,197.42041799999998,112.01780415430267
4199.854265,676673.7,676673.7,676673.7,382.31147229614254,382.31147229614254,382.31147229614254,10594.5,10594.5,10594.5,129.515895,129.515895,129.515895,751869.0,751869.0,751869.0,337.87286,337.87286,337.87286,112.16617210682492
4210.178129,650623.6,650623.6,650623.6,337.41796306152344,337.41796306152344,337.41796306152344,10247.0,10247.0,10247.0,132.88855,132.88855,132.88855,760789.5,760789.5,760789.5,196.168035,196.168035,196.168035,112.31454005934717
4219.724674,624573.5,624573.5,624573.5,292.5244538269043,292.5244538269043,292.5244538269043,10623.5,10623.5,10623.5,98.2625125,98.2625125,98.2625125,769710.0,769710.0,769710.0,54.46321,54.46321,54.46321,112.46290801186943
4234.580722,598523.4,598523.4,598523.4,247.63094459228512,247.63094459228512,247.63094459228512,11000.0,11000.0,11000.0,63.636475,63.636475,63.636475,758212.0,758212.0,758212.0,126.82539666666668,126.82539666666668,126.82539666666668,112.61127596439168
4234.973729,572473.3,572473.3,572473.3,202.73743535766602,202.73743535766602,202.73743535766602,10913.0,10913.0,10913.0,240.32422,240.32422,240.32422,746714.0,746714.0,746714.0,199.18758333333335,199.18758333333335,199.18758333333335,112.75964391691394
4240.215516,546423.2,546423.2,546423.2,157.84392612304686,157.84392612304686,157.84392612304686,10789.75,10789.75,10789.75,287.36908,287.36908,287.36908,735216.0,735216.0,735216.0,271.54977,271.54977,271.54977,112.9080118694362
4244.876479,520373.1,520373.1,520373.1,112.9504168884277,112.9504168884277,112.9504168884277,10666.5,10666.5,10666.5,334.41394,334.41394,334.41394,711545.0,711545.0,711545.0,93.313705,93.313705,93.313705,113.05637982195844
4246.8261868953705,494323.0,494323.0,494323.0,68.0569076538086,68.0569076538086,68.0569076538086,10543.25,10543.25,10543.25,381.4588,381.4588,381.4588,719866.7142857143,719866.7142857143,719866.7142857143,98.52287714285714,98.52287714285714,98.52287714285714,113.20474777448071
4263.066182,626829.5,626829.5,626829.5,337.3063038269043,337.3063038269043,337.3063038269043,10420.0,10420.0,10420.0,428.50366,428.50366,428.50366,728188.4285714285,728188.4285714285,728188.4285714285,103.73204928571428,103.73204928571428,103.73204928571428,113.35311572700296
4268.326349,759336.0,759336.0,759336.0,606.5557,606.5557,606.5557,10377.5,10377.5,10377.5,287.863945,287.863945,287.863945,736510.1428571428,736510.1428571428,736510.1428571428,108.94122142857142,108.94122142857142,108.94122142857142,113.50148367952521
4274.648614,647890.5,647890.5,647890.5,369.28103908691406,369.28103908691406,369.28103908691406,10335.0,10335.0,10335.0,147.22423,147.22423,147.22423,744831.8571428572,744831.8571428572,744831.8571428572,114.15039357142857,114.15039357142857,114.15039357142857,113.64985163204747
4289.865088701248,536445.0,536445.0,536445.0,132.00637817382812,132.00637817382812,132.00637817382812,10392.714285714286,10392.714285714286,10392.714285714286,163.37988857142858,163.37988857142858,163.37988857142858,753153.5714285715,753153.5714285715,753153.5714285715,119.35956571428571,119.35956571428571,119.35956571428571,113.79821958456972
4293.070979,749721.0,749721.0,749721.0,60.85122,60.85122,60.85122,10450.42857142857,10450.42857142857,10450.42857142857,179.53554714285715,179.53554714285715,179.53554714285715,761475.2857142857,761475.2857142857,761475.2857142857,124.56873785714285,124.56873785714285,124.56873785714285,113.94658753709197
4293.443284,762874.5,762874.5,762874.5,295.14311,295.14311,295.14311,10508.142857142857,10508.142857142857,10508.142857142857,195.69120571428573,195.69120571428573,195.69120571428573,769797.0,769797.0,769797.0,129.77791,129.77791,129.77791,114.09495548961424
4298.485013,776028.0,776028.0,776028.0,529.435,529.435,529.435,10565.857142857143,10565.857142857143,10565.857142857143,211.8468642857143,211.8468642857143,211.8468642857143,749620.5,749620.5,749620.5,94.23989499999999,94.23989499999999,94.23989499999999,114.24332344213649
4307.500267,786730.5,786730.5,786730.5,437.6047,437.6047,437.6047,10623.57142857143,10623.57142857143,10623.57142857143,228.00252285714288,228.00252285714288,228.00252285714288,729444.0,729444.0,729444.0,58.70188,58.70188,58.70188,114.39169139465875
4308.047605,797433.0,797433.0,797433.0,345.7744,345.7744,345.7744,10681.285714285714,10681.285714285714,10681.285714285714,244.15818142857145,244.15818142857145,244.15818142857145,738101.0,738101.0,738101.0,65.3127492,65.3127492,65.3127492,114.540059347181
4318.251311,787206.0,787206.0,787206.0,534.6182200000001,534.6182200000001,534.6182200000001,10739.0,10739.0,10739.0,260.31384,260.31384,260.31384,746758.0,746758.0,746758.0,71.9236184,71.9236184,71.9236184,114.68842729970325
4328.581961,776979.0,776979.0,776979.0,723.46204,723.46204,723.46204,10956.0,10956.0,10956.0,154.160342,154.160342,154.160342,755415.0,755415.0,755415.0,78.5344876,78.5344876,78.5344876,114.83679525222551
4343.543899,777350.9090909091,777350.9090909091,777350.9090909091,696.1672790909091,696.1672790909091,696.1672790909091,11173.0,11173.0,11173.0,48.006844,48.006844,48.006844,764072.0,764072.0,764072.0,85.1453568,85.1453568,85.1453568,114.98516320474776
4349.800418,777722.8181818182,777722.8181818182,777722.8181818182,668.8725181818182,668.8725181818182,668.8725181818182,10840.0,10840.0,10840.0,78.571057,78.571057,78.571057,772729.0,772729.0,772729.0,91.756226,91.756226,91.756226,115.13353115727001
4355.254408,778094.7272727273,778094.7272727273,778094.7272727273,641.5777572727272,641.5777572727272,641.5777572727272,10507.0,10507.0,10507.0,109.13527,109.13527,109.13527,773382.5,773382.5,773382.5,361.959383,361.959383,361.959383,115.28189910979228
4359.918567,778466.6363636364,778466.6363636364,778466.6363636364,614.2829963636364,614.2829963636364,614.2829963636364,10767.666666666666,10767.666666666666,10767.666666666666,90.6091,90.6091,90.6091,774036.0,774036.0,774036.0,632.16254,632.16254,632.16254,115.43026706231453
4369.781983,778838.5454545454,778838.5454545454,778838.5454545454,586.9882354545455,586.9882354545455,586.9882354545455,11028.333333333334,11028.333333333334,11028.333333333334,72.08293,72.08293,72.08293,791394.0,791394.0,791394.0,187.39766,187.39766,187.39766,115.57863501483679
4379.672838,779210.4545454546,779210.4545454546,779210.4545454546,559.6934745454546,559.6934745454546,559.6934745454546,11289.0,11289.0,11289.0,53.55676,53.55676,53.55676,779846.0,779846.0,779846.0,297.82392333333337,297.82392333333337,297.82392333333337,115.72700296735904
4385.069444,779582.3636363636,779582.3636363636,779582.3636363636,532.3987136363637,532.3987136363637,532.3987136363637,11173.0,11173.0,11173.0,342.40414,342.40414,342.40414,768298.0,768298.0,768298.0,408.2501866666667,408.2501866666667,408.2501866666667,115.87537091988129
4400.273951,779954.2727272727,779954.2727272727,779954.2727272727,505.1039527272727,505.1039527272727,505.1039527272727,10989.333333333334,10989.333333333334,10989.333333333334,301.69101666666666,301.69101666666666,301.69101666666666,756750.0,756750.0,756750.0,518.67645,518.67645,518.67645,116.02373887240356
4409.937365,780326.1818181818,780326.1818181818,780326.1818181818,477.80919181818183,477.80919181818183,477.80919181818183,10805.666666666666,10805.666666666666,10805.666666666666,260.9778933333333,260.9778933333333,260.9778933333333,732432.0,732432.0,732432.0,102.53479,102.53479,102.53479,116.1721068249258
4418.135413,780698.0909090909,780698.0909090909,780698.0909090909,450.51443090909095,450.51443090909095,450.51443090909095,10622.0,10622.0,10622.0,220.26477,220.26477,220.26477,747081.25,747081.25,747081.25,106.83594,106.83594,106.83594,116.32047477744806
4428.393258,781070.0,781070.0,781070.0,423.21967,423.21967,423.21967,10594.0,10594.0,10594.0,420.552935,420.552935,420.552935,761730.5,761730.5,761730.5,111.13709,111.13709,111.13709,116.46884272997032
4429.737965,777501.3333333334,777501.3333333334,777501.3333333334,297.57545500000003,297.57545500000003,297.57545500000003,10566.0,10566.0,10566.0,620.8411,620.8411,620.8411,776379.75,776379.75,776379.75,115.43824000000001,115.43824000000001,115.43824000000001,116.61721068249257
4448.248299,773932.6666666666,773932.6666666666,773932.6666666666,171.93124000000003,171.93124000000003,171.93124000000003,10638.166666666666,10638.166666666666,10638.166666666666,632.1172333333333,632.1172333333333,632.1172333333333,791029.0,791029.0,791029.0,119.73939,119.73939,119.73939,116.76557863501483
4453.139138,770364.0,770364.0,770364.0,46.287025,46.287025,46.287025,10710.333333333334,10710.333333333334,10710.333333333334,643.3933666666667,643.3933666666667,643.3933666666667,785933.25,785933.25,785933.25,114.179807,114.179807,114.179807,116.91394658753708
4453.544912,797541.0,797541.0,797541.0,509.56445,509.56445,509.56445,10782.5,10782.5,10782.5,654.6695,654.6695,654.6695,780837.5,780837.5,780837.5,108.62022400000001,108.62022400000001,108.62022400000001,117.06231454005933
4456.709684848785,514939.0,514939.0,514939.0,82.85395812988281,82.85395812988281,82.85395812988281,10854.666666666666,10854.666666666666,10854.666666666666,665.9456333333333,665.9456333333333,665.9456333333333,775741.75,775741.75,775741.75,103.060641,103.060641,103.060641,117.2106824925816
4463.114917,818641.0,818641.0,818641.0,177.44617,177.44617,177.44617,10926.833333333334,10926.833333333334,10926.833333333334,677.2217666666667,677.2217666666667,677.2217666666667,770646.0,770646.0,770646.0,97.501058,97.501058,97.501058,117.35905044510385
4473.323689,687967.5,687967.5,687967.5,150.5226112145996,150.5226112145996,150.5226112145996,10999.0,10999.0,10999.0,688.4979,688.4979,688.4979,765550.25,765550.25,765550.25,91.941475,91.941475,91.941475,117.5074183976261
4478.706243753433,557294.0,557294.0,557294.0,123.59905242919922,123.59905242919922,123.59905242919922,11107.5,11107.5,11107.5,566.8262,566.8262,566.8262,760454.5,760454.5,760454.5,86.381892,86.381892,86.381892,117.65578635014836
4483.724793,798612.0,798612.0,798612.0,244.55327,244.55327,244.55327,11216.0,11216.0,11216.0,445.1545,445.1545,445.1545,755358.75,755358.75,755358.75,80.822309,80.822309,80.822309,117.80415430267061
4487.539097,798943.4166666666,798943.4166666666,798943.4166666666,267.1066225,267.1066225,267.1066225,11324.5,11324.5,11324.5,323.4828,323.4828,323.4828,750263.0,750263.0,750263.0,75.262726,75.262726,75.262726,117.95252225519287
4488.626073,799274.8333333334,799274.8333333334,799274.8333333334,289.659975,289.659975,289.659975,11433.0,11433.0,11433.0,201.8111,201.8111,201.8111,765136.0,765136.0,765136.0,102.26936733333334,102.26936733333334,102.26936733333334,118.10089020771512
4505.341251,799606.25,799606.25,799606.25,312.2133275,312.2133275,312.2133275,10738.0,10738.0,10738.0,100.65855,100.65855,100.65855,780009.0,780009.0,780009.0,129.27600866666666,129.27600866666666,129.27600866666666,118.24925816023737
4509.973991,799937.6666666666,799937.6666666666,799937.6666666666,334.76668,334.76668,334.76668,10948.0,10948.0,10948.0,94.8901225,94.8901225,94.8901225,794882.0,794882.0,794882.0,156.28265,156.28265,156.28265,118.39762611275964
4514.86333,800269.0833333334,800269.0833333334,800269.0833333334,357.3200325,357.3200325,357.3200325,11158.0,11158.0,11158.0,89.121695,89.121695,89.121695,793414.0,793414.0,793414.0,87.79683,87.79683,87.79683,118.54599406528189
4519.837749,800600.5,800600.5,800600.5,379.873385,379.873385,379.873385,11368.0,11368.0,11368.0,83.3532675,83.3532675,83.3532675,812522.0,812522.0,812522.0,144.63335,144.63335,144.63335,118.69436201780414
4529.785582,800931.9166666666,800931.9166666666,800931.9166666666,402.4267375,402.4267375,402.4267375,11578.0,11578.0,11578.0,77.58484,77.58484,77.58484,800983.0,800983.0,800983.0,151.41983333333334,151.41983333333334,151.41983333333334,118.8427299703264
4535.164114,801263.3333333334,801263.3333333334,801263.3333333334,424.98009,424.98009,424.98009,11433.0,11433.0,11433.0,286.0748,286.0748,286.0748,789444.0,789444.0,789444.0,158.20631666666665,158.20631666666665,158.20631666666665,118.99109792284865
4560.340244,801594.75,801594.75,801594.75,447.5334425,447.5334425,447.5334425,11230.0,11230.0,11230.0,298.21686666666665,298.21686666666665,298.21686666666665,777905.0,777905.0,777905.0,164.9928,164.9928,164.9928,119.13946587537092
4569.994479,801926.1666666666,801926.1666666666,801926.1666666666,470.086795,470.086795,470.086795,11027.0,11027.0,11027.0,310.3589333333333,310.3589333333333,310.3589333333333,753636.0,753636.0,753636.0,519.83655,519.83655,519.83655,119.28783382789317
4573.201857,802257.5833333334,802257.5833333334,802257.5833333334,492.6401475,492.6401475,492.6401475,10824.0,10824.0,10824.0,322.501,322.501,322.501,768159.5,768159.5,768159.5,399.250323,399.250323,399.250323,119.43620178041542
4588.494064,802589.0,802589.0,802589.0,515.1935,515.1935,515.1935,10825.0,10825.0,10825.0,560.016035,560.016035,560.016035,782683.0,782683.0,782683.0,278.664096,278.664096,278.664096,119.58456973293768
4589.834122,808223.6666666666,808223.6666666666,808223.6666666666,514.8613,514.8613,514.8613,10826.0,10826.0,10826.0,797.53107,797.53107,797.53107,797206.5,797206.5,797206.5,158.07786900000002,158.07786900000002,158.07786900000002,119.73293768545993
4603.310072,813858.3333333334,813858.3333333334,813858.3333333334,514.5291,514.5291,514.5291,10906.8,10906.8,10906.8,724.337636,724.337636,724.337636,811730.0,811730.0,811730.0,37.491642,37.491642,37.491642,119.88130563798218
4613.609956,819493.0,819493.0,819493.0,514.1969,514.1969,514.1969,10987.6,10987.6,10987.6,651.144202,651.144202,651.144202,812227.875,812227.875,812227.875,47.175628,47.175628,47.175628,120.02967359050444
4618.187034,840185.0,840185.0,840185.0,468.20764,468.20764,468.20764,11068.4,11068.4,11068.4,577.950768,577.950768,577.950768,812725.75,812725.75,812725.75,56.859614,56.859614,56.859614,120.1780415430267
4618.208949,791630.0,791630.0,791630.0,70.76747,70.76747,70.76747,11149.2,11149.2,11149.2,504.757334,504.757334,504.757334,813223.625,813223.625,813223.625,66.5436,66.5436,66.5436,120.32640949554896
4633.401522,801072.3333333334,801072.3333333334,801072.3333333334,255.5535133333333,255.5535133333333,255.5535133333333,11230.0,11230.0,11230.0,431.5639,431.5639,431.5639,813721.5,813721.5,813721.5,76.227586,76.227586,76.227586,120.47477744807121
4638.708826,810514.6666666666,810514.6666666666,810514.6666666666,440.3395566666666,440.3395566666666,440.3395566666666,11693.0,11693.0,11693.0,194.50201,194.50201,194.50201,814219.375,814219.375,814219.375,85.911572,85.911572,85.911572,120.62314540059346
4638.785683,819957.0,819957.0,819957.0,625.1256,625.1256,625.1256,11331.0,11331.0,11331.0,204.89739,204.89739,204.89739,814717.25,814717.25,814717.25,95.59555800000001,95.59555800000001,95.59555800000001,120.77151335311572
4660.428585,748866.5,748866.5,748866.5,489.1394709197998,489.1394709197998,489.1394709197998,10969.0,10969.0,10969.0,215.29277,215.29277,215.29277,815215.125,815215.125,815215.125,105.279544,105.279544,105.279544,120.91988130563797
4665.033297,677776.0,677776.0,677776.0,353.1533418395996,353.1533418395996,353.1533418395996,11113.833333333334,11113.833333333334,11113.833333333334,204.45033666666666,204.45033666666666,204.45033666666666,815713.0,815713.0,815713.0,114.96353,114.96353,114.96353,121.06824925816022
4667.608662,606685.5,606685.5,606685.5,217.16721275939938,217.16721275939938,217.16721275939938,11258.666666666666,11258.666666666666,11258.666666666666,193.60790333333333,193.60790333333333,193.60790333333333,771886.0,771886.0,771886.0,127.80373,127.80373,127.80373,121.21661721068249
4668.788964033127,535595.0,535595.0,535595.0,81.18108367919922,81.18108367919922,81.18108367919922,11403.5,11403.5,11403.5,182.76547,182.76547,182.76547,792597.0,792597.0,792597.0,125.91117333333334,125.91117333333334,125.91117333333334,121.36498516320474
4670.227780818939,578106.0,578106.0,578106.0,119.9414291381836,119.9414291381836,119.9414291381836,11548.333333333334,11548.333333333334,11548.333333333334,171.92303666666666,171.92303666666666,171.92303666666666,813308.0,813308.0,813308.0,124.01861666666666,124.01861666666666,124.01861666666666,121.513353115727
4674.904039,608844.875,608844.875,608844.875,204.92575549591066,204.92575549591066,204.92575549591066,11693.166666666666,11693.166666666666,11693.166666666666,161.08060333333333,161.08060333333333,161.08060333333333,834019.0,834019.0,834019.0,122.12606,122.12606,122.12606,121.66172106824925
4679.903708,639583.75,639583.75,639583.75,289.91008185363773,289.91008185363773,289.91008185363773,11838.0,11838.0,11838.0,150.23817,150.23817,150.23817,824347.5,824347.5,824347.5,116.87272,116.87272,116.87272,121.8100890207715
4684.926644,670322.625,670322.625,670322.625,374.89440821136475,374.89440821136475,374.89440821136475,11765.5,11765.5,11765.5,289.75163499999996,289.75163499999996,289.75163499999996,814676.0,814676.0,814676.0,111.61938,111.61938,111.61938,121.95845697329376
4690.25447,701061.5,701061.5,701061.5,459.8787345690918,459.8787345690918,459.8787345690918,11693.0,11693.0,11693.0,429.2651,429.2651,429.2651,806975.5,806975.5,806975.5,102.223705,102.223705,102.223705,122.10682492581601
4725.400203,731800.375,731800.375,731800.375,544.8630609268189,544.8630609268189,544.8630609268189,11388.5,11388.5,11388.5,331.412635,331.412635,331.412635,799275.0,799275.0,799275.0,92.82803,92.82803,92.82803,122.25519287833826
4728.275125,762539.25,762539.25,762539.25,629.8473872845459,629.8473872845459,629.8473872845459,11084.0,11084.0,11084.0,233.56017,233.56017,233.56017,787315.5,787315.5,787315.5,300.858515,300.858515,300.858515,122.40356083086053
4735.048885,793278.125,793278.125,793278.125,714.831713642273,714.831713642273,714.831713642273,11055.666666666666,11055.666666666666,11055.666666666666,262.34318,262.34318,262.34318,775356.0,775356.0,775356.0,508.889,508.889,508.889,122.55192878338278
4748.550994,824017.0,824017.0,824017.0,799.81604,799.81604,799.81604,11027.333333333334,11027.333333333334,11027.333333333334,291.12619,291.12619,291.12619,794512.3333333334,794512.3333333334,794512.3333333334,357.2712173333333,357.2712173333333,357.2712173333333,122.70029673590504
4754.931027,836514.0,836514.0,836514.0,628.3921700000001,628.3921700000001,628.3921700000001,10999.0,10999.0,10999.0,319.9092,319.9092,319.9092,813668.6666666666,813668.6666666666,813668.6666666666,205.65343466666667,205.65343466666667,205.65343466666667,122.84866468842729
4763.36723,849011.0,849011.0,849011.0,456.96830000000006,456.96830000000006,456.96830000000006,11189.8,11189.8,11189.8,286.0374,286.0374,286.0374,832825.0,832825.0,832825.0,54.035652,54.035652,54.035652,122.99703264094954
4773.263927,861508.0,861508.0,861508.0,285.54443,285.54443,285.54443,11380.6,11380.6,11380.6,252.16559999999998,252.16559999999998,252.16559999999998,833408.125,833408.125,833408.125,90.216143,90.216143,90.216143,123.1454005934718
4773.269073,812276.0,812276.0,812276.0,55.19598,55.19598,55.19598,11571.4,11571.4,11571.4,218.2938,218.2938,218.2938,833991.25,833991.25,833991.25,126.396634,126.396634,126.396634,123.29376854599406
4773.674933,841101.0,841101.0,841101.0,220.004,220.004,220.004,11762.2,11762.2,11762.2,184.422,184.422,184.422,834574.375,834574.375,834574.375,162.57712500000002,162.57712500000002,162.57712500000002,123.4421364985163
4788.791366,841356.3333333334,841356.3333333334,841356.3333333334,381.27403333333336,381.27403333333336,381.27403333333336,11953.0,11953.0,11953.0,150.5502,150.5502,150.5502,835157.5,835157.5,835157.5,198.757616,198.757616,198.757616,123.59050445103857
4798.467859,841611.6666666666,841611.6666666666,841611.6666666666,542.5440666666667,542.5440666666667,542.5440666666667,11490.0,11490.0,11490.0,107.2459,107.2459,107.2459,835740.625,835740.625,835740.625,234.93810700000003,234.93810700000003,234.93810700000003,123.73887240356082
4798.852527,841867.0,841867.0,841867.0,703.8141,703.8141,703.8141,11374.0,11374.0,11374.0,106.77080000000001,106.77080000000001,106.77080000000001,836323.75,836323.75,836323.75,271.118598,271.118598,271.118598,123.88724035608307
4810.505586,811500.125,811500.125,811500.125,636.6750793518067,636.6750793518067,636.6750793518067,11258.0,11258.0,11258.0,106.2957,106.2957,106.2957,836906.875,836906.875,836906.875,307.299089,307.299089,307.299089,124.03560830860533
4825.099289,781133.25,781133.25,781133.25,569.5360587036133,569.5360587036133,569.5360587036133,11538.0,11538.0,11538.0,150.34096333333332,150.34096333333332,150.34096333333332,837490.0,837490.0,837490.0,343.47958,343.47958,343.47958,124.18397626112758
4834.973871,750766.375,750766.375,750766.375,502.39703805541996,502.39703805541996,502.39703805541996,11818.0,11818.0,11818.0,194.38622666666666,194.38622666666666,194.38622666666666,855800.0,855800.0,855800.0,151.39267,151.39267,151.39267,124.33234421364985
4834.993533,720399.5,720399.5,720399.5,435.2580174072266,435.2580174072266,435.2580174072266,12098.0,12098.0,12098.0,238.43149,238.43149,238.43149,848916.3333333334,848916.3333333334,848916.3333333334,136.46320666666668,136.46320666666668,136.46320666666668,124.4807121661721
4845.349328,690032.625,690032.625,690032.625,368.1189967590332,368.1189967590332,368.1189967590332,11953.0,11953.0,11953.0,190.27005,190.27005,190.27005,842032.6666666666,842032.6666666666,842032.6666666666,121.53374333333333,121.53374333333333,121.53374333333333,124.62908011869435
4849.983385,659665.75,659665.75,659665.75,300.97997611083986,300.97997611083986,300.97997611083986,11786.25,11786.25,11786.25,268.7835925,268.7835925,268.7835925,835149.0,835149.0,835149.0,106.60428,106.60428,106.60428,124.77744807121661
4852.686973,629298.875,629298.875,629298.875,233.8409554626465,233.8409554626465,233.8409554626465,11619.5,11619.5,11619.5,347.297135,347.297135,347.297135,792809.0,792809.0,792809.0,86.51004,86.51004,86.51004,124.92581602373886
4864.4506640434265,598932.0,598932.0,598932.0,166.70193481445312,166.70193481445312,166.70193481445312,11452.75,11452.75,11452.75,425.8106775,425.8106775,425.8106775,799801.0,799801.0,799801.0,116.19373,116.19373,116.19373,125.07418397626111
4883.345887,577253.5,577253.5,577253.5,123.43248748779297,123.43248748779297,123.43248748779297,11286.0,11286.0,11286.0,504.32422,504.32422,504.32422,806793.0,806793.0,806793.0,145.87742,145.87742,145.87742,125.22255192878337
4883.499448060989,555575.0,555575.0,555575.0,80.16304016113281,80.16304016113281,80.16304016113281,11272.0,11272.0,11272.0,577.3413400000001,577.3413400000001,577.3413400000001,813785.0,813785.0,813785.0,175.56110999999999,175.56110999999999,175.56110999999999,125.37091988130562
4885.447058,628225.0,628225.0,628225.0,185.75961012084963,185.75961012084963,185.75961012084963,11258.0,11258.0,11258.0,650.35846,650.35846,650.35846,820777.0,820777.0,820777.0,205.2448,205.2448,205.2448,125.51928783382789
4904.92056,700875.0,700875.0,700875.0,291.35618008056645,291.35618008056645,291.35618008056645,11244.0,11244.0,11244.0,723.37558,723.37558,723.37558,795447.0,795447.0,795447.0,103.823784,103.823784,103.823784,125.66765578635014
4910.024495,773525.0,773525.0,773525.0,396.9527500402832,396.9527500402832,396.9527500402832,11230.0,11230.0,11230.0,796.3927,796.3927,796.3927,814957.3333333334,814957.3333333334,814957.3333333334,102.95505800000001,102.95505800000001,102.95505800000001,125.81602373887239
4913.604845,846175.0,846175.0,846175.0,502.54932,502.54932,502.54932,11398.666666666666,11398.666666666666,11398.666666666666,691.5542,691.5542,691.5542,834467.6666666666,834467.6666666666,834467.6666666666,102.086332,102.086332,102.086332,125.96439169139465
4923.428023,864686.5,864686.5,864686.5,428.69781,428.69781,428.69781,11567.333333333334,11567.333333333334,11567.333333333334,586.7157,586.7157,586.7157,853978.0,853978.0,853978.0,101.217606,101.217606,101.217606,126.1127596439169
4933.349939,883198.0,883198.0,883198.0,354.8463,354.8463,354.8463,11736.0,11736.0,11736.0,481.8772,481.8772,481.8772,854656.5,854656.5,854656.5,140.9131115,140.9131115,140.9131115,126.26112759643915
4933.750853,862570.0,862570.0,862570.0,618.1124,618.1124,618.1124,11904.666666666666,11904.666666666666,11904.666666666666,377.0387,377.0387,377.0387,855335.0,855335.0,855335.0,180.608617,180.608617,180.608617,126.40949554896142
4938.331595,832937.0,832937.0,832937.0,69.93271,69.93271,69.93271,12073.333333333334,12073.333333333334,12073.333333333334,272.2002,272.2002,272.2002,856013.5,856013.5,856013.5,220.3041225,220.3041225,220.3041225,126.55786350148367
4943.891174,843065.3333333334,843065.3333333334,843065.3333333334,127.15957333333333,127.15957333333333,127.15957333333333,12242.0,12242.0,12242.0,167.3617,167.3617,167.3617,856692.0,856692.0,856692.0,259.99962800000003,259.99962800000003,259.99962800000003,126.70623145400593
4958.540238,853193.6666666666,853193.6666666666,853193.6666666666,184.38643666666667,184.38643666666667,184.38643666666667,11721.0,11721.0,11721.0,395.2655,395.2655,395.2655,857370.5,857370.5,857370.5,299.6951335,299.6951335,299.6951335,126.85459940652818
4958.919121,863322.0,863322.0,863322.0,241.6133,241.6133,241.6133,11619.5,11619.5,11619.5,232.06425,232.06425,232.06425,858049.0,858049.0,858049.0,339.390639,339.390639,339.390639,127.00296735905043
4965.590767,838970.8,838970.8,838970.8,231.44926461669922,231.44926461669922,231.44926461669922,11518.0,11518.0,11518.0,68.863,68.863,68.863,858727.5,858727.5,858727.5,379.0861445,379.0861445,379.0861445,127.1513353115727
4990.157086,814619.6,814619.6,814619.6,221.28522923339844,221.28522923339844,221.28522923339844,11788.333333333334,11788.333333333334,11788.333333333334,227.66412,227.66412,227.66412,859406.0,859406.0,859406.0,418.78165,418.78165,418.78165,127.29970326409494
4995.044072,790268.4,790268.4,790268.4,211.12119385009765,211.12119385009765,211.12119385009765,12058.666666666666,12058.666666666666,12058.666666666666,386.46524,386.46524,386.46524,877575.0,877575.0,877575.0,152.67126,152.67126,152.67126,127.4480712166172
4995.082096,765917.2,765917.2,765917.2,200.9571584667969,200.9571584667969,200.9571584667969,12329.0,12329.0,12329.0,545.26636,545.26636,545.26636,870437.0,870437.0,870437.0,132.60083333333333,132.60083333333333,132.60083333333333,127.59643916913946
5000.434785,741566.0,741566.0,741566.0,190.79312308349608,190.79312308349608,190.79312308349608,12213.0,12213.0,12213.0,46.33977,46.33977,46.33977,863299.0,863299.0,863299.0,112.53040666666666,112.53040666666666,112.53040666666666,127.74480712166171
5020.058532,717214.8,717214.8,717214.8,180.62908770019533,180.62908770019533,180.62908770019533,11981.0,11981.0,11981.0,233.37371333333334,233.37371333333334,233.37371333333334,856161.0,856161.0,856161.0,92.45998,92.45998,92.45998,127.89317507418397
5037.759613,692863.6,692863.6,692863.6,170.46505231689454,170.46505231689454,170.46505231689454,11749.0,11749.0,11749.0,420.40765666666664,420.40765666666664,420.40765666666664,813619.0,813619.0,813619.0,67.43321,67.43321,67.43321,128.04154302670622
5038.438898,668512.4,668512.4,668512.4,160.30101693359376,160.30101693359376,160.30101693359376,11517.0,11517.0,11517.0,607.4416,607.4416,607.4416,828001.5,828001.5,828001.5,203.787495,203.787495,203.787495,128.18991097922847
5050.505576,644161.2,644161.2,644161.2,150.13698155029297,150.13698155029297,150.13698155029297,11510.25,11510.25,11510.25,583.92805,583.92805,583.92805,842384.0,842384.0,842384.0,340.14178,340.14178,340.14178,128.33827893175072
5061.575380086899,619810.0,619810.0,619810.0,139.9729461669922,139.9729461669922,139.9729461669922,11503.5,11503.5,11503.5,560.4145,560.4145,560.4145,830378.0,830378.0,830378.0,246.97265499999997,246.97265499999997,246.97265499999997,128.486646884273
5069.981137,702357.3333333334,702357.3333333334,702357.3333333334,226.88926411132815,226.88926411132815,226.88926411132815,11496.75,11496.75,11496.75,536.90095,536.90095,536.90095,818372.0,818372.0,818372.0,153.80353,153.80353,153.80353,128.63501483679525
5070.11427,784904.6666666666,784904.6666666666,784904.6666666666,313.8055820556641,313.8055820556641,313.8055820556641,11490.0,11490.0,11490.0,513.3874,513.3874,513.3874,837163.0,837163.0,837163.0,134.75767666666667,134.75767666666667,134.75767666666667,128.7833827893175
5073.660857,867452.0,867452.0,867452.0,400.7219,400.7219,400.7219,11692.4,11692.4,11692.4,430.7332308,430.7332308,430.7332308,855954.0,855954.0,855954.0,115.71182333333334,115.71182333333334,115.71182333333334,128.93175074183975
5083.501115,886361.0,886361.0,886361.0,455.380285,455.380285,455.380285,11894.8,11894.8,11894.8,348.0790616,348.0790616,348.0790616,874745.0,874745.0,874745.0,96.66597,96.66597,96.66597,129.080118694362
5098.411458,905270.0,905270.0,905270.0,510.03867,510.03867,510.03867,12097.2,12097.2,12097.2,265.4248924,265.4248924,265.4248924,877347.7777777778,877347.7777777778,877347.7777777778,92.35865288888888,92.35865288888888,92.35865288888888,129.22848664688425
5098.826476,884411.0,884411.0,884411.0,518.67566,518.67566,518.67566,12299.6,12299.6,12299.6,182.77072320000002,182.77072320000002,182.77072320000002,879950.5555555555,879950.5555555555,879950.5555555555,88.05133577777778,88.05133577777778,88.05133577777778,129.37685459940653
5098.984752,730884.5,730884.5,730884.5,318.5195812512207,318.5195812512207,318.5195812512207,12502.0,12502.0,12502.0,100.116554,100.116554,100.116554,882553.3333333334,882553.3333333334,882553.3333333334,83.74401866666666,83.74401866666666,83.74401866666666,129.52522255192878
5100.825186014175,577358.0,577358.0,577358.0,118.3635025024414,118.3635025024414,118.3635025024414,12270.333333333334,12270.333333333334,12270.333333333334,93.82238766666666,93.82238766666666,93.82238766666666,885156.1111111111,885156.1111111111,885156.1111111111,79.43670155555556,79.43670155555556,79.43670155555556,129.67359050445103
5108.39,854120.0,854120.0,854120.0,96.32914,96.32914,96.32914,12038.666666666666,12038.666666666666,12038.666666666666,87.52822133333333,87.52822133333333,87.52822133333333,887758.8888888889,887758.8888888889,887758.8888888889,75.12938444444444,75.12938444444444,75.12938444444444,129.82195845697328
5120.676049,864491.0,864491.0,864491.0,136.89807,136.89807,136.89807,11807.0,11807.0,11807.0,81.234055,81.234055,81.234055,890361.6666666666,890361.6666666666,890361.6666666666,70.82206733333334,70.82206733333334,70.82206733333334,129.97032640949553
5123.597697,874862.0,874862.0,874862.0,177.46699999999998,177.46699999999998,177.46699999999998,11952.0,11952.0,11952.0,531.18524,531.18524,531.18524,892964.4444444445,892964.4444444445,892964.4444444445,66.51475022222222,66.51475022222222,66.51475022222222,130.1186943620178
5123.971277,885233.0,885233.0,885233.0,218.03593,218.03593,218.03593,12164.333333333334,12164.333333333334,12164.333333333334,430.84261000000004,430.84261000000004,430.84261000000004,895567.2222222222,895567.2222222222,895567.2222222222,62.20743311111111,62.20743311111111,62.20743311111111,130.26706231454006
5150.094287,885625.5454545454,885625.5454545454,885625.5454545454,244.7316409090909,244.7316409090909,244.7316409090909,12376.666666666666,12376.666666666666,12376.666666666666,330.49998000000005,330.49998000000005,330.49998000000005,898170.0,898170.0,898170.0,57.900116,57.900116,57.900116,130.4154302670623
5155.174783,886018.0909090909,886018.0909090909,886018.0909090909,271.4273518181818,271.4273518181818,271.4273518181818,12589.0,12589.0,12589.0,230.15735,230.15735,230.15735,889593.0,889593.0,889593.0,239.570818,239.570818,239.570818,130.56379821958456
5155.229673,886410.6363636364,886410.6363636364,886410.6363636364,298.1230627272727,298.1230627272727,298.1230627272727,12545.5,12545.5,12545.5,254.56886500000002,254.56886500000002,254.56886500000002,881016.0,881016.0,881016.0,421.24152,421.24152,421.24152,130.7121661721068
5160.517005,886803.1818181818,886803.1818181818,886803.1818181818,324.81877363636363,324.81877363636363,324.81877363636363,12502.0,12502.0,12502.0,278.98038,278.98038,278.98038,878995.5,878995.5,878995.5,254.679845,254.679845,254.679845,130.86053412462908
5190.180483,887195.7272727273,887195.7272727273,887195.7272727273,351.5144845454546,351.5144845454546,351.5144845454546,12139.5,12139.5,12139.5,219.89777500000002,219.89777500000002,219.89777500000002,876975.0,876975.0,876975.0,88.11817,88.11817,88.11817,131.00890207715133
5203.531377,887588.2727272727,887588.2727272727,887588.2727272727,378.21019545454544,378.21019545454544,378.21019545454544,11777.0,11777.0,11777.0,160.81517,160.81517,160.81517,870189.0,870189.0,870189.0,89.8447675,89.8447675,89.8447675,131.15727002967358
5220.563693,887980.8181818182,887980.8181818182,887980.8181818182,404.9059063636364,404.9059063636364,404.9059063636364,11758.333333333334,11758.333333333334,11758.333333333334,373.92912666666666,373.92912666666666,373.92912666666666,863403.0,863403.0,863403.0,91.571365,91.571365,91.571365,131.30563798219583
5227.841169,888373.3636363636,888373.3636363636,888373.3636363636,431.60161727272725,431.60161727272725,431.60161727272725,11739.666666666666,11739.666666666666,11739.666666666666,587.0430833333334,587.0430833333334,587.0430833333334,834470.0,834470.0,834470.0,79.53899,79.53899,79.53899,131.45400593471808
5235.171394,888765.9090909091,888765.9090909091,888765.9090909091,458.2973281818182,458.2973281818182,458.2973281818182,11721.0,11721.0,11721.0,800.15704,800.15704,800.15704,865033.0,865033.0,865033.0,106.177585,106.177585,106.177585,131.60237388724033
5243.566673,889158.4545454546,889158.4545454546,889158.4545454546,484.9930390909091,484.9930390909091,484.9930390909091,11873.857142857143,11873.857142857143,11873.857142857143,698.6288291428572,698.6288291428572,698.6288291428572,895596.0,895596.0,895596.0,132.81618,132.81618,132.81618,131.7507418397626
5243.730214,889551.0,889551.0,889551.0,511.68875,511.68875,511.68875,12026.714285714286,12026.714285714286,12026.714285714286,597.1006182857143,597.1006182857143,597.1006182857143,867324.5,867324.5,867324.5,129.89702499999999,129.89702499999999,129.89702499999999,131.89910979228486
5250.038462,764992.0,764992.0,764992.0,424.9458154296875,424.9458154296875,424.9458154296875,12179.57142857143,12179.57142857143,12179.57142857143,495.57240742857147,495.57240742857147,495.57240742857147,839053.0,839053.0,839053.0,126.97787,126.97787,126.97787,132.0474777448071
5262.550177812576,640433.0,640433.0,640433.0,338.202880859375,338.202880859375,338.202880859375,12332.42857142857,12332.42857142857,12332.42857142857,394.0441965714286,394.0441965714286,394.0441965714286,847997.2222222222,847997.2222222222,847997.2222222222,125.2334911111111,125.2334911111111,125.2334911111111,132.19584569732936
5263.499521,926212.0,926212.0,926212.0,71.564476,71.564476,71.564476,12485.285714285714,12485.285714285714,12485.285714285714,292.5159857142857,292.5159857142857,292.5159857142857,856941.4444444445,856941.4444444445,856941.4444444445,123.48911222222222,123.48911222222222,123.48911222222222,132.3442136498516
5263.887927,906097.0,906097.0,906097.0,506.9714,506.9714,506.9714,12638.142857142857,12638.142857142857,12638.142857142857,190.98777485714288,190.98777485714288,190.98777485714288,865885.6666666666,865885.6666666666,865885.6666666666,121.74473333333333,121.74473333333333,121.74473333333333,132.4925816023739
5264.075856,890478.5,890478.5,890478.5,282.20338000000004,282.20338000000004,282.20338000000004,12791.0,12791.0,12791.0,89.459564,89.459564,89.459564,874829.8888888889,874829.8888888889,874829.8888888889,120.00035444444444,120.00035444444444,120.00035444444444,132.64094955489614
5273.459179,874860.0,874860.0,874860.0,57.43536,57.43536,57.43536,12429.0,12429.0,12429.0,92.38964200000001,92.38964200000001,92.38964200000001,883774.1111111111,883774.1111111111,883774.1111111111,118.25597555555555,118.25597555555555,118.25597555555555,132.7893175074184
5285.719209,890774.5,890774.5,890774.5,245.002395,245.002395,245.002395,12067.0,12067.0,12067.0,95.31972,95.31972,95.31972,892718.3333333334,892718.3333333334,892718.3333333334,116.51159666666666,116.51159666666666,116.51159666666666,132.93768545994064
5289.036565,906689.0,906689.0,906689.0,432.56943,432.56943,432.56943,12139.5,12139.5,12139.5,154.30226,154.30226,154.30226,901662.5555555555,901662.5555555555,901662.5555555555,114.76721777777777,114.76721777777777,114.76721777777777,133.0860534124629
5293.669509,803829.0,803829.0,803829.0,326.51435002115886,326.51435002115886,326.51435002115886,12212.0,12212.0,12212.0,213.2848,213.2848,213.2848,910606.7777777778,910606.7777777778,910606.7777777778,113.02283888888888,113.02283888888888,113.02283888888888,133.23442136498514
5310.148573,700969.0,700969.0,700969.0,220.4592700423177,220.4592700423177,220.4592700423177,12414.666666666666,12414.666666666666,12414.666666666666,226.90515666666667,226.90515666666667,226.90515666666667,919551.0,919551.0,919551.0,111.27846,111.27846,111.27846,133.38278931750742
5318.500116109848,598109.0,598109.0,598109.0,114.40419006347656,114.40419006347656,114.40419006347656,12617.333333333334,12617.333333333334,12617.333333333334,240.52551333333332,240.52551333333332,240.52551333333332,913874.0,913874.0,913874.0,219.19207333333333,219.19207333333333,219.19207333333333,133.53115727002967
5320.266088,637230.0,637230.0,637230.0,165.14849630554198,165.14849630554198,165.14849630554198,12820.0,12820.0,12820.0,254.14587,254.14587,254.14587,908197.0,908197.0,908197.0,327.10568666666666,327.10568666666666,327.10568666666666,133.67952522255192
5320.290101,676351.0,676351.0,676351.0,215.89280254760743,215.89280254760743,215.89280254760743,12762.0,12762.0,12762.0,185.4663,185.4663,185.4663,902520.0,902520.0,902520.0,435.0193,435.0193,435.0193,133.82789317507417
5335.652886,715472.0,715472.0,715472.0,266.6371087896729,266.6371087896729,266.6371087896729,12704.0,12704.0,12704.0,116.78673,116.78673,116.78673,896485.0,896485.0,896485.0,340.5918933333333,340.5918933333333,340.5918933333333,133.97626112759642
5373.628961,754593.0,754593.0,754593.0,317.3814150317383,317.3814150317383,317.3814150317383,11950.0,11950.0,11950.0,266.64133,266.64133,266.64133,890450.0,890450.0,890450.0,246.16448666666665,246.16448666666665,246.16448666666665,134.1246290801187
5390.624386,793714.0,793714.0,793714.0,368.1257212738037,368.1257212738037,368.1257212738037,11956.2,11956.2,11956.2,351.72682399999997,351.72682399999997,351.72682399999997,884415.0,884415.0,884415.0,151.73708,151.73708,151.73708,134.27299703264094
5402.826767,832835.0,832835.0,832835.0,418.8700275158692,418.8700275158692,418.8700275158692,11962.4,11962.4,11962.4,436.812318,436.812318,436.812318,855557.0,855557.0,855557.0,127.95515,127.95515,127.95515,134.4213649851632
5408.753662,871956.0,871956.0,871956.0,469.6143337579346,469.6143337579346,469.6143337579346,11968.6,11968.6,11968.6,521.897812,521.897812,521.897812,917480.0,917480.0,917480.0,207.73285,207.73285,207.73285,134.56973293768544
5413.863592,911077.0,911077.0,911077.0,520.35864,520.35864,520.35864,11974.8,11974.8,11974.8,606.9833060000001,606.9833060000001,606.9833060000001,908037.1666666666,908037.1666666666,908037.1666666666,200.40027166666667,200.40027166666667,200.40027166666667,134.7181008902077
5415.280941,919303.5,919303.5,919303.5,522.228085,522.228085,522.228085,11981.0,11981.0,11981.0,692.0688,692.0688,692.0688,898594.3333333334,898594.3333333334,898594.3333333334,193.06769333333335,193.06769333333335,193.06769333333335,134.86646884272997
5428.952389,927530.0,927530.0,927530.0,524.09753,524.09753,524.09753,12516.0,12516.0,12516.0,388.565482,388.565482,388.565482,889151.5,889151.5,889151.5,185.735115,185.735115,185.735115,135.01483679525222
5429.165484,937605.5,937605.5,937605.5,432.30136500000003,432.30136500000003,432.30136500000003,13051.0,13051.0,13051.0,85.062164,85.062164,85.062164,879708.6666666666,879708.6666666666,879708.6666666666,178.40253666666666,178.40253666666666,178.40253666666666,135.16320474777447
5433.567617,947681.0,947681.0,947681.0,340.5052,340.5052,340.5052,12877.25,12877.25,12877.25,183.08326799999998,183.08326799999998,183.08326799999998,870265.8333333334,870265.8333333334,870265.8333333334,171.06995833333335,171.06995833333335,171.06995833333335,135.31157270029672
5440.438026,921770.0,921770.0,921770.0,202.739665,202.739665,202.739665,12703.5,12703.5,12703.5,281.104372,281.104372,281.104372,860823.0,860823.0,860823.0,163.73738,163.73738,163.73738,135.45994065281897
5448.526177,895859.0,895859.0,895859.0,64.97413,64.97413,64.97413,12529.75,12529.75,12529.75,379.125476,379.125476,379.125476,874147.1666666666,874147.1666666666,874147.1666666666,156.42532666666668,156.42532666666668,156.42532666666668,135.60830860534122
5450.814411,906755.3333333334,906755.3333333334,906755.3333333334,151.66190333333333,151.66190333333333,151.66190333333333,12356.0,12356.0,12356.0,477.14658,477.14658,477.14658,887471.3333333334,887471.3333333334,887471.3333333334,149.11327333333332,149.11327333333332,149.11327333333332,135.7566765578635
5458.73852,917651.6666666666,917651.6666666666,917651.6666666666,238.34967666666665,238.34967666666665,238.34967666666665,12472.0,12472.0,12472.0,512.3368,512.3368,512.3368,900795.5,900795.5,900795.5,141.80122,141.80122,141.80122,135.90504451038575
5459.108667,928548.0,928548.0,928548.0,325.03745,325.03745,325.03745,12616.75,12616.75,12616.75,440.60062500000004,440.60062500000004,440.60062500000004,914119.6666666666,914119.6666666666,914119.6666666666,134.48916666666668,134.48916666666668,134.48916666666668,136.053412462908
5467.2313396930695,662617.0,662617.0,662617.0,229.2049865722656,229.2049865722656,229.2049865722656,12761.5,12761.5,12761.5,368.86445000000003,368.86445000000003,368.86445000000003,927443.8333333334,927443.8333333334,927443.8333333334,127.17711333333332,127.17711333333332,127.17711333333332,136.20178041543025
5480.200721,653732.2,653732.2,653732.2,206.4801071166992,206.4801071166992,206.4801071166992,12906.25,12906.25,12906.25,297.12827500000003,297.12827500000003,297.12827500000003,940768.0,940768.0,940768.0,119.86506,119.86506,119.86506,136.3501483679525
5490.337325,644847.4,644847.4,644847.4,183.75522766113278,183.75522766113278,183.75522766113278,13051.0,13051.0,13051.0,225.3921,225.3921,225.3921,932590.5,932590.5,932590.5,241.19511999999997,241.19511999999997,241.19511999999997,136.49851632047478
5490.359626,635962.6,635962.6,635962.6,161.03034820556638,161.03034820556638,161.03034820556638,12978.5,12978.5,12978.5,321.2542,321.2542,321.2542,924413.0,924413.0,924413.0,362.52518,362.52518,362.52518,136.64688427299703
5505.72887,627077.8,627077.8,627077.8,138.30546875,138.30546875,138.30546875,12906.0,12906.0,12906.0,417.1163,417.1163,417.1163,919661.5,919661.5,919661.5,313.94093499999997,313.94093499999997,313.94093499999997,136.79525222551928
5538.919376134872,618193.0,618193.0,618193.0,115.5805892944336,115.5805892944336,115.5805892944336,12543.5,12543.5,12543.5,464.7858,464.7858,464.7858,914910.0,914910.0,914910.0,265.35668999999996,265.35668999999996,265.35668999999996,136.94362017804153
5543.710402,681011.4,681011.4,681011.4,119.54410143554688,119.54410143554688,119.54410143554688,12181.0,12181.0,12181.0,512.4553,512.4553,512.4553,910158.5,910158.5,910158.5,216.772445,216.772445,216.772445,137.09198813056378
5560.690072,743829.8,743829.8,743829.8,123.50761357666015,123.50761357666015,123.50761357666015,12407.0,12407.0,12407.0,436.6549,436.6549,436.6549,905407.0,905407.0,905407.0,168.1882,168.1882,168.1882,137.24035608308606
5577.888351,806648.2,806648.2,806648.2,127.47112571777343,127.47112571777343,127.47112571777343,12633.0,12633.0,12633.0,360.8545,360.8545,360.8545,876856.0,876856.0,876856.0,168.13248,168.13248,168.13248,137.3887240356083
5578.827413,869466.6,869466.6,869466.6,131.4346378588867,131.4346378588867,131.4346378588867,12859.0,12859.0,12859.0,285.05409999999995,285.05409999999995,285.05409999999995,938126.0,938126.0,938126.0,70.06013,70.06013,70.06013,137.53709198813056
5583.928823,932285.0,932285.0,932285.0,135.39815,135.39815,135.39815,13085.0,13085.0,13085.0,209.25369999999998,209.25369999999998,209.25369999999998,930190.1428571428,930190.1428571428,930190.1428571428,106.19321142857143,106.19321142857143,106.19321142857143,137.6854599406528
5594.25565,937675.6666666666,937675.6666666666,937675.6666666666,139.24454333333333,139.24454333333333,139.24454333333333,13311.0,13311.0,13311.0,133.4533,133.4533,133.4533,922254.2857142857,922254.2857142857,922254.2857142857,142.32629285714285,142.32629285714285,142.32629285714285,137.83382789317506
5595.372963,943066.3333333334,943066.3333333334,943066.3333333334,143.09093666666666,143.09093666666666,143.09093666666666,12212.0,12212.0,12212.0,603.2899,603.2899,603.2899,914318.4285714285,914318.4285714285,914318.4285714285,178.45937428571426,178.45937428571426,178.45937428571426,137.9821958456973
5599.037104,948457.0,948457.0,948457.0,146.93733,146.93733,146.93733,12292.8,12292.8,12292.8,539.603428,539.603428,539.603428,906382.5714285715,906382.5714285715,906382.5714285715,214.59245571428568,214.59245571428568,214.59245571428568,138.13056379821958
5608.657311,969545.0,969545.0,969545.0,417.43204,417.43204,417.43204,12373.6,12373.6,12373.6,475.91695599999997,475.91695599999997,475.91695599999997,898446.7142857143,898446.7142857143,898446.7142857143,250.7255371428571,250.7255371428571,250.7255371428571,138.27893175074183
5618.594998,916935.0,916935.0,916935.0,106.6037,106.6037,106.6037,12454.4,12454.4,12454.4,412.230484,412.230484,412.230484,890510.8571428572,890510.8571428572,890510.8571428572,286.85861857142856,286.85861857142856,286.85861857142856,138.42729970326408
5620.497473,927939.3333333334,927939.3333333334,927939.3333333334,241.97856666666667,241.97856666666667,241.97856666666667,12535.2,12535.2,12535.2,348.54401199999995,348.54401199999995,348.54401199999995,882575.0,882575.0,882575.0,322.9917,322.9917,322.9917,138.57566765578633
5620.909648,938943.6666666666,938943.6666666666,938943.6666666666,377.3534333333333,377.3534333333333,377.3534333333333,12616.0,12616.0,12616.0,284.85754,284.85754,284.85754,902373.5,902373.5,902373.5,275.2872,275.2872,275.2872,138.72403560830858
5634.184604,949948.0,949948.0,949948.0,512.7283,512.7283,512.7283,12659.5,12659.5,12659.5,397.32907,397.32907,397.32907,922172.0,922172.0,922172.0,227.5827,227.5827,227.5827,138.87240356083086
5638.820018,896770.4,896770.4,896770.4,477.24900962890626,477.24900962890626,477.24900962890626,12703.0,12703.0,12703.0,509.8006,509.8006,509.8006,941970.5,941970.5,941970.5,179.8782,179.8782,179.8782,139.0207715133531
5650.260604,843592.8,843592.8,843592.8,441.7697192578125,441.7697192578125,441.7697192578125,12949.0,12949.0,12949.0,560.4667499999999,560.4667499999999,560.4667499999999,961769.0,961769.0,961769.0,132.1737,132.1737,132.1737,139.16913946587536
5660.435855,790415.2,790415.2,790415.2,406.29042888671876,406.29042888671876,406.29042888671876,13195.0,13195.0,13195.0,611.1329,611.1329,611.1329,953883.0,953883.0,953883.0,288.5683,288.5683,288.5683,139.3175074183976
5665.446457,737237.6,737237.6,737237.6,370.811138515625,370.811138515625,370.811138515625,13185.333333333334,13185.333333333334,13185.333333333334,472.94983333333334,472.94983333333334,472.94983333333334,945997.0,945997.0,945997.0,444.9629,444.9629,444.9629,139.46587537091986
5674.953493833542,684060.0,684060.0,684060.0,335.33184814453125,335.33184814453125,335.33184814453125,13175.666666666666,13175.666666666666,13175.666666666666,334.7667666666667,334.7667666666667,334.7667666666667,941198.25,941198.25,941198.25,388.7430375,388.7430375,388.7430375,139.61424332344214
5675.799347,677673.0,677673.0,677673.0,294.898305620466,294.898305620466,294.898305620466,13166.0,13166.0,13166.0,196.5837,196.5837,196.5837,936399.5,936399.5,936399.5,332.523175,332.523175,332.523175,139.7626112759644
5713.808314,671286.0,671286.0,671286.0,254.46476309640067,254.46476309640067,254.46476309640067,12412.0,12412.0,12412.0,114.833305,114.833305,114.833305,931600.75,931600.75,931600.75,276.3033125,276.3033125,276.3033125,139.91097922848664
5735.758695,664899.0,664899.0,664899.0,214.03122057233537,214.03122057233537,214.03122057233537,12709.0,12709.0,12709.0,103.84385625,103.84385625,103.84385625,926802.0,926802.0,926802.0,220.08345,220.08345,220.08345,140.0593471810089
5753.931789,658512.0,658512.0,658512.0,173.5976780482701,173.5976780482701,173.5976780482701,13006.0,13006.0,13006.0,92.85440750000001,92.85440750000001,92.85440750000001,959273.0,959273.0,959273.0,88.42829,88.42829,88.42829,140.20771513353114
5757.976543,652125.0,652125.0,652125.0,133.16413552420482,133.16413552420482,133.16413552420482,13303.0,13303.0,13303.0,81.86495875,81.86495875,81.86495875,898431.0,898431.0,898431.0,401.62894,401.62894,401.62894,140.3560830860534
5759.344374,645738.0,645738.0,645738.0,92.73059300013952,92.73059300013952,92.73059300013952,13600.0,13600.0,13600.0,70.87551,70.87551,70.87551,899092.625,899092.625,899092.625,364.74166675,364.74166675,364.74166675,140.50445103857567
5762.065589904785,639351.0,639351.0,639351.0,52.29705047607422,52.29705047607422,52.29705047607422,13310.75,13310.75,13310.75,250.9028475,250.9028475,250.9028475,899754.25,899754.25,899754.25,327.8543935,327.8543935,327.8543935,140.65281899109792
5769.03743,954418.0,954418.0,954418.0,330.27374,330.27374,330.27374,13021.5,13021.5,13021.5,430.93018500000005,430.93018500000005,430.93018500000005,900415.875,900415.875,900415.875,290.96712025,290.96712025,290.96712025,140.80118694362017
5774.11062,970102.0,970102.0,970102.0,337.8984,337.8984,337.8984,12732.25,12732.25,12732.25,610.9575225,610.9575225,610.9575225,901077.5,901077.5,901077.5,254.079847,254.079847,254.079847,140.94955489614242
5775.474858,980575.5,980575.5,980575.5,370.88418,370.88418,370.88418,12443.0,12443.0,12443.0,790.98486,790.98486,790.98486,901739.125,901739.125,901739.125,217.19257375,217.19257375,217.19257375,141.09792284866467
5783.747543,991049.0,991049.0,991049.0,403.86996,403.86996,403.86996,12659.5,12659.5,12659.5,558.15141,558.15141,558.15141,902400.75,902400.75,902400.75,180.3053005,180.3053005,180.3053005,141.24629080118694
5791.004171,973462.0,973462.0,973462.0,290.79216333333335,290.79216333333335,290.79216333333335,12876.0,12876.0,12876.0,325.31796,325.31796,325.31796,903062.375,903062.375,903062.375,143.41802725000002,143.41802725000002,143.41802725000002,141.3946587537092
5800.600237,955875.0,955875.0,955875.0,177.71436666666668,177.71436666666668,177.71436666666668,12893.4,12893.4,12893.4,402.34866800000003,402.34866800000003,402.34866800000003,903724.0,903724.0,903724.0,106.530754,106.530754,106.530754,141.54302670623144
5803.670877,938288.0,938288.0,938288.0,64.63657,64.63657,64.63657,12910.8,12910.8,12910.8,479.379376,479.379376,479.379376,930218.6666666666,930218.6666666666,930218.6666666666,111.880336,111.880336,111.880336,141.6913946587537
5814.257934,971633.0,971633.0,971633.0,360.32727,360.32727,360.32727,12928.2,12928.2,12928.2,556.410084,556.410084,556.410084,956713.3333333334,956713.3333333334,956713.3333333334,117.229918,117.229918,117.229918,141.83976261127594
5825.314489,927275.8333333334,927275.8333333334,927275.8333333334,361.0438228190104,361.0438228190104,361.0438228190104,12945.6,12945.6,12945.6,633.440792,633.440792,633.440792,983208.0,983208.0,983208.0,122.5795,122.5795,122.5795,141.98813056379822
5828.898222,882918.6666666666,882918.6666666666,882918.6666666666,361.76037563802083,361.76037563802083,361.76037563802083,12963.0,12963.0,12963.0,710.4715,710.4715,710.4715,977881.0,977881.0,977881.0,215.80046666666664,215.80046666666664,215.80046666666664,142.13649851632047
5830.54186,838561.5,838561.5,838561.5,362.47692845703125,362.47692845703125,362.47692845703125,13484.0,13484.0,13484.0,248.65741,248.65741,248.65741,972554.0,972554.0,972554.0,309.02143333333333,309.02143333333333,309.02143333333333,142.28486646884272
5840.523982,794204.3333333334,794204.3333333334,794204.3333333334,363.19348127604167,363.19348127604167,363.19348127604167,13455.0,13455.0,13455.0,311.279495,311.279495,311.279495,967227.0,967227.0,967227.0,402.2424,402.2424,402.2424,142.43323442136497
5845.896315,749847.1666666667,749847.1666666667,749847.1666666667,363.9100340950521,363.9100340950521,363.9100340950521,13426.0,13426.0,13426.0,373.90158,373.90158,373.90158,970027.4,970027.4,970027.4,374.65885599999996,374.65885599999996,374.65885599999996,142.58160237388722
5886.220549821854,705490.0,705490.0,705490.0,364.6265869140625,364.6265869140625,364.6265869140625,13049.0,13049.0,13049.0,226.80832,226.80832,226.80832,972827.8,972827.8,972827.8,347.075312,347.075312,347.075312,142.72997032640947
5888.910819,773048.0,773048.0,773048.0,389.0329351855469,389.0329351855469,389.0329351855469,12672.0,12672.0,12672.0,79.71506,79.71506,79.71506,975628.2,975628.2,975628.2,319.491768,319.491768,319.491768,142.87833827893175
5929.437876,840606.0,840606.0,840606.0,413.43928345703125,413.43928345703125,413.43928345703125,13889.0,13889.0,13889.0,213.99162,213.99162,213.99162,978428.6,978428.6,978428.6,291.908224,291.908224,291.908224,143.026706231454
5934.004936,908164.0,908164.0,908164.0,437.8456317285156,437.8456317285156,437.8456317285156,13686.5,13686.5,13686.5,261.52230333333335,261.52230333333335,261.52230333333335,981229.0,981229.0,981229.0,264.32468,264.32468,264.32468,143.17507418397625
5949.143206,975722.0,975722.0,975722.0,462.25198,462.25198,462.25198,13484.0,13484.0,13484.0,309.0529866666667,309.0529866666667,309.0529866666667,950545.0,950545.0,950545.0,234.876385,234.876385,234.876385,143.3234421364985
5953.060606,983898.0,983898.0,983898.0,501.907605,501.907605,501.907605,13281.5,13281.5,13281.5,356.58367,356.58367,356.58367,919861.0,919861.0,919861.0,205.42809,205.42809,205.42809,143.47181008902075
5954.186704,992074.0,992074.0,992074.0,541.56323,541.56323,541.56323,13079.0,13079.0,13079.0,404.1143533333334,404.1143533333334,404.1143533333334,920568.8571428572,920568.8571428572,920568.8571428572,196.36884857142857,196.36884857142857,196.36884857142857,143.62017804154303
5958.829784,1012016.0,1012016.0,1012016.0,266.29333,266.29333,266.29333,12876.5,12876.5,12876.5,451.64503666666667,451.64503666666667,451.64503666666667,921276.7142857143,921276.7142857143,921276.7142857143,187.30960714285715,187.30960714285715,187.30960714285715,143.76854599406528
5960.583535,994279.0,994279.0,994279.0,201.86925666666667,201.86925666666667,201.86925666666667,12674.0,12674.0,12674.0,499.17572,499.17572,499.17572,921984.5714285715,921984.5714285715,921984.5714285715,178.25036571428572,178.25036571428572,178.25036571428572,143.91691394658753
5961.101646,976542.0,976542.0,976542.0,137.44518333333335,137.44518333333335,137.44518333333335,13136.0,13136.0,13136.0,81.97903,81.97903,81.97903,922692.4285714285,922692.4285714285,922692.4285714285,169.1911242857143,169.1911242857143,169.1911242857143,144.06528189910978
5988.75173,958805.0,958805.0,958805.0,73.02111,73.02111,73.02111,13237.333333333334,13237.333333333334,13237.333333333334,136.59350833333332,136.59350833333332,136.59350833333332,923400.2857142857,923400.2857142857,923400.2857142857,160.13188285714284,160.13188285714284,160.13188285714284,144.21364985163203
5989.633754968643,660599.0,660599.0,660599.0,277.7506103515625,277.7506103515625,277.7506103515625,13338.666666666666,13338.666666666666,13338.666666666666,191.20798666666667,191.20798666666667,191.20798666666667,924108.1428571428,924108.1428571428,924108.1428571428,151.07264142857142,151.07264142857142,151.07264142857142,144.36201780415428
5990.681287,826899.5,826899.5,826899.5,266.22023017578124,266.22023017578124,266.22023017578124,13440.0,13440.0,13440.0,245.822465,245.822465,245.822465,924816.0,924816.0,924816.0,142.0134,142.0134,142.0134,144.51038575667656
5994.308718,993200.0,993200.0,993200.0,254.68985,254.68985,254.68985,13541.333333333334,13541.333333333334,13541.333333333334,300.4369433333333,300.4369433333333,300.4369433333333,964584.0,964584.0,964584.0,296.1761,296.1761,296.1761,144.6587537091988
5995.370043,959916.625,959916.625,959916.625,278.550510534668,278.550510534668,278.550510534668,13642.666666666666,13642.666666666666,13642.666666666666,355.05142166666667,355.05142166666667,355.05142166666667,1004352.0,1004352.0,1004352.0,450.3388,450.3388,450.3388,144.80712166172106
6005.655734,926633.25,926633.25,926633.25,302.4111710693359,302.4111710693359,302.4111710693359,13744.0,13744.0,13744.0,409.6659,409.6659,409.6659,996669.0,996669.0,996669.0,328.406065,328.406065,328.406065,144.9554896142433
6020.597747,893349.875,893349.875,893349.875,326.2718316040039,326.2718316040039,326.2718316040039,13686.0,13686.0,13686.0,264.543365,264.543365,264.543365,988986.0,988986.0,988986.0,206.47333,206.47333,206.47333,145.10385756676556
6020.997119,860066.5,860066.5,860066.5,350.13249213867186,350.13249213867186,350.13249213867186,13628.0,13628.0,13628.0,119.42083,119.42083,119.42083,975368.3333333334,975368.3333333334,975368.3333333334,182.66270666666668,182.66270666666668,182.66270666666668,145.25222551928783
6023.974684,826783.125,826783.125,826783.125,373.99315267333986,373.99315267333986,373.99315267333986,13194.0,13194.0,13194.0,106.751396,106.751396,106.751396,961750.6666666666,961750.6666666666,961750.6666666666,158.85208333333333,158.85208333333333,158.85208333333333,145.40059347181008
6031.853499,793499.75,793499.75,793499.75,397.8538132080078,397.8538132080078,397.8538132080078,13077.5,13077.5,13077.5,233.399823,233.399823,233.399823,948133.0,948133.0,948133.0,135.04146,135.04146,135.04146,145.54896142433233
6059.004853,760216.375,760216.375,760216.375,421.71447374267575,421.71447374267575,421.71447374267575,12961.0,12961.0,12961.0,360.04825,360.04825,360.04825,961548.5,961548.5,961548.5,121.39044150000001,121.39044150000001,121.39044150000001,145.69732937685458
6099.488134860992,726933.0,726933.0,726933.0,445.57513427734375,445.57513427734375,445.57513427734375,13555.0,13555.0,13555.0,256.26458,256.26458,256.26458,974964.0,974964.0,974964.0,107.739423,107.739423,107.739423,145.84569732937683
6104.567686,794531.5,794531.5,794531.5,464.5467257080078,464.5467257080078,464.5467257080078,14149.0,14149.0,14149.0,152.48091,152.48091,152.48091,988379.5,988379.5,988379.5,94.0884045,94.0884045,94.0884045,145.9940652818991
6109.289923,862130.0,862130.0,862130.0,483.5183171386719,483.5183171386719,483.5183171386719,13772.5,13772.5,13772.5,467.606805,467.606805,467.606805,1001795.0,1001795.0,1001795.0,80.437386,80.437386,80.437386,146.14243323442136
6131.198665,929728.5,929728.5,929728.5,502.48990856933597,502.48990856933597,502.48990856933597,13396.0,13396.0,13396.0,782.7327,782.7327,782.7327,989686.4,989686.4,989686.4,93.8020148,93.8020148,93.8020148,146.2908011869436
6134.231038,997327.0,997327.0,997327.0,521.4615,521.4615,521.4615,13297.8,13297.8,13297.8,744.5313140000001,744.5313140000001,744.5313140000001,977577.8,977577.8,977577.8,107.1666436,107.1666436,107.1666436,146.43916913946586
6134.25917,1013851.0,1013851.0,1013851.0,516.2777,516.2777,516.2777,13199.6,13199.6,13199.6,706.329928,706.329928,706.329928,965469.2,965469.2,965469.2,120.53127239999999,120.53127239999999,120.53127239999999,146.5875370919881
6138.917512,1033842.0,1033842.0,1033842.0,427.2177,427.2177,427.2177,13101.4,13101.4,13101.4,668.128542,668.128542,668.128542,953360.6,953360.6,953360.6,133.8959012,133.8959012,133.8959012,146.73590504451036
6143.141837,1020380.5,1020380.5,1020380.5,340.3755285,340.3755285,340.3755285,13003.2,13003.2,13003.2,629.927156,629.927156,629.927156,941252.0,941252.0,941252.0,147.26053,147.26053,147.26053,146.88427299703264
6145.666337,1006919.0,1006919.0,1006919.0,253.533357,253.533357,253.533357,12905.0,12905.0,12905.0,591.72577,591.72577,591.72577,958308.8,958308.8,958308.8,212.411494,212.411494,212.411494,147.0326409495549
6175.758788,993457.5,993457.5,993457.5,166.69118550000002,166.69118550000002,166.69118550000002,13975.0,13975.0,13975.0,451.5935,451.5935,451.5935,975365.6,975365.6,975365.6,277.562458,277.562458,277.562458,147.18100890207714
6178.829293,979996.0,979996.0,979996.0,79.849014,79.849014,79.849014,13957.6,13957.6,13957.6,412.37353,412.37353,412.37353,992422.4,992422.4,992422.4,342.71342200000004,342.71342200000004,342.71342200000004,147.3293768545994
6179.381231,1015137.0,1015137.0,1015137.0,248.77438,248.77438,248.77438,13940.2,13940.2,13940.2,373.15355999999997,373.15355999999997,373.15355999999997,1009479.2,1009479.2,1009479.2,407.86438599999997,407.86438599999997,407.86438599999997,147.47774480712164
6180.427528,959499.0,959499.0,959499.0,219.466744329834,219.466744329834,219.466744329834,13922.8,13922.8,13922.8,333.93359,333.93359,333.93359,1026536.0,1026536.0,1026536.0,473.01535,473.01535,473.01535,147.62611275964392
6195.7578,903861.0,903861.0,903861.0,190.15910865966796,190.15910865966796,190.15910865966796,13905.4,13905.4,13905.4,294.71362,294.71362,294.71362,945927.0,945927.0,945927.0,68.1547,68.1547,68.1547,147.77448071216617
6196.099948,848223.0,848223.0,848223.0,160.85147298950196,160.85147298950196,160.85147298950196,13888.0,13888.0,13888.0,255.49365,255.49365,255.49365,978482.0,978482.0,978482.0,301.50713,301.50713,301.50713,147.92284866468842
6205.674987,792585.0,792585.0,792585.0,131.54383731933592,131.54383731933592,131.54383731933592,13779.5,13779.5,13779.5,222.0611275,222.0611275,222.0611275,1011037.0,1011037.0,1011037.0,534.85956,534.85956,534.85956,148.07121661721067
6216.921696,736947.0,736947.0,736947.0,102.23620164916991,102.23620164916991,102.23620164916991,13671.0,13671.0,13671.0,188.628605,188.628605,188.628605,969822.0,969822.0,969822.0,177.91006,177.91006,177.91006,148.21958456973292
6218.424950838089,681309.0,681309.0,681309.0,72.9285659790039,72.9285659790039,72.9285659790039,13562.5,13562.5,13562.5,155.1960825,155.1960825,155.1960825,980420.8,980420.8,980420.8,158.05709199999998,158.05709199999998,158.05709199999998,148.3679525222552
6224.062668,692376.0,692376.0,692376.0,89.84460576375325,89.84460576375325,89.84460576375325,13454.0,13454.0,13454.0,121.76356,121.76356,121.76356,991019.6,991019.6,991019.6,138.20412399999998,138.20412399999998,138.20412399999998,148.51632047477744
6239.081393,703443.0,703443.0,703443.0,106.7606455485026,106.7606455485026,106.7606455485026,13134.0,13134.0,13134.0,322.0088,322.0088,322.0088,1001618.4,1001618.4,1001618.4,118.351156,118.351156,118.351156,148.6646884272997
6274.654989,714510.0,714510.0,714510.0,123.67668533325195,123.67668533325195,123.67668533325195,14380.0,14380.0,14380.0,159.44995,159.44995,159.44995,1012217.2,1012217.2,1012217.2,98.498188,98.498188,98.498188,148.81305637982194
6289.398767,725577.0,725577.0,725577.0,140.59272511800128,140.59272511800128,140.59272511800128,14032.5,14032.5,14032.5,288.95326,288.95326,288.95326,1022816.0,1022816.0,1022816.0,78.64522,78.64522,78.64522,148.9614243323442
6306.293116,736644.0,736644.0,736644.0,157.50876490275064,157.50876490275064,157.50876490275064,13685.0,13685.0,13685.0,418.45657,418.45657,418.45657,1014257.7142857143,1014257.7142857143,1014257.7142857143,105.0024657142857,105.0024657142857,105.0024657142857,149.10979228486644
6314.12890291214,747711.0,747711.0,747711.0,174.4248046875,174.4248046875,174.4248046875,13575.2,13575.2,13575.2,455.549136,455.549136,455.549136,1005699.4285714285,1005699.4285714285,1005699.4285714285,131.35971142857142,131.35971142857142,131.35971142857142,149.25816023738872
6314.329542,1034798.0,1034798.0,1034798.0,52.391033,52.391033,52.391033,13465.4,13465.4,13465.4,492.641702,492.641702,492.641702,997141.1428571428,997141.1428571428,997141.1428571428,157.71695714285715,157.71695714285715,157.71695714285715,149.40652818991097
6318.996104,1055677.0,1055677.0,1055677.0,336.8292,336.8292,336.8292,13355.6,13355.6,13355.6,529.7342679999999,529.7342679999999,529.7342679999999,988582.8571428572,988582.8571428572,988582.8571428572,184.07420285714284,184.07420285714284,184.07420285714284,149.55489614243322
6324.34562,1019326.0,1019326.0,1019326.0,824.6678,824.6678,824.6678,13245.8,13245.8,13245.8,566.826834,566.826834,566.826834,980024.5714285715,980024.5714285715,980024.5714285715,210.43144857142858,210.43144857142858,210.43144857142858,149.70326409495547
6330.77314,1023429.5,1023429.5,1023429.5,642.2496560000001,642.2496560000001,642.2496560000001,13136.0,13136.0,13136.0,603.9194,603.9194,603.9194,971466.2857142857,971466.2857142857,971466.2857142857,236.78869428571429,236.78869428571429,236.78869428571429,149.85163204747772
6338.228619,1027533.0,1027533.0,1027533.0,459.83151200000003,459.83151200000003,459.83151200000003,13685.5,13685.5,13685.5,471.1821,471.1821,471.1821,962908.0,962908.0,962908.0,263.14594,263.14594,263.14594,150.0
6355.86536,1031636.5,1031636.5,1031636.5,277.413368,277.413368,277.413368,14235.0,14235.0,14235.0,338.4448,338.4448,338.4448,976792.4,976792.4,976792.4,262.851902,262.851902,262.851902,150.14836795252225
6359.458576,1035740.0,1035740.0,1035740.0,94.995224,94.995224,94.995224,14206.0,14206.0,14206.0,307.75511666666665,307.75511666666665,307.75511666666665,990676.8,990676.8,990676.8,262.557864,262.557864,262.557864,150.2967359050445
6363.905373,1000790.0,1000790.0,1000790.0,156.06303,156.06303,156.06303,14177.0,14177.0,14177.0,277.0654333333333,277.0654333333333,277.0654333333333,1004561.2,1004561.2,1004561.2,262.263826,262.263826,262.263826,150.44510385756675
6371.202793,963542.625,963542.625,963542.625,212.93341663085937,212.93341663085937,212.93341663085937,14148.0,14148.0,14148.0,246.37575,246.37575,246.37575,1018445.6,1018445.6,1018445.6,261.969788,261.969788,261.969788,150.593471810089
6385.748715,926295.25,926295.25,926295.25,269.8038032617187,269.8038032617187,269.8038032617187,13896.666666666666,13896.666666666666,13896.666666666666,252.78981666666667,252.78981666666667,252.78981666666667,1032330.0,1032330.0,1032330.0,261.67575,261.67575,261.67575,150.74183976261128
6395.830639,889047.875,889047.875,889047.875,326.6741898925781,326.6741898925781,326.6741898925781,13645.333333333334,13645.333333333334,13645.333333333334,259.20388333333335,259.20388333333335,259.20388333333335,966548.0,966548.0,966548.0,93.36255,93.36255,93.36255,150.89020771513353
6414.148921,851800.5,851800.5,851800.5,383.5445765234375,383.5445765234375,383.5445765234375,13394.0,13394.0,13394.0,265.61795,265.61795,265.61795,978924.5,978924.5,978924.5,144.565575,144.565575,144.565575,151.03857566765578
6416.99471,814553.125,814553.125,814553.125,440.41496315429686,440.41496315429686,440.41496315429686,13568.5,13568.5,13568.5,312.12971500000003,312.12971500000003,312.12971500000003,991301.0,991301.0,991301.0,195.7686,195.7686,195.7686,151.18694362017803
6429.159934,777305.75,777305.75,777305.75,497.2853497851562,497.2853497851562,497.2853497851562,13743.0,13743.0,13743.0,358.64148,358.64148,358.64148,1004521.0,1004521.0,1004521.0,170.6496235,170.6496235,170.6496235,151.33531157270028
6449.742489,740058.375,740058.375,740058.375,554.1557364160157,554.1557364160157,554.1557364160157,14640.0,14640.0,14640.0,78.98701,78.98701,78.98701,1017741.0,1017741.0,1017741.0,145.530647,145.530647,145.530647,151.48367952522253
6451.507014989853,702811.0,702811.0,702811.0,611.026123046875,611.026123046875,611.026123046875,14408.333333333334,14408.333333333334,14408.333333333334,105.0123,105.0123,105.0123,1030961.0,1030961.0,1030961.0,120.4116705,120.4116705,120.4116705,151.6320474777448
6474.480832,791145.75,791145.75,791145.75,570.3118372851562,570.3118372851562,570.3118372851562,14176.666666666666,14176.666666666666,14176.666666666666,131.03759,131.03759,131.03759,1044181.0,1044181.0,1044181.0,95.292694,95.292694,95.292694,151.78041543026706
6481.387257,879480.5,879480.5,879480.5,529.5975515234375,529.5975515234375,529.5975515234375,13945.0,13945.0,13945.0,157.06288,157.06288,157.06288,1045996.0,1045996.0,1045996.0,353.037847,353.037847,353.037847,151.9287833827893
6493.112687,967815.25,967815.25,967815.25,488.88326576171875,488.88326576171875,488.88326576171875,13829.4,13829.4,13829.4,211.049938,211.049938,211.049938,1047811.0,1047811.0,1047811.0,610.783,610.783,610.783,152.07715133531156
6494.402975,1056150.0,1056150.0,1056150.0,448.16898,448.16898,448.16898,13713.8,13713.8,13713.8,265.03699600000004,265.03699600000004,265.03699600000004,1038667.0,1038667.0,1038667.0,538.3646785714286,538.3646785714286,538.3646785714286,152.2255192878338
6504.0863,1077509.0,1077509.0,1077509.0,230.87009,230.87009,230.87009,13598.2,13598.2,13598.2,319.02405400000004,319.02405400000004,319.02405400000004,1029523.0,1029523.0,1029523.0,465.94635714285715,465.94635714285715,465.94635714285715,152.37388724035608
6509.413124,1040697.0,1040697.0,1040697.0,508.6047,508.6047,508.6047,13482.6,13482.6,13482.6,373.011112,373.011112,373.011112,1020379.0,1020379.0,1020379.0,393.5280357142857,393.5280357142857,393.5280357142857,152.52225519287833
6520.8948,950074.3333333334,950074.3333333334,950074.3333333334,433.8475099609375,433.8475099609375,433.8475099609375,13367.0,13367.0,13367.0,426.99817,426.99817,426.99817,1011235.0,1011235.0,1011235.0,321.1097142857143,321.1097142857143,321.1097142857143,152.67062314540058
6530.935581,859451.6666666666,859451.6666666666,859451.6666666666,359.090319921875,359.090319921875,359.090319921875,14437.0,14437.0,14437.0,139.58008,139.58008,139.58008,1002091.0,1002091.0,1002091.0,248.6913928571429,248.6913928571429,248.6913928571429,152.81899109792283
6532.039297819138,768829.0,768829.0,768829.0,284.3331298828125,284.3331298828125,284.3331298828125,14431.2,14431.2,14431.2,176.28971,176.28971,176.28971,992947.0,992947.0,992947.0,176.27307142857143,176.27307142857143,176.27307142857143,152.96735905044508
6538.305654,913396.0,913396.0,913396.0,303.59416494140623,303.59416494140623,303.59416494140623,14425.4,14425.4,14425.4,212.99934,212.99934,212.99934,983803.0,983803.0,983803.0,103.85475,103.85475,103.85475,153.11572700296733
6549.534239,1057963.0,1057963.0,1057963.0,322.8552,322.8552,322.8552,14419.6,14419.6,14419.6,249.70896999999997,249.70896999999997,249.70896999999997,1001218.75,1001218.75,1001218.75,98.44288499999999,98.44288499999999,98.44288499999999,153.2640949554896
6553.986284,1022273.0,1022273.0,1022273.0,282.23517,282.23517,282.23517,14413.8,14413.8,14413.8,286.41859999999997,286.41859999999997,286.41859999999997,1018634.5,1018634.5,1018634.5,93.03102,93.03102,93.03102,153.41246290801186
6556.317302,1027311.0,1027311.0,1027311.0,281.33943636363637,281.33943636363637,281.33943636363637,14408.0,14408.0,14408.0,323.12823,323.12823,323.12823,1036050.25,1036050.25,1036050.25,87.619155,87.619155,87.619155,153.5608308605341
6570.830052,1032349.0,1032349.0,1032349.0,280.4437027272727,280.4437027272727,280.4437027272727,14156.666666666666,14156.666666666666,14156.666666666666,397.68905333333333,397.68905333333333,397.68905333333333,1053466.0,1053466.0,1053466.0,82.20729,82.20729,82.20729,153.70919881305636
6590.89747,1037387.0,1037387.0,1037387.0,279.5479690909091,279.5479690909091,279.5479690909091,13905.333333333334,13905.333333333334,13905.333333333334,472.24987666666664,472.24987666666664,472.24987666666664,988536.0,988536.0,988536.0,311.18433,311.18433,311.18433,153.8575667655786
6599.226515,1042425.0,1042425.0,1042425.0,278.65223545454546,278.65223545454546,278.65223545454546,13654.0,13654.0,13654.0,546.8107,546.8107,546.8107,1000604.0,1000604.0,1000604.0,276.93053,276.93053,276.93053,154.0059347181009
6602.064519,1047463.0,1047463.0,1047463.0,277.7565018181818,277.7565018181818,277.7565018181818,13828.5,13828.5,13828.5,345.22101,345.22101,345.22101,1012672.0,1012672.0,1012672.0,242.67673,242.67673,242.67673,154.15430267062314
6624.243067,1052501.0,1052501.0,1052501.0,276.8607681818182,276.8607681818182,276.8607681818182,14003.0,14003.0,14003.0,143.63132,143.63132,143.63132,1030268.6666666666,1030268.6666666666,1030268.6666666666,259.52275333333336,259.52275333333336,259.52275333333336,154.3026706231454
6624.843383,1057539.0,1057539.0,1057539.0,275.9650345454545,275.9650345454545,275.9650345454545,14929.0,14929.0,14929.0,175.84372,175.84372,175.84372,1047865.3333333334,1047865.3333333334,1047865.3333333334,276.3687766666667,276.3687766666667,276.3687766666667,154.45103857566764
6654.556446,1062577.0,1062577.0,1062577.0,275.0693009090909,275.0693009090909,275.0693009090909,14581.5,14581.5,14581.5,182.612135,182.612135,182.612135,1065462.0,1065462.0,1065462.0,293.2148,293.2148,293.2148,154.5994065281899
6656.488606,1067615.0,1067615.0,1067615.0,274.17356727272727,274.17356727272727,274.17356727272727,14234.0,14234.0,14234.0,189.38055,189.38055,189.38055,1067504.5,1067504.5,1067504.5,403.38070000000005,403.38070000000005,403.38070000000005,154.74777448071217
6668.326175,1072653.0,1072653.0,1072653.0,273.2778336363636,273.2778336363636,273.2778336363636,14306.333333333334,14306.333333333334,14306.333333333334,179.83497833333334,179.83497833333334,179.83497833333334,1069547.0,1069547.0,1069547.0,513.5466,513.5466,513.5466,154.89614243323442
6679.4773,1077691.0,1077691.0,1077691.0,272.3821,272.3821,272.3821,14378.666666666666,14378.666666666666,14378.666666666666,170.28940666666668,170.28940666666668,170.28940666666668,1060396.7142857143,1060396.7142857143,1060396.7142857143,463.3315671428572,463.3315671428572,463.3315671428572,155.04451038575667
6684.174945,1098000.0,1098000.0,1098000.0,106.876915,106.876915,106.876915,14451.0,14451.0,14451.0,160.743835,160.743835,160.743835,1051246.4285714286,1051246.4285714286,1051246.4285714286,413.1165342857143,413.1165342857143,413.1165342857143,155.19287833827892
6685.824023962021,722871.0,722871.0,722871.0,275.66510009765625,275.66510009765625,275.66510009765625,14523.333333333334,14523.333333333334,14523.333333333334,151.19826333333333,151.19826333333333,151.19826333333333,1042096.1428571428,1042096.1428571428,1042096.1428571428,362.90150142857146,362.90150142857146,362.90150142857146,155.34124629080117
6699.644795,1062391.0,1062391.0,1062391.0,226.77103,226.77103,226.77103,14595.666666666666,14595.666666666666,14595.666666666666,141.65269166666667,141.65269166666667,141.65269166666667,1032945.8571428572,1032945.8571428572,1032945.8571428572,312.6864685714286,312.6864685714286,312.6864685714286,155.48961424332342
6706.038775,1066520.25,1066520.25,1066520.25,201.4592825,201.4592825,201.4592825,14668.0,14668.0,14668.0,132.10712,132.10712,132.10712,1023795.5714285715,1023795.5714285715,1023795.5714285715,262.47143571428575,262.47143571428575,262.47143571428575,155.6379821958457
6711.010986,1070649.5,1070649.5,1070649.5,176.147535,176.147535,176.147535,13598.0,13598.0,13598.0,401.54956,401.54956,401.54956,1014645.2857142857,1014645.2857142857,1014645.2857142857,212.25640285714292,212.25640285714292,212.25640285714292,155.78635014836794
6733.379603,1074778.75,1074778.75,1074778.75,150.83578749999998,150.83578749999998,150.83578749999998,13945.0,13945.0,13945.0,407.44371666666666,407.44371666666666,407.44371666666666,1005495.0,1005495.0,1005495.0,162.04137,162.04137,162.04137,155.9347181008902
6734.605487,1078908.0,1078908.0,1078908.0,125.52404,125.52404,125.52404,14292.0,14292.0,14292.0,413.33787333333333,413.33787333333333,413.33787333333333,1019385.8,1019385.8,1019385.8,214.452316,214.452316,214.452316,156.08308605341244
6736.406321,1061274.0,1061274.0,1061274.0,129.377225,129.377225,129.377225,14639.0,14639.0,14639.0,419.23203,419.23203,419.23203,1033276.6,1033276.6,1033276.6,266.86326199999996,266.86326199999996,266.86326199999996,156.2314540059347
6739.063388,1043640.0,1043640.0,1043640.0,133.23041,133.23041,133.23041,14499.8,14499.8,14499.8,459.18458400000003,459.18458400000003,459.18458400000003,1047167.4,1047167.4,1047167.4,319.27420799999993,319.27420799999993,319.27420799999993,156.37982195845697
6751.649360895157,789649.0,789649.0,789649.0,177.28321838378906,177.28321838378906,177.28321838378906,14360.6,14360.6,14360.6,499.13713800000005,499.13713800000005,499.13713800000005,1061058.2,1061058.2,1061058.2,371.68515399999995,371.68515399999995,371.68515399999995,156.52818991097922
6755.907679,820646.1,820646.1,820646.1,215.36392954541014,215.36392954541014,215.36392954541014,14221.4,14221.4,14221.4,539.089692,539.089692,539.089692,1074949.0,1074949.0,1074949.0,424.0961,424.0961,424.0961,156.67655786350147
6775.966014,851643.2,851643.2,851643.2,253.44464070703125,253.44464070703125,253.44464070703125,14082.2,14082.2,14082.2,579.042246,579.042246,579.042246,1009171.0,1009171.0,1009171.0,98.46856,98.46856,98.46856,156.82492581602372
6784.299146,882640.3,882640.3,882640.3,291.52535186865236,291.52535186865236,291.52535186865236,13943.0,13943.0,13943.0,618.9948,618.9948,618.9948,1021937.5,1021937.5,1021937.5,147.0014,147.0014,147.0014,156.97329376854597
6792.078147,913637.4,913637.4,913637.4,329.60606303027345,329.60606303027345,329.60606303027345,14566.0,14566.0,14566.0,391.55865000000006,391.55865000000006,391.55865000000006,1034704.0,1034704.0,1034704.0,195.53424,195.53424,195.53424,157.12166172106825
6799.937815,944634.5,944634.5,944634.5,367.68677419189453,367.68677419189453,367.68677419189453,15189.0,15189.0,15189.0,164.1225,164.1225,164.1225,1047932.5,1047932.5,1047932.5,185.065985,185.065985,185.065985,157.2700296735905
6824.340151,975631.6,975631.6,975631.6,405.76748535351567,405.76748535351567,405.76748535351567,14292.0,14292.0,14292.0,102.27778,102.27778,102.27778,1061161.0,1061161.0,1061161.0,174.59773,174.59773,174.59773,157.41839762611275
6836.618206,1006628.7,1006628.7,1006628.7,443.84819651513675,443.84819651513675,443.84819651513675,14494.0,14494.0,14494.0,126.7755,126.7755,126.7755,1074389.5,1074389.5,1074389.5,164.12947499999999,164.12947499999999,164.12947499999999,157.566765578635
6844.635044,1037625.8,1037625.8,1037625.8,481.92890767675783,481.92890767675783,481.92890767675783,14580.8,14580.8,14580.8,203.88106800000003,203.88106800000003,203.88106800000003,1087618.0,1087618.0,1087618.0,153.66122,153.66122,153.66122,157.71513353115725
6853.393216,1068622.9,1068622.9,1068622.9,520.0096188383789,520.0096188383789,520.0096188383789,14667.6,14667.6,14667.6,280.98663600000003,280.98663600000003,280.98663600000003,1091410.0,1091410.0,1091410.0,199.94604,199.94604,199.94604,157.8635014836795
6869.557119,1099620.0,1099620.0,1099620.0,558.09033,558.09033,558.09033,14754.4,14754.4,14754.4,358.09220400000004,358.09220400000004,358.09220400000004,1084285.0,1084285.0,1084285.0,238.7710911111111,238.7710911111111,238.7710911111111,158.01186943620178
6874.269884,1119326.0,1119326.0,1119326.0,82.95388,82.95388,82.95388,14841.2,14841.2,14841.2,435.1977720000001,435.1977720000001,435.1977720000001,1077160.0,1077160.0,1077160.0,277.5961422222222,277.5961422222222,277.5961422222222,158.16023738872403
6891.143877,1101823.5,1101823.5,1101823.5,257.58644000000004,257.58644000000004,257.58644000000004,14928.0,14928.0,14928.0,512.30334,512.30334,512.30334,1070035.0,1070035.0,1070035.0,316.42119333333335,316.42119333333335,316.42119333333335,158.30860534124628
6894.720367,1084321.0,1084321.0,1084321.0,432.219,432.219,432.219,14364.0,14364.0,14364.0,557.0688700000001,557.0688700000001,557.0688700000001,1062910.0,1062910.0,1062910.0,355.2462444444444,355.2462444444444,355.2462444444444,158.45697329376853
6906.132391,1089610.6666666667,1089610.6666666667,1089610.6666666667,433.32344,433.32344,433.32344,13800.0,13800.0,13800.0,601.8344,601.8344,601.8344,1055785.0,1055785.0,1055785.0,394.0712955555555,394.0712955555555,394.0712955555555,158.60534124629078
6916.51191,1094900.3333333333,1094900.3333333333,1094900.3333333333,434.42788,434.42788,434.42788,14899.0,14899.0,14899.0,325.84882,325.84882,325.84882,1048660.0,1048660.0,1048660.0,432.89634666666666,432.89634666666666,432.89634666666666,158.75370919881306
6919.700341,1100190.0,1100190.0,1100190.0,435.53232,435.53232,435.53232,14773.333333333334,14773.333333333334,14773.333333333334,291.14450666666664,291.14450666666664,291.14450666666664,1041535.0,1041535.0,1041535.0,471.7213977777777,471.7213977777777,471.7213977777777,158.9020771513353
6921.989856958389,745602.0,745602.0,745602.0,429.0511169433594,429.0511169433594,429.0511169433594,14647.666666666666,14647.666666666666,14647.666666666666,256.44019333333335,256.44019333333335,256.44019333333335,1034410.0,1034410.0,1034410.0,510.5464488888888,510.5464488888888,510.5464488888888,159.05044510385756
6928.443148,905620.5,905620.5,905620.5,306.21295347167967,306.21295347167967,306.21295347167967,14522.0,14522.0,14522.0,221.73588,221.73588,221.73588,1027285.0,1027285.0,1027285.0,549.3715,549.3715,549.3715,159.1988130563798
6934.140934,1065639.0,1065639.0,1065639.0,183.37479,183.37479,183.37479,14396.333333333334,14396.333333333334,14396.333333333334,187.03156666666666,187.03156666666666,187.03156666666666,1061821.0,1061821.0,1061821.0,357.91695,357.91695,357.91695,159.34718100890206
6945.989123,1002004.5,1002004.5,1002004.5,267.94953427246094,267.94953427246094,267.94953427246094,14270.666666666666,14270.666666666666,14270.666666666666,152.32725333333332,152.32725333333332,152.32725333333332,1096357.0,1096357.0,1096357.0,166.4624,166.4624,166.4624,159.49554896142433
6969.382723,938370.0,938370.0,938370.0,352.5242785449219,352.5242785449219,352.5242785449219,14145.0,14145.0,14145.0,117.62294,117.62294,117.62294,1080098.5,1080098.5,1080098.5,178.606665,178.606665,178.606665,159.64391691394658
6975.039772,874735.5,874735.5,874735.5,437.09902281738283,437.09902281738283,437.09902281738283,15420.0,15420.0,15420.0,170.76274,170.76274,170.76274,1063840.0,1063840.0,1063840.0,190.75092999999998,190.75092999999998,190.75092999999998,159.79228486646883
6975.909909725189,811101.0,811101.0,811101.0,521.6737670898438,521.6737670898438,521.6737670898438,15260.75,15260.75,15260.75,301.65285500000005,301.65285500000005,301.65285500000005,1047581.5,1047581.5,1047581.5,202.895195,202.895195,202.895195,159.94065281899108
6976.039295,855372.2857142857,855372.2857142857,855372.2857142857,468.8638246484375,468.8638246484375,468.8638246484375,15101.5,15101.5,15101.5,432.54297,432.54297,432.54297,1031323.0,1031323.0,1031323.0,215.03946,215.03946,215.03946,160.08902077151333
6977.142989,899643.5714285715,899643.5714285715,899643.5714285715,416.0538822070313,416.0538822070313,416.0538822070313,14942.25,14942.25,14942.25,563.433085,563.433085,563.433085,1056015.0,1056015.0,1056015.0,243.88168,243.88168,243.88168,160.23738872403558
7016.726413,943914.8571428572,943914.8571428572,943914.8571428572,363.243939765625,363.243939765625,363.243939765625,14783.0,14783.0,14783.0,694.3232,694.3232,694.3232,1073510.3333333333,1073510.3333333333,1073510.3333333333,190.44915666666665,190.44915666666665,190.44915666666665,160.38575667655786
7029.441724,988186.1428571428,988186.1428571428,988186.1428571428,310.43399732421875,310.43399732421875,310.43399732421875,14552.0,14552.0,14552.0,275.95273,275.95273,275.95273,1091005.6666666667,1091005.6666666667,1091005.6666666667,137.01663333333332,137.01663333333332,137.01663333333332,160.5341246290801
7029.721279,1032457.4285714286,1032457.4285714286,1032457.4285714286,257.6240548828125,257.6240548828125,257.6240548828125,14679.2,14679.2,14679.2,283.95959,283.95959,283.95959,1108501.0,1108501.0,1108501.0,83.58411,83.58411,83.58411,160.68249258160236
7043.456647,1076728.7142857143,1076728.7142857143,1076728.7142857143,204.81411244140622,204.81411244140622,204.81411244140622,14806.4,14806.4,14806.4,291.96645,291.96645,291.96645,1112641.0,1112641.0,1112641.0,159.21115,159.21115,159.21115,160.8308605341246
7054.636236,1121000.0,1121000.0,1121000.0,152.00417,152.00417,152.00417,14933.6,14933.6,14933.6,299.97330999999997,299.97330999999997,299.97330999999997,1105551.3333333333,1105551.3333333333,1105551.3333333333,197.69408444444446,197.69408444444446,197.69408444444446,160.97922848664686
7064.362754,1141138.0,1141138.0,1141138.0,318.17664,318.17664,318.17664,15060.8,15060.8,15060.8,307.98017,307.98017,307.98017,1098461.6666666667,1098461.6666666667,1098461.6666666667,236.17701888888888,236.17701888888888,236.17701888888888,161.12759643916914
7071.250744,1123405.0,1123405.0,1123405.0,370.67701999999997,370.67701999999997,370.67701999999997,15188.0,15188.0,15188.0,315.98703,315.98703,315.98703,1091372.0,1091372.0,1091372.0,274.6599533333333,274.6599533333333,274.6599533333333,161.2759643916914
7084.886799,1105672.0,1105672.0,1105672.0,423.1774,423.1774,423.1774,14638.5,14638.5,14638.5,243.368795,243.368795,243.368795,1084282.3333333333,1084282.3333333333,1084282.3333333333,313.1428877777778,313.1428877777778,313.1428877777778,161.42433234421364
7096.235567,1111059.6666666667,1111059.6666666667,1111059.6666666667,361.04374666666666,361.04374666666666,361.04374666666666,14089.0,14089.0,14089.0,170.75056,170.75056,170.75056,1077192.6666666667,1077192.6666666667,1077192.6666666667,351.62582222222227,351.62582222222227,351.62582222222227,161.5727002967359
7096.609192,1116447.3333333333,1116447.3333333333,1116447.3333333333,298.91009333333335,298.91009333333335,298.91009333333335,15130.0,15130.0,15130.0,418.12292,418.12292,418.12292,1070103.0,1070103.0,1070103.0,390.10875666666664,390.10875666666664,390.10875666666664,161.72106824925814
7109.782987,1121835.0,1121835.0,1121835.0,236.77644,236.77644,236.77644,14985.0,14985.0,14985.0,408.60342,408.60342,408.60342,1063013.3333333333,1063013.3333333333,1063013.3333333333,428.5916911111111,428.5916911111111,428.5916911111111,161.8694362017804
7124.23877,1087068.0,1087068.0,1087068.0,337.13162,337.13162,337.13162,14840.0,14840.0,14840.0,399.08392000000003,399.08392000000003,399.08392000000003,1055923.6666666667,1055923.6666666667,1055923.6666666667,467.0746255555556,467.0746255555556,467.0746255555556,162.01780415430267
7128.523503,1007074.75,1007074.75,1007074.75,337.52939432128903,337.52939432128903,337.52939432128903,14695.0,14695.0,14695.0,389.56442,389.56442,389.56442,1048834.0,1048834.0,1048834.0,505.55756,505.55756,505.55756,162.16617210682492
7136.075624,927081.5,927081.5,927081.5,337.9271686425781,337.9271686425781,337.9271686425781,14550.0,14550.0,14550.0,380.04492,380.04492,380.04492,1117461.0,1117461.0,1117461.0,117.62043,117.62043,117.62043,162.31454005934717
7159.49649,847088.25,847088.25,847088.25,338.3249429638672,338.3249429638672,338.3249429638672,14405.0,14405.0,14405.0,370.52542,370.52542,370.52542,1107273.0,1107273.0,1107273.0,106.08777624999999,106.08777624999999,106.08777624999999,162.46290801186942
7159.510397195816,767095.0,767095.0,767095.0,338.72271728515625,338.72271728515625,338.72271728515625,15042.5,15042.5,15042.5,257.798705,257.798705,257.798705,1097085.0,1097085.0,1097085.0,94.5551225,94.5551225,94.5551225,162.61127596439167
7160.145251,783183.0,783183.0,783183.0,297.20923614501953,297.20923614501953,297.20923614501953,15680.0,15680.0,15680.0,145.07199,145.07199,145.07199,1086897.0,1086897.0,1086897.0,83.02246875,83.02246875,83.02246875,162.75964391691394
7162.211498,799271.0,799271.0,799271.0,255.6957550048828,255.6957550048828,255.6957550048828,15520.75,15520.75,15520.75,187.425705,187.425705,187.425705,1076709.0,1076709.0,1076709.0,71.489815,71.489815,71.489815,162.9080118694362
7176.112137,815359.0,815359.0,815359.0,214.1822738647461,214.1822738647461,214.1822738647461,15361.5,15361.5,15361.5,229.77942000000002,229.77942000000002,229.77942000000002,1051901.0,1051901.0,1051901.0,80.99485,80.99485,80.99485,163.05637982195844
7201.396059989929,831447.0,831447.0,831447.0,172.66879272460938,172.66879272460938,172.66879272460938,15202.25,15202.25,15202.25,272.13313500000004,272.13313500000004,272.13313500000004,1077786.6666666667,1077786.6666666667,1077786.6666666667,79.08613666666666,79.08613666666666,79.08613666666666,163.2047477744807
7201.834287,893553.2,893553.2,893553.2,166.5061861796875,166.5061861796875,166.5061861796875,15043.0,15043.0,15043.0,314.48685,314.48685,314.48685,1103672.3333333333,1103672.3333333333,1103672.3333333333,77.17742333333334,77.17742333333334,77.17742333333334,163.35311572700294
7219.814448,955659.4,955659.4,955659.4,160.34357963476563,160.34357963476563,160.34357963476563,14927.5,14927.5,14927.5,309.2901,309.2901,309.2901,1129558.0,1129558.0,1129558.0,75.26871,75.26871,75.26871,163.50148367952522
7234.526939,1017765.6,1017765.6,1017765.6,154.18097308984375,154.18097308984375,154.18097308984375,14812.0,14812.0,14812.0,304.09335,304.09335,304.09335,1131842.0,1131842.0,1131842.0,259.518905,259.518905,259.518905,163.64985163204747
7238.522343,1079871.8,1079871.8,1079871.8,148.0183665449219,148.0183665449219,148.0183665449219,14963.75,14963.75,14963.75,261.1085175,261.1085175,261.1085175,1134126.0,1134126.0,1134126.0,443.7691,443.7691,443.7691,163.79821958456972
7244.70821,1141978.0,1141978.0,1141978.0,141.85576,141.85576,141.85576,15115.5,15115.5,15115.5,218.123685,218.123685,218.123685,1134599.3333333333,1134599.3333333333,1134599.3333333333,411.4213555555555,411.4213555555555,411.4213555555555,163.94658753709197
7254.456078,1162861.0,1162861.0,1162861.0,320.26923,320.26923,320.26923,15267.25,15267.25,15267.25,175.13885249999998,175.13885249999998,175.13885249999998,1135072.6666666667,1135072.6666666667,1135072.6666666667,379.0736111111111,379.0736111111111,379.0736111111111,164.09495548961422
7256.364157,1151019.6666666667,1151019.6666666667,1151019.6666666667,352.1951633333333,352.1951633333333,352.1951633333333,15419.0,15419.0,15419.0,132.15402,132.15402,132.15402,1135546.0,1135546.0,1135546.0,346.72586666666666,346.72586666666666,346.72586666666666,164.24332344213647
7276.730937,1139178.3333333333,1139178.3333333333,1139178.3333333333,384.1210966666667,384.1210966666667,384.1210966666667,15332.0,15332.0,15332.0,101.68256,101.68256,101.68256,1136019.3333333333,1136019.3333333333,1136019.3333333333,314.37812222222226,314.37812222222226,314.37812222222226,164.39169139465875
7279.995056,1127337.0,1127337.0,1127337.0,416.04703,416.04703,416.04703,14826.0,14826.0,14826.0,119.291675,119.291675,119.291675,1136492.6666666667,1136492.6666666667,1136492.6666666667,282.0303777777778,282.0303777777778,282.0303777777778,164.540059347181
7296.343108,1135323.0,1135323.0,1135323.0,318.297015,318.297015,318.297015,14320.0,14320.0,14320.0,136.90079,136.90079,136.90079,1136966.0,1136966.0,1136966.0,249.68263333333334,249.68263333333334,249.68263333333334,164.68842729970325
7304.860877,1143309.0,1143309.0,1143309.0,220.547,220.547,220.547,14725.0,14725.0,14725.0,144.072595,144.072595,144.072595,1137439.3333333333,1137439.3333333333,1137439.3333333333,217.3348888888889,217.3348888888889,217.3348888888889,164.8367952522255
7324.29579,1108645.0,1108645.0,1108645.0,515.5541,515.5541,515.5541,15130.0,15130.0,15130.0,151.24439999999998,151.24439999999998,151.24439999999998,1137912.6666666667,1137912.6666666667,1137912.6666666667,184.98714444444448,184.98714444444448,184.98714444444448,164.98516320474775
7326.161069,1068595.0,1068595.0,1068595.0,538.053830114746,538.053830114746,538.053830114746,15535.0,15535.0,15535.0,158.416205,158.416205,158.416205,1138386.0,1138386.0,1138386.0,152.6394,152.6394,152.6394,165.13353115727003
7340.251996,1028545.0,1028545.0,1028545.0,560.5535602294922,560.5535602294922,560.5535602294922,15940.0,15940.0,15940.0,165.58801,165.58801,165.58801,1104442.5,1104442.5,1104442.5,194.867575,194.867575,194.867575,165.28189910979228
7348.629303,988495.0,988495.0,988495.0,583.0532903442382,583.0532903442382,583.0532903442382,15302.5,15302.5,15302.5,129.91958499999998,129.91958499999998,129.91958499999998,1070499.0,1070499.0,1070499.0,237.09575,237.09575,237.09575,165.43026706231453
7349.578727,948445.0,948445.0,948445.0,605.5530204589843,605.5530204589843,605.5530204589843,14665.0,14665.0,14665.0,94.25116,94.25116,94.25116,1084295.0,1084295.0,1084295.0,193.198405,193.198405,193.198405,165.57863501483678
7352.287284,908395.0,908395.0,908395.0,628.0527505737305,628.0527505737305,628.0527505737305,14868.0,14868.0,14868.0,121.23854,121.23854,121.23854,1098091.0,1098091.0,1098091.0,149.30106,149.30106,149.30106,165.72700296735903
7371.18717,868345.0,868345.0,868345.0,650.5524806884765,650.5524806884765,650.5524806884765,15071.0,15071.0,15071.0,148.22592,148.22592,148.22592,1073110.0,1073110.0,1073110.0,136.20242,136.20242,136.20242,165.8753709198813
7386.939958,828295.0,828295.0,828295.0,673.0522108032226,673.0522108032226,673.0522108032226,15274.0,15274.0,15274.0,175.2133,175.2133,175.2133,1098719.6666666667,1098719.6666666667,1098719.6666666667,119.64375666666666,119.64375666666666,119.64375666666666,166.02373887240356
7397.529439210892,788245.0,788245.0,788245.0,695.5519409179688,695.5519409179688,695.5519409179688,15216.333333333334,15216.333333333334,15216.333333333334,158.23468,158.23468,158.23468,1124329.3333333333,1124329.3333333333,1124329.3333333333,103.08509333333333,103.08509333333333,103.08509333333333,166.1721068249258
7404.950901,804541.0,804541.0,804541.0,677.5848999023438,677.5848999023438,677.5848999023438,15158.666666666666,15158.666666666666,15158.666666666666,141.25606,141.25606,141.25606,1149939.0,1149939.0,1149939.0,86.52643,86.52643,86.52643,166.32047477744806
7419.602168,820837.0,820837.0,820837.0,659.6178588867188,659.6178588867188,659.6178588867188,15101.0,15101.0,15101.0,124.27744,124.27744,124.27744,1152955.5,1152955.5,1152955.5,257.21234000000004,257.21234000000004,257.21234000000004,166.4688427299703
7428.582293,837133.0,837133.0,837133.0,641.6508178710938,641.6508178710938,641.6508178710938,15252.75,15252.75,15252.75,154.24294749999999,154.24294749999999,154.24294749999999,1155972.0,1155972.0,1155972.0,427.89825,427.89825,427.89825,166.61721068249255
7430.157296895981,853429.0,853429.0,853429.0,623.6837768554688,623.6837768554688,623.6837768554688,15404.5,15404.5,15404.5,184.208455,184.208455,184.208455,1156433.75,1156433.75,1156433.75,392.15613375000004,392.15613375000004,392.15613375000004,166.76557863501483
7434.805633,1162917.0,1162917.0,1162917.0,176.83386,176.83386,176.83386,15556.25,15556.25,15556.25,214.1739625,214.1739625,214.1739625,1156895.5,1156895.5,1156895.5,356.4140175,356.4140175,356.4140175,166.91394658753708
7441.511163,1173343.0,1173343.0,1173343.0,178.54329,178.54329,178.54329,15708.0,15708.0,15708.0,244.13947,244.13947,244.13947,1157357.25,1157357.25,1157357.25,320.67190125,320.67190125,320.67190125,167.06231454005933
7444.60554,1183769.0,1183769.0,1183769.0,180.25272,180.25272,180.25272,15621.0,15621.0,15621.0,283.351435,283.351435,283.351435,1157819.0,1157819.0,1157819.0,284.92978500000004,284.92978500000004,284.92978500000004,167.21068249258158
7476.821852,1166494.0,1166494.0,1166494.0,250.88647500000002,250.88647500000002,250.88647500000002,15534.0,15534.0,15534.0,322.5634,322.5634,322.5634,1158280.75,1158280.75,1158280.75,249.18766875,249.18766875,249.18766875,167.35905044510383
7480.090404,1149219.0,1149219.0,1149219.0,321.52023,321.52023,321.52023,15700.5,15700.5,15700.5,323.59763,323.59763,323.59763,1158742.5,1158742.5,1158742.5,213.44555250000002,213.44555250000002,213.44555250000002,167.5074183976261
7499.944324,1164972.0,1164972.0,1164972.0,219.00073,219.00073,219.00073,15867.0,15867.0,15867.0,324.63185999999996,324.63185999999996,324.63185999999996,1159204.25,1159204.25,1159204.25,177.70343625,177.70343625,177.70343625,167.65578635014836
7521.236962,1153439.3333333333,1153439.3333333333,1153439.3333333333,240.26901,240.26901,240.26901,16033.5,16033.5,16033.5,325.66609,325.66609,325.66609,1159666.0,1159666.0,1159666.0,141.96132,141.96132,141.96132,167.8041543026706
7525.370195,1141906.6666666667,1141906.6666666667,1141906.6666666667,261.53729,261.53729,261.53729,16200.0,16200.0,16200.0,326.70032,326.70032,326.70032,1149785.5,1149785.5,1149785.5,175.73827,175.73827,175.73827,167.95252225519286
7529.373865,1130374.0,1130374.0,1130374.0,282.80557,282.80557,282.80557,15548.0,15548.0,15548.0,517.80666,517.80666,517.80666,1139905.0,1139905.0,1139905.0,209.51522,209.51522,209.51522,168.1008902077151
7544.66245,1135732.3,1135732.3,1135732.3,257.5844504,257.5844504,257.5844504,14896.0,14896.0,14896.0,708.913,708.913,708.913,1130024.5,1130024.5,1130024.5,243.29217,243.29217,243.29217,168.2492581602374
7550.867737,1141090.6,1141090.6,1141090.6,232.36333079999997,232.36333079999997,232.36333079999997,15048.25,15048.25,15048.25,578.5229925,578.5229925,578.5229925,1120144.0,1120144.0,1120144.0,277.06912,277.06912,277.06912,168.39762611275964
7561.249898,1146448.9,1146448.9,1146448.9,207.1422112,207.1422112,207.1422112,15200.5,15200.5,15200.5,448.132985,448.132985,448.132985,1094726.0,1094726.0,1094726.0,356.2493,356.2493,356.2493,168.5459940652819
7568.716677,1151807.2,1151807.2,1151807.2,181.92109159999998,181.92109159999998,181.92109159999998,15352.75,15352.75,15352.75,317.74297750000005,317.74297750000005,317.74297750000005,1092409.0,1092409.0,1092409.0,421.91748,421.91748,421.91748,168.69436201780414
7572.050975,1157165.5,1157165.5,1157165.5,156.69997199999997,156.69997199999997,156.69997199999997,15505.0,15505.0,15505.0,187.35297,187.35297,187.35297,1118770.6666666667,1118770.6666666667,1118770.6666666667,314.9953266666667,314.9953266666667,314.9953266666667,168.8427299703264
7599.685137,1162523.8,1162523.8,1162523.8,131.4788524,131.4788524,131.4788524,15361.0,15361.0,15361.0,89.05964,89.05964,89.05964,1145132.3333333333,1145132.3333333333,1145132.3333333333,208.07317333333336,208.07317333333336,208.07317333333336,168.99109792284864
7600.032362,1167882.1,1167882.1,1167882.1,106.25773279999999,106.25773279999999,106.25773279999999,15563.333333333334,15563.333333333334,15563.333333333334,91.73996333333334,91.73996333333334,91.73996333333334,1171494.0,1171494.0,1171494.0,101.15102,101.15102,101.15102,169.13946587537092
7613.653569,1173240.4,1173240.4,1173240.4,81.03661319999998,81.03661319999998,81.03661319999998,15765.666666666666,15765.666666666666,15765.666666666666,94.42028666666667,94.42028666666667,94.42028666666667,1177252.0,1177252.0,1177252.0,695.8207,695.8207,695.8207,169.28783382789317
7626.620847,1178598.7,1178598.7,1178598.7,55.81549359999997,55.81549359999997,55.81549359999997,15968.0,15968.0,15968.0,97.10061,97.10061,97.10061,1177590.5,1177590.5,1177590.5,637.434946,637.434946,637.434946,169.43620178041542
7629.885088,1183957.0,1183957.0,1183957.0,30.594374,30.594374,30.594374,15933.2,15933.2,15933.2,216.557048,216.557048,216.557048,1177929.0,1177929.0,1177929.0,579.049192,579.049192,579.049192,169.58456973293767
7638.780638217926,809048.0,809048.0,809048.0,519.7429809570312,519.7429809570312,519.7429809570312,15898.4,15898.4,15898.4,336.013486,336.013486,336.013486,1178267.5,1178267.5,1178267.5,520.663438,520.663438,520.663438,169.73293768545992
7639.705872,1205498.0,1205498.0,1205498.0,428.79947,428.79947,428.79947,15863.6,15863.6,15863.6,455.46992400000005,455.46992400000005,455.46992400000005,1178606.0,1178606.0,1178606.0,462.277684,462.277684,462.277684,169.8813056379822
7661.442837715149,874503.0,874503.0,874503.0,334.291015625,334.291015625,334.291015625,15828.8,15828.8,15828.8,574.926362,574.926362,574.926362,1178944.5,1178944.5,1178944.5,403.89193,403.89193,403.89193,170.02967359050444
7676.920743,1022767.0,1022767.0,1022767.0,371.6627178125,371.6627178125,371.6627178125,15794.0,15794.0,15794.0,694.3828,694.3828,694.3828,1179283.0,1179283.0,1179283.0,345.506176,345.506176,345.506176,170.1780415430267
7680.212574,1171031.0,1171031.0,1171031.0,409.03442,409.03442,409.03442,16016.0,16016.0,16016.0,600.8876566666667,600.8876566666667,600.8876566666667,1179621.5,1179621.5,1179621.5,287.120422,287.120422,287.120422,170.32640949554894
7695.937183,1186588.0,1186588.0,1186588.0,313.8042,313.8042,313.8042,16238.0,16238.0,16238.0,507.39251333333334,507.39251333333334,507.39251333333334,1179960.0,1179960.0,1179960.0,228.734668,228.734668,228.734668,170.4747774480712
7715.420895,1175055.0,1175055.0,1175055.0,387.555,387.555,387.555,16460.0,16460.0,16460.0,413.89737,413.89737,413.89737,1180298.5,1180298.5,1180298.5,170.34891400000004,170.34891400000004,170.34891400000004,170.62314540059347
7716.325225,1163522.0,1163522.0,1163522.0,461.3058,461.3058,461.3058,16015.666666666666,16015.666666666666,16015.666666666666,417.02931333333333,417.02931333333333,417.02931333333333,1180637.0,1180637.0,1180637.0,111.96316,111.96316,111.96316,170.77151335311572
7725.331178,1151989.0,1151989.0,1151989.0,535.0566,535.0566,535.0566,15571.333333333334,15571.333333333334,15571.333333333334,420.1612566666667,420.1612566666667,420.1612566666667,1167630.6666666667,1167630.6666666667,1167630.6666666667,192.72036333333335,192.72036333333335,192.72036333333335,170.91988130563797
7739.748321,1157365.2,1157365.2,1157365.2,523.62361,523.62361,523.62361,15127.0,15127.0,15127.0,423.2932,423.2932,423.2932,1154624.3333333333,1154624.3333333333,1154624.3333333333,273.4775666666667,273.4775666666667,273.4775666666667,171.06824925816022
7754.342146,1162741.4,1162741.4,1162741.4,512.19062,512.19062,512.19062,15339.666666666666,15339.666666666666,15339.666666666666,473.61043333333333,473.61043333333333,473.61043333333333,1141618.0,1141618.0,1141618.0,354.23477,354.23477,354.23477,171.21661721068247
7761.320104,1168117.6,1168117.6,1168117.6,500.75763,500.75763,500.75763,15552.333333333334,15552.333333333334,15552.333333333334,523.9276666666667,523.9276666666667,523.9276666666667,1115553.0,1115553.0,1115553.0,57.486862,57.486862,57.486862,171.36498516320472
7762.157702,1173493.8,1173493.8,1173493.8,489.32464,489.32464,489.32464,15765.0,15765.0,15765.0,574.2449,574.2449,574.2449,1115066.6666666667,1115066.6666666667,1115066.6666666667,146.680258,146.680258,146.680258,171.513353115727
7784.790225,1178870.0,1178870.0,1178870.0,477.89165,477.89165,477.89165,15650.0,15650.0,15650.0,66.850204,66.850204,66.850204,1114580.3333333333,1114580.3333333333,1114580.3333333333,235.87365400000002,235.87365400000002,235.87365400000002,171.66172106824925
7793.796207,1184246.2,1184246.2,1184246.2,466.45866,466.45866,466.45866,15801.75,15801.75,15801.75,154.280728,154.280728,154.280728,1114094.0,1114094.0,1114094.0,325.06705,325.06705,325.06705,171.8100890207715
7795.120967,1189622.4,1189622.4,1189622.4,455.02567,455.02567,455.02567,15953.5,15953.5,15953.5,241.711252,241.711252,241.711252,1192361.0,1192361.0,1192361.0,69.06118,69.06118,69.06118,171.95845697329375
7808.722955,1194998.6,1194998.6,1194998.6,443.59268,443.59268,443.59268,16105.25,16105.25,16105.25,329.141776,329.141776,329.141776,1198425.0,1198425.0,1198425.0,86.49066,86.49066,86.49066,172.106824925816
7816.739673,1200374.8,1200374.8,1200374.8,432.15969,432.15969,432.15969,16257.0,16257.0,16257.0,416.5723,416.5723,416.5723,1198795.6,1198795.6,1198795.6,117.054668,117.054668,117.054668,172.25519287833828
7824.965633,1205751.0,1205751.0,1205751.0,420.7267,420.7267,420.7267,16179.666666666666,16179.666666666666,16179.666666666666,369.98636,369.98636,369.98636,1199166.2,1199166.2,1199166.2,147.618676,147.618676,147.618676,172.40356083086053
7829.777504,1226566.0,1226566.0,1226566.0,140.69165,140.69165,140.69165,16102.333333333334,16102.333333333334,16102.333333333334,323.40042,323.40042,323.40042,1199536.8,1199536.8,1199536.8,178.182684,178.182684,178.182684,172.55192878338278
7872.006976,1209631.0,1209631.0,1209631.0,323.518235,323.518235,323.518235,16025.0,16025.0,16025.0,276.81448,276.81448,276.81448,1199907.4,1199907.4,1199907.4,208.746692,208.746692,208.746692,172.70029673590503
7880.303714,1192696.0,1192696.0,1192696.0,506.34482,506.34482,506.34482,16164.0,16164.0,16164.0,364.972344,364.972344,364.972344,1200278.0,1200278.0,1200278.0,239.3107,239.3107,239.3107,172.84866468842728
7881.236846923828,830971.0,830971.0,830971.0,222.91651916503903,222.91651916503903,222.91651916503903,16303.0,16303.0,16303.0,453.130208,453.130208,453.130208,1200648.6,1200648.6,1200648.6,269.874708,269.874708,269.874708,172.99703264094953
7894.531527996063,896317.0,896317.0,896317.0,375.1922302246094,375.1922302246094,375.1922302246094,16442.0,16442.0,16442.0,541.2880719999999,541.2880719999999,541.2880719999999,1201019.2,1201019.2,1201019.2,300.438716,300.438716,300.438716,173.1454005934718
7896.020717,1208351.0,1208351.0,1208351.0,608.83844,608.83844,608.83844,16581.0,16581.0,16581.0,629.445936,629.445936,629.445936,1201389.8,1201389.8,1201389.8,331.002724,331.002724,331.002724,173.29376854599406
7905.528932,1196774.3333333333,1196774.3333333333,1196774.3333333333,579.3892266666667,579.3892266666667,579.3892266666667,16720.0,16720.0,16720.0,717.6038,717.6038,717.6038,1201760.4,1201760.4,1201760.4,361.566732,361.566732,361.566732,173.4421364985163
7911.406278,1185197.6666666667,1185197.6666666667,1185197.6666666667,549.9400133333334,549.9400133333334,549.9400133333334,16386.75,16386.75,16386.75,667.317025,667.317025,667.317025,1202131.0,1202131.0,1202131.0,392.13074,392.13074,392.13074,173.59050445103856
7920.406663,1173621.0,1173621.0,1173621.0,520.4908,520.4908,520.4908,16053.5,16053.5,16053.5,617.03025,617.03025,617.03025,1182478.5,1182478.5,1182478.5,241.585958,241.585958,241.585958,173.7388724035608
7939.425722,1178919.9,1178919.9,1178919.9,480.766718,480.766718,480.766718,15720.25,15720.25,15720.25,566.743475,566.743475,566.743475,1162826.0,1162826.0,1162826.0,91.041176,91.041176,91.041176,173.88724035608308
7939.866775,1184218.8,1184218.8,1184218.8,441.042636,441.042636,441.042636,15387.0,15387.0,15387.0,516.4567,516.4567,516.4567,1153991.6666666667,1153991.6666666667,1153991.6666666667,84.11057533333333,84.11057533333333,84.11057533333333,174.03560830860533
7952.260278,1189517.7,1189517.7,1189517.7,401.31855400000006,401.31855400000006,401.31855400000006,16025.0,16025.0,16025.0,192.20723,192.20723,192.20723,1145157.3333333333,1145157.3333333333,1145157.3333333333,77.17997466666667,77.17997466666667,77.17997466666667,174.18397626112758
7961.394646,1194816.6,1194816.6,1194816.6,361.594472,361.594472,361.594472,15967.5,15967.5,15967.5,163.356455,163.356455,163.356455,1136323.0,1136323.0,1136323.0,70.249374,70.249374,70.249374,174.33234421364983
7974.896375,1200115.5,1200115.5,1200115.5,321.87039000000004,321.87039000000004,321.87039000000004,15910.0,15910.0,15910.0,134.50568,134.50568,134.50568,1174676.0,1174676.0,1174676.0,67.135864,67.135864,67.135864,174.48071216617208
7990.291093,1205414.4,1205414.4,1205414.4,282.14630800000003,282.14630800000003,282.14630800000003,16054.5,16054.5,16054.5,144.1071075,144.1071075,144.1071075,1213029.0,1213029.0,1213029.0,64.022354,64.022354,64.022354,174.62908011869436
7993.860047,1210713.3,1210713.3,1210713.3,242.42222600000002,242.42222600000002,242.42222600000002,16199.0,16199.0,16199.0,153.708535,153.708535,153.708535,1134782.0,1134782.0,1134782.0,72.04029,72.04029,72.04029,174.7774480712166
8003.771045,1216012.2,1216012.2,1216012.2,202.698144,202.698144,202.698144,16343.5,16343.5,16343.5,163.3099625,163.3099625,163.3099625,1220010.0,1220010.0,1220010.0,147.92137,147.92137,147.92137,174.92581602373886
8011.863985,1221311.1,1221311.1,1221311.1,162.974062,162.974062,162.974062,16488.0,16488.0,16488.0,172.91139,172.91139,172.91139,1220507.125,1220507.125,1220507.125,182.09439874999998,182.09439874999998,182.09439874999998,175.0741839762611
8020.069853,1226610.0,1226610.0,1226610.0,123.24998,123.24998,123.24998,16420.333333333332,16420.333333333332,16420.333333333332,252.25359333333336,252.25359333333336,252.25359333333336,1221004.25,1221004.25,1221004.25,216.2674275,216.2674275,216.2674275,175.22255192878336
8029.945889,1248647.0,1248647.0,1248647.0,377.6711,377.6711,377.6711,16352.666666666666,16352.666666666666,16352.666666666666,331.5957966666667,331.5957966666667,331.5957966666667,1221501.375,1221501.375,1221501.375,250.44045625,250.44045625,250.44045625,175.3709198813056
8067.091116,1231380.0,1231380.0,1231380.0,428.82090000000005,428.82090000000005,428.82090000000005,16285.0,16285.0,16285.0,410.938,410.938,410.938,1221998.5,1221998.5,1221998.5,284.61348499999997,284.61348499999997,284.61348499999997,175.5192878338279
8080.38978,1214113.0,1214113.0,1214113.0,479.9707,479.9707,479.9707,16516.666666666668,16516.666666666668,16516.666666666668,380.07846666666666,380.07846666666666,380.07846666666666,1222495.625,1222495.625,1222495.625,318.78651375000004,318.78651375000004,318.78651375000004,175.66765578635014
8096.100224,1230065.0,1230065.0,1230065.0,321.07666,321.07666,321.07666,16748.333333333332,16748.333333333332,16748.333333333332,349.2189333333333,349.2189333333333,349.2189333333333,1222992.75,1222992.75,1222992.75,352.9595425,352.9595425,352.9595425,175.8160237388724
8100.641891,1218507.6666666667,1218507.6666666667,1218507.6666666667,288.56270666666666,288.56270666666666,288.56270666666666,16980.0,16980.0,16980.0,318.3594,318.3594,318.3594,1223489.875,1223489.875,1223489.875,387.13257124999996,387.13257124999996,387.13257124999996,175.96439169139464
8111.49041,1206950.3333333333,1206950.3333333333,1206950.3333333333,256.0487533333333,256.0487533333333,256.0487533333333,16753.0,16753.0,16753.0,308.26322,308.26322,308.26322,1223987.0,1223987.0,1223987.0,421.3056,421.3056,421.3056,176.1127596439169
8120.482549,1195393.0,1195393.0,1195393.0,223.5348,223.5348,223.5348,16526.0,16526.0,16526.0,298.16704,298.16704,298.16704,1213938.75,1213938.75,1213938.75,343.24503500000003,343.24503500000003,343.24503500000003,176.26112759643917
8122.493296146393,851113.0,851113.0,851113.0,451.3709106445313,451.3709106445313,451.3709106445313,16299.0,16299.0,16299.0,288.07086000000004,288.07086000000004,288.07086000000004,1203890.5,1203890.5,1203890.5,265.18447000000003,265.18447000000003,265.18447000000003,176.40949554896142
8130.287982940674,917712.0,917712.0,917712.0,406.03375244140625,406.03375244140625,406.03375244140625,16072.0,16072.0,16072.0,277.97468000000003,277.97468000000003,277.97468000000003,1193842.25,1193842.25,1193842.25,187.12390499999998,187.12390499999998,187.12390499999998,176.55786350148367
8135.042164,950708.1,950708.1,950708.1,373.85423279726564,373.85423279726564,373.85423279726564,15845.0,15845.0,15845.0,267.87850000000003,267.87850000000003,267.87850000000003,1183794.0,1183794.0,1183794.0,109.06334,109.06334,109.06334,176.70623145400592
8144.959609,983704.2,983704.2,983704.2,341.674713153125,341.674713153125,341.674713153125,15618.0,15618.0,15618.0,257.78232,257.78232,257.78232,1177472.25,1177472.25,1177472.25,193.995275,193.995275,193.995275,176.85459940652817
8162.382449,1016700.3,1016700.3,1016700.3,309.49519350898436,309.49519350898436,309.49519350898436,16256.0,16256.0,16256.0,213.55014,213.55014,213.55014,1171150.5,1171150.5,1171150.5,278.92721,278.92721,278.92721,177.00296735905044
8169.979891,1049696.4,1049696.4,1049696.4,277.31567386484375,277.31567386484375,277.31567386484375,16199.0,16199.0,16199.0,498.25595,498.25595,498.25595,1164828.75,1164828.75,1164828.75,363.859145,363.859145,363.859145,177.1513353115727
8176.470755,1082692.5,1082692.5,1082692.5,245.13615422070313,245.13615422070313,245.13615422070313,16308.8,16308.8,16308.8,414.529276,414.529276,414.529276,1158507.0,1158507.0,1158507.0,448.79108,448.79108,448.79108,177.29970326409494
8190.378371,1115688.6,1115688.6,1115688.6,212.9566345765625,212.9566345765625,212.9566345765625,16418.6,16418.6,16418.6,330.802602,330.802602,330.802602,1234049.0,1234049.0,1234049.0,53.64577,53.64577,53.64577,177.4480712166172
8193.932843,1148684.7,1148684.7,1148684.7,180.77711493242185,180.77711493242185,180.77711493242185,16528.4,16528.4,16528.4,247.07592799999998,247.07592799999998,247.07592799999998,1156403.0,1156403.0,1156403.0,431.27823,431.27823,431.27823,177.59643916913944
8204.128501,1181680.8,1181680.8,1181680.8,148.59759528828124,148.59759528828124,148.59759528828124,16638.2,16638.2,16638.2,163.34925399999997,163.34925399999997,163.34925399999997,1240346.0,1240346.0,1240346.0,262.88278,262.88278,262.88278,177.7448071216617
8207.010211,1214676.9,1214676.9,1214676.9,116.41807564414063,116.41807564414063,116.41807564414063,16748.0,16748.0,16748.0,79.62258,79.62258,79.62258,1240986.75,1240986.75,1240986.75,265.39337,265.39337,265.39337,177.89317507418397
8220.169484,1247673.0,1247673.0,1247673.0,84.238556,84.238556,84.238556,16670.666666666668,16670.666666666668,16670.666666666668,112.99525333333332,112.99525333333332,112.99525333333332,1241627.5,1241627.5,1241627.5,267.90396,267.90396,267.90396,178.04154302670622
8225.041515,1269685.0,1269685.0,1269685.0,226.27357,226.27357,226.27357,16593.333333333332,16593.333333333332,16593.333333333332,146.36792666666668,146.36792666666668,146.36792666666668,1242268.25,1242268.25,1242268.25,270.41455,270.41455,270.41455,178.18991097922847
8267.181503,1252753.5,1252753.5,1252753.5,324.22193500000003,324.22193500000003,324.22193500000003,16516.0,16516.0,16516.0,179.7406,179.7406,179.7406,1242909.0,1242909.0,1242909.0,272.92514,272.92514,272.92514,178.33827893175072
8285.477255,1235822.0,1235822.0,1235822.0,422.1703,422.1703,422.1703,16849.0,16849.0,16849.0,253.69475,253.69475,253.69475,1243549.75,1243549.75,1243549.75,275.43573,275.43573,275.43573,178.48664688427297
8295.744344,1243692.5,1243692.5,1243692.5,476.90865,476.90865,476.90865,17182.0,17182.0,17182.0,327.6489,327.6489,327.6489,1244190.5,1244190.5,1244190.5,277.94632,277.94632,277.94632,178.63501483679525
8296.195488,1251563.0,1251563.0,1251563.0,531.647,531.647,531.647,16915.4,16915.4,16915.4,288.10084400000005,288.10084400000005,288.10084400000005,1244831.25,1244831.25,1244831.25,280.45691,280.45691,280.45691,178.7833827893175
8311.575596,1234453.0,1234453.0,1234453.0,570.9161,570.9161,570.9161,16648.8,16648.8,16648.8,248.55278800000002,248.55278800000002,248.55278800000002,1245472.0,1245472.0,1245472.0,282.9675,282.9675,282.9675,178.93175074183975
8330.570386,1217343.0,1217343.0,1217343.0,610.1852,610.1852,610.1852,16382.2,16382.2,16382.2,209.00473200000002,209.00473200000002,209.00473200000002,1225112.0,1225112.0,1225112.0,202.56184,202.56184,202.56184,179.080118694362
8335.112784,1102738.0,1102738.0,1102738.0,577.1391933919272,577.1391933919272,577.1391933919272,16115.6,16115.6,16115.6,169.45667600000002,169.45667600000002,169.45667600000002,1204752.0,1204752.0,1204752.0,122.15618,122.15618,122.15618,179.22848664688425
8350.045744,988133.0,988133.0,988133.0,544.0931867838542,544.0931867838542,544.0931867838542,15849.0,15849.0,15849.0,129.90862,129.90862,129.90862,1198298.0,1198298.0,1198298.0,113.73254750000001,113.73254750000001,113.73254750000001,179.37685459940653
8361.367728948593,873528.0,873528.0,873528.0,511.0471801757813,511.0471801757813,511.0471801757813,16154.0,16154.0,16154.0,119.01496750000001,119.01496750000001,119.01496750000001,1191844.0,1191844.0,1191844.0,105.30891500000001,105.30891500000001,105.30891500000001,179.52522255192878
8365.084993,889933.75,889933.75,889933.75,477.53786468505865,477.53786468505865,477.53786468505865,16459.0,16459.0,16459.0,108.121315,108.121315,108.121315,1185390.0,1185390.0,1185390.0,96.8852825,96.8852825,96.8852825,179.67359050445103
8371.537128,906339.5,906339.5,906339.5,444.02854919433594,444.02854919433594,444.02854919433594,16502.0,16502.0,16502.0,172.95656250000002,172.95656250000002,172.95656250000002,1178936.0,1178936.0,1178936.0,88.46165,88.46165,88.46165,179.82195845697328
8377.499027,922745.25,922745.25,922745.25,410.5192337036133,410.5192337036133,410.5192337036133,16545.0,16545.0,16545.0,237.79181,237.79181,237.79181,1204248.6666666667,1204248.6666666667,1204248.6666666667,78.115398,78.115398,78.115398,179.97032640949553
8380.786502838135,939151.0,939151.0,939151.0,377.0099182128906,377.0099182128906,377.0099182128906,16631.8,16631.8,16631.8,292.319892,292.319892,292.319892,1229561.3333333333,1229561.3333333333,1229561.3333333333,67.769146,67.769146,67.769146,180.11869436201778
8390.473323,1005030.8,1005030.8,1005030.8,318.4493525703125,318.4493525703125,318.4493525703125,16718.6,16718.6,16718.6,346.847974,346.847974,346.847974,1254874.0,1254874.0,1254874.0,57.422894,57.422894,57.422894,180.26706231454006
8394.011342,1070910.6,1070910.6,1070910.6,259.8887869277344,259.8887869277344,259.8887869277344,16805.4,16805.4,16805.4,401.376056,401.376056,401.376056,1177922.0,1177922.0,1177922.0,340.8195,340.8195,340.8195,180.4154302670623
8406.513604,1136790.4,1136790.4,1136790.4,201.32822128515625,201.32822128515625,201.32822128515625,16892.2,16892.2,16892.2,455.904138,455.904138,455.904138,1263525.0,1263525.0,1263525.0,225.18135,225.18135,225.18135,180.56379821958456
8407.133069,1202670.2,1202670.2,1202670.2,142.76765564257812,142.76765564257812,142.76765564257812,16979.0,16979.0,16979.0,510.43222,510.43222,510.43222,1263890.5,1263890.5,1263890.5,219.46133375,219.46133375,219.46133375,180.7121661721068
8420.264808,1268550.0,1268550.0,1268550.0,84.20709,84.20709,84.20709,16911.333333333332,16911.333333333332,16911.333333333332,543.2852466666667,543.2852466666667,543.2852466666667,1264256.0,1264256.0,1264256.0,213.7413175,213.7413175,213.7413175,180.86053412462905
8430.148729,1291040.0,1291040.0,1291040.0,106.30596,106.30596,106.30596,16843.666666666668,16843.666666666668,16843.666666666668,576.1382733333334,576.1382733333334,576.1382733333334,1264621.5,1264621.5,1264621.5,208.02130125000002,208.02130125000002,208.02130125000002,181.00890207715133
8467.268465,1274370.0,1274370.0,1274370.0,400.34957999999995,400.34957999999995,400.34957999999995,16776.0,16776.0,16776.0,608.9913,608.9913,608.9913,1264987.0,1264987.0,1264987.0,202.301285,202.301285,202.301285,181.15727002967358
8495.562031,1257700.0,1257700.0,1257700.0,694.3932,694.3932,694.3932,17080.0,17080.0,17080.0,354.69258,354.69258,354.69258,1265352.5,1265352.5,1265352.5,196.58126875,196.58126875,196.58126875,181.30563798219583
8495.848951,1265578.5,1265578.5,1265578.5,564.057425,564.057425,564.057425,17384.0,17384.0,17384.0,100.39386,100.39386,100.39386,1265718.0,1265718.0,1265718.0,190.8612525,190.8612525,190.8612525,181.45400593471808
8501.291186,1273457.0,1273457.0,1273457.0,433.72165,433.72165,433.72165,17129.0,17129.0,17129.0,183.271436,183.271436,183.271436,1266083.5,1266083.5,1266083.5,185.14123625000002,185.14123625000002,185.14123625000002,181.60237388724033
8511.663472,1261909.0,1261909.0,1261909.0,525.5999,525.5999,525.5999,16874.0,16874.0,16874.0,266.149012,266.149012,266.149012,1266449.0,1266449.0,1266449.0,179.42122,179.42122,179.42122,181.75074183976258
8535.181197,1250361.0,1250361.0,1250361.0,617.47815,617.47815,617.47815,16619.0,16619.0,16619.0,349.026588,349.026588,349.026588,1226354.0,1226354.0,1226354.0,258.50092,258.50092,258.50092,181.89910979228486
8550.672003,1238813.0,1238813.0,1238813.0,709.3564,709.3564,709.3564,16364.0,16364.0,16364.0,431.90416400000004,431.90416400000004,431.90416400000004,1220033.25,1220033.25,1220033.25,305.7165475,305.7165475,305.7165475,182.0474777448071
8560.135132,1181554.6666666667,1181554.6666666667,1181554.6666666667,722.224978515625,722.224978515625,722.224978515625,16109.0,16109.0,16109.0,514.78174,514.78174,514.78174,1213712.5,1213712.5,1213712.5,352.93217500000003,352.93217500000003,352.93217500000003,182.19584569732936
8560.166476,1124296.3333333333,1124296.3333333333,1124296.3333333333,735.09355703125,735.09355703125,735.09355703125,16719.0,16719.0,16719.0,269.6109,269.6109,269.6109,1207391.75,1207391.75,1207391.75,400.1478025,400.1478025,400.1478025,182.3442136498516
8576.604037,1067038.0,1067038.0,1067038.0,747.9621355468751,747.9621355468751,747.9621355468751,16747.666666666668,16747.666666666668,16747.666666666668,228.68147666666667,228.68147666666667,228.68147666666667,1201071.0,1201071.0,1201071.0,447.36343,447.36343,447.36343,182.49258160237386
8590.564936,1009779.6666666666,1009779.6666666666,1009779.6666666666,760.8307140625,760.8307140625,760.8307140625,16776.333333333332,16776.333333333332,16776.333333333332,187.75205333333332,187.75205333333332,187.75205333333332,1275643.0,1275643.0,1275643.0,106.83743,106.83743,106.83743,182.64094955489614
8592.628522,952521.3333333333,952521.3333333333,952521.3333333333,773.699292578125,773.699292578125,773.699292578125,16805.0,16805.0,16805.0,146.82263,146.82263,146.82263,1278491.6666666667,1278491.6666666667,1278491.6666666667,106.40778333333333,106.40778333333333,106.40778333333333,182.7893175074184
8600.088906049728,895263.0,895263.0,895263.0,786.56787109375,786.56787109375,786.56787109375,16959.333333333332,16959.333333333332,16959.333333333332,279.46668666666665,279.46668666666665,279.46668666666665,1281340.3333333333,1281340.3333333333,1281340.3333333333,105.97813666666667,105.97813666666667,105.97813666666667,182.93768545994064
8605.725291,993825.25,993825.25,993825.25,631.3110683203125,631.3110683203125,631.3110683203125,17113.666666666668,17113.666666666668,17113.666666666668,412.11074333333335,412.11074333333335,412.11074333333335,1284189.0,1284189.0,1284189.0,105.54849,105.54849,105.54849,183.0860534124629
8607.261754,1092387.5,1092387.5,1092387.5,476.054265546875,476.054265546875,476.054265546875,17268.0,17268.0,17268.0,544.7548,544.7548,544.7548,1241698.0,1241698.0,1241698.0,139.155975,139.155975,139.155975,183.23442136498514
8614.082018,1190949.75,1190949.75,1190949.75,320.7974627734375,320.7974627734375,320.7974627734375,17227.4,17227.4,17227.4,499.72040400000003,499.72040400000003,499.72040400000003,1199207.0,1199207.0,1199207.0,172.76346,172.76346,172.76346,183.38278931750742
8620.35647,1289512.0,1289512.0,1289512.0,165.54066,165.54066,165.54066,17186.8,17186.8,17186.8,454.686008,454.686008,454.686008,1210282.25,1210282.25,1210282.25,212.27334375,212.27334375,212.27334375,183.53115727002967
8630.274708,1311783.0,1311783.0,1311783.0,191.75372,191.75372,191.75372,17146.2,17146.2,17146.2,409.65161200000006,409.65161200000006,409.65161200000006,1221357.5,1221357.5,1221357.5,251.7832275,251.7832275,251.7832275,183.67952522255192
8635.067786693573,960575.0,960575.0,960575.0,447.4463195800781,447.4463195800781,447.4463195800781,17105.6,17105.6,17105.6,364.61721600000004,364.61721600000004,364.61721600000004,1232432.75,1232432.75,1232432.75,291.29311125000004,291.29311125000004,291.29311125000004,183.82789317507417
8672.359964,1066725.3333333333,1066725.3333333333,1066725.3333333333,467.9401130533854,467.9401130533854,467.9401130533854,17065.0,17065.0,17065.0,319.58282,319.58282,319.58282,1243508.0,1243508.0,1243508.0,330.802995,330.802995,330.802995,183.97626112759642
8690.974465,1172875.6666666667,1172875.6666666667,1172875.6666666667,488.43390652669274,488.43390652669274,488.43390652669274,17586.0,17586.0,17586.0,526.11847,526.11847,526.11847,1254583.25,1254583.25,1254583.25,370.31287875,370.31287875,370.31287875,184.12462908011867
8700.817613,1279026.0,1279026.0,1279026.0,508.9277,508.9277,508.9277,17464.6,17464.6,17464.6,503.309248,503.309248,503.309248,1265658.5,1265658.5,1265658.5,409.8227625,409.8227625,409.8227625,184.27299703264094
8706.377966,1295167.0,1295167.0,1295167.0,423.0944,423.0944,423.0944,17343.2,17343.2,17343.2,480.500026,480.500026,480.500026,1276733.75,1276733.75,1276733.75,449.33264625000004,449.33264625000004,449.33264625000004,184.4213649851632
8711.749755,1288279.0,1288279.0,1288279.0,423.497364,423.497364,423.497364,17221.8,17221.8,17221.8,457.690804,457.690804,457.690804,1287809.0,1287809.0,1287809.0,488.84253,488.84253,488.84253,184.56973293768544
8735.270885,1281391.0,1281391.0,1281391.0,423.900328,423.900328,423.900328,17100.4,17100.4,17100.4,434.881582,434.881582,434.881582,1247143.0,1247143.0,1247143.0,128.80414,128.80414,128.80414,184.7181008902077
8755.261689,1274503.0,1274503.0,1274503.0,424.303292,424.303292,424.303292,16979.0,16979.0,16979.0,412.07236,412.07236,412.07236,1240821.75,1240821.75,1240821.75,112.3133445,112.3133445,112.3133445,184.86646884272994
8770.234167,1267615.0,1267615.0,1267615.0,424.706256,424.706256,424.706256,16340.0,16340.0,16340.0,275.9044,275.9044,275.9044,1234500.5,1234500.5,1234500.5,95.822549,95.822549,95.822549,185.01483679525222
8770.761519,1260727.0,1260727.0,1260727.0,425.10922,425.10922,425.10922,16581.666666666668,16581.666666666668,16581.666666666668,386.85156666666666,386.85156666666666,386.85156666666666,1228179.25,1228179.25,1228179.25,79.33175349999999,79.33175349999999,79.33175349999999,185.16320474777447
8786.693147,1269017.6666666667,1269017.6666666667,1269017.6666666667,369.45706333333334,369.45706333333334,369.45706333333334,16823.333333333332,16823.333333333332,16823.333333333332,497.7987333333333,497.7987333333333,497.7987333333333,1221858.0,1221858.0,1221858.0,62.840958,62.840958,62.840958,185.31157270029672
8792.74233,1277308.3333333333,1277308.3333333333,1277308.3333333333,313.8049066666667,313.8049066666667,313.8049066666667,17065.0,17065.0,17065.0,608.7459,608.7459,608.7459,1259259.0,1259259.0,1259259.0,72.599892,72.599892,72.599892,185.45994065281897
8795.66672,1285599.0,1285599.0,1285599.0,258.15274999999997,258.15274999999997,258.15274999999997,17296.5,17296.5,17296.5,468.7869,468.7869,468.7869,1296660.0,1296660.0,1296660.0,82.358826,82.358826,82.358826,185.60830860534122
8812.392247,1293889.6666666667,1293889.6666666667,1293889.6666666667,202.50059333333334,202.50059333333334,202.50059333333334,17528.0,17528.0,17528.0,328.8279,328.8279,328.8279,1301099.5,1301099.5,1301099.5,95.975933,95.975933,95.975933,185.7566765578635
8815.795772,1302180.3333333333,1302180.3333333333,1302180.3333333333,146.84843666666666,146.84843666666666,146.84843666666666,17494.166666666668,17494.166666666668,17494.166666666668,290.59808,290.59808,290.59808,1305539.0,1305539.0,1305539.0,109.59304,109.59304,109.59304,185.90504451038575
8825.439518,1310471.0,1310471.0,1310471.0,91.19628,91.19628,91.19628,17460.333333333332,17460.333333333332,17460.333333333332,252.36826000000002,252.36826000000002,252.36826000000002,1263347.5,1263347.5,1263347.5,208.970255,208.970255,208.970255,186.053412462908
8837.134743,1322153.0,1322153.0,1322153.0,235.16744,235.16744,235.16744,17426.5,17426.5,17426.5,214.13844,214.13844,214.13844,1221156.0,1221156.0,1221156.0,308.34747,308.34747,308.34747,186.20178041543025
8840.455137,1333835.0,1333835.0,1333835.0,379.1386,379.1386,379.1386,17392.666666666668,17392.666666666668,17392.666666666668,175.90862,175.90862,175.90862,1232150.0,1232150.0,1232150.0,283.121865,283.121865,283.121865,186.3501483679525
8841.573939085007,915910.0,915910.0,915910.0,88.0107421875,88.0107421875,88.0107421875,17358.833333333332,17358.833333333332,17358.833333333332,137.67880000000002,137.67880000000002,137.67880000000002,1243144.0,1243144.0,1243144.0,257.89626,257.89626,257.89626,186.49851632047475
8877.448122,948954.0,948954.0,948954.0,371.8363952636719,371.8363952636719,371.8363952636719,17325.0,17325.0,17325.0,99.44898,99.44898,99.44898,1254138.0,1254138.0,1254138.0,232.670655,232.670655,232.670655,186.64688427299703
8893.651670694351,981998.0,981998.0,981998.0,655.6620483398438,655.6620483398438,655.6620483398438,17556.5,17556.5,17556.5,177.641255,177.641255,177.641255,1265132.0,1265132.0,1265132.0,207.44504999999998,207.44504999999998,207.44504999999998,186.79525222551928
8896.083739,1149323.0,1149323.0,1149323.0,487.36430416992187,487.36430416992187,487.36430416992187,17788.0,17788.0,17788.0,255.83353,255.83353,255.83353,1276126.0,1276126.0,1276126.0,182.219445,182.219445,182.219445,186.94362017804153
8911.463308,1316648.0,1316648.0,1316648.0,319.06656,319.06656,319.06656,17678.2,17678.2,17678.2,227.72485799999998,227.72485799999998,227.72485799999998,1287120.0,1287120.0,1287120.0,156.99384,156.99384,156.99384,187.09198813056378
8915.979352,1301012.0,1301012.0,1301012.0,197.89795,197.89795,197.89795,17568.4,17568.4,17568.4,199.616186,199.616186,199.616186,1298114.0,1298114.0,1298114.0,131.768235,131.768235,131.768235,187.24035608308603
8921.849148,1297902.6666666667,1297902.6666666667,1297902.6666666667,329.98530833333336,329.98530833333336,329.98530833333336,17458.6,17458.6,17458.6,171.507514,171.507514,171.507514,1309108.0,1309108.0,1309108.0,106.54263,106.54263,106.54263,187.3887240356083
8945.361772,1294793.3333333333,1294793.3333333333,1294793.3333333333,462.0726666666667,462.0726666666667,462.0726666666667,17348.8,17348.8,17348.8,143.398842,143.398842,143.398842,1268566.0,1268566.0,1268566.0,91.61052,91.61052,91.61052,187.53709198813056
8955.3831,1291684.0,1291684.0,1291684.0,594.160025,594.160025,594.160025,17239.0,17239.0,17239.0,115.29017,115.29017,115.29017,1263514.2,1263514.2,1263514.2,135.104188,135.104188,135.104188,187.6854599406528
8970.291165,1288574.6666666667,1288574.6666666667,1288574.6666666667,726.2473833333333,726.2473833333333,726.2473833333333,16542.0,16542.0,16542.0,547.5555,547.5555,547.5555,1258462.4,1258462.4,1258462.4,178.59785599999998,178.59785599999998,178.59785599999998,187.83382789317506
8987.856778,1285465.3333333333,1285465.3333333333,1285465.3333333333,858.3347416666667,858.3347416666667,858.3347416666667,17296.0,17296.0,17296.0,89.71878,89.71878,89.71878,1253410.6,1253410.6,1253410.6,222.091524,222.091524,222.091524,187.9821958456973
8990.853456,1282356.0,1282356.0,1282356.0,990.4221,990.4221,990.4221,16617.0,16617.0,16617.0,112.4634925,112.4634925,112.4634925,1248358.8,1248358.8,1248358.8,265.585192,265.585192,265.585192,188.13056379821958
9001.770625,1289332.7142857143,1289332.7142857143,1289332.7142857143,860.5722714285714,860.5722714285714,860.5722714285714,15938.0,15938.0,15938.0,135.208205,135.208205,135.208205,1243307.0,1243307.0,1243307.0,309.07886,309.07886,309.07886,188.27893175074183
9005.800103,1296309.4285714286,1296309.4285714286,1296309.4285714286,730.7224428571428,730.7224428571428,730.7224428571428,15259.0,15259.0,15259.0,157.9529175,157.9529175,157.9529175,1317792.0,1317792.0,1317792.0,97.39943,97.39943,97.39943,188.42729970326408
9012.566996,1303286.142857143,1303286.142857143,1303286.142857143,600.8726142857143,600.8726142857143,600.8726142857143,14580.0,14580.0,14580.0,180.69763,180.69763,180.69763,1319920.5,1319920.5,1319920.5,92.6138175,92.6138175,92.6138175,188.57566765578633
9012.575741,1310262.857142857,1310262.857142857,1310262.857142857,471.02278571428576,471.02278571428576,471.02278571428576,14840.0,14840.0,14840.0,130.00655,130.00655,130.00655,1322049.0,1322049.0,1322049.0,87.828205,87.828205,87.828205,188.72403560830858
9017.522823,1317239.5714285714,1317239.5714285714,1317239.5714285714,341.1729571428572,341.1729571428572,341.1729571428572,17788.0,17788.0,17788.0,142.84814,142.84814,142.84814,1324177.5,1324177.5,1324177.5,83.0425925,83.0425925,83.0425925,188.87240356083083
9020.868132,1324216.2857142857,1324216.2857142857,1324216.2857142857,211.3231285714287,211.3231285714287,211.3231285714287,17753.2,17753.2,17753.2,175.071762,175.071762,175.071762,1326306.0,1326306.0,1326306.0,78.25698,78.25698,78.25698,189.0207715133531
9030.55423,1331193.0,1331193.0,1331193.0,81.4733,81.4733,81.4733,17718.4,17718.4,17718.4,207.295384,207.295384,207.295384,1284456.5,1284456.5,1284456.5,148.6962,148.6962,148.6962,189.16913946587536
9040.480307,1342966.5,1342966.5,1342966.5,78.043125,78.043125,78.043125,17683.6,17683.6,17683.6,239.519006,239.519006,239.519006,1242607.0,1242607.0,1242607.0,219.13542,219.13542,219.13542,189.3175074183976
9050.545038,1354740.0,1354740.0,1354740.0,74.61295,74.61295,74.61295,17648.8,17648.8,17648.8,271.74262799999997,271.74262799999997,271.74262799999997,1255150.142857143,1255150.142857143,1255150.142857143,257.46953142857143,257.46953142857143,257.46953142857143,189.46587537091986
9087.547492,1145672.0,1145672.0,1145672.0,90.7067778869629,90.7067778869629,90.7067778869629,17614.0,17614.0,17614.0,303.96625,303.96625,303.96625,1267693.2857142857,1267693.2857142857,1267693.2857142857,295.80364285714285,295.80364285714285,295.80364285714285,189.6142433234421
9094.522258996964,936604.0,936604.0,936604.0,106.80060577392578,106.80060577392578,106.80060577392578,17831.0,17831.0,17831.0,239.521995,239.521995,239.521995,1280236.4285714286,1280236.4285714286,1280236.4285714286,334.1377542857143,334.1377542857143,334.1377542857143,189.7626112759644
9101.188732,1137594.5,1137594.5,1137594.5,262.08177788696287,262.08177788696287,262.08177788696287,18048.0,18048.0,18048.0,175.07774,175.07774,175.07774,1292779.5714285714,1292779.5714285714,1292779.5714285714,372.47186571428574,372.47186571428574,372.47186571428574,189.91097922848664
9121.560411,1338585.0,1338585.0,1338585.0,417.36295,417.36295,417.36295,17961.333333333332,17961.333333333332,17961.333333333332,189.76952,189.76952,189.76952,1305322.7142857143,1305322.7142857143,1305322.7142857143,410.80597714285716,410.80597714285716,410.80597714285716,190.0593471810089
9126.128843,1322646.0,1322646.0,1322646.0,510.53543,510.53543,510.53543,17874.666666666668,17874.666666666668,17874.666666666668,204.46130000000002,204.46130000000002,204.46130000000002,1317865.857142857,1317865.857142857,1317865.857142857,449.1400885714286,449.1400885714286,449.1400885714286,190.20771513353114
9126.943409,1216243.6666666667,1216243.6666666667,1216243.6666666667,421.774352421875,421.774352421875,421.774352421875,17788.0,17788.0,17788.0,219.15308000000002,219.15308000000002,219.15308000000002,1330409.0,1330409.0,1330409.0,487.4742,487.4742,487.4742,190.3560830860534
9150.457943,1109841.3333333333,1109841.3333333333,1109841.3333333333,333.01327484374997,333.01327484374997,333.01327484374997,17701.333333333332,17701.333333333332,17701.333333333332,233.84486,233.84486,233.84486,1289697.0,1289697.0,1289697.0,287.39005,287.39005,287.39005,190.50445103857564
9154.325824737549,1003439.0,1003439.0,1003439.0,244.252197265625,244.252197265625,244.252197265625,17614.666666666668,17614.666666666668,17614.666666666668,248.53664000000003,248.53664000000003,248.53664000000003,1285463.3333333333,1285463.3333333333,1285463.3333333333,258.90089666666665,258.90089666666665,258.90089666666665,190.65281899109792
9165.495413,1078556.0,1078556.0,1078556.0,290.86676794921874,290.86676794921874,290.86676794921874,17528.0,17528.0,17528.0,263.22842,263.22842,263.22842,1281229.6666666667,1281229.6666666667,1281229.6666666667,230.4117433333333,230.4117433333333,230.4117433333333,190.80118694362017
9175.405504,1153673.0,1153673.0,1153673.0,337.4813386328125,337.4813386328125,337.4813386328125,16773.0,16773.0,16773.0,325.90167,325.90167,325.90167,1276996.0,1276996.0,1276996.0,201.92258999999999,201.92258999999999,201.92258999999999,190.94955489614242
9187.970258,1228790.0,1228790.0,1228790.0,384.0959093164063,384.0959093164063,384.0959093164063,17556.0,17556.0,17556.0,105.34053,105.34053,105.34053,1272762.3333333333,1272762.3333333333,1272762.3333333333,173.43343666666664,173.43343666666664,173.43343666666664,191.09792284866467
9215.976935,1303907.0,1303907.0,1303907.0,430.71048,430.71048,430.71048,17671.75,17671.75,17671.75,125.67675,125.67675,125.67675,1268528.6666666667,1268528.6666666667,1268528.6666666667,144.94428333333332,144.94428333333332,144.94428333333332,191.24629080118692
9221.845854,1316187.0,1316187.0,1316187.0,427.472085,427.472085,427.472085,17787.5,17787.5,17787.5,146.01297,146.01297,146.01297,1264295.0,1264295.0,1264295.0,116.45513,116.45513,116.45513,191.3946587537092
9230.916568,1328467.0,1328467.0,1328467.0,424.23369,424.23369,424.23369,17903.25,17903.25,17903.25,166.34919,166.34919,166.34919,1338857.0,1338857.0,1338857.0,75.17609,75.17609,75.17609,191.54302670623144
9232.649017,1340747.0,1340747.0,1340747.0,420.995295,420.995295,420.995295,18019.0,18019.0,18019.0,186.68541,186.68541,186.68541,1341764.3333333333,1341764.3333333333,1341764.3333333333,96.80414666666667,96.80414666666667,96.80414666666667,191.6913946587537
9235.645113,1353027.0,1353027.0,1353027.0,417.7569,417.7569,417.7569,17990.0,17990.0,17990.0,232.368024,232.368024,232.368024,1344671.6666666667,1344671.6666666667,1344671.6666666667,118.43220333333333,118.43220333333333,118.43220333333333,191.83976261127594
9235.949576,1360667.0,1360667.0,1360667.0,362.41915,362.41915,362.41915,17961.0,17961.0,17961.0,278.050638,278.050638,278.050638,1347579.0,1347579.0,1347579.0,140.06026,140.06026,140.06026,191.9881305637982
9250.572155,1368307.0,1368307.0,1368307.0,307.0814,307.0814,307.0814,17932.0,17932.0,17932.0,323.733252,323.733252,323.733252,1264154.0,1264154.0,1264154.0,601.15967,601.15967,601.15967,192.13649851632047
9260.654319,1375947.0,1375947.0,1375947.0,251.74365,251.74365,251.74365,17903.0,17903.0,17903.0,369.415866,369.415866,369.415866,1278827.0,1278827.0,1278827.0,543.1241883333333,543.1241883333333,543.1241883333333,192.28486646884272
9292.642754,1370635.6666666667,1370635.6666666667,1370635.6666666667,371.42676666666665,371.42676666666665,371.42676666666665,17874.0,17874.0,17874.0,415.09848,415.09848,415.09848,1293500.0,1293500.0,1293500.0,485.08870666666667,485.08870666666667,485.08870666666667,192.43323442136497
9311.31133,1365324.3333333333,1365324.3333333333,1365324.3333333333,491.1098833333333,491.1098833333333,491.1098833333333,18250.0,18250.0,18250.0,521.2221,521.2221,521.2221,1308173.0,1308173.0,1308173.0,427.053225,427.053225,427.053225,192.58160237388722
9331.662196,1360013.0,1360013.0,1360013.0,610.793,610.793,610.793,18173.0,18173.0,18173.0,465.3888383333333,465.3888383333333,465.3888383333333,1322846.0,1322846.0,1322846.0,369.0177433333333,369.0177433333333,369.0177433333333,192.72997032640947
9341.293308,1344242.0,1344242.0,1344242.0,514.7146,514.7146,514.7146,18096.0,18096.0,18096.0,409.55557666666664,409.55557666666664,409.55557666666664,1337519.0,1337519.0,1337519.0,310.98226166666666,310.98226166666666,310.98226166666666,192.87833827893172
9342.041333,1150893.0,1150893.0,1150893.0,332.0574495361328,332.0574495361328,332.0574495361328,18019.0,18019.0,18019.0,353.722315,353.722315,353.722315,1352192.0,1352192.0,1352192.0,252.94678,252.94678,252.94678,193.026706231454
9353.087332963943,957544.0,957544.0,957544.0,149.40029907226562,149.40029907226562,149.40029907226562,17942.0,17942.0,17942.0,297.8890533333333,297.8890533333333,297.8890533333333,1331552.5,1331552.5,1331552.5,192.505625,192.505625,192.505625,193.17507418397625
9360.531264,970907.2,970907.2,970907.2,154.45706787109376,154.45706787109376,154.45706787109376,17865.0,17865.0,17865.0,242.05579166666666,242.05579166666666,242.05579166666666,1310913.0,1310913.0,1310913.0,132.06447,132.06447,132.06447,193.3234421364985
9375.594328,984270.4,984270.4,984270.4,159.5138366699219,159.5138366699219,159.5138366699219,17788.0,17788.0,17788.0,186.22253,186.22253,186.22253,1305762.8,1305762.8,1305762.8,119.041076,119.041076,119.041076,193.47181008902075
9393.078583,997633.6,997633.6,997633.6,164.57060546875,164.57060546875,164.57060546875,17816.0,17816.0,17816.0,348.04227,348.04227,348.04227,1300612.6,1300612.6,1300612.6,106.01768200000001,106.01768200000001,106.01768200000001,193.620178041543
9395.514594,1010996.8,1010996.8,1010996.8,169.62737426757812,169.62737426757812,169.62737426757812,17004.0,17004.0,17004.0,609.0381,609.0381,609.0381,1295462.4,1295462.4,1295462.4,92.994288,92.994288,92.994288,193.76854599406528
9417.190193891523,1024360.0,1024360.0,1024360.0,174.68414306640625,174.68414306640625,174.68414306640625,17322.75,17322.75,17322.75,500.28484749999996,500.28484749999996,500.28484749999996,1290312.2,1290312.2,1290312.2,79.970894,79.970894,79.970894,193.91691394658753
9436.913898,1174987.0,1174987.0,1174987.0,342.5499715332031,342.5499715332031,342.5499715332031,17641.5,17641.5,17641.5,391.531595,391.531595,391.531595,1285162.0,1285162.0,1285162.0,66.9475,66.9475,66.9475,194.06528189910978
9441.069799,1325614.0,1325614.0,1325614.0,510.4158,510.4158,510.4158,17960.25,17960.25,17960.25,282.7783425,282.7783425,282.7783425,1303896.25,1303896.25,1303896.25,79.74504875,79.74504875,79.74504875,194.21364985163203
9442.76763,1349826.0,1349826.0,1349826.0,290.637515,290.637515,290.637515,18279.0,18279.0,18279.0,174.02509,174.02509,174.02509,1322630.5,1322630.5,1322630.5,92.5425975,92.5425975,92.5425975,194.36201780415428
9445.745517,1374038.0,1374038.0,1374038.0,70.85923,70.85923,70.85923,18254.833333333332,18254.833333333332,18254.833333333332,245.05569833333334,245.05569833333334,245.05569833333334,1341364.75,1341364.75,1341364.75,105.34014625,105.34014625,105.34014625,194.51038575667656
9456.026937,1380025.5,1380025.5,1380025.5,111.212115,111.212115,111.212115,18230.666666666668,18230.666666666668,18230.666666666668,316.0863066666667,316.0863066666667,316.0863066666667,1360099.0,1360099.0,1360099.0,118.137695,118.137695,118.137695,194.6587537091988
9456.038822,1386013.0,1386013.0,1386013.0,151.565,151.565,151.565,18206.5,18206.5,18206.5,387.11691500000006,387.11691500000006,387.11691500000006,1368868.0,1368868.0,1368868.0,232.9611,232.9611,232.9611,194.80712166172106
9465.672496,1392000.5,1392000.5,1392000.5,191.917885,191.917885,191.917885,18182.333333333332,18182.333333333332,18182.333333333332,458.1475233333334,458.1475233333334,458.1475233333334,1286064.0,1286064.0,1286064.0,704.7285,704.7285,704.7285,194.9554896142433
9480.778575,1397988.0,1397988.0,1397988.0,232.27077,232.27077,232.27077,18158.166666666668,18158.166666666668,18158.166666666668,529.1781316666668,529.1781316666668,529.1781316666668,1300570.5,1300570.5,1300570.5,600.5589,600.5589,600.5589,195.10385756676556
9507.743026,1392509.6666666667,1392509.6666666667,1392509.6666666667,294.8648,294.8648,294.8648,18134.0,18134.0,18134.0,600.20874,600.20874,600.20874,1315077.0,1315077.0,1315077.0,496.38930000000005,496.38930000000005,496.38930000000005,195.2522255192878
9526.435891,1387031.3333333333,1387031.3333333333,1387031.3333333333,357.45883000000003,357.45883000000003,357.45883000000003,18481.0,18481.0,18481.0,516.1338,516.1338,516.1338,1329583.5,1329583.5,1329583.5,392.21970000000005,392.21970000000005,392.21970000000005,195.40059347181008
9546.755982,1381553.0,1381553.0,1381553.0,420.05286,420.05286,420.05286,18394.4,18394.4,18394.4,427.14493519999996,427.14493519999996,427.14493519999996,1344090.0,1344090.0,1344090.0,288.05010000000004,288.05010000000004,288.05010000000004,195.54896142433233
9556.391062,1365261.0,1365261.0,1365261.0,150.94147,150.94147,150.94147,18307.8,18307.8,18307.8,338.1560704,338.1560704,338.1560704,1358596.5,1358596.5,1358596.5,183.8805000000001,183.8805000000001,183.8805000000001,195.69732937685458
9557.138622,1300746.1666666667,1300746.1666666667,1300746.1666666667,142.87419863281252,142.87419863281252,142.87419863281252,18221.2,18221.2,18221.2,249.1672056,249.1672056,249.1672056,1373103.0,1373103.0,1373103.0,79.7109,79.7109,79.7109,195.84569732937683
9570.638562,1236231.3333333333,1236231.3333333333,1236231.3333333333,134.806927265625,134.806927265625,134.806927265625,18134.6,18134.6,18134.6,160.1783408,160.1783408,160.1783408,1332468.0,1332468.0,1332468.0,238.86284,238.86284,238.86284,195.99406528189908
9595.691826,1171716.5,1171716.5,1171716.5,126.7396558984375,126.7396558984375,126.7396558984375,18048.0,18048.0,18048.0,71.189476,71.189476,71.189476,1328089.0,1328089.0,1328089.0,222.18714,222.18714,222.18714,196.14243323442136
9605.600821,1107201.6666666667,1107201.6666666667,1107201.6666666667,118.67238453125,118.67238453125,118.67238453125,17235.0,17235.0,17235.0,118.43671,118.43671,118.43671,1323710.0,1323710.0,1323710.0,205.51144,205.51144,205.51144,196.2908011869436
9608.193767,1042686.8333333333,1042686.8333333333,1042686.8333333333,110.6051131640625,110.6051131640625,110.6051131640625,18018.0,18018.0,18018.0,352.33444,352.33444,352.33444,1319331.0,1319331.0,1319331.0,188.83574,188.83574,188.83574,196.43916913946586
9614.276969194412,978172.0,978172.0,978172.0,102.537841796875,102.537841796875,102.537841796875,18141.0,18141.0,18141.0,346.0792375,346.0792375,346.0792375,1314952.0,1314952.0,1314952.0,172.16003999999998,172.16003999999998,172.16003999999998,196.5875370919881
9655.830808,1394787.0,1394787.0,1394787.0,109.76264,109.76264,109.76264,18264.0,18264.0,18264.0,339.824035,339.824035,339.824035,1310573.0,1310573.0,1310573.0,155.48433999999997,155.48433999999997,155.48433999999997,196.73590504451036
9656.995521,1378888.0,1378888.0,1378888.0,213.20787,213.20787,213.20787,18387.0,18387.0,18387.0,333.5688325,333.5688325,333.5688325,1306194.0,1306194.0,1306194.0,138.80864,138.80864,138.80864,196.88427299703264
9657.89892,1362989.0,1362989.0,1362989.0,316.6531,316.6531,316.6531,18510.0,18510.0,18510.0,327.31363,327.31363,327.31363,1306689.3333333333,1306689.3333333333,1306689.3333333333,165.08678666666665,165.08678666666665,165.08678666666665,197.0326409495549
9666.17316,1347090.0,1347090.0,1347090.0,420.09833,420.09833,420.09833,18493.428571428572,18493.428571428572,18493.428571428572,312.84405428571426,312.84405428571426,312.84405428571426,1307184.6666666667,1307184.6666666667,1307184.6666666667,191.36493333333334,191.36493333333334,191.36493333333334,197.18100890207714
9675.761599,1246646.3333333333,1246646.3333333333,1246646.3333333333,419.35548049804686,419.35548049804686,419.35548049804686,18476.85714285714,18476.85714285714,18476.85714285714,298.37447857142854,298.37447857142854,298.37447857142854,1307680.0,1307680.0,1307680.0,217.64308,217.64308,217.64308,197.3293768545994
9681.1423,1146202.6666666667,1146202.6666666667,1146202.6666666667,418.61263099609374,418.61263099609374,418.61263099609374,18460.285714285714,18460.285714285714,18460.285714285714,283.9049028571429,283.9049028571429,283.9049028571429,1380876.0,1380876.0,1380876.0,111.20829,111.20829,111.20829,197.47774480712164
9684.14087486267,1045759.0,1045759.0,1045759.0,417.8697814941406,417.8697814941406,417.8697814941406,18443.714285714286,18443.714285714286,18443.714285714286,269.43532714285715,269.43532714285715,269.43532714285715,1385613.0,1385613.0,1385613.0,143.57632,143.57632,143.57632,197.6261127596439
9686.104734,1232562.5,1232562.5,1232562.5,273.5896857470703,273.5896857470703,273.5896857470703,18427.14285714286,18427.14285714286,18427.14285714286,254.96575142857142,254.96575142857142,254.96575142857142,1390350.0,1390350.0,1390350.0,175.94435,175.94435,175.94435,197.77448071216617
9700.894142,1419366.0,1419366.0,1419366.0,129.30959,129.30959,129.30959,18410.571428571428,18410.571428571428,18410.571428571428,240.4961757142857,240.4961757142857,240.4961757142857,1391136.8333333333,1391136.8333333333,1391136.8333333333,235.68689166666664,235.68689166666664,235.68689166666664,197.92284866468842
9727.846128,1414025.6666666667,1414025.6666666667,1414025.6666666667,245.5223,245.5223,245.5223,18394.0,18394.0,18394.0,226.0266,226.0266,226.0266,1391923.6666666667,1391923.6666666667,1391923.6666666667,295.4294333333333,295.4294333333333,295.4294333333333,198.07121661721067
9741.556562,1408685.3333333333,1408685.3333333333,1408685.3333333333,361.73501,361.73501,361.73501,18712.0,18712.0,18712.0,634.80896,634.80896,634.80896,1392710.5,1392710.5,1392710.5,355.171975,355.171975,355.171975,198.21958456973292
9766.84339,1403345.0,1403345.0,1403345.0,477.94772,477.94772,477.94772,18468.6,18468.6,18468.6,609.5706779999999,609.5706779999999,609.5706779999999,1393497.3333333333,1393497.3333333333,1393497.3333333333,414.9145166666666,414.9145166666666,414.9145166666666,198.36795252225517
9776.484647,1386950.0,1386950.0,1386950.0,409.93167,409.93167,409.93167,18225.2,18225.2,18225.2,584.332396,584.332396,584.332396,1394284.1666666667,1394284.1666666667,1394284.1666666667,474.6570583333333,474.6570583333333,474.6570583333333,198.51632047477744
9777.236512,1391880.0,1391880.0,1391880.0,405.97254833333335,405.97254833333335,405.97254833333335,17981.8,17981.8,17981.8,559.094114,559.094114,559.094114,1395071.0,1395071.0,1395071.0,534.3996,534.3996,534.3996,198.6646884272997
9785.733143,1396810.0,1396810.0,1396810.0,402.01342666666665,402.01342666666665,402.01342666666665,17738.4,17738.4,17738.4,533.855832,533.855832,533.855832,1353651.0,1353651.0,1353651.0,91.94479,91.94479,91.94479,198.81305637982194
9825.691319,1401740.0,1401740.0,1401740.0,398.054305,398.054305,398.054305,17495.0,17495.0,17495.0,508.61755,508.61755,508.61755,1348408.6,1348408.6,1348408.6,91.882832,91.882832,91.882832,198.9614243323442
9825.806073,1406670.0,1406670.0,1406670.0,394.09518333333335,394.09518333333335,394.09518333333335,18337.0,18337.0,18337.0,428.7214,428.7214,428.7214,1343166.2,1343166.2,1343166.2,91.820874,91.820874,91.820874,199.10979228486644
9828.315119,1411600.0,1411600.0,1411600.0,390.13606166666665,390.13606166666665,390.13606166666665,18249.0,18249.0,18249.0,133.02377,133.02377,133.02377,1337923.8,1337923.8,1337923.8,91.758916,91.758916,91.758916,199.25816023738872
9870.939313,1416530.0,1416530.0,1416530.0,386.17694,386.17694,386.17694,18422.666666666668,18422.666666666668,18422.666666666668,141.16982333333334,141.16982333333334,141.16982333333334,1332681.4,1332681.4,1332681.4,91.69695800000001,91.69695800000001,91.69695800000001,199.40652818991097
9877.079993,1277567.0,1277567.0,1277567.0,348.896524453125,348.896524453125,348.896524453125,18596.333333333332,18596.333333333332,18596.333333333332,149.31587666666667,149.31587666666667,149.31587666666667,1327439.0,1327439.0,1327439.0,91.635,91.635,91.635,199.55489614243322
9878.039997,1138604.0,1138604.0,1138604.0,311.61610890625,311.61610890625,311.61610890625,18770.0,18770.0,18770.0,157.46193,157.46193,157.46193,1328139.6666666667,1328139.6666666667,1328139.6666666667,120.51552333333333,120.51552333333333,120.51552333333333,199.70326409495547
9880.05815911293,999641.0,999641.0,999641.0,274.335693359375,274.335693359375,274.335693359375,18753.428571428572,18753.428571428572,18753.428571428572,165.40605857142856,165.40605857142856,165.40605857142856,1328840.3333333333,1328840.3333333333,1328840.3333333333,149.39604666666668,149.39604666666668,149.39604666666668,199.85163204747772
9890.869389,1184110.5,1184110.5,1184110.5,249.1956566796875,249.1956566796875,249.1956566796875,18736.85714285714,18736.85714285714,18736.85714285714,173.35018714285715,173.35018714285715,173.35018714285715,1329541.0,1329541.0,1329541.0,178.27657,178.27657,178.27657,199.99999999999997
9891.266999,1368580.0,1368580.0,1368580.0,224.05562,224.05562,224.05562,18720.285714285714,18720.285714285714,18720.285714285714,181.29431571428572,181.29431571428572,181.29431571428572,1365943.0,1365943.0,1365943.0,180.3605,180.3605,180.3605,200.14836795252225
9916.274371,1404530.5,1404530.5,1404530.5,182.44374,182.44374,182.44374,18703.714285714286,18703.714285714286,18703.714285714286,189.23844428571428,189.23844428571428,189.23844428571428,1402345.0,1402345.0,1402345.0,182.44443,182.44443,182.44443,200.2967359050445
9921.011776,1440481.0,1440481.0,1440481.0,140.83186,140.83186,140.83186,18687.14285714286,18687.14285714286,18687.14285714286,197.18257285714287,197.18257285714287,197.18257285714287,1406930.0,1406930.0,1406930.0,162.93391000000003,162.93391000000003,162.93391000000003,200.44510385756675
9921.207075,1316027.3333333333,1316027.3333333333,1316027.3333333333,159.88972754882815,159.88972754882815,159.88972754882815,18670.571428571428,18670.571428571428,18670.571428571428,205.12670142857144,205.12670142857144,205.12670142857144,1411515.0,1411515.0,1411515.0,143.42339,143.42339,143.42339,200.593471810089
9947.954089,1191573.6666666667,1191573.6666666667,1191573.6666666667,178.94759509765626,178.94759509765626,178.94759509765626,18654.0,18654.0,18654.0,213.07083,213.07083,213.07083,1412545.4,1412545.4,1412545.4,197.297624,197.297624,197.297624,200.74183976261125
9954.48243689537,1067120.0,1067120.0,1067120.0,198.0054626464844,198.0054626464844,198.0054626464844,18827.5,18827.5,18827.5,512.769545,512.769545,512.769545,1413575.8,1413575.8,1413575.8,251.17185800000001,251.17185800000001,251.17185800000001,200.89020771513353
9961.68233,1246063.5,1246063.5,1246063.5,405.06083132324227,405.06083132324227,405.06083132324227,19001.0,19001.0,19001.0,812.46826,812.46826,812.46826,1414606.2,1414606.2,1414606.2,305.04609200000004,305.04609200000004,305.04609200000004,201.03857566765578
9986.936609,1425007.0,1425007.0,1425007.0,612.1162,612.1162,612.1162,18920.2,18920.2,18920.2,680.1230519999999,680.1230519999999,680.1230519999999,1415636.6,1415636.6,1415636.6,358.92032600000005,358.92032600000005,358.92032600000005,201.18694362017803
9997.338471,1419438.6666666667,1419438.6666666667,1419438.6666666667,437.72904000000005,437.72904000000005,437.72904000000005,18839.4,18839.4,18839.4,547.777844,547.777844,547.777844,1416667.0,1416667.0,1416667.0,412.79456,412.79456,412.79456,201.33531157270028
10000.86058,1413870.3333333333,1413870.3333333333,1413870.3333333333,263.34188,263.34188,263.34188,18758.6,18758.6,18758.6,415.43263599999995,415.43263599999995,415.43263599999995,1374803.0,1374803.0,1374803.0,199.22977,199.22977,199.22977,201.48367952522253
10001.600731,1408302.0,1408302.0,1408302.0,88.95472,88.95472,88.95472,18677.8,18677.8,18677.8,283.08742799999993,283.08742799999993,283.08742799999993,1370414.5,1370414.5,1370414.5,190.93503,190.93503,190.93503,201.63204747774478
10040.891707,1415584.5,1415584.5,1415584.5,89.0294135,89.0294135,89.0294135,18597.0,18597.0,18597.0,150.74222,150.74222,150.74222,1366026.0,1366026.0,1366026.0,182.64029,182.64029,182.64029,201.78041543026706
10045.791604,1422867.0,1422867.0,1422867.0,89.104107,89.104107,89.104107,17755.0,17755.0,17755.0,149.12874,149.12874,149.12874,1361637.5,1361637.5,1361637.5,174.34555,174.34555,174.34555,201.9287833827893
10048.436752,1430149.5,1430149.5,1430149.5,89.1788005,89.1788005,89.1788005,18509.0,18509.0,18509.0,170.63315,170.63315,170.63315,1357249.0,1357249.0,1357249.0,166.05081,166.05081,166.05081,202.07715133531156
10086.03334,1437432.0,1437432.0,1437432.0,89.253494,89.253494,89.253494,18673.0,18673.0,18673.0,209.18678,209.18678,209.18678,1352860.5,1352860.5,1352860.5,157.75607000000002,157.75607000000002,157.75607000000002,202.2255192878338
10087.155497,1425745.5,1425745.5,1425745.5,244.71012050000002,244.71012050000002,244.71012050000002,18837.0,18837.0,18837.0,247.74041,247.74041,247.74041,1348472.0,1348472.0,1348472.0,149.46133,149.46133,149.46133,202.37388724035605
10098.158747,1414059.0,1414059.0,1414059.0,400.166747,400.166747,400.166747,19001.0,19001.0,19001.0,286.29404,286.29404,286.29404,1349643.0,1349643.0,1349643.0,406.55441500000006,406.55441500000006,406.55441500000006,202.52225519287833
10100.978903,1402372.5,1402372.5,1402372.5,555.6233735000001,555.6233735000001,555.6233735000001,19034.0,19034.0,19034.0,297.74967142857145,297.74967142857145,297.74967142857145,1350814.0,1350814.0,1350814.0,663.6475,663.6475,663.6475,202.67062314540058
10126.359007,1390686.0,1390686.0,1390686.0,711.08,711.08,711.08,19067.0,19067.0,19067.0,309.20530285714284,309.20530285714284,309.20530285714284,1368914.25,1368914.25,1368914.25,518.3545750000001,518.3545750000001,518.3545750000001,202.81899109792283
10146.123623,1462253.0,1462253.0,1462253.0,194.59753,194.59753,194.59753,19100.0,19100.0,19100.0,320.6609342857143,320.6609342857143,320.6609342857143,1387014.5,1387014.5,1387014.5,373.06165000000004,373.06165000000004,373.06165000000004,202.96735905044508
10149.810532093048,1020633.0,1020633.0,1020633.0,534.4161376953125,534.4161376953125,534.4161376953125,19133.0,19133.0,19133.0,332.1165657142857,332.1165657142857,332.1165657142857,1405114.75,1405114.75,1405114.75,227.76872500000002,227.76872500000002,227.76872500000002,203.11572700296733
10151.468589,1105825.8,1105825.8,1105825.8,570.22108215625,570.22108215625,570.22108215625,19166.0,19166.0,19166.0,343.57219714285714,343.57219714285714,343.57219714285714,1423215.0,1423215.0,1423215.0,82.4758,82.4758,82.4758,203.2640949554896
10156.30532,1191018.6,1191018.6,1191018.6,606.0260266171875,606.0260266171875,606.0260266171875,19199.0,19199.0,19199.0,355.0278285714286,355.0278285714286,355.0278285714286,1432506.0,1432506.0,1432506.0,101.32528,101.32528,101.32528,203.41246290801186
10176.806497,1276211.4,1276211.4,1276211.4,641.830971078125,641.830971078125,641.830971078125,19232.0,19232.0,19232.0,366.48346,366.48346,366.48346,1423308.75,1423308.75,1423308.75,104.36441,104.36441,104.36441,203.5608308605341
10178.053722,1361404.2,1361404.2,1361404.2,677.6359155390626,677.6359155390626,677.6359155390626,18914.0,18914.0,18914.0,128.11346,128.11346,128.11346,1414111.5,1414111.5,1414111.5,107.40354,107.40354,107.40354,203.70919881305636
10207.030627,1446597.0,1446597.0,1446597.0,713.44086,713.44086,713.44086,18759.333333333332,18759.333333333332,18759.333333333332,126.39190333333333,126.39190333333333,126.39190333333333,1404914.25,1404914.25,1404914.25,110.44267,110.44267,110.44267,203.8575667655786
10215.965415,1440969.6666666667,1440969.6666666667,1440969.6666666667,603.3823666666667,603.3823666666667,603.3823666666667,18604.666666666668,18604.666666666668,18604.666666666668,124.67034666666667,124.67034666666667,124.67034666666667,1395717.0,1395717.0,1395717.0,113.4818,113.4818,113.4818,204.00593471810086
10217.437832,1435342.3333333333,1435342.3333333333,1435342.3333333333,493.3238733333334,493.3238733333334,493.3238733333334,18450.0,18450.0,18450.0,122.94879,122.94879,122.94879,1437938.0,1437938.0,1437938.0,158.24292,158.24292,158.24292,204.15430267062314
10221.738809,1429715.0,1429715.0,1429715.0,383.26538,383.26538,383.26538,18295.333333333332,18295.333333333332,18295.333333333332,121.22723333333333,121.22723333333333,121.22723333333333,1428188.4285714286,1428188.4285714286,1428188.4285714286,150.09043428571428,150.09043428571428,150.09043428571428,204.3026706231454
10228.297356843948,1088545.0,1088545.0,1088545.0,284.59185791015625,284.59185791015625,284.59185791015625,18140.666666666668,18140.666666666668,18140.666666666668,119.50567666666667,119.50567666666667,119.50567666666667,1418438.857142857,1418438.857142857,1418438.857142857,141.93794857142856,141.93794857142856,141.93794857142856,204.45103857566764
10260.888433,1180957.5,1180957.5,1180957.5,247.0362184326172,247.0362184326172,247.0362184326172,17986.0,17986.0,17986.0,117.78412,117.78412,117.78412,1408689.2857142857,1408689.2857142857,1408689.2857142857,133.78546285714285,133.78546285714285,133.78546285714285,204.5994065281899
10266.004125,1273370.0,1273370.0,1273370.0,209.48057895507813,209.48057895507813,209.48057895507813,18886.0,18886.0,18886.0,184.20999,184.20999,184.20999,1398939.7142857143,1398939.7142857143,1398939.7142857143,125.63297714285714,125.63297714285714,125.63297714285714,204.74777448071214
10268.527976,1365782.5,1365782.5,1365782.5,171.92493947753906,171.92493947753906,171.92493947753906,18769.0,18769.0,18769.0,452.12973,452.12973,452.12973,1389190.142857143,1389190.142857143,1389190.142857143,117.48049142857143,117.48049142857143,117.48049142857143,204.89614243323442
10301.124039,1458195.0,1458195.0,1458195.0,134.3693,134.3693,134.3693,18933.0,18933.0,18933.0,372.12458333333336,372.12458333333336,372.12458333333336,1379440.5714285714,1379440.5714285714,1379440.5714285714,109.32800571428572,109.32800571428572,109.32800571428572,205.04451038575667
10307.256768,1464582.5,1464582.5,1464582.5,136.61963500000002,136.61963500000002,136.61963500000002,19097.0,19097.0,19097.0,292.1194366666667,292.1194366666667,292.1194366666667,1369691.0,1369691.0,1369691.0,101.17552,101.17552,101.17552,205.19287833827892
10318.297027,1470970.0,1470970.0,1470970.0,138.86997000000002,138.86997000000002,138.86997000000002,19261.0,19261.0,19261.0,212.11429,212.11429,212.11429,1370812.0,1370812.0,1370812.0,98.01732000000001,98.01732000000001,98.01732000000001,205.34124629080117
10318.695865,1477357.5,1477357.5,1477357.5,141.120305,141.120305,141.120305,19307.2,19307.2,19307.2,206.84437400000002,206.84437400000002,206.84437400000002,1371933.0,1371933.0,1371933.0,94.85912,94.85912,94.85912,205.48961424332342
10376.22401,1483745.0,1483745.0,1483745.0,143.37064,143.37064,143.37064,19353.4,19353.4,19353.4,201.57445800000002,201.57445800000002,201.57445800000002,1413120.5,1413120.5,1413120.5,157.612385,157.612385,157.612385,205.6379821958457
10386.391025,1395482.4,1395482.4,1395482.4,217.8018098515625,217.8018098515625,217.8018098515625,19399.6,19399.6,19399.6,196.304542,196.304542,196.304542,1454308.0,1454308.0,1454308.0,220.36565,220.36565,220.36565,205.78635014836794
10386.594469,1307219.8,1307219.8,1307219.8,292.232979703125,292.232979703125,292.232979703125,19445.8,19445.8,19445.8,191.034626,191.034626,191.034626,1443795.0,1443795.0,1443795.0,56.845455,56.845455,56.845455,205.9347181008902
10396.932142,1218957.2,1218957.2,1218957.2,366.66414955468747,366.66414955468747,366.66414955468747,19492.0,19492.0,19492.0,185.76471,185.76471,185.76471,1438363.8,1438363.8,1438363.8,63.950736,63.950736,63.950736,206.08308605341244
10398.154256,1130694.6,1130694.6,1130694.6,441.09531940625004,441.09531940625004,441.09531940625004,19174.0,19174.0,19174.0,212.83801,212.83801,212.83801,1432932.6,1432932.6,1432932.6,71.056017,71.056017,71.056017,206.2314540059347
10423.858520030975,1042432.0,1042432.0,1042432.0,515.5264892578125,515.5264892578125,515.5264892578125,18495.0,18495.0,18495.0,211.17413666666667,211.17413666666667,211.17413666666667,1427501.4,1427501.4,1427501.4,78.161298,78.161298,78.161298,206.37982195845694
10432.146836,1468585.0,1468585.0,1468585.0,141.27267,141.27267,141.27267,17816.0,17816.0,17816.0,209.51026333333334,209.51026333333334,209.51026333333334,1422070.2,1422070.2,1422070.2,85.26657900000001,85.26657900000001,85.26657900000001,206.52818991097922
10436.06995,1460049.5,1460049.5,1460049.5,334.099785,334.099785,334.099785,17137.0,17137.0,17137.0,207.84638999999999,207.84638999999999,207.84638999999999,1416639.0,1416639.0,1416639.0,92.37186,92.37186,92.37186,206.67655786350147
10446.86244,1451514.0,1451514.0,1451514.0,526.9269,526.9269,526.9269,16458.0,16458.0,16458.0,206.18251666666666,206.18251666666666,206.18251666666666,1438169.5,1438169.5,1438169.5,126.27364,126.27364,126.27364,206.82492581602372
10447.53922,1394588.1666666667,1394588.1666666667,1394588.1666666667,500.37537788899743,500.37537788899743,500.37537788899743,15779.0,15779.0,15779.0,204.51864333333333,204.51864333333333,204.51864333333333,1459700.0,1459700.0,1459700.0,160.17542,160.17542,160.17542,206.97329376854597
10447.651644,1337662.3333333333,1337662.3333333333,1337662.3333333333,473.8238557779948,473.8238557779948,473.8238557779948,15100.0,15100.0,15100.0,202.85477,202.85477,202.85477,1449825.142857143,1449825.142857143,1449825.142857143,151.96965571428572,151.96965571428572,151.96965571428572,207.12166172106822
10485.987994,1280736.5,1280736.5,1280736.5,447.2723336669922,447.2723336669922,447.2723336669922,18217.0,18217.0,18217.0,416.72922,416.72922,416.72922,1439950.2857142857,1439950.2857142857,1439950.2857142857,143.76389142857144,143.76389142857144,143.76389142857144,207.2700296735905
10488.641931,1223810.6666666667,1223810.6666666667,1223810.6666666667,420.7208115559896,420.7208115559896,420.7208115559896,19000.0,19000.0,19000.0,195.60577,195.60577,195.60577,1430075.4285714286,1430075.4285714286,1430075.4285714286,135.55812714285713,135.55812714285713,135.55812714285713,207.41839762611275
10496.109249,1166884.8333333333,1166884.8333333333,1166884.8333333333,394.169289444987,394.169289444987,394.169289444987,19146.0,19146.0,19146.0,139.88853,139.88853,139.88853,1420200.5714285714,1420200.5714285714,1420200.5714285714,127.35236285714285,127.35236285714285,127.35236285714285,207.566765578635
10505.439898967745,1109959.0,1109959.0,1109959.0,367.6177673339844,367.6177673339844,367.6177673339844,19239.75,19239.75,19239.75,234.92449750000003,234.92449750000003,234.92449750000003,1410325.7142857143,1410325.7142857143,1410325.7142857143,119.14659857142857,119.14659857142857,119.14659857142857,207.71513353115725
10521.223598,1479188.0,1479188.0,1479188.0,96.24038,96.24038,96.24038,19333.5,19333.5,19333.5,329.960465,329.960465,329.960465,1400450.857142857,1400450.857142857,1400450.857142857,110.94083428571429,110.94083428571429,110.94083428571429,207.8635014836795
10532.336714,1485504.5,1485504.5,1485504.5,108.0384475,108.0384475,108.0384475,19427.25,19427.25,19427.25,424.9964325,424.9964325,424.9964325,1390576.0,1390576.0,1390576.0,102.73507,102.73507,102.73507,208.01186943620178
10538.429471,1491821.0,1491821.0,1491821.0,119.83651499999999,119.83651499999999,119.83651499999999,19521.0,19521.0,19521.0,520.0324,520.0324,520.0324,1391834.0,1391834.0,1391834.0,131.80169999999998,131.80169999999998,131.80169999999998,208.16023738872403
10543.767662,1498137.5,1498137.5,1498137.5,131.6345825,131.6345825,131.6345825,19578.75,19578.75,19578.75,437.9553075,437.9553075,437.9553075,1393092.0,1393092.0,1393092.0,160.86833,160.86833,160.86833,208.30860534124628
10601.347827,1504454.0,1504454.0,1504454.0,143.43265,143.43265,143.43265,19636.5,19636.5,19636.5,355.878215,355.878215,355.878215,1434117.0,1434117.0,1434117.0,109.20622,109.20622,109.20622,208.45697329376853
10616.508653,1501549.2,1501549.2,1501549.2,236.22709,236.22709,236.22709,19694.25,19694.25,19694.25,273.8011225,273.8011225,273.8011225,1475142.0,1475142.0,1475142.0,57.54411,57.54411,57.54411,208.60534124629078
10617.056512,1498644.4,1498644.4,1498644.4,329.02153,329.02153,329.02153,19752.0,19752.0,19752.0,191.72403,191.72403,191.72403,1471667.0,1471667.0,1471667.0,80.35799666666666,80.35799666666666,80.35799666666666,208.75370919881303
10618.253529,1495739.6,1495739.6,1495739.6,421.81597,421.81597,421.81597,19434.0,19434.0,19434.0,321.10306,321.10306,321.10306,1468192.0,1468192.0,1468192.0,103.17188333333334,103.17188333333334,103.17188333333334,208.9020771513353
10626.711492,1492834.8,1492834.8,1492834.8,514.61041,514.61041,514.61041,19409.14285714286,19409.14285714286,19409.14285714286,294.2874185714286,294.2874185714286,294.2874185714286,1464717.0,1464717.0,1464717.0,125.98577,125.98577,125.98577,209.05044510385756
10652.242235,1489930.0,1489930.0,1489930.0,607.40485,607.40485,607.40485,19384.285714285714,19384.285714285714,19384.285714285714,267.47177714285715,267.47177714285715,267.47177714285715,1451499.5,1451499.5,1451499.5,164.037915,164.037915,164.037915,209.1988130563798
10661.175122,1481534.5,1481534.5,1481534.5,446.896745,446.896745,446.896745,19359.428571428572,19359.428571428572,19359.428571428572,240.65613571428574,240.65613571428574,240.65613571428574,1438282.0,1438282.0,1438282.0,202.09006,202.09006,202.09006,209.34718100890206
10671.950391,1473139.0,1473139.0,1473139.0,286.38864,286.38864,286.38864,19334.571428571428,19334.571428571428,19334.571428571428,213.8404942857143,213.8404942857143,213.8404942857143,1459276.0,1459276.0,1459276.0,152.70864,152.70864,152.70864,209.4955489614243
10672.648815,1268500.0,1268500.0,1268500.0,400.0040123828125,400.0040123828125,400.0040123828125,19309.714285714286,19309.714285714286,19309.714285714286,187.02485285714286,187.02485285714286,187.02485285714286,1480270.0,1480270.0,1480270.0,103.32722,103.32722,103.32722,209.64391691394658
10702.18325996399,1063861.0,1063861.0,1063861.0,513.619384765625,513.619384765625,513.619384765625,19284.85714285714,19284.85714285714,19284.85714285714,160.20921142857145,160.20921142857145,160.20921142857145,1468789.6666666667,1468789.6666666667,1468789.6666666667,98.58882666666666,98.58882666666666,98.58882666666666,209.79228486646883
10713.750346,1172982.0,1172982.0,1172982.0,406.7822935742188,406.7822935742188,406.7822935742188,19260.0,19260.0,19260.0,133.39357,133.39357,133.39357,1457309.3333333333,1457309.3333333333,1457309.3333333333,93.85043333333333,93.85043333333333,93.85043333333333,209.94065281899108
10721.221936,1282103.0,1282103.0,1282103.0,299.9452023828125,299.9452023828125,299.9452023828125,19406.0,19406.0,19406.0,183.47536,183.47536,183.47536,1445829.0,1445829.0,1445829.0,89.11204000000001,89.11204000000001,89.11204000000001,210.08902077151333
10726.111622,1391224.0,1391224.0,1391224.0,193.10811119140624,193.10811119140624,193.10811119140624,18477.0,18477.0,18477.0,161.28719,161.28719,161.28719,1434348.6666666667,1434348.6666666667,1434348.6666666667,84.37364666666667,84.37364666666667,84.37364666666667,210.23738872403558
10746.297039,1500345.0,1500345.0,1500345.0,86.27102,86.27102,86.27102,18902.0,18902.0,18902.0,279.51249333333334,279.51249333333334,279.51249333333334,1422868.3333333333,1422868.3333333333,1422868.3333333333,79.63525333333334,79.63525333333334,79.63525333333334,210.38575667655783
10762.427122,1407816.5,1407816.5,1407816.5,123.97436790527343,123.97436790527343,123.97436790527343,19327.0,19327.0,19327.0,397.73779666666667,397.73779666666667,397.73779666666667,1411388.0,1411388.0,1411388.0,74.89686,74.89686,74.89686,210.5341246290801
10763.562967,1315288.0,1315288.0,1315288.0,161.67771581054689,161.67771581054689,161.67771581054689,19752.0,19752.0,19752.0,515.9631,515.9631,515.9631,1412818.5,1412818.5,1412818.5,125.536555,125.536555,125.536555,210.68249258160236
10783.858287,1222759.5,1222759.5,1222759.5,199.38106371582032,199.38106371582032,199.38106371582032,19809.75,19809.75,19809.75,423.34409500000004,423.34409500000004,423.34409500000004,1414249.0,1414249.0,1414249.0,176.17625,176.17625,176.17625,210.8308605341246
10785.505811929705,1130231.0,1130231.0,1130231.0,237.08441162109375,237.08441162109375,237.08441162109375,19867.5,19867.5,19867.5,330.72509,330.72509,330.72509,1430776.2,1430776.2,1430776.2,172.238584,172.238584,172.238584,210.97922848664686
10836.51565,1525714.0,1525714.0,1525714.0,149.68231,149.68231,149.68231,19925.25,19925.25,19925.25,238.106085,238.106085,238.106085,1447303.4,1447303.4,1447303.4,168.300918,168.300918,168.300918,211.1275964391691
10837.175968,1522739.4,1522739.4,1522739.4,135.927392,135.927392,135.927392,19983.0,19983.0,19983.0,145.48708,145.48708,145.48708,1463830.6,1463830.6,1463830.6,164.36325200000002,164.36325200000002,164.36325200000002,211.2759643916914
10843.3614,1519764.8,1519764.8,1519764.8,122.172474,122.172474,122.172474,19694.0,19694.0,19694.0,325.90402,325.90402,325.90402,1480357.8,1480357.8,1480357.8,160.425586,160.425586,160.425586,211.42433234421364
10846.626725,1516790.2,1516790.2,1516790.2,108.417556,108.417556,108.417556,19669.14285714286,19669.14285714286,19669.14285714286,306.14016714285714,306.14016714285714,306.14016714285714,1496885.0,1496885.0,1496885.0,156.48792,156.48792,156.48792,211.5727002967359
10866.828089,1513815.6,1513815.6,1513815.6,94.662638,94.662638,94.662638,19644.285714285714,19644.285714285714,19644.285714285714,286.3763142857143,286.3763142857143,286.3763142857143,1486696.0,1486696.0,1486696.0,236.61426,236.61426,236.61426,211.72106824925814
10877.346864,1510841.0,1510841.0,1510841.0,80.90772,80.90772,80.90772,19619.428571428572,19619.428571428572,19619.428571428572,266.6124614285714,266.6124614285714,266.6124614285714,1472978.5,1472978.5,1472978.5,208.30047000000002,208.30047000000002,208.30047000000002,211.8694362017804
10881.277991,1502397.5,1502397.5,1502397.5,82.47943000000001,82.47943000000001,82.47943000000001,19594.571428571428,19594.571428571428,19594.571428571428,246.84860857142857,246.84860857142857,246.84860857142857,1459261.0,1459261.0,1459261.0,179.98668,179.98668,179.98668,212.01780415430267
10897.069969,1493954.0,1493954.0,1493954.0,84.05114,84.05114,84.05114,19569.714285714286,19569.714285714286,19569.714285714286,227.0847557142857,227.0847557142857,227.0847557142857,1480268.0,1480268.0,1480268.0,134.006285,134.006285,134.006285,212.16617210682492
10902.833673,1499369.4,1499369.4,1499369.4,92.79620680000001,92.79620680000001,92.79620680000001,19544.85714285714,19544.85714285714,19544.85714285714,207.32090285714287,207.32090285714287,207.32090285714287,1501275.0,1501275.0,1501275.0,88.02589,88.02589,88.02589,212.31454005934717
10938.873021,1504784.8,1504784.8,1504784.8,101.5412736,101.5412736,101.5412736,19520.0,19520.0,19520.0,187.55705,187.55705,187.55705,1487473.0,1487473.0,1487473.0,96.723186,96.723186,96.723186,212.46290801186942
10946.335726,1510200.2,1510200.2,1510200.2,110.2863404,110.2863404,110.2863404,19666.0,19666.0,19666.0,86.12909,86.12909,86.12909,1473671.0,1473671.0,1473671.0,105.420482,105.420482,105.420482,212.61127596439167
10961.215356,1515615.6,1515615.6,1515615.6,119.03140719999999,119.03140719999999,119.03140719999999,18737.0,18737.0,18737.0,112.92609,112.92609,112.92609,1459869.0,1459869.0,1459869.0,114.117778,114.117778,114.117778,212.75964391691392
10966.401548,1521031.0,1521031.0,1521031.0,127.776474,127.776474,127.776474,19055.75,19055.75,19055.75,188.43596250000002,188.43596250000002,188.43596250000002,1446067.0,1446067.0,1446067.0,122.81507400000001,122.81507400000001,122.81507400000001,212.9080118694362
10982.508953,1303166.0,1303166.0,1303166.0,202.29578399707032,202.29578399707032,202.29578399707032,19374.5,19374.5,19374.5,263.945835,263.945835,263.945835,1432265.0,1432265.0,1432265.0,131.51237,131.51237,131.51237,213.05637982195844
10983.448725938795,1085301.0,1085301.0,1085301.0,276.8150939941406,276.8150939941406,276.8150939941406,19693.25,19693.25,19693.25,339.4557075,339.4557075,339.4557075,1433471.6666666667,1433471.6666666667,1433471.6666666667,201.10353333333336,201.10353333333336,201.10353333333336,213.2047477744807
10993.728016,1102079.75,1102079.75,1102079.75,236.36781692504883,236.36781692504883,236.36781692504883,20012.0,20012.0,20012.0,414.96558,414.96558,414.96558,1434678.3333333333,1434678.3333333333,1434678.3333333333,270.6946966666667,270.6946966666667,270.6946966666667,213.35311572700294
11028.961645,1118858.5,1118858.5,1118858.5,195.92053985595703,195.92053985595703,195.92053985595703,20127.5,20127.5,20127.5,373.15049,373.15049,373.15049,1435885.0,1435885.0,1435885.0,340.28586,340.28586,340.28586,213.5014836795252
11062.356835,1135637.25,1135637.25,1135637.25,155.47326278686523,155.47326278686523,155.47326278686523,20243.0,20243.0,20243.0,331.3354,331.3354,331.3354,1456492.25,1456492.25,1456492.25,413.12622,413.12622,413.12622,213.64985163204747
11068.513477802277,1152416.0,1152416.0,1152416.0,115.02598571777344,115.02598571777344,115.02598571777344,20163.5,20163.5,20163.5,279.17777375,279.17777375,279.17777375,1477099.5,1477099.5,1477099.5,485.96658,485.96658,485.96658,213.79821958456972
11071.649857,1546880.0,1546880.0,1546880.0,111.55783,111.55783,111.55783,20084.0,20084.0,20084.0,227.0201475,227.0201475,227.0201475,1497706.75,1497706.75,1497706.75,558.8069399999999,558.8069399999999,558.8069399999999,213.94658753709197
11071.741654,1543238.75,1543238.75,1543238.75,144.3144525,144.3144525,144.3144525,20004.5,20004.5,20004.5,174.86252125,174.86252125,174.86252125,1518314.0,1518314.0,1518314.0,631.6473,631.6473,631.6473,214.09495548961422
11078.461201,1539597.5,1539597.5,1539597.5,177.071075,177.071075,177.071075,19925.0,19925.0,19925.0,122.704895,122.704895,122.704895,1513205.0,1513205.0,1513205.0,428.46858499999996,428.46858499999996,428.46858499999996,214.24332344213647
11101.952296,1535956.25,1535956.25,1535956.25,209.8276975,209.8276975,209.8276975,19896.0,19896.0,19896.0,118.51926083333333,118.51926083333333,118.51926083333333,1508096.0,1508096.0,1508096.0,225.28987,225.28987,225.28987,214.39169139465875
11107.465579,1532315.0,1532315.0,1532315.0,242.58432,242.58432,242.58432,19867.0,19867.0,19867.0,114.33362666666666,114.33362666666666,114.33362666666666,1494686.5,1494686.5,1494686.5,275.25405,275.25405,275.25405,214.540059347181
11111.382293,1523795.5,1523795.5,1523795.5,193.08612,193.08612,193.08612,19838.0,19838.0,19838.0,110.14799249999999,110.14799249999999,110.14799249999999,1481277.0,1481277.0,1481277.0,325.21823,325.21823,325.21823,214.68842729970325
11127.175738,1515276.0,1515276.0,1515276.0,143.58792,143.58792,143.58792,19809.0,19809.0,19809.0,105.96235833333333,105.96235833333333,105.96235833333333,1501715.0,1501715.0,1501715.0,224.866172,224.866172,224.866172,214.8367952522255
11132.942802,1521920.25,1521920.25,1521920.25,128.430255,128.430255,128.430255,19780.0,19780.0,19780.0,101.77672416666667,101.77672416666667,101.77672416666667,1522153.0,1522153.0,1522153.0,124.514114,124.514114,124.514114,214.98516320474775
11168.998935,1528564.5,1528564.5,1528564.5,113.27259000000001,113.27259000000001,113.27259000000001,19751.0,19751.0,19751.0,97.59109,97.59109,97.59109,1508350.6,1508350.6,1508350.6,112.1321538,112.1321538,112.1321538,215.13353115727
11176.474613,1535208.75,1535208.75,1535208.75,98.114925,98.114925,98.114925,19926.0,19926.0,19926.0,184.5218,184.5218,184.5218,1494548.2,1494548.2,1494548.2,99.7501936,99.7501936,99.7501936,215.28189910979228
11191.504888,1541853.0,1541853.0,1541853.0,82.95726,82.95726,82.95726,19461.5,19461.5,19461.5,236.55644999999998,236.55644999999998,236.55644999999998,1480745.8,1480745.8,1480745.8,87.36823340000001,87.36823340000001,87.36823340000001,215.43026706231453
11201.318456,1433068.5,1433068.5,1433068.5,133.20509709960936,133.20509709960936,133.20509709960936,18997.0,18997.0,18997.0,288.5911,288.5911,288.5911,1466943.4,1466943.4,1466943.4,74.9862732,74.9862732,74.9862732,215.57863501483678
11212.605188,1324284.0,1324284.0,1324284.0,183.45293419921876,183.45293419921876,183.45293419921876,19634.5,19634.5,19634.5,267.05503999999996,267.05503999999996,267.05503999999996,1453141.0,1453141.0,1453141.0,62.604313,62.604313,62.604313,215.72700296735903
11218.866892,1215499.5,1215499.5,1215499.5,233.7007712988281,233.7007712988281,233.7007712988281,20272.0,20272.0,20272.0,245.51898,245.51898,245.51898,1454675.6666666667,1454675.6666666667,1454675.6666666667,209.49487533333334,209.49487533333334,209.49487533333334,215.87537091988128
11267.51431798935,1106715.0,1106715.0,1106715.0,283.9486083984375,283.9486083984375,283.9486083984375,20329.666666666668,20329.666666666668,20329.666666666668,405.84736999999996,405.84736999999996,405.84736999999996,1456210.3333333333,1456210.3333333333,1456210.3333333333,356.3854376666667,356.3854376666667,356.3854376666667,216.02373887240356
11274.049393,1260337.6666666667,1260337.6666666667,1260337.6666666667,245.80540559895834,245.80540559895834,245.80540559895834,20387.333333333332,20387.333333333332,20387.333333333332,566.17576,566.17576,566.17576,1457745.0,1457745.0,1457745.0,503.276,503.276,503.276,216.1721068249258
11292.486338,1413960.3333333333,1413960.3333333333,1413960.3333333333,207.6622027994792,207.6622027994792,207.6622027994792,20445.0,20445.0,20445.0,726.50415,726.50415,726.50415,1485215.0,1485215.0,1485215.0,444.37308666666667,444.37308666666667,444.37308666666667,216.32047477744806
11301.767049,1567583.0,1567583.0,1567583.0,169.519,169.519,169.519,20358.333333333332,20358.333333333332,20358.333333333332,526.5008466666667,526.5008466666667,526.5008466666667,1512685.0,1512685.0,1512685.0,385.4701733333333,385.4701733333333,385.4701733333333,216.4688427299703
11301.843681,1564261.75,1564261.75,1564261.75,229.87905,229.87905,229.87905,20271.666666666668,20271.666666666668,20271.666666666668,326.49754333333334,326.49754333333334,326.49754333333334,1540155.0,1540155.0,1540155.0,326.56726,326.56726,326.56726,216.61721068249255
11318.587257,1560940.5,1560940.5,1560940.5,290.2391,290.2391,290.2391,20185.0,20185.0,20185.0,126.49424,126.49424,126.49424,1521387.0,1521387.0,1521387.0,366.05076499999996,366.05076499999996,366.05076499999996,216.76557863501483
11336.493592,1557619.25,1557619.25,1557619.25,350.59915,350.59915,350.59915,20160.14285714286,20160.14285714286,20160.14285714286,124.12693285714286,124.12693285714286,124.12693285714286,1502619.0,1502619.0,1502619.0,405.53427,405.53427,405.53427,216.91394658753708
11342.580741,1554298.0,1554298.0,1554298.0,410.9592,410.9592,410.9592,20135.285714285714,20135.285714285714,20135.285714285714,121.75962571428572,121.75962571428572,121.75962571428572,1516219.0,1516219.0,1516219.0,396.363835,396.363835,396.363835,217.06231454005933
11347.080397,1363830.0,1363830.0,1363830.0,307.8624125,307.8624125,307.8624125,20110.428571428572,20110.428571428572,20110.428571428572,119.39231857142858,119.39231857142858,119.39231857142858,1529819.0,1529819.0,1529819.0,387.1934,387.1934,387.1934,217.21068249258158
11354.86109972,1173362.0,1173362.0,1173362.0,204.765625,204.765625,204.765625,20085.571428571428,20085.571428571428,20085.571428571428,117.02501142857143,117.02501142857143,117.02501142857143,1534553.6666666667,1534553.6666666667,1534553.6666666667,367.31558,367.31558,367.31558,217.35905044510383
11362.26874,1536963.0,1536963.0,1536963.0,115.52802,115.52802,115.52802,20060.714285714286,20060.714285714286,20060.714285714286,114.65770428571429,114.65770428571429,114.65770428571429,1539288.3333333333,1539288.3333333333,1539288.3333333333,347.43775999999997,347.43775999999997,347.43775999999997,217.50741839762608
11368.061206,1543458.5,1543458.5,1543458.5,112.88844,112.88844,112.88844,20035.85714285714,20035.85714285714,20035.85714285714,112.29039714285715,112.29039714285715,112.29039714285715,1544023.0,1544023.0,1544023.0,327.55994,327.55994,327.55994,217.65578635014836
11394.130193,1549954.0,1549954.0,1549954.0,110.24886000000001,110.24886000000001,110.24886000000001,20011.0,20011.0,20011.0,109.92309,109.92309,109.92309,1532413.6666666667,1532413.6666666667,1532413.6666666667,293.49485166666665,293.49485166666665,293.49485166666665,217.8041543026706
11406.58103,1556449.5,1556449.5,1556449.5,107.60928,107.60928,107.60928,20215.0,20215.0,20215.0,109.18227,109.18227,109.18227,1520804.3333333333,1520804.3333333333,1520804.3333333333,259.4297633333333,259.4297633333333,259.4297633333333,217.95252225519286
11421.616423,1562945.0,1562945.0,1562945.0,104.9697,104.9697,104.9697,19721.5,19721.5,19721.5,191.858605,191.858605,191.858605,1509195.0,1509195.0,1509195.0,225.364675,225.364675,225.364675,218.1008902077151
11431.417555,1566634.2857142857,1566634.2857142857,1566634.2857142857,105.61113714285715,105.61113714285715,105.61113714285715,19228.0,19228.0,19228.0,274.53494,274.53494,274.53494,1497585.6666666667,1497585.6666666667,1497585.6666666667,191.29958666666667,191.29958666666667,191.29958666666667,218.24925816023736
11449.001396,1570323.5714285714,1570323.5714285714,1570323.5714285714,106.25257428571429,106.25257428571429,106.25257428571429,20532.0,20532.0,20532.0,85.698105,85.698105,85.698105,1485976.3333333333,1485976.3333333333,1485976.3333333333,157.23449833333333,157.23449833333333,157.23449833333333,218.39762611275964
11452.697062,1574012.857142857,1574012.857142857,1574012.857142857,106.89401142857143,106.89401142857143,106.89401142857143,20618.5,20618.5,20618.5,226.8240425,226.8240425,226.8240425,1474367.0,1474367.0,1474367.0,123.16941,123.16941,123.16941,218.5459940652819
11517.62326,1577702.142857143,1577702.142857143,1577702.142857143,107.53544857142857,107.53544857142857,107.53544857142857,20705.0,20705.0,20705.0,367.94998,367.94998,367.94998,1476884.5,1476884.5,1476884.5,236.04127999999997,236.04127999999997,236.04127999999997,218.69436201780414
11524.144349,1581391.4285714286,1581391.4285714286,1581391.4285714286,108.17688571428572,108.17688571428572,108.17688571428572,20647.25,20647.25,20647.25,288.88227324999997,288.88227324999997,288.88227324999997,1479402.0,1479402.0,1479402.0,348.91315,348.91315,348.91315,218.8427299703264
11536.976841,1585080.7142857143,1585080.7142857143,1585080.7142857143,108.81832285714286,108.81832285714286,108.81832285714286,20589.5,20589.5,20589.5,209.81456649999998,209.81456649999998,209.81456649999998,1561967.0,1561967.0,1561967.0,255.59152,255.59152,255.59152,218.99109792284864
11541.895173,1588770.0,1588770.0,1588770.0,109.45976,109.45976,109.45976,20531.75,20531.75,20531.75,130.74685975,130.74685975,130.74685975,1554470.2,1554470.2,1554470.2,242.158348,242.158348,242.158348,219.1394658753709
11553.693929,1358468.5,1358468.5,1358468.5,262.233542109375,262.233542109375,262.233542109375,20474.0,20474.0,20474.0,51.679153,51.679153,51.679153,1546973.4,1546973.4,1546973.4,228.725176,228.725176,228.725176,219.28783382789317
11554.129953861237,1128167.0,1128167.0,1128167.0,415.00732421875,415.00732421875,415.00732421875,17917.0,17917.0,17917.0,91.9323765,91.9323765,91.9323765,1539476.6,1539476.6,1539476.6,215.292004,215.292004,215.292004,219.43620178041542
11557.76236,1277324.6666666667,1277324.6666666667,1277324.6666666667,480.89729947916663,480.89729947916663,480.89729947916663,15360.0,15360.0,15360.0,132.1856,132.1856,132.1856,1531979.8,1531979.8,1531979.8,201.858832,201.858832,201.858832,219.58456973293767
11571.595801,1426482.3333333333,1426482.3333333333,1426482.3333333333,546.7872747395833,546.7872747395833,546.7872747395833,16183.333333333334,16183.333333333334,16183.333333333334,185.61318333333332,185.61318333333332,185.61318333333332,1524483.0,1524483.0,1524483.0,188.42566,188.42566,188.42566,219.73293768545992
11572.692172,1575640.0,1575640.0,1575640.0,612.67725,612.67725,612.67725,17006.666666666668,17006.666666666668,17006.666666666668,239.04076666666668,239.04076666666668,239.04076666666668,1533293.6666666667,1533293.6666666667,1533293.6666666667,154.74801333333332,154.74801333333332,154.74801333333332,219.88130563798217
11592.419358,1557741.0,1557741.0,1557741.0,106.91112,106.91112,106.91112,17830.0,17830.0,17830.0,292.46835,292.46835,292.46835,1542104.3333333333,1542104.3333333333,1542104.3333333333,121.07036666666666,121.07036666666666,121.07036666666666,220.02967359050444
11597.53457,1485237.8,1485237.8,1485237.8,168.66311230859372,168.66311230859372,168.66311230859372,18653.333333333332,18653.333333333332,18653.333333333332,345.89593333333335,345.89593333333335,345.89593333333335,1550915.0,1550915.0,1550915.0,87.39272,87.39272,87.39272,220.1780415430267
11603.171708,1412734.6,1412734.6,1412734.6,230.41510461718747,230.41510461718747,230.41510461718747,19476.666666666668,19476.666666666668,19476.666666666668,399.3235166666667,399.3235166666667,399.3235166666667,1565197.0,1565197.0,1565197.0,122.16591,122.16591,122.16591,220.32640949554894
11629.263057,1340231.4,1340231.4,1340231.4,292.1670969257812,292.1670969257812,292.1670969257812,20300.0,20300.0,20300.0,452.7511,452.7511,452.7511,1553561.0,1553561.0,1553561.0,115.51073,115.51073,115.51073,220.4747774480712
11631.702728,1267728.2,1267728.2,1267728.2,353.91908923437495,353.91908923437495,353.91908923437495,20475.0,20475.0,20475.0,155.32495,155.32495,155.32495,1541925.0,1541925.0,1541925.0,108.85555,108.85555,108.85555,220.62314540059344
11644.493483781816,1195225.0,1195225.0,1195225.0,415.6710815429687,415.6710815429687,415.6710815429687,20136.333333333332,20136.333333333332,20136.333333333332,212.96025666666665,212.96025666666665,212.96025666666665,1530289.0,1530289.0,1530289.0,102.20036999999999,102.20036999999999,102.20036999999999,220.77151335311572
11651.714141,1584073.0,1584073.0,1584073.0,91.51431,91.51431,91.51431,19797.666666666668,19797.666666666668,19797.666666666668,270.5955633333333,270.5955633333333,270.5955633333333,1518653.0,1518653.0,1518653.0,95.54519,95.54519,95.54519,220.91988130563797
11666.520849,1588343.1666666667,1588343.1666666667,1588343.1666666667,95.37841,95.37841,95.37841,19459.0,19459.0,19459.0,328.23087,328.23087,328.23087,1507017.0,1507017.0,1507017.0,88.89001,88.89001,88.89001,221.06824925816022
11682.786664,1592613.3333333333,1592613.3333333333,1592613.3333333333,99.24251,99.24251,99.24251,20125.5,20125.5,20125.5,375.074785,375.074785,375.074785,1495381.0,1495381.0,1495381.0,82.23483,82.23483,82.23483,221.21661721068247
11684.137637,1596883.5,1596883.5,1596883.5,103.10660999999999,103.10660999999999,103.10660999999999,20792.0,20792.0,20792.0,421.9187,421.9187,421.9187,1524770.3333333333,1524770.3333333333,1524770.3333333333,197.33152,197.33152,197.33152,221.36498516320472
11752.761441,1601153.6666666667,1601153.6666666667,1601153.6666666667,106.97071,106.97071,106.97071,20965.0,20965.0,20965.0,686.25085,686.25085,686.25085,1554159.6666666667,1554159.6666666667,1554159.6666666667,312.42821000000004,312.42821000000004,312.42821000000004,221.51335311572697
11772.058645,1605423.8333333333,1605423.8333333333,1605423.8333333333,110.83481,110.83481,110.83481,20888.0,20888.0,20888.0,604.8809333333334,604.8809333333334,604.8809333333334,1583549.0,1583549.0,1583549.0,427.5249,427.5249,427.5249,221.66172106824925
11777.031308,1609694.0,1609694.0,1609694.0,114.69891,114.69891,114.69891,20811.0,20811.0,20811.0,523.5110166666667,523.5110166666667,523.5110166666667,1555975.6666666667,1555975.6666666667,1555975.6666666667,405.85571,405.85571,405.85571,221.8100890207715
11788.802446,1605389.0,1605389.0,1605389.0,147.20663666666667,147.20663666666667,147.20663666666667,20734.0,20734.0,20734.0,442.1411,442.1411,442.1411,1528402.3333333333,1528402.3333333333,1528402.3333333333,384.18652000000003,384.18652000000003,384.18652000000003,221.95845697329375
11789.231915,1601084.0,1601084.0,1601084.0,179.71436333333332,179.71436333333332,179.71436333333332,20712.25,20712.25,20712.25,406.80645875,406.80645875,406.80645875,1500829.0,1500829.0,1500829.0,362.51733,362.51733,362.51733,222.106824925816
11807.797643,1596779.0,1596779.0,1596779.0,212.22209,212.22209,212.22209,20690.5,20690.5,20690.5,371.4718175,371.4718175,371.4718175,1523376.5,1523376.5,1523376.5,274.63095,274.63095,274.63095,222.25519287833825
11812.158589,1587761.0,1587761.0,1587761.0,174.20956999999999,174.20956999999999,174.20956999999999,20668.75,20668.75,20668.75,336.13717625,336.13717625,336.13717625,1545924.0,1545924.0,1545924.0,186.74457,186.74457,186.74457,222.40356083086053
11827.545601,1578743.0,1578743.0,1578743.0,136.19705,136.19705,136.19705,20647.0,20647.0,20647.0,300.802535,300.802535,300.802535,1565898.5,1565898.5,1565898.5,150.08673,150.08673,150.08673,222.55192878338278
11838.278692,1363576.0,1363576.0,1363576.0,110.22872443237304,110.22872443237304,110.22872443237304,20625.25,20625.25,20625.25,265.46789375,265.46789375,265.46789375,1585873.0,1585873.0,1585873.0,113.42889,113.42889,113.42889,222.70029673590503
11842.598757982254,1148409.0,1148409.0,1148409.0,84.2603988647461,84.2603988647461,84.2603988647461,20603.5,20603.5,20603.5,230.13325249999997,230.13325249999997,230.13325249999997,1579280.0,1579280.0,1579280.0,266.45326,266.45326,266.45326,222.84866468842728
11847.647275,1262542.0,1262542.0,1262542.0,93.78546664855958,93.78546664855958,93.78546664855958,20581.75,20581.75,20581.75,194.79861124999996,194.79861124999996,194.79861124999996,1572687.0,1572687.0,1572687.0,419.47763,419.47763,419.47763,222.99703264094953
11859.388446,1376675.0,1376675.0,1376675.0,103.31053443237305,103.31053443237305,103.31053443237305,20560.0,20560.0,20560.0,159.46397,159.46397,159.46397,1561343.0,1561343.0,1561343.0,348.011804,348.011804,348.011804,223.1454005934718
11861.84527,1490808.0,1490808.0,1490808.0,112.83560221618652,112.83560221618652,112.83560221618652,20706.0,20706.0,20706.0,90.483696,90.483696,90.483696,1549999.0,1549999.0,1549999.0,276.545978,276.545978,276.545978,223.29376854599406
11881.831379,1604941.0,1604941.0,1604941.0,122.36067,122.36067,122.36067,20212.5,20212.5,20212.5,91.8308105,91.8308105,91.8308105,1538655.0,1538655.0,1538655.0,205.080152,205.080152,205.080152,223.4421364985163
11906.621584,1507811.75,1507811.75,1507811.75,242.45951312011718,242.45951312011718,242.45951312011718,19719.0,19719.0,19719.0,93.177925,93.177925,93.177925,1527311.0,1527311.0,1527311.0,133.614326,133.614326,133.614326,223.59050445103856
11917.88553,1410682.5,1410682.5,1410682.5,362.5583562402344,362.5583562402344,362.5583562402344,20385.5,20385.5,20385.5,216.1478775,216.1478775,216.1478775,1515967.0,1515967.0,1515967.0,62.1485,62.1485,62.1485,223.7388724035608
11919.203086,1313553.25,1313553.25,1313553.25,482.65719936035157,482.65719936035157,482.65719936035157,21052.0,21052.0,21052.0,339.11783,339.11783,339.11783,1538033.5,1538033.5,1538033.5,79.4783,79.4783,79.4783,223.88724035608305
11936.796211004255,1216424.0,1216424.0,1216424.0,602.7560424804688,602.7560424804688,602.7560424804688,21138.5,21138.5,21138.5,208.16623,208.16623,208.16623,1560100.0,1560100.0,1560100.0,96.8081,96.8081,96.8081,224.03560830860533
11982.90414,1354468.6666666667,1354468.6666666667,1354468.6666666667,424.74100165364587,424.74100165364587,424.74100165364587,21225.0,21225.0,21225.0,77.21463,77.21463,77.21463,1582166.5,1582166.5,1582166.5,114.1379,114.1379,114.1379,224.18397626112758
12017.151905,1492513.3333333333,1492513.3333333333,1492513.3333333333,246.72596082682293,246.72596082682293,246.72596082682293,21157.666666666668,21157.666666666668,21157.666666666668,80.235298,80.235298,80.235298,1604233.0,1604233.0,1604233.0,131.4677,131.4677,131.4677,224.33234421364983
12017.163176,1630558.0,1630558.0,1630558.0,68.71092,68.71092,68.71092,21090.333333333332,21090.333333333332,21090.333333333332,83.255966,83.255966,83.255966,1595086.5,1595086.5,1595086.5,172.67674,172.67674,172.67674,224.48071216617208
12023.928366,1624357.5,1624357.5,1624357.5,158.97519,158.97519,158.97519,21023.0,21023.0,21023.0,86.276634,86.276634,86.276634,1585940.0,1585940.0,1585940.0,213.88578,213.88578,213.88578,224.62908011869433
12042.912884,1618157.0,1618157.0,1618157.0,249.23946,249.23946,249.23946,20984.333333333332,20984.333333333332,20984.333333333332,90.846945,90.846945,90.846945,1576793.5,1576793.5,1576793.5,255.09482,255.09482,255.09482,224.7774480712166
12052.239976,1612332.0,1612332.0,1612332.0,305.0347066666667,305.0347066666667,305.0347066666667,20945.666666666668,20945.666666666668,20945.666666666668,95.417256,95.417256,95.417256,1567647.0,1567647.0,1567647.0,296.30386,296.30386,296.30386,224.92581602373886
12054.340699,1606507.0,1606507.0,1606507.0,360.8299533333333,360.8299533333333,360.8299533333333,20907.0,20907.0,20907.0,99.987567,99.987567,99.987567,1521853.0,1521853.0,1521853.0,114.03267,114.03267,114.03267,225.0741839762611
12067.664551,1600682.0,1600682.0,1600682.0,416.6252,416.6252,416.6252,20868.333333333332,20868.333333333332,20868.333333333332,104.557878,104.557878,104.557878,1564755.5,1564755.5,1564755.5,310.43337499999996,310.43337499999996,310.43337499999996,225.22255192878336
12078.39103,1605644.2,1605644.2,1605644.2,349.802542,349.802542,349.802542,20829.666666666668,20829.666666666668,20829.666666666668,109.12818899999999,109.12818899999999,109.12818899999999,1607658.0,1607658.0,1607658.0,506.83408,506.83408,506.83408,225.3709198813056
12094.517847,1610606.4,1610606.4,1610606.4,282.97988399999997,282.97988399999997,282.97988399999997,20791.0,20791.0,20791.0,113.6985,113.6985,113.6985,1602961.0,1602961.0,1602961.0,367.0434633333333,367.0434633333333,367.0434633333333,225.5192878338279
12096.990424,1615568.6,1615568.6,1615568.6,216.15722599999998,216.15722599999998,216.15722599999998,20937.0,20937.0,20937.0,458.95328,458.95328,458.95328,1598264.0,1598264.0,1598264.0,227.25284666666664,227.25284666666664,227.25284666666664,225.66765578635014
12097.775663,1620530.8,1620530.8,1620530.8,149.334568,149.334568,149.334568,21030.75,21030.75,21030.75,364.385575,364.385575,364.385575,1593567.0,1593567.0,1593567.0,87.46223,87.46223,87.46223,225.8160237388724
12111.951298,1625493.0,1625493.0,1625493.0,82.51191,82.51191,82.51191,21124.5,21124.5,21124.5,269.81786999999997,269.81786999999997,269.81786999999997,1582227.4,1582227.4,1582227.4,81.4664836,81.4664836,81.4664836,225.96439169139464
12135.39883518219,1169728.0,1169728.0,1169728.0,162.6071014404297,162.6071014404297,162.6071014404297,21218.25,21218.25,21218.25,175.25016499999998,175.25016499999998,175.25016499999998,1570887.8,1570887.8,1570887.8,75.4707372,75.4707372,75.4707372,226.1127596439169
12154.345813,1183278.4,1183278.4,1183278.4,153.37177429199218,153.37177429199218,153.37177429199218,21312.0,21312.0,21312.0,80.68246,80.68246,80.68246,1559548.2,1559548.2,1559548.2,69.4749908,69.4749908,69.4749908,226.26112759643914
12156.744605,1196828.8,1196828.8,1196828.8,144.1364471435547,144.1364471435547,144.1364471435547,19979.0,19979.0,19979.0,270.52356,270.52356,270.52356,1548208.6,1548208.6,1548208.6,63.4792444,63.4792444,63.4792444,226.40949554896142
12162.974247,1210379.2,1210379.2,1210379.2,134.9011199951172,134.9011199951172,134.9011199951172,20732.0,20732.0,20732.0,209.05116999999998,209.05116999999998,209.05116999999998,1536869.0,1536869.0,1536869.0,57.483498,57.483498,57.483498,226.55786350148367
12218.045018,1223929.6,1223929.6,1223929.6,125.6657928466797,125.6657928466797,125.6657928466797,21485.0,21485.0,21485.0,147.57878,147.57878,147.57878,1559138.5,1559138.5,1559138.5,101.5117485,101.5117485,101.5117485,226.70623145400592
12231.082807779312,1237480.0,1237480.0,1237480.0,116.4304656982422,116.4304656982422,116.4304656982422,21434.5,21434.5,21434.5,143.9628675,143.9628675,143.9628675,1581408.0,1581408.0,1581408.0,145.539999,145.539999,145.539999,226.85459940652817
12262.414043,1651680.0,1651680.0,1651680.0,86.500175,86.500175,86.500175,21384.0,21384.0,21384.0,140.34695499999998,140.34695499999998,140.34695499999998,1603677.5,1603677.5,1603677.5,189.56824949999998,189.56824949999998,189.56824949999998,227.00296735905042
12272.239071,1647655.3333333333,1647655.3333333333,1647655.3333333333,135.96338333333335,135.96338333333335,135.96338333333335,21333.5,21333.5,21333.5,136.7310425,136.7310425,136.7310425,1625947.0,1625947.0,1625947.0,233.5965,233.5965,233.5965,227.1513353115727
12279.054128,1643630.6666666667,1643630.6666666667,1643630.6666666667,185.4265916666667,185.4265916666667,185.4265916666667,21283.0,21283.0,21283.0,133.11513,133.11513,133.11513,1613745.6666666667,1613745.6666666667,1613745.6666666667,215.23431,215.23431,215.23431,227.29970326409494
12283.03827,1639606.0,1639606.0,1639606.0,234.8898,234.8898,234.8898,21234.666666666668,21234.666666666668,21234.666666666668,132.88220833333332,132.88220833333332,132.88220833333332,1601544.3333333333,1601544.3333333333,1601544.3333333333,196.87212,196.87212,196.87212,227.4480712166172
12292.330893,1630869.0,1630869.0,1630869.0,239.769785,239.769785,239.769785,21186.333333333332,21186.333333333332,21186.333333333332,132.64928666666665,132.64928666666665,132.64928666666665,1589343.0,1589343.0,1589343.0,178.50993,178.50993,178.50993,227.59643916913944
12302.806682,1622132.0,1622132.0,1622132.0,244.64977,244.64977,244.64977,21138.0,21138.0,21138.0,132.41636499999998,132.41636499999998,132.41636499999998,1566468.5,1566468.5,1566468.5,195.569355,195.569355,195.569355,227.7448071216617
12309.427117,1626234.0,1626234.0,1626234.0,216.53816766666665,216.53816766666665,216.53816766666665,21089.666666666668,21089.666666666668,21089.666666666668,132.18344333333334,132.18344333333334,132.18344333333334,1543594.0,1543594.0,1543594.0,212.62878,212.62878,212.62878,227.89317507418394
12318.496045,1630336.0,1630336.0,1630336.0,188.42656533333331,188.42656533333331,188.42656533333331,21041.333333333332,21041.333333333332,21041.333333333332,131.95052166666667,131.95052166666667,131.95052166666667,1629238.0,1629238.0,1629238.0,715.3369,715.3369,715.3369,228.04154302670622
12329.650305,1634438.0,1634438.0,1634438.0,160.31496299999998,160.31496299999998,160.31496299999998,20993.0,20993.0,20993.0,131.7176,131.7176,131.7176,1624311.6666666667,1624311.6666666667,1624311.6666666667,514.30677,514.30677,514.30677,228.18991097922847
12337.105755,1638540.0,1638540.0,1638540.0,132.20336066666664,132.20336066666664,132.20336066666664,21168.0,21168.0,21168.0,110.449974,110.449974,110.449974,1619385.3333333333,1619385.3333333333,1619385.3333333333,313.27664,313.27664,313.27664,228.33827893175072
12347.902266,1642642.0,1642642.0,1642642.0,104.09175833333333,104.09175833333333,104.09175833333333,21312.333333333332,21312.333333333332,21312.333333333332,117.03178266666667,117.03178266666667,117.03178266666667,1614459.0,1614459.0,1614459.0,112.24651,112.24651,112.24651,228.48664688427297
12352.044941,1646744.0,1646744.0,1646744.0,75.980156,75.980156,75.980156,21456.666666666668,21456.666666666668,21456.666666666668,123.61359133333333,123.61359133333333,123.61359133333333,1600290.25,1600290.25,1600290.25,107.02458,107.02458,107.02458,228.63501483679522
12389.47972,1532662.5,1532662.5,1532662.5,83.69918636645508,83.69918636645508,83.69918636645508,21601.0,21601.0,21601.0,130.1954,130.1954,130.1954,1586121.5,1586121.5,1586121.5,101.80265,101.80265,101.80265,228.7833827893175
12401.859137,1418581.0,1418581.0,1418581.0,91.41821673291017,91.41821673291017,91.41821673291017,20210.0,20210.0,20210.0,352.90674,352.90674,352.90674,1571952.75,1571952.75,1571952.75,96.58072,96.58072,96.58072,228.93175074183975
12403.069132,1304499.5,1304499.5,1304499.5,99.13724709936524,99.13724709936524,99.13724709936524,20721.666666666668,20721.666666666668,20721.666666666668,323.29824,323.29824,323.29824,1557784.0,1557784.0,1557784.0,91.35879,91.35879,91.35879,229.080118694362
12430.745605945587,1190418.0,1190418.0,1190418.0,106.85627746582033,106.85627746582033,106.85627746582033,21233.333333333332,21233.333333333332,21233.333333333332,293.68974,293.68974,293.68974,1570637.5714285714,1570637.5714285714,1570637.5714285714,151.10592714285713,151.10592714285713,151.10592714285713,229.22848664688425
12453.165097,1431873.0,1431873.0,1431873.0,268.26526873291016,268.26526873291016,268.26526873291016,21745.0,21745.0,21745.0,264.08124,264.08124,264.08124,1583491.142857143,1583491.142857143,1583491.142857143,210.85306428571428,210.85306428571428,210.85306428571428,229.3768545994065
12507.531565,1673328.0,1673328.0,1673328.0,429.67426,429.67426,429.67426,21677.666666666668,21677.666666666668,21677.666666666668,314.3954933333333,314.3954933333333,314.3954933333333,1596344.7142857143,1596344.7142857143,1596344.7142857143,270.60020142857144,270.60020142857144,270.60020142857144,229.52522255192878
12523.151848,1661007.0,1661007.0,1661007.0,246.57863,246.57863,246.57863,21610.333333333332,21610.333333333332,21610.333333333332,364.70974666666666,364.70974666666666,364.70974666666666,1609198.2857142857,1609198.2857142857,1609198.2857142857,330.34733857142857,330.34733857142857,330.34733857142857,229.67359050445103
12529.171571,1459961.0,1459961.0,1459961.0,420.8307273535156,420.8307273535156,420.8307273535156,21543.0,21543.0,21543.0,415.024,415.024,415.024,1622051.857142857,1622051.857142857,1622051.857142857,390.0944757142857,390.0944757142857,390.0944757142857,229.82195845697328
12529.683127880096,1258915.0,1258915.0,1258915.0,595.0828247070312,595.0828247070312,595.0828247070312,21501.571428571428,21501.571428571428,21501.571428571428,363.88897000000003,363.88897000000003,363.88897000000003,1634905.4285714286,1634905.4285714286,1634905.4285714286,449.8416128571429,449.8416128571429,449.8416128571429,229.97032640949553
12537.349668,1387136.6666666667,1387136.6666666667,1387136.6666666667,485.4360264713542,485.4360264713542,485.4360264713542,21460.14285714286,21460.14285714286,21460.14285714286,312.75394,312.75394,312.75394,1647759.0,1647759.0,1647759.0,509.58875,509.58875,509.58875,230.11869436201778
12537.427341,1515358.3333333333,1515358.3333333333,1515358.3333333333,375.7892282356771,375.7892282356771,375.7892282356771,21418.714285714286,21418.714285714286,21418.714285714286,261.61891,261.61891,261.61891,1610082.0,1610082.0,1610082.0,68.65592,68.65592,68.65592,230.26706231454003
12542.933713,1643580.0,1643580.0,1643580.0,266.14243,266.14243,266.14243,21377.285714285714,21377.285714285714,21377.285714285714,210.48388000000003,210.48388000000003,210.48388000000003,1587446.0,1587446.0,1587446.0,112.625935,112.625935,112.625935,230.4154302670623
12544.515614,1649571.5,1649571.5,1649571.5,230.6845625,230.6845625,230.6845625,21335.85714285714,21335.85714285714,21335.85714285714,159.34885000000003,159.34885000000003,159.34885000000003,1564810.0,1564810.0,1564810.0,156.59595,156.59595,156.59595,230.56379821958456
12563.598484,1655563.0,1655563.0,1655563.0,195.226695,195.226695,195.226695,21294.428571428572,21294.428571428572,21294.428571428572,108.21382000000006,108.21382000000006,108.21382000000006,1650336.0,1650336.0,1650336.0,76.691376,76.691376,76.691376,230.7121661721068
12569.785718,1661554.5,1661554.5,1661554.5,159.7688275,159.7688275,159.7688275,21253.0,21253.0,21253.0,57.07879,57.07879,57.07879,1646594.5,1646594.5,1646594.5,73.11670600000001,73.11670600000001,73.11670600000001,230.86053412462905
12587.11742,1667546.0,1667546.0,1667546.0,124.31096,124.31096,124.31096,21340.5,21340.5,21340.5,84.24100999999999,84.24100999999999,84.24100999999999,1642853.0,1642853.0,1642853.0,69.542036,69.542036,69.542036,231.0089020771513
12592.238414,1610586.0,1610586.0,1610586.0,150.32707886108398,150.32707886108398,150.32707886108398,21428.0,21428.0,21428.0,111.40323,111.40323,111.40323,1639111.5,1639111.5,1639111.5,65.967366,65.967366,65.967366,231.15727002967358
12603.025418,1553626.0,1553626.0,1553626.0,176.34319772216796,176.34319772216796,176.34319772216796,21615.5,21615.5,21615.5,140.57408,140.57408,140.57408,1635370.0,1635370.0,1635370.0,62.392696,62.392696,62.392696,231.30563798219583
12629.630554,1496666.0,1496666.0,1496666.0,202.35931658325194,202.35931658325194,202.35931658325194,21803.0,21803.0,21803.0,169.74493,169.74493,169.74493,1616560.0,1616560.0,1616560.0,88.324184,88.324184,88.324184,231.45400593471808
12636.958243,1439706.0,1439706.0,1439706.0,228.37543544433595,228.37543544433595,228.37543544433595,20470.0,20470.0,20470.0,139.01445,139.01445,139.01445,1597750.0,1597750.0,1597750.0,114.255672,114.255672,114.255672,231.60237388724033
12653.148289,1382746.0,1382746.0,1382746.0,254.39155430541993,254.39155430541993,254.39155430541993,18045.0,18045.0,18045.0,126.96049000000001,126.96049000000001,126.96049000000001,1578940.0,1578940.0,1578940.0,140.18716,140.18716,140.18716,231.75074183976258
12667.868092,1325786.0,1325786.0,1325786.0,280.4076731665039,280.4076731665039,280.4076731665039,15620.0,15620.0,15620.0,114.90653,114.90653,114.90653,1587636.6666666667,1587636.6666666667,1587636.6666666667,129.11950166666668,129.11950166666668,129.11950166666668,231.89910979228486
12688.310769,1268826.0,1268826.0,1268826.0,306.42379202758787,306.42379202758787,306.42379202758787,22034.0,22034.0,22034.0,91.099106,91.099106,91.099106,1596333.3333333333,1596333.3333333333,1596333.3333333333,118.05184333333334,118.05184333333334,118.05184333333334,232.0474777448071
12733.9328019619,1211866.0,1211866.0,1211866.0,332.4399108886719,332.4399108886719,332.4399108886719,22005.125,22005.125,22005.125,92.803474625,92.803474625,92.803474625,1605030.0,1605030.0,1605030.0,106.984185,106.984185,106.984185,232.19584569732936
12752.659116,1694154.0,1694154.0,1694154.0,125.579636,125.579636,125.579636,21976.25,21976.25,21976.25,94.50784325000001,94.50784325000001,94.50784325000001,1613726.6666666667,1613726.6666666667,1613726.6666666667,95.91652666666667,95.91652666666667,95.91652666666667,232.3442136498516
12768.263624,1682877.0,1682877.0,1682877.0,282.5182,282.5182,282.5182,21947.375,21947.375,21947.375,96.21221187500001,96.21221187500001,96.21221187500001,1622423.3333333333,1622423.3333333333,1622423.3333333333,84.84886833333334,84.84886833333334,84.84886833333334,232.49258160237386
12777.491082,1678441.5,1678441.5,1678441.5,269.7462675,269.7462675,269.7462675,21918.5,21918.5,21918.5,97.91658050000001,97.91658050000001,97.91658050000001,1631120.0,1631120.0,1631120.0,73.78121,73.78121,73.78121,232.6409495548961
12779.609946,1674006.0,1674006.0,1674006.0,256.974335,256.974335,256.974335,21889.625,21889.625,21889.625,99.620949125,99.620949125,99.620949125,1586444.0,1586444.0,1586444.0,381.5253,381.5253,381.5253,232.7893175074184
12782.430102,1669570.5,1669570.5,1669570.5,244.2024025,244.2024025,244.2024025,21860.75,21860.75,21860.75,101.32531775,101.32531775,101.32531775,1669411.0,1669411.0,1669411.0,516.1289,516.1289,516.1289,232.93768545994064
12783.027103,1665135.0,1665135.0,1665135.0,231.43047,231.43047,231.43047,21831.875,21831.875,21831.875,103.029686375,103.029686375,103.029686375,1670277.3333333333,1670277.3333333333,1670277.3333333333,431.8593,431.8593,431.8593,233.0860534124629
12789.370024,1568940.75,1568940.75,1568940.75,264.306983359375,264.306983359375,264.306983359375,21803.0,21803.0,21803.0,104.734055,104.734055,104.734055,1671143.6666666667,1671143.6666666667,1671143.6666666667,347.5897,347.5897,347.5897,233.23442136498514
12808.718373,1472746.5,1472746.5,1472746.5,297.18349671875,297.18349671875,297.18349671875,21658.0,21658.0,21658.0,100.40379250000001,100.40379250000001,100.40379250000001,1672010.0,1672010.0,1672010.0,263.3201,263.3201,263.3201,233.3827893175074
12809.923148,1376552.25,1376552.25,1376552.25,330.060010078125,330.060010078125,330.060010078125,21513.0,21513.0,21513.0,96.07353,96.07353,96.07353,1669057.0,1669057.0,1669057.0,259.55161000000004,259.55161000000004,259.55161000000004,233.53115727002967
12831.68735909462,1280358.0,1280358.0,1280358.0,362.9365234375,362.9365234375,362.9365234375,21561.666666666668,21561.666666666668,21561.666666666668,86.72962,86.72962,86.72962,1666104.0,1666104.0,1666104.0,255.78312000000003,255.78312000000003,255.78312000000003,233.67952522255192
12832.236501,1689281.0,1689281.0,1689281.0,175.24544,175.24544,175.24544,21610.333333333332,21610.333333333332,21610.333333333332,77.38571,77.38571,77.38571,1663151.0,1663151.0,1663151.0,252.01463,252.01463,252.01463,233.82789317507417
12837.353207,1693034.857142857,1693034.857142857,1693034.857142857,182.15239857142856,182.15239857142856,182.15239857142856,21659.0,21659.0,21659.0,68.0418,68.0418,68.0418,1660198.0,1660198.0,1660198.0,248.24614000000003,248.24614000000003,248.24614000000003,233.97626112759642
12863.162583,1696788.7142857143,1696788.7142857143,1696788.7142857143,189.05935714285715,189.05935714285715,189.05935714285715,21861.0,21861.0,21861.0,201.9349,201.9349,201.9349,1657245.0,1657245.0,1657245.0,244.47765,244.47765,244.47765,234.12462908011867
12884.811136,1700542.5714285714,1700542.5714285714,1700542.5714285714,195.9663157142857,195.9663157142857,195.9663157142857,22063.0,22063.0,22063.0,335.828,335.828,335.828,1638229.0,1638229.0,1638229.0,215.07544333333334,215.07544333333334,215.07544333333334,234.27299703264094
12902.077231,1704296.4285714286,1704296.4285714286,1704296.4285714286,202.8732742857143,202.8732742857143,202.8732742857143,20701.0,20701.0,20701.0,133.12411,133.12411,133.12411,1619213.0,1619213.0,1619213.0,185.67323666666667,185.67323666666667,185.67323666666667,234.4213649851632
12908.247221,1708050.2857142857,1708050.2857142857,1708050.2857142857,209.78023285714286,209.78023285714286,209.78023285714286,21497.5,21497.5,21497.5,138.92569500000002,138.92569500000002,138.92569500000002,1600197.0,1600197.0,1600197.0,156.27103,156.27103,156.27103,234.56973293768544
12928.453076,1711804.142857143,1711804.142857143,1711804.142857143,216.68719142857145,216.68719142857145,216.68719142857145,22294.0,22294.0,22294.0,144.72728,144.72728,144.72728,1617343.0,1617343.0,1617343.0,116.058409,116.058409,116.058409,234.7181008902077
13002.791927,1715558.0,1715558.0,1715558.0,223.59415,223.59415,223.59415,22265.125,22265.125,22265.125,147.86652,147.86652,147.86652,1634489.0,1634489.0,1634489.0,75.845788,75.845788,75.845788,234.86646884272994
13012.603409,1709929.0,1709929.0,1709929.0,190.59936,190.59936,190.59936,22236.25,22236.25,22236.25,151.00576,151.00576,151.00576,1651635.0,1651635.0,1651635.0,35.633167,35.633167,35.633167,235.0148367952522
13013.375613,1704300.0,1704300.0,1704300.0,157.60457,157.60457,157.60457,22207.375,22207.375,22207.375,154.145,154.145,154.145,1629936.0,1629936.0,1629936.0,196.4464335,196.4464335,196.4464335,235.16320474777447
13019.718367,1695239.0,1695239.0,1695239.0,145.590005,145.590005,145.590005,22178.5,22178.5,22178.5,157.28424,157.28424,157.28424,1608237.0,1608237.0,1608237.0,357.2597,357.2597,357.2597,235.31157270029672
13023.156413,1686178.0,1686178.0,1686178.0,133.57544,133.57544,133.57544,22149.625,22149.625,22149.625,160.42347999999998,160.42347999999998,160.42347999999998,1649594.0,1649594.0,1649594.0,320.51255000000003,320.51255000000003,320.51255000000003,235.45994065281897
13032.536649,1459744.0,1459744.0,1459744.0,226.69113186523435,226.69113186523435,226.69113186523435,22120.75,22120.75,22120.75,163.56271999999998,163.56271999999998,163.56271999999998,1690951.0,1690951.0,1690951.0,283.7654,283.7654,283.7654,235.60830860534122
13039.406761169434,1233310.0,1233310.0,1233310.0,319.80682373046875,319.80682373046875,319.80682373046875,22091.875,22091.875,22091.875,166.70195999999999,166.70195999999999,166.70195999999999,1691414.25,1691414.25,1691414.25,230.949995,230.949995,230.949995,235.75667655786347
13044.485035,1352534.0,1352534.0,1352534.0,264.06471629785153,264.06471629785153,264.06471629785153,22063.0,22063.0,22063.0,169.8412,169.8412,169.8412,1691877.5,1691877.5,1691877.5,178.13459,178.13459,178.13459,235.90504451038575
13045.061727,1471758.0,1471758.0,1471758.0,208.32260886523437,208.32260886523437,208.32260886523437,21773.0,21773.0,21773.0,156.92462,156.92462,156.92462,1692340.75,1692340.75,1692340.75,125.319185,125.319185,125.319185,236.053412462908
13053.829853,1590982.0,1590982.0,1590982.0,152.58050143261718,152.58050143261718,152.58050143261718,21821.666666666668,21821.666666666668,21821.666666666668,273.8914266666667,273.8914266666667,273.8914266666667,1692804.0,1692804.0,1692804.0,72.50378,72.50378,72.50378,236.20178041543025
13077.349769,1710206.0,1710206.0,1710206.0,96.838394,96.838394,96.838394,21870.333333333332,21870.333333333332,21870.333333333332,390.8582333333334,390.8582333333334,390.8582333333334,1688187.3333333333,1688187.3333333333,1688187.3333333333,232.46705333333333,232.46705333333333,232.46705333333333,236.3501483679525
13087.466851,1608086.75,1608086.75,1608086.75,167.78425204296875,167.78425204296875,167.78425204296875,21919.0,21919.0,21919.0,507.82504,507.82504,507.82504,1683570.6666666667,1683570.6666666667,1683570.6666666667,392.43032666666664,392.43032666666664,392.43032666666664,236.49851632047475
13123.288787,1505967.5,1505967.5,1505967.5,238.7301100859375,238.7301100859375,238.7301100859375,22121.0,22121.0,22121.0,333.23917,333.23917,333.23917,1678954.0,1678954.0,1678954.0,552.3936,552.3936,552.3936,236.64688427299703
13134.966699,1403848.25,1403848.25,1403848.25,309.6759681289062,309.6759681289062,309.6759681289062,22323.0,22323.0,22323.0,158.6533,158.6533,158.6533,1664493.25,1664493.25,1664493.25,429.847175,429.847175,429.847175,236.79525222551928
13135.396385908129,1301729.0,1301729.0,1301729.0,380.621826171875,380.621826171875,380.621826171875,21656.5,21656.5,21656.5,284.34119,284.34119,284.34119,1650032.5,1650032.5,1650032.5,307.30075,307.30075,307.30075,236.94362017804153
13157.198758,1388729.6,1388729.6,1388729.6,329.1873529375,329.1873529375,329.1873529375,20990.0,20990.0,20990.0,410.02908,410.02908,410.02908,1635571.75,1635571.75,1635571.75,184.754325,184.754325,184.754325,237.09198813056378
13158.344006,1475730.2,1475730.2,1475730.2,277.752879703125,277.752879703125,277.752879703125,21786.5,21786.5,21786.5,319.11844,319.11844,319.11844,1621111.0,1621111.0,1621111.0,62.2079,62.2079,62.2079,237.24035608308603
13168.589979,1562730.8,1562730.8,1562730.8,226.31840646874997,226.31840646874997,226.31840646874997,22583.0,22583.0,22583.0,228.2078,228.2078,228.2078,1647092.5,1647092.5,1647092.5,111.30722,111.30722,111.30722,237.38872403560828
13252.724447,1649731.4,1649731.4,1649731.4,174.88393323437498,174.88393323437498,174.88393323437498,22504.428571428572,22504.428571428572,22504.428571428572,225.30915428571427,225.30915428571427,225.30915428571427,1673074.0,1673074.0,1673074.0,160.40654,160.40654,160.40654,237.53709198813056
13252.921025,1736732.0,1736732.0,1736732.0,123.44946,123.44946,123.44946,22425.85714285714,22425.85714285714,22425.85714285714,222.41050857142858,222.41050857142858,222.41050857142858,1662251.5,1662251.5,1662251.5,295.835955,295.835955,295.835955,237.6854599406528
13253.483814,1724973.0,1724973.0,1724973.0,156.12299,156.12299,156.12299,22347.285714285714,22347.285714285714,22347.285714285714,219.51186285714286,219.51186285714286,219.51186285714286,1651429.0,1651429.0,1651429.0,431.26537,431.26537,431.26537,237.83382789317506
13268.274294,1707893.0,1707893.0,1707893.0,715.5588,715.5588,715.5588,22268.714285714286,22268.714285714286,22268.714285714286,216.61321714285714,216.61321714285714,216.61321714285714,1640606.5,1640606.5,1640606.5,566.694785,566.694785,566.694785,237.9821958456973
13269.804488,1711910.5,1711910.5,1711910.5,661.1743250000001,661.1743250000001,661.1743250000001,22190.14285714286,22190.14285714286,22190.14285714286,213.71457142857142,213.71457142857142,213.71457142857142,1629784.0,1629784.0,1629784.0,702.1242,702.1242,702.1242,238.13056379821955
13287.64828,1715928.0,1715928.0,1715928.0,606.78985,606.78985,606.78985,22111.571428571428,22111.571428571428,22111.571428571428,210.81592571428573,210.81592571428573,210.81592571428573,1712743.0,1712743.0,1712743.0,327.86438,327.86438,327.86438,238.27893175074183
13290.204291,1719945.5,1719945.5,1719945.5,552.405375,552.405375,552.405375,22033.0,22033.0,22033.0,207.91728,207.91728,207.91728,1713323.0,1713323.0,1713323.0,297.9147633333333,297.9147633333333,297.9147633333333,238.42729970326408
13299.622185,1723963.0,1723963.0,1723963.0,498.0209,498.0209,498.0209,22352.0,22352.0,22352.0,45.09489,45.09489,45.09489,1713903.0,1713903.0,1713903.0,267.96514666666667,267.96514666666667,267.96514666666667,238.57566765578633
13303.947145,1727980.5,1727980.5,1727980.5,443.63642500000003,443.63642500000003,443.63642500000003,22284.666666666668,22284.666666666668,22284.666666666668,59.474023333333335,59.474023333333335,59.474023333333335,1714483.0,1714483.0,1714483.0,238.01553,238.01553,238.01553,238.72403560830858
13327.47983,1731998.0,1731998.0,1731998.0,389.25195,389.25195,389.25195,22217.333333333332,22217.333333333332,22217.333333333332,73.85315666666668,73.85315666666668,73.85315666666668,1711022.0,1711022.0,1711022.0,308.3634975,308.3634975,308.3634975,238.87240356083083
13342.606495,1493351.5,1493351.5,1493351.5,504.7832931152344,504.7832931152344,504.7832931152344,22150.0,22150.0,22150.0,88.23229,88.23229,88.23229,1707561.0,1707561.0,1707561.0,378.71146500000003,378.71146500000003,378.71146500000003,239.02077151335308
13347.682134866714,1254705.0,1254705.0,1254705.0,620.3146362304688,620.3146362304688,620.3146362304688,22304.0,22304.0,22304.0,81.61477666666667,81.61477666666667,81.61477666666667,1704100.0,1704100.0,1704100.0,449.05943250000007,449.05943250000007,449.05943250000007,239.16913946587536
13383.424206,1266014.6666666667,1266014.6666666667,1266014.6666666667,533.3445892333984,533.3445892333984,533.3445892333984,22458.0,22458.0,22458.0,74.99726333333334,74.99726333333334,74.99726333333334,1700639.0,1700639.0,1700639.0,519.4074,519.4074,519.4074,239.3175074183976
13390.121288,1277324.3333333333,1277324.3333333333,1277324.3333333333,446.3745422363281,446.3745422363281,446.3745422363281,22612.0,22612.0,22612.0,68.37975,68.37975,68.37975,1671463.5,1671463.5,1671463.5,310.67509500000006,310.67509500000006,310.67509500000006,239.46587537091986
13403.435795,1288634.0,1288634.0,1288634.0,359.4044952392578,359.4044952392578,359.4044952392578,21931.0,21931.0,21931.0,120.33516,120.33516,120.33516,1642288.0,1642288.0,1642288.0,101.94279,101.94279,101.94279,239.6142433234421
13407.305333,1299943.6666666667,1299943.6666666667,1299943.6666666667,272.4344482421875,272.4344482421875,272.4344482421875,21250.0,21250.0,21250.0,172.29057,172.29057,172.29057,1655343.0,1655343.0,1655343.0,111.33845500000001,111.33845500000001,111.33845500000001,239.76261127596436
13413.737587,1311253.3333333333,1311253.3333333333,1311253.3333333333,185.4644012451172,185.4644012451172,185.4644012451172,22843.0,22843.0,22843.0,133.47429,133.47429,133.47429,1668398.0,1668398.0,1668398.0,120.73412,120.73412,120.73412,239.91097922848664
13441.08161497116,1322563.0,1322563.0,1322563.0,98.49435424804688,98.49435424804688,98.49435424804688,22756.14285714286,22756.14285714286,22756.14285714286,166.4718157142857,166.4718157142857,166.4718157142857,1681453.0,1681453.0,1681453.0,130.129785,130.129785,130.129785,240.0593471810089
13492.827131,1534639.5,1534639.5,1534639.5,290.12892712402345,290.12892712402345,290.12892712402345,22669.285714285714,22669.285714285714,22669.285714285714,199.46934142857143,199.46934142857143,199.46934142857143,1694508.0,1694508.0,1694508.0,139.52545,139.52545,139.52545,240.20771513353114
13498.59334,1746716.0,1746716.0,1746716.0,481.7635,481.7635,481.7635,22582.428571428572,22582.428571428572,22582.428571428572,232.46686714285715,232.46686714285715,232.46686714285715,1683615.25,1683615.25,1683615.25,139.3541775,139.3541775,139.3541775,240.3560830860534
13503.052751,1757560.0,1757560.0,1757560.0,63.325584,63.325584,63.325584,22495.571428571428,22495.571428571428,22495.571428571428,265.46439285714285,265.46439285714285,265.46439285714285,1672722.5,1672722.5,1672722.5,139.182905,139.182905,139.182905,240.50445103857564
13513.462089,1728729.0,1728729.0,1728729.0,116.8569,116.8569,116.8569,22408.714285714286,22408.714285714286,22408.714285714286,298.46191857142855,298.46191857142855,298.46191857142855,1661829.75,1661829.75,1661829.75,139.01163250000002,139.01163250000002,139.01163250000002,240.65281899109792
13529.894539,1732783.6666666667,1732783.6666666667,1732783.6666666667,114.02507899999999,114.02507899999999,114.02507899999999,22321.85714285714,22321.85714285714,22321.85714285714,331.4594442857143,331.4594442857143,331.4594442857143,1650937.0,1650937.0,1650937.0,138.84036,138.84036,138.84036,240.80118694362017
13535.35056,1736838.3333333333,1736838.3333333333,1736838.3333333333,111.193258,111.193258,111.193258,22235.0,22235.0,22235.0,364.45697,364.45697,364.45697,1692314.5,1692314.5,1692314.5,109.256015,109.256015,109.256015,240.94955489614242
13547.737206,1740893.0,1740893.0,1740893.0,108.361437,108.361437,108.361437,22360.666666666668,22360.666666666668,22360.666666666668,282.45925666666665,282.45925666666665,282.45925666666665,1733692.0,1733692.0,1733692.0,79.67167,79.67167,79.67167,241.09792284866467
13554.060071,1744947.6666666667,1744947.6666666667,1744947.6666666667,105.52961599999999,105.52961599999999,105.52961599999999,22486.333333333332,22486.333333333332,22486.333333333332,200.46154333333334,200.46154333333334,200.46154333333334,1736123.0,1736123.0,1736123.0,528.9314,528.9314,528.9314,241.24629080118692
13564.79264,1749002.3333333333,1749002.3333333333,1749002.3333333333,102.697795,102.697795,102.697795,22612.0,22612.0,22612.0,118.46383,118.46383,118.46383,1721529.2,1721529.2,1721529.2,443.851372,443.851372,443.851372,241.39465875370917
13577.620988,1753057.0,1753057.0,1753057.0,99.865974,99.865974,99.865974,22511.0,22511.0,22511.0,224.89581500000003,224.89581500000003,224.89581500000003,1706935.4,1706935.4,1706935.4,358.771344,358.771344,358.771344,241.54302670623144
13597.723185,1673572.5,1673572.5,1673572.5,122.75340362630207,122.75340362630207,122.75340362630207,22410.0,22410.0,22410.0,331.3278,331.3278,331.3278,1692341.6,1692341.6,1692341.6,273.69131600000003,273.69131600000003,273.69131600000003,241.6913946587537
13645.305967,1594088.0,1594088.0,1594088.0,145.64083325260415,145.64083325260415,145.64083325260415,22872.0,22872.0,22872.0,234.36108,234.36108,234.36108,1677747.8,1677747.8,1677747.8,188.611288,188.611288,188.611288,241.83976261127594
13648.553205,1514603.5,1514603.5,1514603.5,168.52826287890625,168.52826287890625,168.52826287890625,22191.0,22191.0,22191.0,175.06995,175.06995,175.06995,1663154.0,1663154.0,1663154.0,103.53126,103.53126,103.53126,241.9881305637982
13652.450427,1435119.0,1435119.0,1435119.0,191.4156925052083,191.4156925052083,191.4156925052083,21510.0,21510.0,21510.0,115.77882,115.77882,115.77882,1692611.0,1692611.0,1692611.0,356.80933000000005,356.80933000000005,356.80933000000005,242.13649851632044
13653.57448,1355634.5,1355634.5,1355634.5,214.3031221315104,214.3031221315104,214.3031221315104,22050.666666666668,22050.666666666668,22050.666666666668,128.38727,128.38727,128.38727,1722068.0,1722068.0,1722068.0,610.0874,610.0874,610.0874,242.28486646884272
13658.16052222252,1276150.0,1276150.0,1276150.0,237.1905517578125,237.1905517578125,237.1905517578125,22591.333333333332,22591.333333333332,22591.333333333332,140.99572,140.99572,140.99572,1719936.3333333333,1719936.3333333333,1719936.3333333333,435.14225866666663,435.14225866666663,435.14225866666663,242.43323442136497
13658.89139,1440108.3333333333,1440108.3333333333,1440108.3333333333,206.336481171875,206.336481171875,206.336481171875,23132.0,23132.0,23132.0,153.60417,153.60417,153.60417,1717804.6666666667,1717804.6666666667,1717804.6666666667,260.1971173333333,260.1971173333333,260.1971173333333,242.58160237388722
13737.965742,1604066.6666666667,1604066.6666666667,1604066.6666666667,175.48241058593752,175.48241058593752,175.48241058593752,22100.14285714286,22100.14285714286,22100.14285714286,156.1840742857143,156.1840742857143,156.1840742857143,1715673.0,1715673.0,1715673.0,85.251976,85.251976,85.251976,242.72997032640947
13748.706391,1768025.0,1768025.0,1768025.0,144.62834,144.62834,144.62834,21068.285714285714,21068.285714285714,21068.285714285714,158.76397857142857,158.76397857142857,158.76397857142857,1706889.6,1706889.6,1706889.6,82.7380868,82.7380868,82.7380868,242.87833827893172
13750.294365882874,1343410.0,1343410.0,1343410.0,118.32608795166016,118.32608795166016,118.32608795166016,20036.428571428572,20036.428571428572,20036.428571428572,161.34388285714286,161.34388285714286,161.34388285714286,1698106.2,1698106.2,1698106.2,80.2241976,80.2241976,80.2241976,243.026706231454
13758.199927,1778464.0,1778464.0,1778464.0,62.656845,62.656845,62.656845,19004.571428571428,19004.571428571428,19004.571428571428,163.92378714285715,163.92378714285715,163.92378714285715,1689322.8,1689322.8,1689322.8,77.7103084,77.7103084,77.7103084,243.17507418397625
13768.578636,1750766.0,1750766.0,1750766.0,276.0816,276.0816,276.0816,17972.714285714286,17972.714285714286,17972.714285714286,166.50369142857144,166.50369142857144,166.50369142857144,1680539.4,1680539.4,1680539.4,75.1964192,75.1964192,75.1964192,243.3234421364985
13774.982937,1754065.857142857,1754065.857142857,1754065.857142857,254.06444714285712,254.06444714285712,254.06444714285712,16940.857142857145,16940.857142857145,16940.857142857145,169.0835957142857,169.0835957142857,169.0835957142857,1671756.0,1671756.0,1671756.0,72.68253,72.68253,72.68253,243.47181008902075
13777.969565,1757365.7142857143,1757365.7142857143,1757365.7142857143,232.04729428571426,232.04729428571426,232.04729428571426,15909.0,15909.0,15909.0,171.6635,171.6635,171.6635,1700222.6666666667,1700222.6666666667,1700222.6666666667,82.46564533333333,82.46564533333333,82.46564533333333,243.620178041543
13785.488981,1760665.5714285714,1760665.5714285714,1760665.5714285714,210.03014142857143,210.03014142857143,210.03014142857143,22524.0,22524.0,22524.0,106.09967,106.09967,106.09967,1728689.3333333333,1728689.3333333333,1728689.3333333333,92.24876066666667,92.24876066666667,92.24876066666667,243.76854599406525
13804.178654,1763965.4285714286,1763965.4285714286,1763965.4285714286,188.01298857142854,188.01298857142854,188.01298857142854,22649.666666666668,22649.666666666668,22649.666666666668,101.56653833333334,101.56653833333334,101.56653833333334,1757156.0,1757156.0,1757156.0,102.031876,102.031876,102.031876,243.91691394658753
13817.840379,1767265.2857142857,1767265.2857142857,1767265.2857142857,165.9958357142857,165.9958357142857,165.9958357142857,22775.333333333332,22775.333333333332,22775.333333333332,97.03340666666666,97.03340666666666,97.03340666666666,1755253.0,1755253.0,1755253.0,459.7091,459.7091,459.7091,244.06528189910978
13824.930727,1770565.142857143,1770565.142857143,1770565.142857143,143.97868285714284,143.97868285714284,143.97868285714284,22901.0,22901.0,22901.0,92.500275,92.500275,92.500275,1737396.5,1737396.5,1737396.5,361.25954,361.25954,361.25954,244.21364985163203
13827.743571,1773865.0,1773865.0,1773865.0,121.96153,121.96153,121.96153,22771.0,22771.0,22771.0,300.8309175,300.8309175,300.8309175,1719540.0,1719540.0,1719540.0,262.80998,262.80998,262.80998,244.36201780415428
13852.837938,1705736.7142857143,1705736.7142857143,1705736.7142857143,144.8129729799107,144.8129729799107,144.8129729799107,22641.0,22641.0,22641.0,509.16156,509.16156,509.16156,1701683.5,1701683.5,1701683.5,164.36042000000003,164.36042000000003,164.36042000000003,244.51038575667653
13893.643516,1637608.4285714286,1637608.4285714286,1637608.4285714286,167.66441595982144,167.66441595982144,167.66441595982144,22205.5,22205.5,22205.5,330.033845,330.033845,330.033845,1683827.0,1683827.0,1683827.0,65.91086,65.91086,65.91086,244.6587537091988
13897.600395,1569480.142857143,1569480.142857143,1569480.142857143,190.51585893973214,190.51585893973214,190.51585893973214,21770.0,21770.0,21770.0,150.90613,150.90613,150.90613,1698827.0,1698827.0,1698827.0,157.820855,157.820855,157.820855,244.80712166172106
13905.464557,1501351.8571428573,1501351.8571428573,1501351.8571428573,213.36730191964287,213.36730191964287,213.36730191964287,23132.0,23132.0,23132.0,490.73196,490.73196,490.73196,1713827.0,1713827.0,1713827.0,249.73084999999998,249.73084999999998,249.73084999999998,244.9554896142433
13909.044435,1433223.5714285714,1433223.5714285714,1433223.5714285714,236.2187448995536,236.2187448995536,236.2187448995536,23392.0,23392.0,23392.0,160.84329,160.84329,160.84329,1728827.0,1728827.0,1728827.0,341.640845,341.640845,341.640845,245.10385756676556
13928.721397,1365095.2857142857,1365095.2857142857,1365095.2857142857,259.0701878794643,259.0701878794643,259.0701878794643,23316.0,23316.0,23316.0,184.93311624999998,184.93311624999998,184.93311624999998,1743827.0,1743827.0,1743827.0,433.55084,433.55084,433.55084,245.2522255192878
13969.690975904465,1296967.0,1296967.0,1296967.0,281.921630859375,281.921630859375,281.921630859375,23240.0,23240.0,23240.0,209.0229425,209.0229425,209.0229425,1740091.5,1740091.5,1740091.5,264.349883,264.349883,264.349883,245.40059347181008
13983.086528,1543194.5,1543194.5,1543194.5,228.6414354296875,228.6414354296875,228.6414354296875,23164.0,23164.0,23164.0,233.11276875,233.11276875,233.11276875,1736356.0,1736356.0,1736356.0,95.148926,95.148926,95.148926,245.54896142433233
14003.803952,1789422.0,1789422.0,1789422.0,175.36124,175.36124,175.36124,23088.0,23088.0,23088.0,257.202595,257.202595,257.202595,1725558.25,1725558.25,1725558.25,117.5017095,117.5017095,117.5017095,245.69732937685458
14018.499514,1799645.0,1799645.0,1799645.0,155.96712,155.96712,155.96712,23012.0,23012.0,23012.0,281.29242124999996,281.29242124999996,281.29242124999996,1714760.5,1714760.5,1714760.5,139.854493,139.854493,139.854493,245.84569732937683
14018.687583,1771730.0,1771730.0,1771730.0,124.5644,124.5644,124.5644,22936.0,22936.0,22936.0,305.38224749999995,305.38224749999995,305.38224749999995,1703962.75,1703962.75,1703962.75,162.20727649999998,162.20727649999998,162.20727649999998,245.99406528189908
14020.069971,1669827.75,1669827.75,1669827.75,123.79901525573732,123.79901525573732,123.79901525573732,22860.0,22860.0,22860.0,329.47207375,329.47207375,329.47207375,1693165.0,1693165.0,1693165.0,184.56006,184.56006,184.56006,246.14243323442133
14035.629917,1567925.5,1567925.5,1567925.5,123.03363051147461,123.03363051147461,123.03363051147461,22784.0,22784.0,22784.0,353.5619,353.5619,353.5619,1735655.5,1735655.5,1735655.5,155.486175,155.486175,155.486175,246.2908011869436
14054.295782,1466023.25,1466023.25,1466023.25,122.26824576721191,122.26824576721191,122.26824576721191,22859.4,22859.4,22859.4,349.849172,349.849172,349.849172,1778146.0,1778146.0,1778146.0,126.41229,126.41229,126.41229,246.43916913946586
14062.425693035126,1364121.0,1364121.0,1364121.0,121.50286102294922,121.50286102294922,121.50286102294922,22934.8,22934.8,22934.8,346.136444,346.136444,346.136444,1777536.6666666667,1777536.6666666667,1777536.6666666667,119.745118,119.745118,119.745118,246.5875370919881
14082.872368,1795543.0,1795543.0,1795543.0,409.46637,409.46637,409.46637,23010.2,23010.2,23010.2,342.423716,342.423716,342.423716,1776927.3333333333,1776927.3333333333,1776927.3333333333,113.077946,113.077946,113.077946,246.73590504451036
14082.939869,1797060.6,1797060.6,1797060.6,383.734691,383.734691,383.734691,23085.6,23085.6,23085.6,338.710988,338.710988,338.710988,1776318.0,1776318.0,1776318.0,106.410774,106.410774,106.410774,246.8842729970326
14095.105804,1798578.2,1798578.2,1798578.2,358.003012,358.003012,358.003012,23161.0,23161.0,23161.0,334.99826,334.99826,334.99826,1758504.5,1758504.5,1758504.5,103.234298,103.234298,103.234298,247.0326409495549
14112.951251,1800095.8,1800095.8,1800095.8,332.271333,332.271333,332.271333,22901.0,22901.0,22901.0,257.9872,257.9872,257.9872,1740691.0,1740691.0,1740691.0,100.057822,100.057822,100.057822,247.18100890207714
14147.752132,1801613.4,1801613.4,1801613.4,306.539654,306.539654,306.539654,22001.0,22001.0,22001.0,183.6518,183.6518,183.6518,1722877.5,1722877.5,1722877.5,96.88134600000001,96.88134600000001,96.88134600000001,247.3293768545994
14148.756387,1803131.0,1803131.0,1803131.0,280.807975,280.807975,280.807975,22826.5,22826.5,22826.5,147.65997,147.65997,147.65997,1705064.0,1705064.0,1705064.0,93.70487,93.70487,93.70487,247.47774480712164
14154.184432,1804648.6,1804648.6,1804648.6,255.076296,255.076296,255.076296,23652.0,23652.0,23652.0,111.66814,111.66814,111.66814,1725190.6666666667,1725190.6666666667,1725190.6666666667,144.17867,144.17867,144.17867,247.6261127596439
14165.62091,1806166.2,1806166.2,1806166.2,229.344617,229.344617,229.344617,23392.0,23392.0,23392.0,617.5217,617.5217,617.5217,1745317.3333333333,1745317.3333333333,1745317.3333333333,194.65247,194.65247,194.65247,247.77448071216614
14198.869051,1807683.8,1807683.8,1807683.8,203.612938,203.612938,203.612938,23338.14285714286,23338.14285714286,23338.14285714286,546.9941542857143,546.9941542857143,546.9941542857143,1765444.0,1765444.0,1765444.0,245.12627,245.12627,245.12627,247.92284866468842
14233.205533,1809201.4,1809201.4,1809201.4,177.88125900000003,177.88125900000003,177.88125900000003,23284.285714285714,23284.285714285714,23284.285714285714,476.4666085714286,476.4666085714286,476.4666085714286,1758035.0,1758035.0,1758035.0,263.21695,263.21695,263.21695,248.07121661721067
14258.9259,1810719.0,1810719.0,1810719.0,152.14958,152.14958,152.14958,23230.428571428572,23230.428571428572,23230.428571428572,405.93906285714286,405.93906285714286,405.93906285714286,1764886.0,1764886.0,1764886.0,238.31711333333334,238.31711333333334,238.31711333333334,248.21958456973292
14268.904704,1792517.0,1792517.0,1792517.0,120.40658,120.40658,120.40658,23176.571428571428,23176.571428571428,23176.571428571428,335.4115171428572,335.4115171428572,335.4115171428572,1771737.0,1771737.0,1771737.0,213.41727666666665,213.41727666666665,213.41727666666665,248.36795252225517
14278.646253,1821172.0,1821172.0,1821172.0,201.0966,201.0966,201.0966,23122.714285714286,23122.714285714286,23122.714285714286,264.8839714285715,264.8839714285715,264.8839714285715,1778588.0,1778588.0,1778588.0,188.51744,188.51744,188.51744,248.51632047477742
14282.357191085815,1318202.0,1318202.0,1318202.0,116.32644653320312,116.32644653320312,116.32644653320312,23068.85714285714,23068.85714285714,23068.85714285714,194.35642571428576,194.35642571428576,194.35642571428576,1785439.0,1785439.0,1785439.0,163.6176033333333,163.6176033333333,163.6176033333333,248.6646884272997
14285.769527,1442923.0,1442923.0,1442923.0,147.16995239990234,147.16995239990234,147.16995239990234,23015.0,23015.0,23015.0,123.82888,123.82888,123.82888,1792290.0,1792290.0,1792290.0,138.71776666666665,138.71776666666665,138.71776666666665,248.81305637982194
14309.416632,1567644.0,1567644.0,1567644.0,178.01345826660156,178.01345826660156,178.01345826660156,23102.0,23102.0,23102.0,118.96623,118.96623,118.96623,1799141.0,1799141.0,1799141.0,113.81793,113.81793,113.81793,248.9614243323442
14315.178346,1692365.0,1692365.0,1692365.0,208.85696413330078,208.85696413330078,208.85696413330078,23189.0,23189.0,23189.0,114.10358,114.10358,114.10358,1714288.0,1714288.0,1714288.0,160.52397,160.52397,160.52397,249.10979228486644
14337.990762,1817086.0,1817086.0,1817086.0,239.70047,239.70047,239.70047,23276.0,23276.0,23276.0,109.24092999999999,109.24092999999999,109.24092999999999,1755757.0,1755757.0,1755757.0,105.898557,105.898557,105.898557,249.2581602373887
14358.060777,1709026.0,1709026.0,1709026.0,207.49064066223144,207.49064066223144,207.49064066223144,23363.0,23363.0,23363.0,104.37828,104.37828,104.37828,1797226.0,1797226.0,1797226.0,51.273144,51.273144,51.273144,249.40652818991097
14360.283417,1600966.0,1600966.0,1600966.0,175.2808113244629,175.2808113244629,175.2808113244629,23450.0,23450.0,23450.0,99.51563,99.51563,99.51563,1785321.8333333333,1785321.8333333333,1785321.8333333333,55.95577333333333,55.95577333333333,55.95577333333333,249.55489614243322
14368.056278,1492906.0,1492906.0,1492906.0,143.07098198669433,143.07098198669433,143.07098198669433,23103.0,23103.0,23103.0,99.76247,99.76247,99.76247,1773417.6666666667,1773417.6666666667,1773417.6666666667,60.63840266666667,60.63840266666667,60.63840266666667,249.70326409495547
14377.228005886078,1384846.0,1384846.0,1384846.0,110.86115264892578,110.86115264892578,110.86115264892578,22682.0,22682.0,22682.0,187.45606499999997,187.45606499999997,187.45606499999997,1761513.5,1761513.5,1761513.5,65.321032,65.321032,65.321032,249.85163204747772
14402.911175,1448733.4285714286,1448733.4285714286,1448733.4285714286,125.03949369907924,125.03949369907924,125.03949369907924,22261.0,22261.0,22261.0,275.14966,275.14966,275.14966,1749609.3333333333,1749609.3333333333,1749609.3333333333,70.00366133333334,70.00366133333334,70.00366133333334,249.99999999999997
14404.257793,1512620.857142857,1512620.857142857,1512620.857142857,139.2178347492327,139.2178347492327,139.2178347492327,23912.0,23912.0,23912.0,391.23184,391.23184,391.23184,1737705.1666666667,1737705.1666666667,1737705.1666666667,74.68629066666668,74.68629066666668,74.68629066666668,250.14836795252222
14408.85389,1576508.2857142857,1576508.2857142857,1576508.2857142857,153.39617579938616,153.39617579938616,153.39617579938616,23782.0,23782.0,23782.0,266.611295,266.611295,266.611295,1725801.0,1725801.0,1725801.0,79.36892,79.36892,79.36892,250.2967359050445
14430.787359,1640395.7142857143,1640395.7142857143,1640395.7142857143,167.57451684953963,167.57451684953963,167.57451684953963,23652.0,23652.0,23652.0,141.99075,141.99075,141.99075,1756043.5,1756043.5,1756043.5,104.04706,104.04706,104.04706,250.44510385756675
14463.991231,1704283.1428571427,1704283.1428571427,1704283.1428571427,181.75285789969308,181.75285789969308,181.75285789969308,23579.5,23579.5,23579.5,151.2625933333333,151.2625933333333,151.2625933333333,1786286.0,1786286.0,1786286.0,128.7252,128.7252,128.7252,250.593471810089
14483.326031,1768170.5714285714,1768170.5714285714,1768170.5714285714,195.93119894984653,195.93119894984653,195.93119894984653,23507.0,23507.0,23507.0,160.53443666666666,160.53443666666666,160.53443666666666,1779142.0,1779142.0,1779142.0,146.63477,146.63477,146.63477,250.74183976261125
14514.058392,1832058.0,1832058.0,1832058.0,210.10954,210.10954,210.10954,23434.5,23434.5,23434.5,169.80628000000002,169.80628000000002,169.80628000000002,1787357.4,1787357.4,1787357.4,132.288226,132.288226,132.288226,250.8902077151335
14524.004052,1814211.0,1814211.0,1814211.0,416.68646,416.68646,416.68646,23362.0,23362.0,23362.0,179.07812333333334,179.07812333333334,179.07812333333334,1795572.8,1795572.8,1795572.8,117.941682,117.941682,117.941682,251.03857566765578
14538.791537,1842211.0,1842211.0,1842211.0,83.699715,83.699715,83.699715,23289.5,23289.5,23289.5,188.34996666666666,188.34996666666666,188.34996666666666,1803788.2,1803788.2,1803788.2,103.595138,103.595138,103.595138,251.18694362017803
14540.905771,1674693.3333333333,1674693.3333333333,1674693.3333333333,162.08344037109373,162.08344037109373,162.08344037109373,23217.0,23217.0,23217.0,197.62181,197.62181,197.62181,1812003.6,1812003.6,1812003.6,89.248594,89.248594,89.248594,251.33531157270028
14569.532594,1507175.6666666667,1507175.6666666667,1507175.6666666667,240.4671657421875,240.4671657421875,240.4671657421875,23246.166666666668,23246.166666666668,23246.166666666668,187.28308333333334,187.28308333333334,187.28308333333334,1820219.0,1820219.0,1820219.0,74.90205,74.90205,74.90205,251.48367952522253
14596.15231513977,1339658.0,1339658.0,1339658.0,318.85089111328125,318.85089111328125,318.85089111328125,23275.333333333332,23275.333333333332,23275.333333333332,176.94435666666666,176.94435666666666,176.94435666666666,1819435.3333333333,1819435.3333333333,1819435.3333333333,82.88852666666666,82.88852666666666,82.88852666666666,251.63204747774478
14598.133428,1838080.0,1838080.0,1838080.0,58.354206,58.354206,58.354206,23304.5,23304.5,23304.5,166.60563000000002,166.60563000000002,166.60563000000002,1818651.6666666667,1818651.6666666667,1818651.6666666667,90.87500333333334,90.87500333333334,90.87500333333334,251.78041543026706
14618.156724,1783997.5,1783997.5,1783997.5,59.13680784399414,59.13680784399414,59.13680784399414,23333.666666666668,23333.666666666668,23333.666666666668,156.26690333333335,156.26690333333335,156.26690333333335,1817868.0,1817868.0,1817868.0,98.86148,98.86148,98.86148,251.9287833827893
14620.316756,1729915.0,1729915.0,1729915.0,59.91940968798828,59.91940968798828,59.91940968798828,23362.833333333332,23362.833333333332,23362.833333333332,145.92817666666667,145.92817666666667,145.92817666666667,1735815.0,1735815.0,1735815.0,424.14404,424.14404,424.14404,252.07715133531156
14623.172833,1675832.5,1675832.5,1675832.5,60.70201153198242,60.70201153198242,60.70201153198242,23392.0,23392.0,23392.0,135.58945,135.58945,135.58945,1738047.2,1738047.2,1738047.2,365.269114,365.269114,365.269114,252.2255192878338
14640.484567,1621750.0,1621750.0,1621750.0,61.484613375976565,61.484613375976565,61.484613375976565,23710.0,23710.0,23710.0,56.065197,56.065197,56.065197,1740279.4,1740279.4,1740279.4,306.394188,306.394188,306.394188,252.37388724035605
14658.078587,1567667.5,1567667.5,1567667.5,62.2672152199707,62.2672152199707,62.2672152199707,22550.0,22550.0,22550.0,147.0319,147.0319,147.0319,1742511.6,1742511.6,1742511.6,247.51926200000003,247.51926200000003,247.51926200000003,252.5222551928783
14659.398322,1513585.0,1513585.0,1513585.0,63.049817063964845,63.049817063964845,63.049817063964845,24143.0,24143.0,24143.0,143.59511,143.59511,143.59511,1744743.8,1744743.8,1744743.8,188.644336,188.644336,188.644336,252.67062314540058
14678.961144,1459502.5,1459502.5,1459502.5,63.83241890795898,63.83241890795898,63.83241890795898,24066.0,24066.0,24066.0,218.24321666666668,218.24321666666668,218.24321666666668,1746976.0,1746976.0,1746976.0,129.76941,129.76941,129.76941,252.81899109792283
14694.79872083664,1405420.0,1405420.0,1405420.0,64.61502075195312,64.61502075195312,64.61502075195312,23989.0,23989.0,23989.0,292.89132333333333,292.89132333333333,292.89132333333333,1767117.6666666667,1767117.6666666667,1767117.6666666667,127.41946666666666,127.41946666666666,127.41946666666666,252.96735905044508
14700.959275,1517491.0,1517491.0,1517491.0,152.83870806396484,152.83870806396484,152.83870806396484,23912.0,23912.0,23912.0,367.53943,367.53943,367.53943,1787259.3333333333,1787259.3333333333,1787259.3333333333,125.06952333333332,125.06952333333332,125.06952333333332,253.11572700296733
14734.294335,1629562.0,1629562.0,1629562.0,241.06239537597656,241.06239537597656,241.06239537597656,23825.0,23825.0,23825.0,322.04130599999996,322.04130599999996,322.04130599999996,1807401.0,1807401.0,1807401.0,122.71958,122.71958,122.71958,253.26409495548958
14738.341243,1741633.0,1741633.0,1741633.0,329.28608268798826,329.28608268798826,329.28608268798826,23738.0,23738.0,23738.0,276.543182,276.543182,276.543182,1800274.0,1800274.0,1800274.0,97.68969,97.68969,97.68969,253.41246290801186
14774.189913,1853704.0,1853704.0,1853704.0,417.50977,417.50977,417.50977,23651.0,23651.0,23651.0,231.04505799999998,231.04505799999998,231.04505799999998,1808629.4,1808629.4,1808629.4,162.298206,162.298206,162.298206,253.5608308605341
14779.113756,1835296.0,1835296.0,1835296.0,105.85197,105.85197,105.85197,23564.0,23564.0,23564.0,185.546934,185.546934,185.546934,1816984.8,1816984.8,1816984.8,226.906722,226.906722,226.906722,253.70919881305636
14796.062653,1849283.5,1849283.5,1849283.5,97.61513,97.61513,97.61513,23477.0,23477.0,23477.0,140.04881,140.04881,140.04881,1825340.2,1825340.2,1825340.2,291.515238,291.515238,291.515238,253.8575667655786
14798.906516,1863271.0,1863271.0,1863271.0,89.37829,89.37829,89.37829,23528.0,23528.0,23528.0,208.382295,208.382295,208.382295,1833695.6,1833695.6,1833695.6,356.123754,356.123754,356.123754,254.00593471810086
14834.664695,1861190.0,1861190.0,1861190.0,117.743695,117.743695,117.743695,23579.0,23579.0,23579.0,276.71578,276.71578,276.71578,1842051.0,1842051.0,1842051.0,420.73227,420.73227,420.73227,254.15430267062314
14858.249855,1859109.0,1859109.0,1859109.0,146.1091,146.1091,146.1091,23630.0,23630.0,23630.0,345.049265,345.049265,345.049265,1841497.8,1841497.8,1841497.8,363.45998000000003,363.45998000000003,363.45998000000003,254.3026706231454
14883.294976,1796857.875,1796857.875,1796857.875,216.56078690185547,216.56078690185547,216.56078690185547,23681.0,23681.0,23681.0,413.38275,413.38275,413.38275,1840944.6,1840944.6,1840944.6,306.18769000000003,306.18769000000003,306.18769000000003,254.45103857566764
14888.070992,1734606.75,1734606.75,1734606.75,287.0124738037109,287.0124738037109,287.0124738037109,16169.0,16169.0,16169.0,124.28585,124.28585,124.28585,1840391.4,1840391.4,1840391.4,248.91540000000003,248.91540000000003,248.91540000000003,254.5994065281899
14888.080712,1672355.625,1672355.625,1672355.625,357.4641607055664,357.4641607055664,357.4641607055664,16429.0,16429.0,16429.0,172.29155,172.29155,172.29155,1839838.2,1839838.2,1839838.2,191.64311000000004,191.64311000000004,191.64311000000004,254.74777448071214
14888.257281,1610104.5,1610104.5,1610104.5,427.9158476074219,427.9158476074219,427.9158476074219,20199.5,20199.5,20199.5,134.26134,134.26134,134.26134,1839285.0,1839285.0,1839285.0,134.37082,134.37082,134.37082,254.8961424332344
14895.629308,1547853.375,1547853.375,1547853.375,498.36753450927733,498.36753450927733,498.36753450927733,23970.0,23970.0,23970.0,96.23113,96.23113,96.23113,1822821.4,1822821.4,1822821.4,147.67012,147.67012,147.67012,255.04451038575667
14913.239521,1485602.25,1485602.25,1485602.25,568.8192214111328,568.8192214111328,568.8192214111328,22810.0,22810.0,22810.0,240.4803,240.4803,240.4803,1806357.8,1806357.8,1806357.8,160.96942,160.96942,160.96942,255.19287833827892
14914.552081,1423351.125,1423351.125,1423351.125,639.2709083129882,639.2709083129882,639.2709083129882,24403.0,24403.0,24403.0,135.0195,135.0195,135.0195,1789894.2,1789894.2,1789894.2,174.26872,174.26872,174.26872,255.34124629080117
14915.028330087662,1361100.0,1361100.0,1361100.0,709.7225952148438,709.7225952148438,709.7225952148438,24335.666666666668,24335.666666666668,24335.666666666668,110.62715666666666,110.62715666666666,110.62715666666666,1773430.6,1773430.6,1773430.6,187.56802,187.56802,187.56802,255.48961424332342
14930.433351,1371978.0,1371978.0,1371978.0,620.8140207926432,620.8140207926432,620.8140207926432,24268.333333333332,24268.333333333332,24268.333333333332,86.23481333333334,86.23481333333334,86.23481333333334,1756967.0,1756967.0,1756967.0,200.86732,200.86732,200.86732,255.63798219584567
14971.13242,1382856.0,1382856.0,1382856.0,531.9054463704427,531.9054463704427,531.9054463704427,24201.0,24201.0,24201.0,61.84247,61.84247,61.84247,1762377.5,1762377.5,1762377.5,129.316475,129.316475,129.316475,255.78635014836794
14979.094451,1393734.0,1393734.0,1393734.0,442.9968719482422,442.9968719482422,442.9968719482422,24134.714285714286,24134.714285714286,24134.714285714286,81.53407428571428,81.53407428571428,81.53407428571428,1767788.0,1767788.0,1767788.0,57.76563,57.76563,57.76563,255.9347181008902
14993.460683,1404612.0,1404612.0,1404612.0,354.0882975260417,354.0882975260417,354.0882975260417,24068.428571428572,24068.428571428572,24068.428571428572,101.22567857142857,101.22567857142857,101.22567857142857,1821212.0,1821212.0,1821212.0,91.66719,91.66719,91.66719,256.08308605341244
15009.437203,1415490.0,1415490.0,1415490.0,265.1797231038412,265.1797231038412,265.1797231038412,24002.14285714286,24002.14285714286,24002.14285714286,120.91728285714285,120.91728285714285,120.91728285714285,1829374.0,1829374.0,1829374.0,445.6176,445.6176,445.6176,256.2314540059347
15016.472146987917,1426368.0,1426368.0,1426368.0,176.27114868164062,176.27114868164062,176.27114868164062,23935.85714285714,23935.85714285714,23935.85714285714,140.60888714285713,140.60888714285713,140.60888714285713,1835117.8333333333,1835117.8333333333,1835117.8333333333,394.30864833333334,394.30864833333334,394.30864833333334,256.37982195845694
15039.226649,1856276.0,1856276.0,1856276.0,88.97573,88.97573,88.97573,23869.571428571428,23869.571428571428,23869.571428571428,160.3004914285714,160.3004914285714,160.3004914285714,1840861.6666666667,1840861.6666666667,1840861.6666666667,342.99969666666664,342.99969666666664,342.99969666666664,256.5281899109792
15039.307659,1875656.0,1875656.0,1875656.0,276.133,276.133,276.133,23803.285714285714,23803.285714285714,23803.285714285714,179.9920957142857,179.9920957142857,179.9920957142857,1846605.5,1846605.5,1846605.5,291.690745,291.690745,291.690745,256.67655786350144
15051.228251,1879831.5,1879831.5,1879831.5,188.18419999999998,188.18419999999998,188.18419999999998,23737.0,23737.0,23737.0,199.6837,199.6837,199.6837,1852349.3333333333,1852349.3333333333,1852349.3333333333,240.38179333333332,240.38179333333332,240.38179333333332,256.8249258160237
15059.055369,1884007.0,1884007.0,1884007.0,100.2354,100.2354,100.2354,23772.0,23772.0,23772.0,173.823998,173.823998,173.823998,1858093.1666666667,1858093.1666666667,1858093.1666666667,189.07284166666665,189.07284166666665,189.07284166666665,256.973293768546
15099.793487,1882129.5,1882129.5,1882129.5,100.090978,100.090978,100.090978,23807.0,23807.0,23807.0,147.964296,147.964296,147.964296,1863837.0,1863837.0,1863837.0,137.76389,137.76389,137.76389,257.1216617210682
15123.37579,1880252.0,1880252.0,1880252.0,99.946556,99.946556,99.946556,23842.0,23842.0,23842.0,122.10459399999999,122.10459399999999,122.10459399999999,1861872.0,1861872.0,1861872.0,113.709705,113.709705,113.709705,257.2700296735905
15153.38547,1797177.3333333333,1797177.3333333333,1797177.3333333333,102.61266319295248,102.61266319295248,102.61266319295248,23877.0,23877.0,23877.0,96.244892,96.244892,96.244892,1859907.0,1859907.0,1859907.0,89.65552,89.65552,89.65552,257.4183976261127
15154.220751,1714102.6666666667,1714102.6666666667,1714102.6666666667,105.27877038590495,105.27877038590495,105.27877038590495,23912.0,23912.0,23912.0,70.38519,70.38519,70.38519,1846232.6666666667,1846232.6666666667,1846232.6666666667,83.3209725,83.3209725,83.3209725,257.566765578635
15160.790115,1631028.0,1631028.0,1631028.0,107.94487757885742,107.94487757885742,107.94487757885742,24259.0,24259.0,24259.0,41.662216,41.662216,41.662216,1832558.3333333333,1832558.3333333333,1832558.3333333333,76.986425,76.986425,76.986425,257.7151335311572
15168.411894,1547953.3333333333,1547953.3333333333,1547953.3333333333,110.6109847718099,110.6109847718099,110.6109847718099,23099.0,23099.0,23099.0,150.3614,150.3614,150.3614,1818884.0,1818884.0,1818884.0,70.6518775,70.6518775,70.6518775,257.8635014836795
15169.690578,1464878.6666666665,1464878.6666666665,1464878.6666666665,113.27709196476238,113.27709196476238,113.27709196476238,24663.0,24663.0,24663.0,100.764496,100.764496,100.764496,1805209.6666666667,1805209.6666666667,1805209.6666666667,64.31733,64.31733,64.31733,258.0118694362018
15236.928261995316,1381804.0,1381804.0,1381804.0,115.94319915771484,115.94319915771484,115.94319915771484,24595.666666666668,24595.666666666668,24595.666666666668,103.023034,103.023034,103.023034,1791535.3333333333,1791535.3333333333,1791535.3333333333,57.9827825,57.9827825,57.9827825,258.160237388724
15240.578173,1480904.8,1480904.8,1480904.8,111.42313232617188,111.42313232617188,111.42313232617188,24528.333333333332,24528.333333333332,24528.333333333332,105.281572,105.281572,105.281572,1777861.0,1777861.0,1777861.0,51.648235,51.648235,51.648235,258.3086053412463
15246.307771,1580005.6,1580005.6,1580005.6,106.9030654946289,106.9030654946289,106.9030654946289,24461.0,24461.0,24461.0,107.54011,107.54011,107.54011,1809915.0,1809915.0,1809915.0,78.2485575,78.2485575,78.2485575,258.4569732937685
15248.698748,1679106.4,1679106.4,1679106.4,102.38299866308594,102.38299866308594,102.38299866308594,24368.2,24368.2,24368.2,124.708648,124.708648,124.708648,1841969.0,1841969.0,1841969.0,104.84888,104.84888,104.84888,258.6053412462908
15279.607328,1778207.2,1778207.2,1778207.2,97.86293183154297,97.86293183154297,97.86293183154297,24275.4,24275.4,24275.4,141.877186,141.877186,141.877186,1850214.0,1850214.0,1850214.0,98.84161,98.84161,98.84161,258.75370919881306
15299.381046,1877308.0,1877308.0,1877308.0,93.342865,93.342865,93.342865,24182.6,24182.6,24182.6,159.045724,159.045724,159.045724,1855958.8333333333,1855958.8333333333,1855958.8333333333,94.761995,94.761995,94.761995,258.9020771513353
15299.579486,1896196.0,1896196.0,1896196.0,32.436863,32.436863,32.436863,24089.8,24089.8,24089.8,176.21426200000002,176.21426200000002,176.21426200000002,1861703.6666666667,1861703.6666666667,1861703.6666666667,90.68238,90.68238,90.68238,259.05044510385756
15311.33809,1900704.5,1900704.5,1900704.5,76.57407950000001,76.57407950000001,76.57407950000001,23997.0,23997.0,23997.0,193.3828,193.3828,193.3828,1867448.5,1867448.5,1867448.5,86.602765,86.602765,86.602765,259.1988130563798
15324.195847,1905213.0,1905213.0,1905213.0,120.711296,120.711296,120.711296,24088.833333333332,24088.833333333332,24088.833333333332,179.58749233333333,179.58749233333333,179.58749233333333,1873193.3333333333,1873193.3333333333,1873193.3333333333,82.52315,82.52315,82.52315,259.34718100890206
15340.47587108612,1446980.0,1446980.0,1446980.0,88.19197082519531,88.19197082519531,88.19197082519531,24180.666666666668,24180.666666666668,24180.666666666668,165.79218466666669,165.79218466666669,165.79218466666669,1878938.1666666667,1878938.1666666667,1878938.1666666667,78.443535,78.443535,78.443535,259.49554896142433
15364.915665,1674361.5,1674361.5,1674361.5,147.99744541259764,147.99744541259764,147.99744541259764,24272.5,24272.5,24272.5,151.996877,151.996877,151.996877,1884683.0,1884683.0,1884683.0,74.36392,74.36392,74.36392,259.64391691394655
15388.496605,1901743.0,1901743.0,1901743.0,207.80292,207.80292,207.80292,24364.333333333332,24364.333333333332,24364.333333333332,138.20156933333334,138.20156933333334,138.20156933333334,1836704.0,1836704.0,1836704.0,82.06760299999999,82.06760299999999,82.06760299999999,259.79228486646883
15404.339826,1901489.3636363635,1901489.3636363635,1901489.3636363635,202.06456090909091,202.06456090909091,202.06456090909091,24456.166666666668,24456.166666666668,24456.166666666668,124.40626166666667,124.40626166666667,124.40626166666667,1788725.0,1788725.0,1788725.0,89.771286,89.771286,89.771286,259.94065281899105
15420.940053,1901235.7272727273,1901235.7272727273,1901235.7272727273,196.32620181818183,196.32620181818183,196.32620181818183,24548.0,24548.0,24548.0,110.610954,110.610954,110.610954,1807174.8,1807174.8,1807174.8,87.9320008,87.9320008,87.9320008,260.08902077151333
15423.573618,1900982.0909090908,1900982.0909090908,1900982.0909090908,190.58784272727274,190.58784272727274,190.58784272727274,23359.0,23359.0,23359.0,120.65451,120.65451,120.65451,1825624.6,1825624.6,1825624.6,86.0927156,86.0927156,86.0927156,260.2373887240356
15429.333778,1900728.4545454546,1900728.4545454546,1900728.4545454546,184.84948363636363,184.84948363636363,184.84948363636363,24172.0,24172.0,24172.0,109.6584,109.6584,109.6584,1844074.4,1844074.4,1844074.4,84.2534304,84.2534304,84.2534304,260.38575667655783
15429.838005,1900474.8181818181,1900474.8181818181,1900474.8181818181,179.11112454545454,179.11112454545454,179.11112454545454,24923.0,24923.0,24923.0,127.97071,127.97071,127.97071,1862524.2,1862524.2,1862524.2,82.41414520000001,82.41414520000001,82.41414520000001,260.5341246290801
15433.481854,1900221.1818181819,1900221.1818181819,1900221.1818181819,173.37276545454546,173.37276545454546,173.37276545454546,24855.666666666668,24855.666666666668,24855.666666666668,140.28935333333334,140.28935333333334,140.28935333333334,1880974.0,1880974.0,1880974.0,80.57486,80.57486,80.57486,260.68249258160233
15513.816875,1899967.5454545454,1899967.5454545454,1899967.5454545454,167.63440636363637,167.63440636363637,167.63440636363637,24788.333333333332,24788.333333333332,24788.333333333332,152.60799666666665,152.60799666666665,152.60799666666665,1863957.0,1863957.0,1863957.0,336.73163,336.73163,336.73163,260.8308605341246
15521.452018,1899713.9090909092,1899713.9090909092,1899713.9090909092,161.8960472727273,161.8960472727273,161.8960472727273,24721.0,24721.0,24721.0,164.92664,164.92664,164.92664,1831378.5,1831378.5,1831378.5,198.6320215,198.6320215,198.6320215,260.9792284866469
15550.691513,1899460.2727272727,1899460.2727272727,1899460.2727272727,156.15768818181817,156.15768818181817,156.15768818181817,24643.666666666668,24643.666666666668,24643.666666666668,165.0043,165.0043,165.0043,1798800.0,1798800.0,1798800.0,60.532413,60.532413,60.532413,261.1275964391691
15554.742188,1899206.6363636365,1899206.6363636365,1899206.6363636365,150.4193290909091,150.4193290909091,150.4193290909091,24566.333333333332,24566.333333333332,24566.333333333332,165.08195999999998,165.08195999999998,165.08195999999998,1871737.0,1871737.0,1871737.0,433.54184,433.54184,433.54184,261.2759643916914
15559.47267,1898953.0,1898953.0,1898953.0,144.68097,144.68097,144.68097,24489.0,24489.0,24489.0,165.15962,165.15962,165.15962,1877372.6666666667,1877372.6666666667,1877372.6666666667,372.6738283333333,372.6738283333333,372.6738283333333,261.4243323442136
15562.423084974287,1403232.0,1403232.0,1403232.0,423.0616149902344,423.0616149902344,423.0616149902344,24411.666666666668,24411.666666666668,24411.666666666668,165.23728,165.23728,165.23728,1883008.3333333333,1883008.3333333333,1883008.3333333333,311.80581666666666,311.80581666666666,311.80581666666666,261.5727002967359
15564.707273,1917798.0,1917798.0,1917798.0,401.2387,401.2387,401.2387,24334.333333333332,24334.333333333332,24334.333333333332,165.31493999999998,165.31493999999998,165.31493999999998,1888644.0,1888644.0,1888644.0,250.937805,250.937805,250.937805,261.72106824925817
15571.478873,1922175.0,1922175.0,1922175.0,295.939235,295.939235,295.939235,24257.0,24257.0,24257.0,165.3926,165.3926,165.3926,1894279.6666666667,1894279.6666666667,1894279.6666666667,190.06979333333334,190.06979333333334,190.06979333333334,261.8694362017804
15594.322939,1926552.0,1926552.0,1926552.0,190.63977,190.63977,190.63977,24367.2,24367.2,24367.2,151.621342,151.621342,151.621342,1899915.3333333333,1899915.3333333333,1899915.3333333333,129.20178166666665,129.20178166666665,129.20178166666665,262.01780415430267
15630.040022,1924493.5,1924493.5,1924493.5,141.847745,141.847745,141.847745,24477.4,24477.4,24477.4,137.85008399999998,137.85008399999998,137.85008399999998,1905551.0,1905551.0,1905551.0,68.33377,68.33377,68.33377,262.1661721068249
15653.585336,1922435.0,1922435.0,1922435.0,93.05572,93.05572,93.05572,24587.6,24587.6,24587.6,124.07882599999999,124.07882599999999,124.07882599999999,1905050.4285714286,1905050.4285714286,1905050.4285714286,77.16696,77.16696,77.16696,262.31454005934717
15667.659348964691,1467838.0,1467838.0,1467838.0,134.70030212402344,134.70030212402344,134.70030212402344,24697.8,24697.8,24697.8,110.307568,110.307568,110.307568,1904549.857142857,1904549.857142857,1904549.857142857,86.00015,86.00015,86.00015,262.4629080118694
15686.091909,1518055.111111111,1518055.111111111,1518055.111111111,132.23415799913195,132.23415799913195,132.23415799913195,24808.0,24808.0,24808.0,96.53631,96.53631,96.53631,1904049.2857142857,1904049.2857142857,1904049.2857142857,94.83333999999999,94.83333999999999,94.83333999999999,262.61127596439167
15688.704693,1568272.2222222222,1568272.2222222222,1568272.2222222222,129.76801387424044,129.76801387424044,129.76801387424044,23619.0,23619.0,23619.0,86.255844,86.255844,86.255844,1903548.7142857143,1903548.7142857143,1903548.7142857143,103.66653,103.66653,103.66653,262.75964391691394
15689.986075,1618489.3333333333,1618489.3333333333,1618489.3333333333,127.30186974934895,127.30186974934895,127.30186974934895,25183.0,25183.0,25183.0,285.75497,285.75497,285.75497,1903048.142857143,1903048.142857143,1903048.142857143,112.49972,112.49972,112.49972,262.90801186943617
15704.4475,1668706.4444444445,1668706.4444444445,1668706.4444444445,124.83572562445747,124.83572562445747,124.83572562445747,24432.0,24432.0,24432.0,134.10292,134.10292,134.10292,1902547.5714285714,1902547.5714285714,1902547.5714285714,121.33291,121.33291,121.33291,263.05637982195844
15713.55938,1718923.5555555555,1718923.5555555555,1718923.5555555555,122.36958149956597,122.36958149956597,122.36958149956597,24576.5,24576.5,24576.5,137.07530250000002,137.07530250000002,137.07530250000002,1902047.0,1902047.0,1902047.0,130.1661,130.1661,130.1661,263.20474777448067
15759.493241,1769140.6666666665,1769140.6666666665,1769140.6666666665,119.90343737467448,119.90343737467448,119.90343737467448,24721.0,24721.0,24721.0,140.047685,140.047685,140.047685,1809576.0,1809576.0,1809576.0,139.16286,139.16286,139.16286,263.35311572700294
15773.934573,1819357.7777777778,1819357.7777777778,1819357.7777777778,117.43729324978298,117.43729324978298,117.43729324978298,24865.5,24865.5,24865.5,143.02006749999998,143.02006749999998,143.02006749999998,1884951.0,1884951.0,1884951.0,104.8543,104.8543,104.8543,263.5014836795252
15801.61651,1869574.888888889,1869574.888888889,1869574.888888889,114.9711491248915,114.9711491248915,114.9711491248915,25010.0,25010.0,25010.0,145.99245,145.99245,145.99245,1886459.6,1886459.6,1886459.6,102.686798,102.686798,102.686798,263.64985163204744
15819.57971,1919792.0,1919792.0,1919792.0,112.505005,112.505005,112.505005,24749.0,24749.0,24749.0,117.169845,117.169845,117.169845,1887968.2,1887968.2,1887968.2,100.519296,100.519296,100.519296,263.7982195845697
15831.625667,1929423.0,1929423.0,1929423.0,105.5559575,105.5559575,105.5559575,24488.0,24488.0,24488.0,88.34724,88.34724,88.34724,1889476.8,1889476.8,1889476.8,98.351794,98.351794,98.351794,263.94658753709194
15834.837691,1939054.0,1939054.0,1939054.0,98.60691,98.60691,98.60691,24411.875,24411.875,24411.875,109.83135375,109.83135375,109.83135375,1890985.4,1890985.4,1890985.4,96.184292,96.184292,96.184292,264.0949554896142
15834.875323,1943100.5,1943100.5,1943100.5,91.42212,91.42212,91.42212,24335.75,24335.75,24335.75,131.3154675,131.3154675,131.3154675,1892494.0,1892494.0,1892494.0,94.01679,94.01679,94.01679,264.2433234421365
15859.461059,1947147.0,1947147.0,1947147.0,84.23733,84.23733,84.23733,24259.625,24259.625,24259.625,152.79958125,152.79958125,152.79958125,1856247.0,1856247.0,1856247.0,160.87385999999998,160.87385999999998,160.87385999999998,264.3916913946587
15870.816726,1685525.5,1685525.5,1685525.5,86.91939284423827,86.91939284423827,86.91939284423827,24183.5,24183.5,24183.5,174.283695,174.283695,174.283695,1820000.0,1820000.0,1820000.0,227.73093,227.73093,227.73093,264.540059347181
15891.137264966965,1423904.0,1423904.0,1423904.0,89.60145568847656,89.60145568847656,89.60145568847656,24107.375,24107.375,24107.375,195.76780875,195.76780875,195.76780875,1873417.0,1873417.0,1873417.0,222.15108,222.15108,222.15108,264.6884272997032
15900.164162,1683709.5,1683709.5,1683709.5,115.02784784423828,115.02784784423828,115.02784784423828,24031.25,24031.25,24031.25,217.25192249999998,217.25192249999998,217.25192249999998,1926834.0,1926834.0,1926834.0,216.57123,216.57123,216.57123,264.8367952522255
15923.714804,1943515.0,1943515.0,1943515.0,140.45424,140.45424,140.45424,23955.125,23955.125,23955.125,238.73603624999998,238.73603624999998,238.73603624999998,1926136.0,1926136.0,1926136.0,194.94544666666667,194.94544666666667,194.94544666666667,264.9851632047478
15948.8602,1867729.6666666667,1867729.6666666667,1867729.6666666667,141.19448436279296,141.19448436279296,141.19448436279296,23879.0,23879.0,23879.0,260.22015,260.22015,260.22015,1925438.0,1925438.0,1925438.0,173.31966333333335,173.31966333333335,173.31966333333335,265.13353115727
15950.132734,1791944.3333333333,1791944.3333333333,1791944.3333333333,141.93472872558593,141.93472872558593,141.93472872558593,25443.0,25443.0,25443.0,60.426285,60.426285,60.426285,1924740.0,1924740.0,1924740.0,151.69388,151.69388,151.69388,265.2818991097923
15951.238244,1716159.0,1716159.0,1716159.0,142.67497308837892,142.67497308837892,142.67497308837892,25097.0,25097.0,25097.0,50.946552,50.946552,50.946552,1924042.0,1924042.0,1924042.0,130.0680966666667,130.0680966666667,130.0680966666667,265.4302670623145
15974.579086,1640373.6666666667,1640373.6666666667,1640373.6666666667,143.41521745117188,143.41521745117188,143.41521745117188,24721.0,24721.0,24721.0,157.13986,157.13986,157.13986,1923344.0,1923344.0,1923344.0,108.44231333333335,108.44231333333335,108.44231333333335,265.5786350148368
15988.673116,1564588.3333333335,1564588.3333333335,1564588.3333333335,144.15546181396485,144.15546181396485,144.15546181396485,22053.333333333332,22053.333333333332,22053.333333333332,140.44896666666665,140.44896666666665,140.44896666666665,1922646.0,1922646.0,1922646.0,86.81653,86.81653,86.81653,265.72700296735906
15997.60177373886,1488803.0,1488803.0,1488803.0,144.8957061767578,144.8957061767578,144.8957061767578,19385.666666666668,19385.666666666668,19385.666666666668,123.75807333333333,123.75807333333333,123.75807333333333,1918463.25,1918463.25,1918463.25,123.8300475,123.8300475,123.8300475,265.8753709198813
15998.211218,1564136.5,1564136.5,1564136.5,139.83792748063152,139.83792748063152,139.83792748063152,16718.0,16718.0,16718.0,107.06718,107.06718,107.06718,1914280.5,1914280.5,1914280.5,160.843565,160.843565,160.843565,266.02373887240356
15998.222197,1639470.0,1639470.0,1639470.0,134.7801487845052,134.7801487845052,134.7801487845052,16978.0,16978.0,16978.0,179.4248,179.4248,179.4248,1910097.75,1910097.75,1910097.75,197.8570825,197.8570825,197.8570825,266.1721068249258
16034.052105,1714803.5,1714803.5,1714803.5,129.7223700883789,129.7223700883789,129.7223700883789,19751.666666666668,19751.666666666668,19751.666666666668,187.53422666666668,187.53422666666668,187.53422666666668,1905915.0,1905915.0,1905915.0,234.8706,234.8706,234.8706,266.32047477744806
16034.602637,1790137.0,1790137.0,1790137.0,124.6645913922526,124.6645913922526,124.6645913922526,22525.333333333332,22525.333333333332,22525.333333333332,195.64365333333333,195.64365333333333,195.64365333333333,1830477.0,1830477.0,1830477.0,76.19542,76.19542,76.19542,266.4688427299703
16076.795338,1865470.5,1865470.5,1865470.5,119.6068126961263,119.6068126961263,119.6068126961263,25299.0,25299.0,25299.0,203.75308,203.75308,203.75308,1847095.2,1847095.2,1847095.2,80.407363,80.407363,80.407363,266.61721068249255
16084.701317,1940804.0,1940804.0,1940804.0,114.549034,114.549034,114.549034,25038.0,25038.0,25038.0,155.02818000000002,155.02818000000002,155.02818000000002,1863713.4,1863713.4,1863713.4,84.619306,84.619306,84.619306,266.76557863501483
16096.773243,1950513.5,1950513.5,1950513.5,161.095427,161.095427,161.095427,24777.0,24777.0,24777.0,106.30328,106.30328,106.30328,1880331.6,1880331.6,1880331.6,88.831249,88.831249,88.831249,266.91394658753705
16104.968954,1960223.0,1960223.0,1960223.0,207.64182,207.64182,207.64182,24690.0,24690.0,24690.0,114.66145,114.66145,114.66145,1896949.8,1896949.8,1896949.8,93.043192,93.043192,93.043192,267.06231454005933
16115.018038,1964242.0,1964242.0,1964242.0,169.016635,169.016635,169.016635,24603.0,24603.0,24603.0,123.01962,123.01962,123.01962,1913568.0,1913568.0,1913568.0,97.255135,97.255135,97.255135,267.21068249258155
16124.617886,1968261.0,1968261.0,1968261.0,130.39145,130.39145,130.39145,24516.0,24516.0,24516.0,131.37779,131.37779,131.37779,1877258.5,1877258.5,1877258.5,125.27968249999999,125.27968249999999,125.27968249999999,267.35905044510383
16145.919803,1967021.6666666667,1967021.6666666667,1967021.6666666667,141.11504666666667,141.11504666666667,141.11504666666667,24429.0,24429.0,24429.0,139.73596,139.73596,139.73596,1840949.0,1840949.0,1840949.0,153.30423,153.30423,153.30423,267.5074183976261
16170.29781,1965782.3333333333,1965782.3333333333,1965782.3333333333,151.83864333333332,151.83864333333332,151.83864333333332,24342.0,24342.0,24342.0,148.09413,148.09413,148.09413,1947736.0,1947736.0,1947736.0,107.478455,107.478455,107.478455,267.65578635014833
16193.845273,1964543.0,1964543.0,1964543.0,162.56224,162.56224,162.56224,24255.0,24255.0,24255.0,156.4523,156.4523,156.4523,1947083.6666666667,1947083.6666666667,1947083.6666666667,102.76904583333334,102.76904583333334,102.76904583333334,267.8041543026706
16214.019625,1791282.0,1791282.0,1791282.0,203.66992147460937,203.66992147460937,203.66992147460937,24168.0,24168.0,24168.0,164.81047,164.81047,164.81047,1946431.3333333333,1946431.3333333333,1946431.3333333333,98.05963666666666,98.05963666666666,98.05963666666666,267.95252225519283
16215.350294,1618021.0,1618021.0,1618021.0,244.77760294921876,244.77760294921876,244.77760294921876,25703.0,25703.0,25703.0,94.30897,94.30897,94.30897,1945779.0,1945779.0,1945779.0,93.35022749999999,93.35022749999999,93.35022749999999,268.1008902077151
16224.318984031675,1444760.0,1444760.0,1444760.0,285.8852844238281,285.8852844238281,285.8852844238281,25342.0,25342.0,25342.0,115.13763499999999,115.13763499999999,115.13763499999999,1945126.6666666667,1945126.6666666667,1945126.6666666667,88.64081833333333,88.64081833333333,88.64081833333333,268.2492581602374
16244.706076,1457703.4,1457703.4,1457703.4,250.50607452392578,250.50607452392578,250.50607452392578,24981.0,24981.0,24981.0,135.9663,135.9663,135.9663,1944474.3333333333,1944474.3333333333,1944474.3333333333,83.93140916666667,83.93140916666667,83.93140916666667,268.3976261127596
16258.777954,1470646.8,1470646.8,1470646.8,215.12686462402343,215.12686462402343,215.12686462402343,25077.333333333332,25077.333333333332,25077.333333333332,139.13703666666666,139.13703666666666,139.13703666666666,1943822.0,1943822.0,1943822.0,79.222,79.222,79.222,268.5459940652819
16304.094174,1483590.2,1483590.2,1483590.2,179.7476547241211,179.7476547241211,179.7476547241211,25173.666666666668,25173.666666666668,25173.666666666668,142.30777333333333,142.30777333333333,142.30777333333333,1927097.0,1927097.0,1927097.0,123.04586,123.04586,123.04586,268.6943620178041
16309.70053,1496533.6,1496533.6,1496533.6,144.36844482421876,144.36844482421876,144.36844482421876,25270.0,25270.0,25270.0,145.47851,145.47851,145.47851,1851418.0,1851418.0,1851418.0,68.79486,68.79486,68.79486,268.8427299703264
16330.469443798063,1509477.0,1509477.0,1509477.0,108.9892349243164,108.9892349243164,108.9892349243164,25366.333333333332,25366.333333333332,25366.333333333332,148.64924666666667,148.64924666666667,148.64924666666667,1863292.0,1863292.0,1863292.0,74.53357428571428,74.53357428571428,74.53357428571428,268.99109792284867
16354.805016,1961824.0,1961824.0,1961824.0,110.09132,110.09132,110.09132,25462.666666666668,25462.666666666668,25462.666666666668,151.81998333333334,151.81998333333334,151.81998333333334,1875166.0,1875166.0,1875166.0,80.27228857142858,80.27228857142858,80.27228857142858,269.1394658753709
16356.950267,1968244.6666666667,1968244.6666666667,1968244.6666666667,119.24231666666667,119.24231666666667,119.24231666666667,25559.0,25559.0,25559.0,154.99072,154.99072,154.99072,1887040.0,1887040.0,1887040.0,86.01100285714286,86.01100285714286,86.01100285714286,269.28783382789317
16366.931867,1974665.3333333333,1974665.3333333333,1974665.3333333333,128.39331333333334,128.39331333333334,128.39331333333334,25037.0,25037.0,25037.0,89.6925,89.6925,89.6925,1898914.0,1898914.0,1898914.0,91.74971714285715,91.74971714285715,91.74971714285715,269.4362017804154
16375.105572,1981086.0,1981086.0,1981086.0,137.54431,137.54431,137.54431,24950.0,24950.0,24950.0,92.54334999999999,92.54334999999999,92.54334999999999,1910788.0,1910788.0,1910788.0,97.48843142857143,97.48843142857143,97.48843142857143,269.58456973293767
16394.771655,1989436.0,1989436.0,1989436.0,77.54524,77.54524,77.54524,24863.0,24863.0,24863.0,95.3942,95.3942,95.3942,1922662.0,1922662.0,1922662.0,103.22714571428571,103.22714571428571,103.22714571428571,269.73293768545994
16395.150415,1988435.5,1988435.5,1988435.5,90.5051375,90.5051375,90.5051375,24776.0,24776.0,24776.0,98.24504999999999,98.24504999999999,98.24504999999999,1934536.0,1934536.0,1934536.0,108.96586,108.96586,108.96586,269.88130563798217
16431.029311,1987435.0,1987435.0,1987435.0,103.465035,103.465035,103.465035,24689.0,24689.0,24689.0,101.0959,101.0959,101.0959,1862536.0,1862536.0,1862536.0,236.17728,236.17728,236.17728,270.02967359050444
16440.431939,1986434.5,1986434.5,1986434.5,116.4249325,116.4249325,116.4249325,24602.0,24602.0,24602.0,103.94675,103.94675,103.94675,1968476.0,1968476.0,1968476.0,71.53548,71.53548,71.53548,270.17804154302667
16463.971858,1985434.0,1985434.0,1985434.0,129.38483,129.38483,129.38483,24515.0,24515.0,24515.0,106.79759999999999,106.79759999999999,106.79759999999999,1967853.0,1967853.0,1967853.0,91.03777400000001,91.03777400000001,91.03777400000001,270.32640949554894
16479.186656,1881581.2,1881581.2,1881581.2,129.4596004501953,129.4596004501953,129.4596004501953,24428.0,24428.0,24428.0,109.64845,109.64845,109.64845,1967230.0,1967230.0,1967230.0,110.540068,110.540068,110.540068,270.4747774480712
16480.505758,1777728.4,1777728.4,1777728.4,129.53437090039063,129.53437090039063,129.53437090039063,25992.0,25992.0,25992.0,71.14484,71.14484,71.14484,1966607.0,1966607.0,1966607.0,130.042362,130.042362,130.042362,270.62314540059344
16529.839496,1673875.6,1673875.6,1673875.6,129.60914135058593,129.60914135058593,129.60914135058593,25241.0,25241.0,25241.0,160.05266,160.05266,160.05266,1965984.0,1965984.0,1965984.0,149.544656,149.544656,149.544656,270.7715133531157
16533.88918,1570022.8,1570022.8,1570022.8,129.68391180078126,129.68391180078126,129.68391180078126,25250.333333333332,25250.333333333332,25250.333333333332,162.30802833333334,162.30802833333334,162.30802833333334,1965361.0,1965361.0,1965361.0,169.04695,169.04695,169.04695,270.91988130563794
16563.33835196495,1466170.0,1466170.0,1466170.0,129.75868225097656,129.75868225097656,129.75868225097656,25259.666666666668,25259.666666666668,25259.666666666668,164.56339666666668,164.56339666666668,164.56339666666668,1956657.5,1956657.5,1956657.5,138.25912,138.25912,138.25912,271.0682492581602
16569.207564,1638618.3333333333,1638618.3333333333,1638618.3333333333,196.7169681673177,196.7169681673177,196.7169681673177,25269.0,25269.0,25269.0,166.81876499999998,166.81876499999998,166.81876499999998,1947954.0,1947954.0,1947954.0,107.47129,107.47129,107.47129,271.21661721068244
16574.796678,1811066.6666666667,1811066.6666666667,1811066.6666666667,263.67525408365884,263.67525408365884,263.67525408365884,25278.333333333332,25278.333333333332,25278.333333333332,169.07413333333332,169.07413333333332,169.07413333333332,1872423.0,1872423.0,1872423.0,78.644035,78.644035,78.644035,271.3649851632047
16624.932127,1983515.0,1983515.0,1983515.0,330.63354,330.63354,330.63354,25287.666666666668,25287.666666666668,25287.666666666668,171.32950166666666,171.32950166666666,171.32950166666666,1884404.4285714286,1884404.4285714286,1884404.4285714286,154.4656214285714,154.4656214285714,154.4656214285714,271.513353115727
16632.081304,1989943.3333333333,1989943.3333333333,1989943.3333333333,300.99585666666667,300.99585666666667,300.99585666666667,25297.0,25297.0,25297.0,173.58487,173.58487,173.58487,1896385.857142857,1896385.857142857,1896385.857142857,230.28720785714285,230.28720785714285,230.28720785714285,271.6617210682492
16637.128072,1996371.6666666667,1996371.6666666667,1996371.6666666667,271.35817333333335,271.35817333333335,271.35817333333335,25848.0,25848.0,25848.0,100.41262,100.41262,100.41262,1908367.2857142857,1908367.2857142857,1908367.2857142857,306.1087942857142,306.1087942857142,306.1087942857142,271.8100890207715
16650.200049,2002800.0,2002800.0,2002800.0,241.72049,241.72049,241.72049,25706.625,25706.625,25706.625,107.414095,107.414095,107.414095,1920348.7142857143,1920348.7142857143,1920348.7142857143,381.93038071428566,381.93038071428566,381.93038071428566,271.9584569732937
16659.914766,2010277.0,2010277.0,2010277.0,155.48259,155.48259,155.48259,25565.25,25565.25,25565.25,114.41557,114.41557,114.41557,1932330.142857143,1932330.142857143,1932330.142857143,457.7519671428571,457.7519671428571,457.7519671428571,272.106824925816
16668.12153196335,1530922.0,1530922.0,1530922.0,264.4694519042969,264.4694519042969,264.4694519042969,25423.875,25423.875,25423.875,121.417045,121.417045,121.417045,1944311.5714285714,1944311.5714285714,1944311.5714285714,533.5735535714285,533.5735535714285,533.5735535714285,272.2551928783383
16680.421042,1649780.0,1649780.0,1649780.0,226.63613142822265,226.63613142822265,226.63613142822265,25282.5,25282.5,25282.5,128.41852,128.41852,128.41852,1956293.0,1956293.0,1956293.0,609.39514,609.39514,609.39514,272.4035608308605
16706.133832,1768638.0,1768638.0,1768638.0,188.80281095214843,188.80281095214843,188.80281095214843,25141.125,25141.125,25141.125,135.419995,135.419995,135.419995,1883247.0,1883247.0,1883247.0,109.8449,109.8449,109.8449,272.5519287833828
16710.545745,1887496.0,1887496.0,1887496.0,150.9694904760742,150.9694904760742,150.9694904760742,24999.75,24999.75,24999.75,142.42147,142.42147,142.42147,1989455.0,1989455.0,1989455.0,136.50253,136.50253,136.50253,272.700296735905
16739.09833,2006354.0,2006354.0,2006354.0,113.13617,113.13617,113.13617,24858.375,24858.375,24858.375,149.422945,149.422945,149.422945,1988714.25,1988714.25,1988714.25,136.1711175,136.1711175,136.1711175,272.8486646884273
16749.361382,2006087.4285714286,2006087.4285714286,2006087.4285714286,109.37476571428572,109.37476571428572,109.37476571428572,24717.0,24717.0,24717.0,156.42442,156.42442,156.42442,1987973.5,1987973.5,1987973.5,135.839705,135.839705,135.839705,272.99703264094956
16750.661331,2005820.857142857,2005820.857142857,2005820.857142857,105.61336142857144,105.61336142857144,105.61336142857144,26252.0,26252.0,26252.0,181.10466,181.10466,181.10466,1987232.75,1987232.75,1987232.75,135.5082925,135.5082925,135.5082925,273.1454005934718
16803.998766,2005554.2857142857,2005554.2857142857,2005554.2857142857,101.85195714285715,101.85195714285715,101.85195714285715,25876.5,25876.5,25876.5,130.3018075,130.3018075,130.3018075,1986492.0,1986492.0,1986492.0,135.17688,135.17688,135.17688,273.29376854599406
16814.959525,2005287.7142857143,2005287.7142857143,2005287.7142857143,98.09055285714287,98.09055285714287,98.09055285714287,25501.0,25501.0,25501.0,79.498955,79.498955,79.498955,1978035.5,1978035.5,1978035.5,202.200315,202.200315,202.200315,273.4421364985163
16839.324452,2005021.142857143,2005021.142857143,2005021.142857143,94.32914857142858,94.32914857142858,94.32914857142858,25515.0,25515.0,25515.0,134.95428625,134.95428625,134.95428625,1969579.0,1969579.0,1969579.0,269.22375,269.22375,269.22375,273.59050445103856
16839.923907,2004754.5714285714,2004754.5714285714,2004754.5714285714,90.5677442857143,90.5677442857143,90.5677442857143,25529.0,25529.0,25529.0,190.40961750000002,190.40961750000002,190.40961750000002,1893035.0,1893035.0,1893035.0,84.9076,84.9076,84.9076,273.73887240356083
16895.164653,2004488.0,2004488.0,2004488.0,86.80634,86.80634,86.80634,25543.0,25543.0,25543.0,245.86494875000002,245.86494875000002,245.86494875000002,1905098.5714285714,1905098.5714285714,1905098.5714285714,85.91825285714286,85.91825285714286,85.91825285714286,273.88724035608305
16902.320114,1745295.0,1745295.0,1745295.0,75.14727438537598,75.14727438537598,75.14727438537598,25557.0,25557.0,25557.0,301.32028,301.32028,301.32028,1917162.142857143,1917162.142857143,1917162.142857143,86.92890571428572,86.92890571428572,86.92890571428572,274.03560830860533
16904.260677099228,1486102.0,1486102.0,1486102.0,63.48820877075195,63.48820877075195,63.48820877075195,25832.5,25832.5,25832.5,185.69124000000002,185.69124000000002,185.69124000000002,1929225.7142857143,1929225.7142857143,1929225.7142857143,87.93955857142858,87.93955857142858,87.93955857142858,274.18397626112755
16917.304409,1755146.0,1755146.0,1755146.0,178.757654385376,178.757654385376,178.757654385376,26108.0,26108.0,26108.0,70.0622,70.0622,70.0622,1941289.2857142857,1941289.2857142857,1941289.2857142857,88.95021142857142,88.95021142857142,88.95021142857142,274.33234421364983
16925.610261,2024190.0,2024190.0,2024190.0,294.0271,294.0271,294.0271,26165.85714285714,26165.85714285714,26165.85714285714,79.56688142857143,79.56688142857143,79.56688142857143,1953352.857142857,1953352.857142857,1953352.857142857,89.96086428571428,89.96086428571428,89.96086428571428,274.4807121661721
16935.043676,2031471.0,2031471.0,2031471.0,158.04002,158.04002,158.04002,26223.714285714286,26223.714285714286,26223.714285714286,89.07156285714285,89.07156285714285,89.07156285714285,1965416.4285714286,1965416.4285714286,1965416.4285714286,90.97151714285714,90.97151714285714,90.97151714285714,274.62908011869433
16965.558977,1911595.0,1911595.0,1911595.0,165.9312143408203,165.9312143408203,165.9312143408203,26281.571428571428,26281.571428571428,26281.571428571428,98.57624428571428,98.57624428571428,98.57624428571428,1977480.0,1977480.0,1977480.0,91.98217,91.98217,91.98217,274.7774480712166
16985.676608,1791719.0,1791719.0,1791719.0,173.82240868164064,173.82240868164064,173.82240868164064,26339.428571428572,26339.428571428572,26339.428571428572,108.08092571428571,108.08092571428571,108.08092571428571,2010695.0,2010695.0,2010695.0,112.08257,112.08257,112.08257,274.92581602373883
16991.232989,1671843.0,1671843.0,1671843.0,181.71360302246094,181.71360302246094,181.71360302246094,26397.285714285714,26397.285714285714,26397.285714285714,117.58560714285714,117.58560714285714,117.58560714285714,1904324.0,1904324.0,1904324.0,141.43227,141.43227,141.43227,275.0741839762611
17009.36719584465,1551967.0,1551967.0,1551967.0,189.60479736328125,189.60479736328125,189.60479736328125,26455.14285714286,26455.14285714286,26455.14285714286,127.09028857142857,127.09028857142857,127.09028857142857,1925092.4,1925092.4,1925092.4,150.256208,150.256208,150.256208,275.2225519287834
17018.418831,1789733.0,1789733.0,1789733.0,144.38651668164061,144.38651668164061,144.38651668164061,26513.0,26513.0,26513.0,136.59497,136.59497,136.59497,1945860.8,1945860.8,1945860.8,159.08014599999998,159.08014599999998,159.08014599999998,275.3709198813056
17019.239815,2027499.0,2027499.0,2027499.0,99.168236,99.168236,99.168236,25759.5,25759.5,25759.5,102.251888,102.251888,102.251888,1966629.2,1966629.2,1966629.2,167.904084,167.904084,167.904084,275.5192878338279
17024.54317,2027346.5,2027346.5,2027346.5,141.45600274999998,141.45600274999998,141.45600274999998,25006.0,25006.0,25006.0,67.908806,67.908806,67.908806,1987397.6,1987397.6,1987397.6,176.728022,176.728022,176.728022,275.6676557863501
17079.168812,2027194.0,2027194.0,2027194.0,183.74376949999998,183.74376949999998,183.74376949999998,21136.5,21136.5,21136.5,113.264903,113.264903,113.264903,2008166.0,2008166.0,2008166.0,185.55196,185.55196,185.55196,275.8160237388724
17108.347214,2027041.5,2027041.5,2027041.5,226.03153625,226.03153625,226.03153625,17267.0,17267.0,17267.0,158.621,158.621,158.621,2002241.6666666667,2002241.6666666667,2002241.6666666667,153.03555666666668,153.03555666666668,153.03555666666668,275.9643916913946
17108.358595,2026889.0,2026889.0,2026889.0,268.319303,268.319303,268.319303,17527.0,17527.0,17527.0,177.8435,177.8435,177.8435,1996317.3333333333,1996317.3333333333,1996317.3333333333,120.51915333333334,120.51915333333334,120.51915333333334,276.1127596439169
17109.446232,2026736.5,2026736.5,2026736.5,310.60706975,310.60706975,310.60706975,21658.5,21658.5,21658.5,195.64555000000001,195.64555000000001,195.64555000000001,1990393.0,1990393.0,1990393.0,88.00275,88.00275,88.00275,276.26112759643917
17110.099369,2026584.0,2026584.0,2026584.0,352.8948365,352.8948365,352.8948365,25790.0,25790.0,25790.0,213.4476,213.4476,213.4476,1952273.0,1952273.0,1952273.0,81.066137,81.066137,81.066137,276.4094955489614
17125.03682,2026431.5,2026431.5,2026431.5,395.18260325,395.18260325,395.18260325,25808.666666666668,25808.666666666668,25808.666666666668,197.56007666666667,197.56007666666667,197.56007666666667,1914153.0,1914153.0,1914153.0,74.129524,74.129524,74.129524,276.55786350148367
17170.318544,2026279.0,2026279.0,2026279.0,437.47037,437.47037,437.47037,25827.333333333332,25827.333333333332,25827.333333333332,181.67255333333333,181.67255333333333,181.67255333333333,1926250.4285714286,1926250.4285714286,1926250.4285714286,123.85537057142858,123.85537057142858,123.85537057142858,276.7062314540059
17177.485454,2032830.3333333333,2032830.3333333333,2032830.3333333333,407.63301333333334,407.63301333333334,407.63301333333334,25846.0,25846.0,25846.0,165.78503,165.78503,165.78503,1938347.857142857,1938347.857142857,1938347.857142857,173.58121714285716,173.58121714285716,173.58121714285716,276.85459940652817
17197.464525,2039381.6666666667,2039381.6666666667,2039381.6666666667,377.7956566666667,377.7956566666667,377.7956566666667,26397.0,26397.0,26397.0,46.16308,46.16308,46.16308,1950445.2857142857,1950445.2857142857,1950445.2857142857,223.3070637142857,223.3070637142857,223.3070637142857,277.00296735905044
17200.742629,2045933.0,2045933.0,2045933.0,347.9583,347.9583,347.9583,26255.625,26255.625,26255.625,50.830691875,50.830691875,50.830691875,1962542.7142857143,1962542.7142857143,1962542.7142857143,273.03291028571425,273.03291028571425,273.03291028571425,277.15133531157267
17210.188957,2052793.0,2052793.0,2052793.0,121.52977,121.52977,121.52977,26114.25,26114.25,26114.25,55.49830375,55.49830375,55.49830375,1974640.142857143,1974640.142857143,1974640.142857143,322.7587568571429,322.7587568571429,322.7587568571429,277.29970326409494
17249.265475988388,1507662.0,1507662.0,1507662.0,217.6936798095703,217.6936798095703,217.6936798095703,25972.875,25972.875,25972.875,60.165915625,60.165915625,60.165915625,1986737.5714285714,1986737.5714285714,1986737.5714285714,372.4846034285714,372.4846034285714,372.4846034285714,277.44807121661717
17260.696443,1642896.0,1642896.0,1642896.0,199.14816235717774,199.14816235717774,199.14816235717774,25831.5,25831.5,25831.5,64.8335275,64.8335275,64.8335275,1998835.0,1998835.0,1998835.0,422.21045,422.21045,422.21045,277.59643916913944
17260.80448,1778130.0,1778130.0,1778130.0,180.60264490478517,180.60264490478517,180.60264490478517,25690.125,25690.125,25690.125,69.501139375,69.501139375,69.501139375,2032340.0,2032340.0,2032340.0,278.1115,278.1115,278.1115,277.7448071216617
17276.342873,1913364.0,1913364.0,1913364.0,162.05712745239256,162.05712745239256,162.05712745239256,25548.75,25548.75,25548.75,74.16875125,74.16875125,74.16875125,1925829.0,1925829.0,1925829.0,287.58752,287.58752,287.58752,277.89317507418394
17299.381891,2048598.0,2048598.0,2048598.0,143.51161,143.51161,143.51161,25407.375,25407.375,25407.375,78.83636312499999,78.83636312499999,78.83636312499999,1951616.5,1951616.5,1951616.5,236.16692749999999,236.16692749999999,236.16692749999999,278.0415430267062
17299.702326,1810934.5,1810934.5,1810934.5,183.7816915356445,183.7816915356445,183.7816915356445,25266.0,25266.0,25266.0,83.503975,83.503975,83.503975,1977404.0,1977404.0,1977404.0,184.746335,184.746335,184.746335,278.18991097922844
17354.11310696602,1573271.0,1573271.0,1573271.0,224.05177307128903,224.05177307128903,224.05177307128903,25527.333333333332,25527.333333333332,25527.333333333332,102.44277333333334,102.44277333333334,102.44277333333334,2003191.5,2003191.5,2003191.5,133.3257425,133.3257425,133.3257425,278.3382789317507
17359.273052,1691743.75,1691743.75,1691743.75,196.08643480346677,196.08643480346677,196.08643480346677,25788.666666666668,25788.666666666668,25788.666666666668,121.38157166666667,121.38157166666667,121.38157166666667,2028979.0,2028979.0,2028979.0,81.90515,81.90515,81.90515,278.486646884273
17385.225255,1810216.5,1810216.5,1810216.5,168.1210965356445,168.1210965356445,168.1210965356445,26050.0,26050.0,26050.0,140.32037,140.32037,140.32037,1981974.0,1981974.0,1981974.0,79.710502,79.710502,79.710502,278.6350148367952
17410.135508,1928689.25,1928689.25,1928689.25,140.15575826782225,140.15575826782225,140.15575826782225,26068.666666666668,26068.666666666668,26068.666666666668,126.40495666666666,126.40495666666666,126.40495666666666,1934969.0,1934969.0,1934969.0,77.515854,77.515854,77.515854,278.7833827893175
17445.517246,2047162.0,2047162.0,2047162.0,112.19042,112.19042,112.19042,26087.333333333332,26087.333333333332,26087.333333333332,112.48954333333333,112.48954333333333,112.48954333333333,1954715.0,1954715.0,1954715.0,79.65496833333333,79.65496833333333,79.65496833333333,278.9317507418397
17447.648878,2057380.0,2057380.0,2057380.0,220.95013,220.95013,220.95013,26106.0,26106.0,26106.0,98.57413,98.57413,98.57413,1974461.0,1974461.0,1974461.0,81.79408266666667,81.79408266666667,81.79408266666667,279.080118694362
17475.868612,2067598.0,2067598.0,2067598.0,329.70984,329.70984,329.70984,26290.0,26290.0,26290.0,89.43431666666666,89.43431666666666,89.43431666666666,1994207.0,1994207.0,1994207.0,83.933197,83.933197,83.933197,279.2284866468843
17480.337735,2073567.0,2073567.0,2073567.0,131.74861,131.74861,131.74861,26474.0,26474.0,26474.0,80.29450333333334,80.29450333333334,80.29450333333334,2013953.0,2013953.0,2013953.0,86.07231133333333,86.07231133333333,86.07231133333333,279.3768545994065
17481.880533,2072919.8333333333,2072919.8333333333,2072919.8333333333,135.02494666666666,135.02494666666666,135.02494666666666,26658.0,26658.0,26658.0,71.15469,71.15469,71.15469,2033699.0,2033699.0,2033699.0,88.21142566666666,88.21142566666666,88.21142566666666,279.5252225519288
17540.930951,2072272.6666666667,2072272.6666666667,2072272.6666666667,138.30128333333334,138.30128333333334,138.30128333333334,26375.25,26375.25,26375.25,89.3204125,89.3204125,89.3204125,2053445.0,2053445.0,2053445.0,90.35054,90.35054,90.35054,279.673590504451
17565.855854,2071625.5,2071625.5,2071625.5,141.57762000000002,141.57762000000002,141.57762000000002,26092.5,26092.5,26092.5,107.48613499999999,107.48613499999999,107.48613499999999,2020451.0,2020451.0,2020451.0,518.10376,518.10376,518.10376,279.8219584569733
17566.456624,2070978.3333333333,2070978.3333333333,2070978.3333333333,144.85395666666668,144.85395666666668,144.85395666666668,25809.75,25809.75,25809.75,125.65185749999999,125.65185749999999,125.65185749999999,1946884.0,1946884.0,1946884.0,191.92998,191.92998,191.92998,279.9703264094955
17571.834879,2070331.1666666667,2070331.1666666667,2070331.1666666667,148.13029333333333,148.13029333333333,148.13029333333333,25527.0,25527.0,25527.0,143.81758,143.81758,143.81758,1972629.0,1972629.0,1972629.0,160.12769,160.12769,160.12769,280.1186943620178
17579.509797,2069684.0,2069684.0,2069684.0,151.40663,151.40663,151.40663,25730.0,25730.0,25730.0,166.34309,166.34309,166.34309,1998374.0,1998374.0,1998374.0,128.3254,128.3254,128.3254,280.26706231454006
17598.88979125023,1529136.0,1529136.0,1529136.0,172.86981201171875,172.86981201171875,172.86981201171875,25933.0,25933.0,25933.0,188.86860000000001,188.86860000000001,188.86860000000001,2024119.0,2024119.0,2024119.0,96.52311,96.52311,96.52311,280.4154302670623
17639.398247,1545531.5,1545531.5,1545531.5,223.53253936767578,223.53253936767578,223.53253936767578,26136.0,26136.0,26136.0,211.39411,211.39411,211.39411,2049864.0,2049864.0,2049864.0,64.72082,64.72082,64.72082,280.56379821958456
17670.384925,1561927.0,1561927.0,1561927.0,274.1952667236328,274.1952667236328,274.1952667236328,26339.0,26339.0,26339.0,233.91962,233.91962,233.91962,2002784.5,2002784.5,2002784.5,65.01066700000001,65.01066700000001,65.01066700000001,280.7121661721068
17695.244902,1578322.5,1578322.5,1578322.5,324.85799407958984,324.85799407958984,324.85799407958984,26362.727272727272,26362.727272727272,26362.727272727272,242.14797454545456,242.14797454545456,242.14797454545456,1955705.0,1955705.0,1955705.0,65.300514,65.300514,65.300514,280.86053412462905
17701.74806189537,1594718.0,1594718.0,1594718.0,375.5207214355469,375.5207214355469,375.5207214355469,26386.454545454544,26386.454545454544,26386.454545454544,250.3763290909091,250.3763290909091,250.3763290909091,1979455.4,1979455.4,1979455.4,68.69159520000001,68.69159520000001,68.69159520000001,281.00890207715133
17720.643907,2068736.0,2068736.0,2068736.0,146.41798,146.41798,146.41798,26410.18181818182,26410.18181818182,26410.18181818182,258.60468363636363,258.60468363636363,258.60468363636363,2003205.8,2003205.8,2003205.8,72.08267640000001,72.08267640000001,72.08267640000001,281.15727002967355
17750.949002,2088759.0,2088759.0,2088759.0,197.20367,197.20367,197.20367,26433.909090909092,26433.909090909092,26433.909090909092,266.8330381818182,266.8330381818182,266.8330381818182,2026956.2,2026956.2,2026956.2,75.4737576,75.4737576,75.4737576,281.30563798219583
17760.492706,2094873.0,2094873.0,2094873.0,125.13008,125.13008,125.13008,26457.636363636364,26457.636363636364,26457.636363636364,275.06139272727273,275.06139272727273,275.06139272727273,2050706.6,2050706.6,2050706.6,78.8648388,78.8648388,78.8648388,281.45400593471805
17821.061055,2093553.0,2093553.0,2093553.0,136.95958333333334,136.95958333333334,136.95958333333334,26481.363636363636,26481.363636363636,26481.363636363636,283.28974727272725,283.28974727272725,283.28974727272725,2074457.0,2074457.0,2074457.0,82.25592,82.25592,82.25592,281.60237388724033
17861.578528,2092233.0,2092233.0,2092233.0,148.78908666666666,148.78908666666666,148.78908666666666,26505.090909090908,26505.090909090908,26505.090909090908,291.51810181818183,291.51810181818183,291.51810181818183,1967944.0,1967944.0,1967944.0,146.32393,146.32393,146.32393,281.7507418397626
17864.652398,2090913.0,2090913.0,2090913.0,160.61859,160.61859,160.61859,26528.81818181818,26528.81818181818,26528.81818181818,299.74645636363636,299.74645636363636,299.74645636363636,2005152.5,2005152.5,2005152.5,473.836365,473.836365,473.836365,281.89910979228483
17875.94526,1955809.5,1955809.5,1955809.5,214.2213124951172,214.2213124951172,214.2213124951172,26552.545454545456,26552.545454545456,26552.545454545456,307.97481090909093,307.97481090909093,307.97481090909093,2042361.0,2042361.0,2042361.0,801.3488,801.3488,801.3488,282.0474777448071
17919.537456,1820706.0,1820706.0,1820706.0,267.82403499023434,267.82403499023434,267.82403499023434,26576.272727272728,26576.272727272728,26576.272727272728,316.20316545454546,316.20316545454546,316.20316545454546,2071516.0,2071516.0,2071516.0,170.1202,170.1202,170.1202,282.19584569732933
17944.669052,1685602.5,1685602.5,1685602.5,321.4267574853515,321.4267574853515,321.4267574853515,26600.0,26600.0,26600.0,324.43152,324.43152,324.43152,2039913.3333333333,2039913.3333333333,2039913.3333333333,157.97418000000002,157.97418000000002,157.97418000000002,282.3442136498516
17952.137549877167,1550499.0,1550499.0,1550499.0,375.0294799804687,375.0294799804687,375.0294799804687,25865.583333333332,25865.583333333332,25865.583333333332,305.63997333333333,305.63997333333333,305.63997333333333,2008310.6666666667,2008310.6666666667,2008310.6666666667,145.82816,145.82816,145.82816,282.4925816023739
18000.360692,1820182.0,1820182.0,1820182.0,226.47806499023434,226.47806499023434,226.47806499023434,25131.166666666668,25131.166666666668,25131.166666666668,286.8484266666666,286.8484266666666,286.8484266666666,1976708.0,1976708.0,1976708.0,133.68214,133.68214,133.68214,282.6409495548961
18000.769586,2089865.0,2089865.0,2089865.0,77.92665,77.92665,77.92665,24396.75,24396.75,24396.75,268.05688,268.05688,268.05688,2000436.8,2000436.8,2000436.8,126.682016,126.682016,126.682016,282.7893175074184
18031.086876,2110435.0,2110435.0,2110435.0,435.60236,435.60236,435.60236,23662.333333333332,23662.333333333332,23662.333333333332,249.26533333333333,249.26533333333333,249.26533333333333,2024165.6,2024165.6,2024165.6,119.681892,119.681892,119.681892,282.9376854599406
18051.982192993164,1616159.0,1616159.0,1616159.0,336.9235534667969,336.9235534667969,336.9235534667969,22927.916666666668,22927.916666666668,22927.916666666668,230.47378666666665,230.47378666666665,230.47378666666665,2047894.4,2047894.4,2047894.4,112.681768,112.681768,112.681768,283.0860534124629
18082.751435,2115650.0,2115650.0,2115650.0,52.85263,52.85263,52.85263,22193.5,22193.5,22193.5,211.68223999999998,211.68223999999998,211.68223999999998,2071623.2,2071623.2,2071623.2,105.681644,105.681644,105.681644,283.23442136498517
18101.199275,2113758.0,2113758.0,2113758.0,67.02078,67.02078,67.02078,21459.083333333336,21459.083333333336,21459.083333333336,192.89069333333333,192.89069333333333,192.89069333333333,2095352.0,2095352.0,2095352.0,98.68152,98.68152,98.68152,283.3827893175074
18142.149309,2111866.0,2111866.0,2111866.0,81.18893,81.18893,81.18893,20724.666666666668,20724.666666666668,20724.666666666668,174.09914666666666,174.09914666666666,174.09914666666666,2042168.0,2042168.0,2042168.0,100.7158,100.7158,100.7158,283.53115727002967
18151.698962,2111739.3333333335,2111739.3333333335,2111739.3333333335,86.2845988888889,86.2845988888889,86.2845988888889,19990.25,19990.25,19990.25,155.30759999999998,155.30759999999998,155.30759999999998,1988984.0,1988984.0,1988984.0,102.75008,102.75008,102.75008,283.6795252225519
18176.112895,2111612.6666666665,2111612.6666666665,2111612.6666666665,91.38026777777777,91.38026777777777,91.38026777777777,19255.833333333336,19255.833333333336,19255.833333333336,136.51605333333333,136.51605333333333,136.51605333333333,2063044.0,2063044.0,2063044.0,58.1373,58.1373,58.1373,283.82789317507417
18199.681734,2111486.0,2111486.0,2111486.0,96.47593666666667,96.47593666666667,96.47593666666667,18521.416666666668,18521.416666666668,18521.416666666668,117.72450666666666,117.72450666666666,117.72450666666666,2092386.0,2092386.0,2092386.0,87.030235,87.030235,87.030235,283.97626112759644
18218.460129,2111359.3333333335,2111359.3333333335,2111359.3333333335,101.57160555555555,101.57160555555555,101.57160555555555,17787.0,17787.0,17787.0,98.93296,98.93296,98.93296,2078883.5714285714,2078883.5714285714,2078883.5714285714,86.0191542857143,86.0191542857143,86.0191542857143,284.12462908011867
18218.472173,2111232.6666666665,2111232.6666666665,2111232.6666666665,106.66727444444444,106.66727444444444,106.66727444444444,18076.0,18076.0,18076.0,99.13497,99.13497,99.13497,2065381.142857143,2065381.142857143,2065381.142857143,85.00807357142857,85.00807357142857,85.00807357142857,284.27299703264094
18218.481362,2111106.0,2111106.0,2111106.0,111.76294333333334,111.76294333333334,111.76294333333334,18336.0,18336.0,18336.0,111.18278,111.18278,111.18278,2051878.7142857143,2051878.7142857143,2051878.7142857143,83.99699285714286,83.99699285714286,83.99699285714286,284.42136498516317
18218.490002,2110979.3333333335,2110979.3333333335,2110979.3333333335,116.85861222222222,116.85861222222222,116.85861222222222,18625.0,18625.0,18625.0,99.40929,99.40929,99.40929,2038376.2857142857,2038376.2857142857,2038376.2857142857,82.98591214285715,82.98591214285715,82.98591214285715,284.56973293768544
18218.496505,2110852.6666666665,2110852.6666666665,2110852.6666666665,121.9542811111111,121.9542811111111,121.9542811111111,18914.0,18914.0,18914.0,71.136696,71.136696,71.136696,2024873.857142857,2024873.857142857,2024873.857142857,81.97483142857143,81.97483142857143,81.97483142857143,284.71810089020767
18280.893854,2110726.0,2110726.0,2110726.0,127.04995,127.04995,127.04995,18925.81818181818,18925.81818181818,18925.81818181818,70.33117163636364,70.33117163636364,70.33117163636364,2011371.4285714286,2011371.4285714286,2011371.4285714286,80.96375071428571,80.96375071428571,80.96375071428571,284.86646884272994
18285.471448,1841044.5,1841044.5,1841044.5,283.8025781494141,283.8025781494141,283.8025781494141,18937.636363636364,18937.636363636364,18937.636363636364,69.52564727272727,69.52564727272727,69.52564727272727,1997869.0,1997869.0,1997869.0,79.95267,79.95267,79.95267,285.0148367952522
18309.74391484261,1571363.0,1571363.0,1571363.0,440.5552062988281,440.5552062988281,440.5552062988281,18949.454545454544,18949.454545454544,18949.454545454544,68.7201229090909,68.7201229090909,68.7201229090909,2037553.3333333333,2037553.3333333333,2037553.3333333333,73.38874233333333,73.38874233333333,73.38874233333333,285.16320474777444
18312.615562,2131482.0,2131482.0,2131482.0,101.74593,101.74593,101.74593,18961.272727272728,18961.272727272728,18961.272727272728,67.91459854545455,67.91459854545455,67.91459854545455,2077237.6666666667,2077237.6666666667,2077237.6666666667,66.82481466666667,66.82481466666667,66.82481466666667,285.3115727002967
18384.487082,1883968.5,1883968.5,1883968.5,83.566568515625,83.566568515625,83.566568515625,18973.090909090908,18973.090909090908,18973.090909090908,67.10907418181819,67.10907418181819,67.10907418181819,2116922.0,2116922.0,2116922.0,60.260887,60.260887,60.260887,285.45994065281894
18404.025372982025,1636455.0,1636455.0,1636455.0,65.38720703125,65.38720703125,65.38720703125,18984.909090909092,18984.909090909092,18984.909090909092,66.30354981818182,66.30354981818182,66.30354981818182,2063306.5,2063306.5,2063306.5,81.8946385,81.8946385,81.8946385,285.6083086053412
18436.794879,1760259.5,1760259.5,1760259.5,63.7488785234375,63.7488785234375,63.7488785234375,18996.727272727272,18996.727272727272,18996.727272727272,65.49802545454546,65.49802545454546,65.49802545454546,2009691.0,2009691.0,2009691.0,103.52839,103.52839,103.52839,285.7566765578635
18476.270544,1884064.0,1884064.0,1884064.0,62.110550015625,62.110550015625,62.110550015625,19008.545454545456,19008.545454545456,19008.545454545456,64.69250109090909,64.69250109090909,64.69250109090909,2084738.0,2084738.0,2084738.0,414.2927,414.2927,414.2927,285.9050445103857
18481.357353,2007868.5,2007868.5,2007868.5,60.472221507812506,60.472221507812506,60.472221507812506,19020.363636363636,19020.363636363636,19020.363636363636,63.886976727272724,63.886976727272724,63.886976727272724,2113547.0,2113547.0,2113547.0,112.94731,112.94731,112.94731,286.053412462908
18563.177079,2131673.0,2131673.0,2131673.0,58.833893,58.833893,58.833893,19032.18181818182,19032.18181818182,19032.18181818182,63.081452363636366,63.081452363636366,63.081452363636366,2065970.5,2065970.5,2065970.5,84.3229725,84.3229725,84.3229725,286.2017804154302
18565.577031,1862133.5,1862133.5,1862133.5,87.18148049658203,87.18148049658203,87.18148049658203,19044.0,19044.0,19044.0,62.275928,62.275928,62.275928,2018394.0,2018394.0,2018394.0,55.698635,55.698635,55.698635,286.3501483679525
18669.870878219604,1592594.0,1592594.0,1592594.0,115.52906799316406,115.52906799316406,115.52906799316406,19055.81818181818,19055.81818181818,19055.81818181818,61.470403636363635,61.470403636363635,61.470403636363635,2024579.5,2024579.5,2024579.5,85.4965875,85.4965875,85.4965875,286.4985163204748
18731.914513,1625009.0,1625009.0,1625009.0,103.82880020141602,103.82880020141602,103.82880020141602,19067.636363636364,19067.636363636364,19067.636363636364,60.664879272727276,60.664879272727276,60.664879272727276,2030765.0,2030765.0,2030765.0,115.29454,115.29454,115.29454,286.646884272997
18759.408035755157,1657424.0,1657424.0,1657424.0,92.12853240966795,92.12853240966795,92.12853240966795,19079.454545454544,19079.454545454544,19079.454545454544,59.85935490909091,59.85935490909091,59.85935490909091,2068619.5,2068619.5,2068619.5,172.652735,172.652735,172.652735,286.7952522255193
18776.419149,1646385.25,1646385.25,1646385.25,96.567813873291,96.567813873291,96.567813873291,19091.272727272728,19091.272727272728,19091.272727272728,59.053830545454545,59.053830545454545,59.053830545454545,2106474.0,2106474.0,2106474.0,230.01093,230.01093,230.01093,286.9436201780415
18850.686002,1635346.5,1635346.5,1635346.5,101.00709533691406,101.00709533691406,101.00709533691406,19103.090909090908,19103.090909090908,19103.090909090908,58.24830618181818,58.24830618181818,58.24830618181818,2039406.0,2039406.0,2039406.0,49.61094,49.61094,49.61094,287.0919881305638
19027.03316,1624307.75,1624307.75,1624307.75,105.44637680053711,105.44637680053711,105.44637680053711,19114.909090909092,19114.909090909092,19114.909090909092,57.442781818181814,57.442781818181814,57.442781818181814,2051649.0,2051649.0,2051649.0,74.28379,74.28379,74.28379,287.24035608308606
19033.18513607979,1613269.0,1613269.0,1613269.0,109.88565826416016,109.88565826416016,109.88565826416016,19126.727272727272,19126.727272727272,19126.727272727272,56.637257454545455,56.637257454545455,56.637257454545455,2054483.6666666667,2054483.6666666667,2054483.6666666667,70.844412,70.844412,70.844412,287.3887240356083
19118.031154870987,1678894.0,1678894.0,1678894.0,232.43606567382812,232.43606567382812,232.43606567382812,19138.545454545456,19138.545454545456,19138.545454545456,55.83173309090909,55.83173309090909,55.83173309090909,2057318.3333333333,2057318.3333333333,2057318.3333333333,67.405034,67.405034,67.405034,287.53709198813056
19130.787818,1672577.857142857,1672577.857142857,1672577.857142857,275.3055681501116,275.3055681501116,275.3055681501116,19150.363636363636,19150.363636363636,19150.363636363636,55.02620872727273,55.02620872727273,55.02620872727273,2060153.0,2060153.0,2060153.0,63.965656,63.965656,63.965656,287.6854599406528
19322.136807,1666261.7142857143,1666261.7142857143,1666261.7142857143,318.1750706263951,318.1750706263951,318.1750706263951,19162.18181818182,19162.18181818182,19162.18181818182,54.220684363636366,54.220684363636366,54.220684363636366,2072620.0,2072620.0,2072620.0,134.06372,134.06372,134.06372,287.83382789317506
19328.595084,1659945.5714285714,1659945.5714285714,1659945.5714285714,361.04457310267856,361.04457310267856,361.04457310267856,19174.0,19174.0,19174.0,53.41516,53.41516,53.41516,2074054.1666666667,2074054.1666666667,2074054.1666666667,128.16063833333334,128.16063833333334,128.16063833333334,287.98219584569733
19328.605239,1653629.4285714286,1653629.4285714286,1653629.4285714286,403.91407557896207,403.91407557896207,403.91407557896207,19463.0,19463.0,19463.0,84.06347,84.06347,84.06347,2075488.3333333333,2075488.3333333333,2075488.3333333333,122.25755666666666,122.25755666666666,122.25755666666666,288.13056379821955
19328.61154,1647313.2857142857,1647313.2857142857,1647313.2857142857,446.7835780552455,446.7835780552455,446.7835780552455,19723.0,19723.0,19723.0,72.31363,72.31363,72.31363,2076922.5,2076922.5,2076922.5,116.354475,116.354475,116.354475,288.27893175074183
19328.618909,1640997.142857143,1640997.142857143,1640997.142857143,489.653080531529,489.653080531529,489.653080531529,20012.0,20012.0,20012.0,83.610916,83.610916,83.610916,2078356.6666666667,2078356.6666666667,2078356.6666666667,110.45139333333333,110.45139333333333,110.45139333333333,288.42729970326405
19401.40145015717,1634681.0,1634681.0,1634681.0,532.5225830078125,532.5225830078125,532.5225830078125,20038.272727272728,20038.272727272728,20038.272727272728,84.78330545454546,84.78330545454546,84.78330545454546,2079790.8333333333,2079790.8333333333,2079790.8333333333,104.54831166666666,104.54831166666666,104.54831166666666,288.57566765578633
19415.896629,1667178.0,1667178.0,1667178.0,344.97801971435547,344.97801971435547,344.97801971435547,20064.545454545456,20064.545454545456,20064.545454545456,85.95569490909091,85.95569490909091,85.95569490909091,2081225.0,2081225.0,2081225.0,98.64523,98.64523,98.64523,288.72403560830855
19478.116256713867,1699675.0,1699675.0,1699675.0,157.43345642089844,157.43345642089844,157.43345642089844,20090.81818181818,20090.81818181818,20090.81818181818,87.12808436363636,87.12808436363636,87.12808436363636,2087514.5,2087514.5,2087514.5,141.84295500000002,141.84295500000002,141.84295500000002,288.87240356083083
19612.254368,1684927.6666666667,1684927.6666666667,1684927.6666666667,135.62250518798828,135.62250518798828,135.62250518798828,20117.090909090908,20117.090909090908,20117.090909090908,88.30047381818181,88.30047381818181,88.30047381818181,2093804.0,2093804.0,2093804.0,185.04068,185.04068,185.04068,289.0207715133531
19698.573603,1670180.3333333333,1670180.3333333333,1670180.3333333333,113.81155395507812,113.81155395507812,113.81155395507812,20143.363636363636,20143.363636363636,20143.363636363636,89.47286327272727,89.47286327272727,89.47286327272727,2102155.0,2102155.0,2102155.0,56.361935,56.361935,56.361935,289.16913946587533
19770.069370031357,1655433.0,1655433.0,1655433.0,92.00060272216795,92.00060272216795,92.00060272216795,20169.636363636364,20169.636363636364,20169.636363636364,90.64525272727273,90.64525272727273,90.64525272727273,2106304.6666666665,2106304.6666666665,2106304.6666666665,55.909553333333335,55.909553333333335,55.909553333333335,289.3175074183976
19841.541831970215,1720456.0,1720456.0,1720456.0,166.52598571777344,166.52598571777344,166.52598571777344,20195.909090909092,20195.909090909092,20195.909090909092,91.81764218181819,91.81764218181819,91.81764218181819,2110454.3333333335,2110454.3333333335,2110454.3333333335,55.45717166666667,55.45717166666667,55.45717166666667,289.46587537091983
19907.278791,1698225.5,1698225.5,1698225.5,124.43821716308594,124.43821716308594,124.43821716308594,20222.18181818182,20222.18181818182,20222.18181818182,92.99003163636364,92.99003163636364,92.99003163636364,2114604.0,2114604.0,2114604.0,55.00479,55.00479,55.00479,289.6142433234421
20141.716346025467,1675995.0,1675995.0,1675995.0,82.35044860839844,82.35044860839844,82.35044860839844,20248.454545454544,20248.454545454544,20248.454545454544,94.16242109090909,94.16242109090909,94.16242109090909,2109721.904761905,2109721.904761905,2109721.904761905,59.340313333333334,59.340313333333334,59.340313333333334,289.7626112759644
20207.965523004532,1741234.0,1741234.0,1741234.0,183.89906311035156,183.89906311035156,183.89906311035156,20274.727272727272,20274.727272727272,20274.727272727272,95.33481054545454,95.33481054545454,95.33481054545454,2104839.8095238097,2104839.8095238097,2104839.8095238097,63.67583666666667,63.67583666666667,63.67583666666667,289.9109792284866
20438.706252,1732239.6,1732239.6,1732239.6,171.45391845703125,171.45391845703125,171.45391845703125,20301.0,20301.0,20301.0,96.5072,96.5072,96.5072,2099957.714285714,2099957.714285714,2099957.714285714,68.01136,68.01136,68.01136,290.0593471810089
20438.71658,1723245.2,1723245.2,1723245.2,159.00877380371094,159.00877380371094,159.00877380371094,20590.0,20590.0,20590.0,91.85453,91.85453,91.85453,2095075.619047619,2095075.619047619,2095075.619047619,72.34688333333334,72.34688333333334,72.34688333333334,290.2077151335311
20438.725932,1714250.8,1714250.8,1714250.8,146.56362915039062,146.56362915039062,146.56362915039062,20850.0,20850.0,20850.0,172.06886,172.06886,172.06886,2090193.5238095238,2090193.5238095238,2090193.5238095238,76.68240666666667,76.68240666666667,76.68240666666667,290.3560830860534
20438.73255,1705256.4,1705256.4,1705256.4,134.1184844970703,134.1184844970703,134.1184844970703,21139.0,21139.0,21139.0,189.55002,189.55002,189.55002,2085311.4285714286,2085311.4285714286,2085311.4285714286,81.01793,81.01793,81.01793,290.50445103857567
20516.591160058975,1696262.0,1696262.0,1696262.0,121.67333984375,121.67333984375,121.67333984375,21176.14285714286,21176.14285714286,21176.14285714286,174.36856771428572,174.36856771428572,174.36856771428572,2080429.3333333333,2080429.3333333333,2080429.3333333333,85.35345333333333,85.35345333333333,85.35345333333333,290.6528189910979
20578.112483739853,1762112.0,1762112.0,1762112.0,123.45027160644533,123.45027160644533,123.45027160644533,21213.285714285714,21213.285714285714,21213.285714285714,159.18711542857142,159.18711542857142,159.18711542857142,2075547.238095238,2075547.238095238,2075547.238095238,89.68897666666666,89.68897666666666,89.68897666666666,290.80118694362017
20891.189743995667,1717349.0,1717349.0,1717349.0,76.60488891601562,76.60488891601562,76.60488891601562,21250.428571428572,21250.428571428572,21250.428571428572,144.00566314285714,144.00566314285714,144.00566314285714,2070665.142857143,2070665.142857143,2070665.142857143,94.0245,94.0245,94.0245,290.9495548961424
20951.36123609543,1783005.0,1783005.0,1783005.0,182.3445281982422,182.3445281982422,182.3445281982422,21287.571428571428,21287.571428571428,21287.571428571428,128.82421085714284,128.82421085714284,128.82421085714284,2065783.0476190476,2065783.0476190476,2065783.0476190476,98.36002333333334,98.36002333333334,98.36002333333334,291.09792284866467
21267.003448963165,1738744.0,1738744.0,1738744.0,320.5155944824219,320.5155944824219,320.5155944824219,21324.714285714286,21324.714285714286,21324.714285714286,113.64275857142857,113.64275857142857,113.64275857142857,2060900.9523809524,2060900.9523809524,2060900.9523809524,102.69554666666667,102.69554666666667,102.69554666666667,291.24629080118694
21326.440521001816,1803745.0,1803745.0,1803745.0,190.18246459960935,190.18246459960935,190.18246459960935,21361.85714285714,21361.85714285714,21361.85714285714,98.46130628571429,98.46130628571429,98.46130628571429,2056018.857142857,2056018.857142857,2056018.857142857,107.03107,107.03107,107.03107,291.39465875370917
21548.823944,1796355.5,1796355.5,1796355.5,180.54179382324216,180.54179382324216,180.54179382324216,21399.0,21399.0,21399.0,83.279854,83.279854,83.279854,2051136.761904762,2051136.761904762,2051136.761904762,111.36659333333333,111.36659333333333,111.36659333333333,291.54302670623144
21548.834622,1788966.0,1788966.0,1788966.0,170.90112304687497,170.90112304687497,170.90112304687497,21688.0,21688.0,21688.0,44.71517,44.71517,44.71517,2046254.6666666667,2046254.6666666667,2046254.6666666667,115.70211666666667,115.70211666666667,115.70211666666667,291.69139465875367
21548.844964,1781576.5,1781576.5,1781576.5,161.2604522705078,161.2604522705078,161.2604522705078,21948.0,21948.0,21948.0,146.96153,146.96153,146.96153,2041372.5714285714,2041372.5714285714,2041372.5714285714,120.03764000000001,120.03764000000001,120.03764000000001,291.83976261127594
21548.851696,1774187.0,1774187.0,1774187.0,151.61978149414062,151.61978149414062,151.61978149414062,22208.0,22208.0,22208.0,346.10553,346.10553,346.10553,2036490.4761904762,2036490.4761904762,2036490.4761904762,124.37316333333334,124.37316333333334,124.37316333333334,291.9881305637982
21548.857954,1766797.5,1766797.5,1766797.5,141.97911071777344,141.97911071777344,141.97911071777344,22468.0,22468.0,22468.0,419.95554,419.95554,419.95554,2031608.380952381,2031608.380952381,2031608.380952381,128.70868666666667,128.70868666666667,128.70868666666667,292.13649851632044
21647.211617946625,1759408.0,1759408.0,1759408.0,132.33843994140625,132.33843994140625,132.33843994140625,22500.5,22500.5,22500.5,391.73996,391.73996,391.73996,2026726.2857142857,2026726.2857142857,2026726.2857142857,133.04421000000002,133.04421000000002,133.04421000000002,292.2848664688427
21704.82372879982,1824360.0,1824360.0,1824360.0,211.6260223388672,211.6260223388672,211.6260223388672,22533.0,22533.0,22533.0,363.52438,363.52438,363.52438,2021844.1904761905,2021844.1904761905,2021844.1904761905,137.37973333333332,137.37973333333332,137.37973333333332,292.43323442136494
22032.45331811905,1780048.0,1780048.0,1780048.0,88.5401611328125,88.5401611328125,88.5401611328125,22565.5,22565.5,22565.5,335.3088,335.3088,335.3088,2016962.0952380951,2016962.0952380951,2016962.0952380951,141.71525666666668,141.71525666666668,141.71525666666668,292.5816023738872
22040.219476,1812759.5,1812759.5,1812759.5,105.759765625,105.759765625,105.759765625,22598.0,22598.0,22598.0,307.09322,307.09322,307.09322,2012080.0,2012080.0,2012080.0,146.05078,146.05078,146.05078,292.7299703264095
22086.684225797653,1845471.0,1845471.0,1845471.0,122.9793701171875,122.9793701171875,122.9793701171875,22630.5,22630.5,22630.5,278.87764,278.87764,278.87764,2012571.8604651163,2012571.8604651163,2012571.8604651163,144.18081767441862,144.18081767441862,144.18081767441862,292.8783382789317
22420.74267888069,1800593.0,1800593.0,1800593.0,76.13600158691406,76.13600158691406,76.13600158691406,22663.0,22663.0,22663.0,250.66206,250.66206,250.66206,2013063.7209302327,2013063.7209302327,2013063.7209302327,142.3108553488372,142.3108553488372,142.3108553488372,293.026706231454
22471.063072681427,1866382.0,1866382.0,1866382.0,188.5662841796875,188.5662841796875,188.5662841796875,22695.5,22695.5,22695.5,222.44647999999998,222.44647999999998,222.44647999999998,2013555.5813953488,2013555.5813953488,2013555.5813953488,140.44089302325582,140.44089302325582,140.44089302325582,293.1750741839762
22658.926649,1857372.0,1857372.0,1857372.0,175.56486053466796,175.56486053466796,175.56486053466796,22728.0,22728.0,22728.0,194.2309,194.2309,194.2309,2014047.441860465,2014047.441860465,2014047.441860465,138.5709306976744,138.5709306976744,138.5709306976744,293.3234421364985
22658.934803,1848362.0,1848362.0,1848362.0,162.56343688964844,162.56343688964844,162.56343688964844,22988.0,22988.0,22988.0,372.11475,372.11475,372.11475,2014539.3023255814,2014539.3023255814,2014539.3023255814,136.70096837209303,136.70096837209303,136.70096837209303,293.4718100890207
22658.942823,1839352.0,1839352.0,1839352.0,149.5620132446289,149.5620132446289,149.5620132446289,23248.0,23248.0,23248.0,280.719,280.719,280.719,2015031.1627906978,2015031.1627906978,2015031.1627906978,134.83100604651162,134.83100604651162,134.83100604651162,293.620178041543
22658.951455,1830342.0,1830342.0,1830342.0,136.5605895996094,136.5605895996094,136.5605895996094,23508.0,23508.0,23508.0,55.958908,55.958908,55.958908,2015523.0232558139,2015523.0232558139,2015523.0232558139,132.96104372093023,132.96104372093023,132.96104372093023,293.7685459940653
22812.306096076965,1821332.0,1821332.0,1821332.0,123.55916595458984,123.55916595458984,123.55916595458984,23549.285714285714,23549.285714285714,23549.285714285714,132.97530257142859,132.97530257142859,132.97530257142859,2016014.8837209302,2016014.8837209302,2016014.8837209302,131.09108139534885,131.09108139534885,131.09108139534885,293.9169139465875
22855.519870996475,1886984.0,1886984.0,1886984.0,48.76145553588867,48.76145553588867,48.76145553588867,23590.571428571428,23590.571428571428,23590.571428571428,209.99169714285716,209.99169714285716,209.99169714285716,2016506.7441860465,2016506.7441860465,2016506.7441860465,129.22111906976744,129.22111906976744,129.22111906976744,294.0652818991098
23205.97023296356,1841972.0,1841972.0,1841972.0,118.58786010742188,118.58786010742188,118.58786010742188,23631.85714285714,23631.85714285714,23631.85714285714,287.00809171428574,287.00809171428574,287.00809171428574,2016998.6046511629,2016998.6046511629,2016998.6046511629,127.35115674418606,127.35115674418606,127.35115674418606,294.213649851632
23245.519691705704,1908397.0,1908397.0,1908397.0,249.4577484130859,249.4577484130859,249.4577484130859,23673.14285714286,23673.14285714286,23673.14285714286,364.0244862857143,364.0244862857143,364.0244862857143,2017490.465116279,2017490.465116279,2017490.465116279,125.48119441860464,125.48119441860464,125.48119441860464,294.3620178041543
23602.585687875748,1862526.0,1862526.0,1862526.0,66.72279357910156,66.72279357910156,66.72279357910156,23714.428571428572,23714.428571428572,23714.428571428572,441.0408808571429,441.0408808571429,441.0408808571429,2017982.3255813953,2017982.3255813953,2017982.3255813953,123.61123209302326,123.61123209302326,123.61123209302326,294.51038575667656
23637.72211098671,1929142.0,1929142.0,1929142.0,126.357666015625,126.357666015625,126.357666015625,23755.714285714286,23755.714285714286,23755.714285714286,518.0572754285714,518.0572754285714,518.0572754285714,2018474.1860465116,2018474.1860465116,2018474.1860465116,121.74126976744186,121.74126976744186,121.74126976744186,294.6587537091988
23799.041658,1921473.8333333333,1921473.8333333333,1921473.8333333333,118.34605280558269,118.34605280558269,118.34605280558269,23797.0,23797.0,23797.0,595.07367,595.07367,595.07367,2018966.046511628,2018966.046511628,2018966.046511628,119.87130744186047,119.87130744186047,119.87130744186047,294.80712166172106
23799.048337,1913805.6666666667,1913805.6666666667,1913805.6666666667,110.33443959554036,110.33443959554036,110.33443959554036,24057.0,24057.0,24057.0,296.06628,296.06628,296.06628,2019457.9069767443,2019457.9069767443,2019457.9069767443,118.00134511627907,118.00134511627907,118.00134511627907,294.9554896142433
23799.054874,1906137.5,1906137.5,1906137.5,102.32282638549805,102.32282638549805,102.32282638549805,24317.0,24317.0,24317.0,165.78745,165.78745,165.78745,2019949.7674418604,2019949.7674418604,2019949.7674418604,116.13138279069767,116.13138279069767,116.13138279069767,295.10385756676556
23799.06021,1898469.3333333333,1898469.3333333333,1898469.3333333333,94.31121317545572,94.31121317545572,94.31121317545572,24577.0,24577.0,24577.0,88.914604,88.914604,88.914604,2020441.6279069767,2020441.6279069767,2020441.6279069767,114.26142046511629,114.26142046511629,114.26142046511629,295.25222551928783
23799.066468,1890801.1666666667,1890801.1666666667,1890801.1666666667,86.2995999654134,86.2995999654134,86.2995999654134,24866.0,24866.0,24866.0,106.02579,106.02579,106.02579,2020933.488372093,2020933.488372093,2020933.488372093,112.39145813953488,112.39145813953488,112.39145813953488,295.40059347181005
24001.5403881073,1883133.0,1883133.0,1883133.0,78.2879867553711,78.2879867553711,78.2879867553711,24903.14285714286,24903.14285714286,24903.14285714286,123.28956285714285,123.28956285714285,123.28956285714285,2021425.3488372094,2021425.3488372094,2021425.3488372094,110.52149581395349,110.52149581395349,110.52149581395349,295.54896142433233
24033.303071022034,1950515.0,1950515.0,1950515.0,186.7047576904297,186.7047576904297,186.7047576904297,24940.285714285714,24940.285714285714,24940.285714285714,140.5533357142857,140.5533357142857,140.5533357142857,2021917.2093023255,2021917.2093023255,2021917.2093023255,108.6515334883721,108.6515334883721,108.6515334883721,295.69732937685455
24404.641404151917,1903793.0,1903793.0,1903793.0,120.6752700805664,120.6752700805664,120.6752700805664,24977.428571428572,24977.428571428572,24977.428571428572,157.81710857142858,157.81710857142858,157.81710857142858,2022409.0697674418,2022409.0697674418,2022409.0697674418,106.7815711627907,106.7815711627907,106.7815711627907,295.84569732937683
24431.446276903152,1971932.0,1971932.0,1971932.0,458.6435546875,458.6435546875,458.6435546875,25014.571428571428,25014.571428571428,25014.571428571428,175.08088142857144,175.08088142857144,175.08088142857144,2022900.9302325582,2022900.9302325582,2022900.9302325582,104.9116088372093,104.9116088372093,104.9116088372093,295.9940652818991
24810.408382177353,1924452.0,1924452.0,1924452.0,102.67349243164062,102.67349243164062,102.67349243164062,25051.714285714286,25051.714285714286,25051.714285714286,192.34465428571428,192.34465428571428,192.34465428571428,2023392.7906976745,2023392.7906976745,2023392.7906976745,103.0416465116279,103.0416465116279,103.0416465116279,296.14243323442133
24831.159186840057,1993330.0,1993330.0,1993330.0,413.536865234375,413.536865234375,413.536865234375,25088.85714285714,25088.85714285714,25088.85714285714,209.60842714285715,209.60842714285715,209.60842714285715,2023884.6511627906,2023884.6511627906,2023884.6511627906,101.17168418604652,101.17168418604652,101.17168418604652,296.2908011869436
24909.152979,1983675.8,1983675.8,1983675.8,350.47025299072266,350.47025299072266,350.47025299072266,25126.0,25126.0,25126.0,226.8722,226.8722,226.8722,2024376.511627907,2024376.511627907,2024376.511627907,99.30172186046511,99.30172186046511,99.30172186046511,296.43916913946583
24909.159459,1974021.6,1974021.6,1974021.6,287.4036407470703,287.4036407470703,287.4036407470703,25386.0,25386.0,25386.0,107.57467,107.57467,107.57467,2024868.3720930233,2024868.3720930233,2024868.3720930233,97.43175953488372,97.43175953488372,97.43175953488372,296.5875370919881
24909.166082,1964367.4,1964367.4,1964367.4,224.33702850341797,224.33702850341797,224.33702850341797,25675.0,25675.0,25675.0,66.21849,66.21849,66.21849,2025360.2325581396,2025360.2325581396,2025360.2325581396,95.56179720930233,95.56179720930233,95.56179720930233,296.7359050445104
24909.172142,1954713.2,1954713.2,1954713.2,161.27041625976562,161.27041625976562,161.27041625976562,25935.0,25935.0,25935.0,90.27757,90.27757,90.27757,2025852.0930232557,2025852.0930232557,2025852.0930232557,93.69183488372093,93.69183488372093,93.69183488372093,296.8842729970326
25218.787423849102,1945059.0,1945059.0,1945059.0,98.20380401611328,98.20380401611328,98.20380401611328,25992.8,25992.8,25992.8,93.6867,93.6867,93.6867,2026343.953488372,2026343.953488372,2026343.953488372,91.82187255813953,91.82187255813953,91.82187255813953,297.0326409495549
25233.395622968674,2014126.0,2014126.0,2014126.0,146.0784454345703,146.0784454345703,146.0784454345703,26050.6,26050.6,26050.6,97.09583,97.09583,97.09583,2026835.8139534884,2026835.8139534884,2026835.8139534884,89.95191023255813,89.95191023255813,89.95191023255813,297.1810089020771
25629.797916173935,1965631.0,1965631.0,1965631.0,71.2892074584961,71.2892074584961,71.2892074584961,26108.4,26108.4,26108.4,100.50496000000001,100.50496000000001,100.50496000000001,2027327.6744186047,2027327.6744186047,2027327.6744186047,88.08194790697675,88.08194790697675,88.08194790697675,297.3293768545994
25640.463394880295,2035565.0,2035565.0,2035565.0,506.9330749511719,506.9330749511719,506.9330749511719,26166.2,26166.2,26166.2,103.91409,103.91409,103.91409,2027819.534883721,2027819.534883721,2027819.534883721,86.21198558139534,86.21198558139534,86.21198558139534,297.4777448071216
26019.290204,2023228.75,2023228.75,2023228.75,393.52955436706543,393.52955436706543,393.52955436706543,26224.0,26224.0,26224.0,107.32322,107.32322,107.32322,2028311.3953488371,2028311.3953488371,2028311.3953488371,84.34202325581396,84.34202325581396,84.34202325581396,297.6261127596439
26019.298369,2010892.5,2010892.5,2010892.5,280.126033782959,280.126033782959,280.126033782959,26484.0,26484.0,26484.0,72.6105,72.6105,72.6105,2028803.2558139535,2028803.2558139535,2028803.2558139535,82.47206093023256,82.47206093023256,82.47206093023256,297.77448071216617
26019.30633,1998556.25,1998556.25,1998556.25,166.72251319885254,166.72251319885254,166.72251319885254,26744.0,26744.0,26744.0,151.87798,151.87798,151.87798,2029295.1162790698,2029295.1162790698,2029295.1162790698,80.60209860465116,80.60209860465116,80.60209860465116,297.9228486646884
26044.14606499672,1986220.0,1986220.0,1986220.0,53.318992614746094,53.318992614746094,53.318992614746094,26744.0,26744.0,26744.0,151.87798,151.87798,151.87798,2029786.9767441861,2029786.9767441861,2029786.9767441861,78.73213627906976,78.73213627906976,78.73213627906976,298.07121661721067
26050.791792869568,2057007.0,2057007.0,2057007.0,460.8133544921875,460.8133544921875,460.8133544921875,26744.0,26744.0,26744.0,151.87798,151.87798,151.87798,2030278.8372093022,2030278.8372093022,2030278.8372093022,76.86217395348837,76.86217395348837,76.86217395348837,298.2195845697329
26461.499643087387,2006822.0,2006822.0,2006822.0,86.98224639892578,86.98224639892578,86.98224639892578,26744.0,26744.0,26744.0,151.87798,151.87798,151.87798,2030770.6976744186,2030770.6976744186,2030770.6976744186,74.99221162790697,74.99221162790697,74.99221162790697,298.36795252225517
26462.593250751495,2077703.0,2077703.0,2077703.0,109.75991821289062,109.75991821289062,109.75991821289062,26744.0,26744.0,26744.0,151.87798,151.87798,151.87798,2031262.558139535,2031262.558139535,2031262.558139535,73.12224930232557,73.12224930232557,73.12224930232557,298.51632047477744
26878.601351976395,2099707.0,2099707.0,2099707.0,400.2536010742187,400.2536010742187,400.2536010742187,26744.0,26744.0,26744.0,151.87798,151.87798,151.87798,2031754.4186046512,2031754.4186046512,2031754.4186046512,71.25228697674419,71.25228697674419,71.25228697674419,298.66468842729967
26881.0604698658,2027487.0,2027487.0,2027487.0,123.0255889892578,123.0255889892578,123.0255889892578,26744.0,26744.0,26744.0,151.87798,151.87798,151.87798,2032246.2790697673,2032246.2790697673,2032246.2790697673,69.38232465116279,69.38232465116279,69.38232465116279,298.81305637982194
27303.92169523239,2048015.0,2048015.0,2048015.0,63.98475646972656,63.98475646972656,63.98475646972656,26744.0,26744.0,26744.0,151.87798,151.87798,151.87798,2032738.1395348837,2032738.1395348837,2032738.1395348837,67.51236232558139,67.51236232558139,67.51236232558139,298.96142433234417
27347.610507,2054877.6666666667,2054877.6666666667,2054877.6666666667,62.399949391682945,62.399949391682945,62.399949391682945,26744.0,26744.0,26744.0,151.87798,151.87798,151.87798,2033230.0,2033230.0,2033230.0,65.6424,65.6424,65.6424,299.10979228486644
27642.731763,2061740.3333333333,2061740.3333333333,2061740.3333333333,60.81514231363932,60.81514231363932,60.81514231363932,26744.0,26744.0,26744.0,151.87798,151.87798,151.87798,2054883.0,2054883.0,2054883.0,247.27025,247.27025,247.27025,299.2581602373887
27728.116938114166,2068603.0,2068603.0,2068603.0,59.2303352355957,59.2303352355957,59.2303352355957,26744.0,26744.0,26744.0,151.87798,151.87798,151.87798,2065262.5,2065262.5,2065262.5,193.651435,193.651435,193.651435,299.40652818991094
27942.839867,2078784.5,2078784.5,2078784.5,88.66558265686035,88.66558265686035,88.66558265686035,26744.0,26744.0,26744.0,151.87798,151.87798,151.87798,2075642.0,2075642.0,2075642.0,140.03262,140.03262,140.03262,299.5548961424332
28156.18496799469,2088966.0,2088966.0,2088966.0,118.100830078125,118.100830078125,118.100830078125,26744.0,26744.0,26744.0,151.87798,151.87798,151.87798,2086119.0,2086119.0,2086119.0,118.731705,118.731705,118.731705,299.70326409495544
28232.953246,2088966.0,2088966.0,2088966.0,118.100830078125,118.100830078125,118.100830078125,26744.0,26744.0,26744.0,151.87798,151.87798,151.87798,2096596.0,2096596.0,2096596.0,97.43079,97.43079,97.43079,299.8516320474777
28524.575589,2088966.0,2088966.0,2088966.0,118.100830078125,118.100830078125,118.100830078125,26744.0,26744.0,26744.0,151.87798,151.87798,151.87798,2118273.0,2118273.0,2118273.0,167.06198,167.06198,167.06198,300.0
