"Step","sunny-valley-620 - test len","sunny-valley-620 - test len__MIN","sunny-valley-620 - test len__MAX","royal-moon-603 - test len","royal-moon-603 - test len__MIN","royal-moon-603 - test len__MAX","sage-plasma-504 - test len","sage-plasma-504 - test len__MIN","sage-plasma-504 - test len__MAX","sleek-frost-502 - test len","sleek-frost-502 - test len__MIN","sleek-frost-502 - test len__MAX","earthy-shadow-459 - test len","earthy-shadow-459 - test len__MIN","earthy-shadow-459 - test len__MAX","ethereal-forest-458 - test len","ethereal-forest-458 - test len__MIN","ethereal-forest-458 - test len__MAX","drawn-monkey-457 - test len","drawn-monkey-457 - test len__MIN","drawn-monkey-457 - test len__MAX","trim-breeze-456 - test len","trim-breeze-456 - test len__MIN","trim-breeze-456 - test len__MAX","curious-resonance-455 - test len","curious-resonance-455 - test len__MIN","curious-resonance-455 - test len__MAX","rose-disco-454 - test len","rose-disco-454 - test len__MIN","rose-disco-454 - test len__MAX","wise-rain-453 - test len","wise-rain-453 - test len__MIN","wise-rain-453 - test len__MAX","vocal-butterfly-452 - test len","vocal-butterfly-452 - test len__MIN","vocal-butterfly-452 - test len__MAX","denim-tree-451 - test len","denim-tree-451 - test len__MIN","denim-tree-451 - test len__MAX","upbeat-hill-263 - test len","upbeat-hill-263 - test len__MIN","upbeat-hill-263 - test len__MAX"
"27","","","","","","","","","","","","","","","","","","","","","","","","","","","","","","","","","","","","","","","","36.56666666666667","36.56666666666667","36.56666666666667"
"64","","","","","","","","","","","","","368.6666666666667","368.6666666666667","368.6666666666667","433.7","433.7","433.7","397.6666666666667","397.6666666666667","397.6666666666667","502.6","502.6","502.6","553.2666666666667","553.2666666666667","553.2666666666667","515.6666666666666","515.6666666666666","515.6666666666666","527.6333333333333","527.6333333333333","527.6333333333333","276.6666666666667","276.6666666666667","276.6666666666667","398.7","398.7","398.7","","",""
"280","","","","","","","","","","","","","","","","","","","","","","","","","","","","","","","","","","","","","","","","69.86666666666666","69.86666666666666","69.86666666666666"
"424","587.0333333333333","587.0333333333333","587.0333333333333","452.3666666666667","452.3666666666667","452.3666666666667","","","","","","","","","","","","","","","","","","","","","","","","","","","","","","","","","","","",""
"533","","","","","","","","","","","","","","","","","","","","","","","","","","","","","","","","","","","","","","","","135.63333333333333","135.63333333333333","135.63333333333333"
"564","","","","","","","317.03333333333336","317.03333333333336","317.03333333333336","485.2","485.2","485.2","","","","","","","","","","","","","","","","","","","","","","","","","","","","","",""
"675","","","","","","","","","","","","","662.4666666666667","662.4666666666667","662.4666666666667","584.3666666666667","584.3666666666667","584.3666666666667","469.6666666666667","469.6666666666667","469.6666666666667","414.8666666666667","414.8666666666667","414.8666666666667","407.03333333333336","407.03333333333336","407.03333333333336","463.6","463.6","463.6","545.8","545.8","545.8","573.3","573.3","573.3","475.73333333333335","475.73333333333335","475.73333333333335","","",""
"808","","","","","","","","","","","","","","","","","","","","","","","","","","","","","","","","","","","","","","","","197.16666666666666","197.16666666666666","197.16666666666666"
"1091","","","","","","","","","","","","","","","","","","","","","","","","","","","","","","","","","","","","","","","","258.6666666666667","258.6666666666667","258.6666666666667"
"1286","","","","","","","","","","","","","435.26666666666665","435.26666666666665","435.26666666666665","489.43333333333334","489.43333333333334","489.43333333333334","365.8333333333333","365.8333333333333","365.8333333333333","540.2666666666667","540.2666666666667","540.2666666666667","381.76666666666665","381.76666666666665","381.76666666666665","567.3","567.3","567.3","567","567","567","596.7","596.7","596.7","435.93333333333334","435.93333333333334","435.93333333333334","","",""
"1384","","","","","","","","","","","","","","","","","","","","","","","","","","","","","","","","","","","","","","","","134.3","134.3","134.3"
"1727","","","","","","","","","","","","","","","","","","","","","","","","","","","","","","","","","","","","","","","","363.46666666666664","363.46666666666664","363.46666666666664"
"1897","","","","","","","","","","","","","460.3","460.3","460.3","285.26666666666665","285.26666666666665","285.26666666666665","392.2","392.2","392.2","497.1666666666667","497.1666666666667","497.1666666666667","502.43333333333334","502.43333333333334","502.43333333333334","467.5","467.5","467.5","355.43333333333334","355.43333333333334","355.43333333333334","540.1333333333333","540.1333333333333","540.1333333333333","478.8","478.8","478.8","","",""
"2070","","","","","","","","","","","","","","","","","","","","","","","","","","","","","","","","","","","","","","","","294","294","294"
"2435","","","","","","","","","","","","","","","","","","","","","","","","","","","","","","","","","","","","","","","","231.76666666666668","231.76666666666668","231.76666666666668"
"2508","","","","","","","","","","","","","351.1666666666667","351.1666666666667","351.1666666666667","495.03333333333336","495.03333333333336","495.03333333333336","232.4","232.4","232.4","499.4","499.4","499.4","424.1333333333333","424.1333333333333","424.1333333333333","480.43333333333334","480.43333333333334","480.43333333333334","423.06666666666666","423.06666666666666","423.06666666666666","413.5","413.5","413.5","411.8666666666667","411.8666666666667","411.8666666666667","","",""
"2808","","","","","","","","","","","","","","","","","","","","","","","","","","","","","","","","","","","","","","","","331.6333333333333","331.6333333333333","331.6333333333333"
"3123","","","","","","","","","","","","","350","350","350","537.1666666666666","537.1666666666666","537.1666666666666","429.8666666666667","429.8666666666667","429.8666666666667","463.6666666666667","463.6666666666667","463.6666666666667","433.7","433.7","433.7","414.2","414.2","414.2","428.53333333333336","428.53333333333336","428.53333333333336","529.7666666666667","529.7666666666667","529.7666666666667","426.73333333333335","426.73333333333335","426.73333333333335","","",""
"3191","","","","","","","","","","","","","","","","","","","","","","","","","","","","","","","","","","","","","","","","391.6333333333333","391.6333333333333","391.6333333333333"
"3624","","","","","","","","","","","","","","","","","","","","","","","","","","","","","","","","","","","","","","","","232.53333333333333","232.53333333333333","232.53333333333333"
"3734","","","","","","","","","","","","","435.3333333333333","435.3333333333333","435.3333333333333","364.3333333333333","364.3333333333333","364.3333333333333","381.3","381.3","381.3","464.76666666666665","464.76666666666665","464.76666666666665","471.8333333333333","471.8333333333333","471.8333333333333","494.6333333333333","494.6333333333333","494.6333333333333","549.4333333333333","549.4333333333333","549.4333333333333","599.5666666666667","599.5666666666667","599.5666666666667","400.4","400.4","400.4","","",""
"4057","","","","","","","","","","","","","","","","","","","","","","","","","","","","","","","","","","","","","","","","330.06666666666666","330.06666666666666","330.06666666666666"
"4345","","","","","","","","","","","","","423.9","423.9","423.9","335.26666666666665","335.26666666666665","335.26666666666665","472.73333333333335","472.73333333333335","472.73333333333335","473.43333333333334","473.43333333333334","473.43333333333334","363.3333333333333","363.3333333333333","363.3333333333333","499.7","499.7","499.7","551.2666666666667","551.2666666666667","551.2666666666667","437.4","437.4","437.4","547.0666666666667","547.0666666666667","547.0666666666667","","",""
"4530","","","","","","","","","","","","","","","","","","","","","","","","","","","","","","","","","","","","","","","","484.6666666666667","484.6666666666667","484.6666666666667"
"4640","646.4666666666667","646.4666666666667","646.4666666666667","583.2","583.2","583.2","","","","","","","","","","","","","","","","","","","","","","","","","","","","","","","","","","","",""
"4956","","","","","","","","","","","","","434.6333333333333","434.6333333333333","434.6333333333333","610.9666666666667","610.9666666666667","610.9666666666667","588.7","588.7","588.7","441.5","441.5","441.5","437.4","437.4","437.4","473.46666666666664","473.46666666666664","473.46666666666664","601.5333333333333","601.5333333333333","601.5333333333333","561.2333333333333","561.2333333333333","561.2333333333333","535.3666666666667","535.3666666666667","535.3666666666667","","",""
"5023","","","","","","","","","","","","","","","","","","","","","","","","","","","","","","","","","","","","","","","","391.73333333333335","391.73333333333335","391.73333333333335"
"5523","","","","","","","","","","","","","","","","","","","","","","","","","","","","","","","","","","","","","","","","456.26666666666665","456.26666666666665","456.26666666666665"
"5567","","","","","","","","","","","","","377.6","377.6","377.6","467.96666666666664","467.96666666666664","467.96666666666664","468.7","468.7","468.7","348.7","348.7","348.7","504.7","504.7","504.7","508.3666666666667","508.3666666666667","508.3666666666667","459.03333333333336","459.03333333333336","459.03333333333336","496.3","496.3","496.3","557.7666666666667","557.7666666666667","557.7666666666667","","",""
"6046","","","","","","","","","","","","","","","","","","","","","","","","","","","","","","","","","","","","","","","","489.76666666666665","489.76666666666665","489.76666666666665"
"6175","","","","","","","454.3","454.3","454.3","581.6","581.6","581.6","","","","","","","","","","","","","","","","","","","","","","","","","","","","","",""
"6181","","","","","","","","","","","","","417.76666666666665","417.76666666666665","417.76666666666665","493.03333333333336","493.03333333333336","493.03333333333336","437.5","437.5","437.5","534.9","534.9","534.9","464.56666666666666","464.56666666666666","464.56666666666666","461.3666666666667","461.3666666666667","461.3666666666667","407.23333333333335","407.23333333333335","407.23333333333335","444.4","444.4","444.4","444.3","444.3","444.3","","",""
"6569","","","","","","","","","","","","","","","","","","","","","","","","","","","","","","","","","","","","","","","","358.3333333333333","358.3333333333333","358.3333333333333"
"6792","","","","","","","","","","","","","473.23333333333335","473.23333333333335","473.23333333333335","240.33333333333334","240.33333333333334","240.33333333333334","419.06666666666666","419.06666666666666","419.06666666666666","523.9666666666667","523.9666666666667","523.9666666666667","412.1666666666667","412.1666666666667","412.1666666666667","506.3666666666667","506.3666666666667","506.3666666666667","407.53333333333336","407.53333333333336","407.53333333333336","409.1","409.1","409.1","552.1","552.1","552.1","","",""
"7132","","","","","","","","","","","","","","","","","","","","","","","","","","","","","","","","","","","","","","","","393.8666666666667","393.8666666666667","393.8666666666667"
"7403","","","","","","","","","","","","","423.5","423.5","423.5","481.96666666666664","481.96666666666664","481.96666666666664","384.4","384.4","384.4","528.5666666666667","528.5666666666667","528.5666666666667","415.2","415.2","415.2","482.03333333333336","482.03333333333336","482.03333333333336","385.3333333333333","385.3333333333333","385.3333333333333","485.96666666666664","485.96666666666664","485.96666666666664","459.06666666666666","459.06666666666666","459.06666666666666","","",""
"7715","","","","","","","","","","","","","","","","","","","","","","","","","","","","","","","","","","","","","","","","487.7","487.7","487.7"
"8014","","","","","","","","","","","","","430.46666666666664","430.46666666666664","430.46666666666664","300.56666666666666","300.56666666666666","300.56666666666666","604.0666666666667","604.0666666666667","604.0666666666667","411.1","411.1","411.1","402.93333333333334","402.93333333333334","402.93333333333334","391.1333333333333","391.1333333333333","391.1333333333333","367.9","367.9","367.9","504.3666666666667","504.3666666666667","504.3666666666667","429.3333333333333","429.3333333333333","429.3333333333333","","",""
"8305","","","","","","","","","","","","","","","","","","","","","","","","","","","","","","","","","","","","","","","","326.5","326.5","326.5"
"8625","","","","","","","","","","","","","433.53333333333336","433.53333333333336","433.53333333333336","308.8","308.8","308.8","433.8333333333333","433.8333333333333","433.8333333333333","494.23333333333335","494.23333333333335","494.23333333333335","436.96666666666664","436.96666666666664","436.96666666666664","341.2","341.2","341.2","357.53333333333336","357.53333333333336","357.53333333333336","442.96666666666664","442.96666666666664","442.96666666666664","412.73333333333335","412.73333333333335","412.73333333333335","","",""
"8856","620.2333333333333","620.2333333333333","620.2333333333333","388.3","388.3","388.3","","","","","","","","","","","","","","","","","","","","","","","","","","","","","","","","","","","",""
"8918","","","","","","","","","","","","","","","","","","","","","","","","","","","","","","","","","","","","","","","","391.3333333333333","391.3333333333333","391.3333333333333"
"9240","","","","","","","","","","","","","349.5","349.5","349.5","371.8666666666667","371.8666666666667","371.8666666666667","367.43333333333334","367.43333333333334","367.43333333333334","339.53333333333336","339.53333333333336","339.53333333333336","310.4","310.4","310.4","463.6333333333333","463.6333333333333","463.6333333333333","639.7","639.7","639.7","442.8333333333333","442.8333333333333","442.8333333333333","449.5","449.5","449.5","","",""
"9531","","","","","","","","","","","","","","","","","","","","","","","","","","","","","","","","","","","","","","","","325.6","325.6","325.6"
"9851","","","","","","","","","","","","","450.3666666666667","450.3666666666667","450.3666666666667","478.2","478.2","478.2","493.2","493.2","493.2","445.1","445.1","445.1","354.53333333333336","354.53333333333336","354.53333333333336","521.9","521.9","521.9","411.73333333333335","411.73333333333335","411.73333333333335","429.03333333333336","429.03333333333336","429.03333333333336","431.23333333333335","431.23333333333335","431.23333333333335","","",""
"10184","","","","","","","","","","","","","","","","","","","","","","","","","","","","","","","","","","","","","","","","331.96666666666664","331.96666666666664","331.96666666666664"
"10462","","","","","","","","","","","","","534.2333333333333","534.2333333333333","534.2333333333333","452.4","452.4","452.4","539.4666666666667","539.4666666666667","539.4666666666667","339.06666666666666","339.06666666666666","339.06666666666666","402.4","402.4","402.4","402.5","402.5","402.5","287.93333333333334","287.93333333333334","287.93333333333334","375.46666666666664","375.46666666666664","375.46666666666664","383.06666666666666","383.06666666666666","383.06666666666666","","",""
"10857","","","","","","","","","","","","","","","","","","","","","","","","","","","","","","","","","","","","","","","","358.73333333333335","358.73333333333335","358.73333333333335"
"11073","","","","","","","","","","","","","506.03333333333336","506.03333333333336","506.03333333333336","523.7666666666667","523.7666666666667","523.7666666666667","482.23333333333335","482.23333333333335","482.23333333333335","356.9","356.9","356.9","369.03333333333336","369.03333333333336","369.03333333333336","378.8333333333333","378.8333333333333","378.8333333333333","519.7666666666667","519.7666666666667","519.7666666666667","375.3666666666667","375.3666666666667","375.3666666666667","453.93333333333334","453.93333333333334","453.93333333333334","","",""
"11540","","","","","","","","","","","","","","","","","","","","","","","","","","","","","","","","","","","","","","","","359.96666666666664","359.96666666666664","359.96666666666664"
"11684","","","","","","","","","","","","","411.4","411.4","411.4","479.8","479.8","479.8","519.1333333333333","519.1333333333333","519.1333333333333","317.46666666666664","317.46666666666664","317.46666666666664","391.26666666666665","391.26666666666665","391.26666666666665","479.03333333333336","479.03333333333336","479.03333333333336","495.23333333333335","495.23333333333335","495.23333333333335","449.96666666666664","449.96666666666664","449.96666666666664","582.7666666666667","582.7666666666667","582.7666666666667","","",""
"11787","","","","","","","580.7666666666667","580.7666666666667","580.7666666666667","352.1333333333333","352.1333333333333","352.1333333333333","","","","","","","","","","","","","","","","","","","","","","","","","","","","","",""
"12273","","","","","","","","","","","","","","","","","","","","","","","","","","","","","","","","","","","","","","","","422","422","422"
"12298","","","","","","","","","","","","","395.8666666666667","395.8666666666667","395.8666666666667","310.1666666666667","310.1666666666667","310.1666666666667","328.76666666666665","328.76666666666665","328.76666666666665","439.8333333333333","439.8333333333333","439.8333333333333","463","463","463","364.6666666666667","364.6666666666667","364.6666666666667","522.2333333333333","522.2333333333333","522.2333333333333","376.1333333333333","376.1333333333333","376.1333333333333","482.46666666666664","482.46666666666664","482.46666666666664","","",""
"12909","","","","","","","","","","","","","308.8666666666667","308.8666666666667","308.8666666666667","667.7","667.7","667.7","543.9","543.9","543.9","410.9","410.9","410.9","445.6666666666667","445.6666666666667","445.6666666666667","422.6333333333333","422.6333333333333","422.6333333333333","596.2","596.2","596.2","390.9","390.9","390.9","427.06666666666666","427.06666666666666","427.06666666666666","","",""
"13006","","","","","","","","","","","","","","","","","","","","","","","","","","","","","","","","","","","","","","","","359.3333333333333","359.3333333333333","359.3333333333333"
"13072","679.3","679.3","679.3","454.9","454.9","454.9","","","","","","","","","","","","","","","","","","","","","","","","","","","","","","","","","","","",""
"13520","","","","","","","","","","","","","505.1","505.1","505.1","417.3333333333333","417.3333333333333","417.3333333333333","268.7","268.7","268.7","389.9","389.9","389.9","383.03333333333336","383.03333333333336","383.03333333333336","533.4333333333333","533.4333333333333","533.4333333333333","525.6","525.6","525.6","251.46666666666667","251.46666666666667","251.46666666666667","481.06666666666666","481.06666666666666","481.06666666666666","","",""
"13761","","","","","","","","","","","","","","","","","","","","","","","","","","","","","","","","","","","","","","","","264.1333333333333","264.1333333333333","264.1333333333333"
"14131","","","","","","","","","","","","","332.7","332.7","332.7","372.7","372.7","372.7","494.6666666666667","494.6666666666667","494.6666666666667","454.96666666666664","454.96666666666664","454.96666666666664","576.1","576.1","576.1","306.53333333333336","306.53333333333336","306.53333333333336","381.23333333333335","381.23333333333335","381.23333333333335","393.5","393.5","393.5","477.7","477.7","477.7","","",""
"14524","","","","","","","","","","","","","","","","","","","","","","","","","","","","","","","","","","","","","","","","231.23333333333332","231.23333333333332","231.23333333333332"
"14742","","","","","","","","","","","","","458.56666666666666","458.56666666666666","458.56666666666666","444.8333333333333","444.8333333333333","444.8333333333333","450.6666666666667","450.6666666666667","450.6666666666667","477.6333333333333","477.6333333333333","477.6333333333333","515.9333333333333","515.9333333333333","515.9333333333333","555.7666666666667","555.7666666666667","555.7666666666667","364.4","364.4","364.4","399.43333333333334","399.43333333333334","399.43333333333334","398.06666666666666","398.06666666666666","398.06666666666666","","",""
"15297","","","","","","","","","","","","","","","","","","","","","","","","","","","","","","","","","","","","","","","","359.1333333333333","359.1333333333333","359.1333333333333"
"15357","","","","","","","","","","","","","391.93333333333334","391.93333333333334","391.93333333333334","315.53333333333336","315.53333333333336","315.53333333333336","523.8666666666667","523.8666666666667","523.8666666666667","347.3333333333333","347.3333333333333","347.3333333333333","422.6","422.6","422.6","575.2666666666667","575.2666666666667","575.2666666666667","426.53333333333336","426.53333333333336","426.53333333333336","471.73333333333335","471.73333333333335","471.73333333333335","603.5666666666667","603.5666666666667","603.5666666666667","","",""
"15968","","","","","","","","","","","","","527.2666666666667","527.2666666666667","527.2666666666667","469.56666666666666","469.56666666666666","469.56666666666666","507.43333333333334","507.43333333333334","507.43333333333334","420.96666666666664","420.96666666666664","420.96666666666664","548.4","548.4","548.4","402.6666666666667","402.6666666666667","402.6666666666667","550.4","550.4","550.4","481.3333333333333","481.3333333333333","481.3333333333333","435.23333333333335","435.23333333333335","435.23333333333335","","",""
"16120","","","","","","","","","","","","","","","","","","","","","","","","","","","","","","","","","","","","","","","","363.46666666666664","363.46666666666664","363.46666666666664"
"16579","","","","","","","","","","","","","452.9","452.9","452.9","390.56666666666666","390.56666666666666","390.56666666666666","344.2","344.2","344.2","351.43333333333334","351.43333333333334","351.43333333333334","406.3","406.3","406.3","439.6333333333333","439.6333333333333","439.6333333333333","465.3666666666667","465.3666666666667","465.3666666666667","470.3","470.3","470.3","598.4666666666667","598.4666666666667","598.4666666666667","","",""
"16943","","","","","","","","","","","","","","","","","","","","","","","","","","","","","","","","","","","","","","","","449.8666666666667","449.8666666666667","449.8666666666667"
"17190","","","","","","","","","","","","","480.1","480.1","480.1","583.0333333333333","583.0333333333333","583.0333333333333","493.8333333333333","493.8333333333333","493.8333333333333","354.2","354.2","354.2","392.6666666666667","392.6666666666667","392.6666666666667","448.9","448.9","448.9","583.2333333333333","583.2333333333333","583.2333333333333","530.1666666666666","530.1666666666666","530.1666666666666","376.73333333333335","376.73333333333335","376.73333333333335","","",""
"17288","646.1666666666666","646.1666666666666","646.1666666666666","486.4","486.4","486.4","","","","","","","","","","","","","","","","","","","","","","","","","","","","","","","","","","","",""
"17399","","","","","","","620.1","620.1","620.1","450.93333333333334","450.93333333333334","450.93333333333334","","","","","","","","","","","","","","","","","","","","","","","","","","","","","",""
"17788","","","","","","","","","","","","","","","","","","","","","","","","","","","","","","","","","","","","","","","","365.56666666666666","365.56666666666666","365.56666666666666"
"17801","","","","","","","","","","","","","344.8333333333333","344.8333333333333","344.8333333333333","511.3","511.3","511.3","400.8","400.8","400.8","432.06666666666666","432.06666666666666","432.06666666666666","483.26666666666665","483.26666666666665","483.26666666666665","293.8333333333333","293.8333333333333","293.8333333333333","390.6666666666667","390.6666666666667","390.6666666666667","457","457","457","445.6666666666667","445.6666666666667","445.6666666666667","","",""
"18415","","","","","","","","","","","","","473.96666666666664","473.96666666666664","473.96666666666664","487.73333333333335","487.73333333333335","487.73333333333335","366.3","366.3","366.3","405.6","405.6","405.6","423.8333333333333","423.8333333333333","423.8333333333333","460.1666666666667","460.1666666666667","460.1666666666667","359.93333333333334","359.93333333333334","359.93333333333334","528.4","528.4","528.4","389.2","389.2","389.2","","",""
"18641","","","","","","","","","","","","","","","","","","","","","","","","","","","","","","","","","","","","","","","","452.6","452.6","452.6"
"19026","","","","","","","","","","","","","277.1","277.1","277.1","304.26666666666665","304.26666666666665","304.26666666666665","553.2333333333333","553.2333333333333","553.2333333333333","492.6","492.6","492.6","419.1333333333333","419.1333333333333","419.1333333333333","640.0666666666667","640.0666666666667","640.0666666666667","402.9","402.9","402.9","540.5333333333333","540.5333333333333","540.5333333333333","327.1","327.1","327.1","","",""
"19504","","","","","","","","","","","","","","","","","","","","","","","","","","","","","","","","","","","","","","","","422.56666666666666","422.56666666666666","422.56666666666666"
"19637","","","","","","","","","","","","","425.6","425.6","425.6","494.9","494.9","494.9","634.1","634.1","634.1","296.03333333333336","296.03333333333336","296.03333333333336","439.6666666666667","439.6666666666667","439.6666666666667","526.5","526.5","526.5","340.93333333333334","340.93333333333334","340.93333333333334","395.06666666666666","395.06666666666666","395.06666666666666","411.26666666666665","411.26666666666665","411.26666666666665","","",""
"20248","","","","","","","","","","","","","477.53333333333336","477.53333333333336","477.53333333333336","442.76666666666665","442.76666666666665","442.76666666666665","433.1","433.1","433.1","484.7","484.7","484.7","277.5","277.5","277.5","423.9","423.9","423.9","384.56666666666666","384.56666666666666","384.56666666666666","382.7","382.7","382.7","528.5","528.5","528.5","","",""
"20417","","","","","","","","","","","","","","","","","","","","","","","","","","","","","","","","","","","","","","","","296.2","296.2","296.2"
"20859","","","","","","","","","","","","","445.3333333333333","445.3333333333333","445.3333333333333","298.3","298.3","298.3","508.73333333333335","508.73333333333335","508.73333333333335","445.46666666666664","445.46666666666664","445.46666666666664","319.9","319.9","319.9","367.8","367.8","367.8","459.03333333333336","459.03333333333336","459.03333333333336","473.9","473.9","473.9","385.6666666666667","385.6666666666667","385.6666666666667","","",""
"21330","","","","","","","","","","","","","","","","","","","","","","","","","","","","","","","","","","","","","","","","361.3333333333333","361.3333333333333","361.3333333333333"
"21474","","","","","","","","","","","","","417.06666666666666","417.06666666666666","417.06666666666666","428","428","428","466.4","466.4","466.4","359.43333333333334","359.43333333333334","359.43333333333334","593.1666666666666","593.1666666666666","593.1666666666666","503.26666666666665","503.26666666666665","503.26666666666665","440.76666666666665","440.76666666666665","440.76666666666665","495.6","495.6","495.6","473.5","473.5","473.5","","",""
"21507","549.4333333333333","549.4333333333333","549.4333333333333","547.2","547.2","547.2","","","","","","","","","","","","","","","","","","","","","","","","","","","","","","","","","","","",""
"22085","","","","","","","","","","","","","493.6333333333333","493.6333333333333","493.6333333333333","462.4","462.4","462.4","468.3666666666667","468.3666666666667","468.3666666666667","494.93333333333334","494.93333333333334","494.93333333333334","377.3666666666667","377.3666666666667","377.3666666666667","381.46666666666664","381.46666666666664","381.46666666666664","480.5","480.5","480.5","448.06666666666666","448.06666666666666","448.06666666666666","406.53333333333336","406.53333333333336","406.53333333333336","","",""
"22283","","","","","","","","","","","","","","","","","","","","","","","","","","","","","","","","","","","","","","","","328.3333333333333","328.3333333333333","328.3333333333333"
"22696","","","","","","","","","","","","","479.9","479.9","479.9","531.7","531.7","531.7","531.7333333333333","531.7333333333333","531.7333333333333","409.06666666666666","409.06666666666666","409.06666666666666","568.7333333333333","568.7333333333333","568.7333333333333","407.8666666666667","407.8666666666667","407.8666666666667","336.8","336.8","336.8","454.93333333333334","454.93333333333334","454.93333333333334","419","419","419","","",""
"23011","","","","","","","644.6666666666666","644.6666666666666","644.6666666666666","583.1666666666666","583.1666666666666","583.1666666666666","","","","","","","","","","","","","","","","","","","","","","","","","","","","","",""
"23256","","","","","","","","","","","","","","","","","","","","","","","","","","","","","","","","","","","","","","","","487.4","487.4","487.4"
"23307","","","","","","","","","","","","","314.1333333333333","314.1333333333333","314.1333333333333","324.53333333333336","324.53333333333336","324.53333333333336","410.56666666666666","410.56666666666666","410.56666666666666","600.0333333333333","600.0333333333333","600.0333333333333","393.6666666666667","393.6666666666667","393.6666666666667","361.46666666666664","361.46666666666664","361.46666666666664","418.2","418.2","418.2","451.23333333333335","451.23333333333335","451.23333333333335","511.1333333333333","511.1333333333333","511.1333333333333","","",""
"23918","","","","","","","","","","","","","392.7","392.7","392.7","318.8333333333333","318.8333333333333","318.8333333333333","413.53333333333336","413.53333333333336","413.53333333333336","459.1333333333333","459.1333333333333","459.1333333333333","495.53333333333336","495.53333333333336","495.53333333333336","388.23333333333335","388.23333333333335","388.23333333333335","281.06666666666666","281.06666666666666","281.06666666666666","481.56666666666666","481.56666666666666","481.56666666666666","500.5","500.5","500.5","","",""
"24236","","","","","","","","","","","","","","","","","","","","","","","","","","","","","","","","","","","","","","","","268.3","268.3","268.3"
"24532","","","","","","","","","","","","","485.3","485.3","485.3","","","","400.06666666666666","400.06666666666666","400.06666666666666","289.43333333333334","289.43333333333334","289.43333333333334","440.6333333333333","440.6333333333333","440.6333333333333","411.4","411.4","411.4","","","","378.3666666666667","378.3666666666667","378.3666666666667","412.8","412.8","412.8","","",""
"24547","","","","","","","","","","","","","","","","415.7","415.7","415.7","","","","","","","","","","","","","576.5666666666667","576.5666666666667","576.5666666666667","","","","","","","","",""
"25143","","","","","","","","","","","","","417.96666666666664","417.96666666666664","417.96666666666664","","","","408.43333333333334","408.43333333333334","408.43333333333334","361.06666666666666","361.06666666666666","361.06666666666666","386.73333333333335","386.73333333333335","386.73333333333335","468.3","468.3","468.3","","","","479.3666666666667","479.3666666666667","479.3666666666667","464.46666666666664","464.46666666666664","464.46666666666664","","",""
"25239","","","","","","","","","","","","","","","","","","","","","","","","","","","","","","","","","","","","","","","","258.9","258.9","258.9"
"25308","","","","","","","","","","","","","","","","335.4","335.4","335.4","","","","","","","","","","","","","359.26666666666665","359.26666666666665","359.26666666666665","","","","","","","","",""
"25723","580.7","580.7","580.7","419.56666666666666","419.56666666666666","419.56666666666666","","","","","","","","","","","","","","","","","","","","","","","","","","","","","","","","","","","",""
"25754","","","","","","","","","","","","","452.6333333333333","452.6333333333333","452.6333333333333","","","","383.4","383.4","383.4","382.03333333333336","382.03333333333336","382.03333333333336","312.4","312.4","312.4","526.5333333333333","526.5333333333333","526.5333333333333","","","","399.46666666666664","399.46666666666664","399.46666666666664","521.2","521.2","521.2","","",""
"26069","","","","","","","","","","","","","","","","452.43333333333334","452.43333333333334","452.43333333333334","","","","","","","","","","","","","380.3","380.3","380.3","","","","","","","","",""
"26242","","","","","","","","","","","","","","","","","","","","","","","","","","","","","","","","","","","","","","","","297.7","297.7","297.7"
"26365","","","","","","","","","","","","","378","378","378","","","","318.5","318.5","318.5","363.56666666666666","363.56666666666666","363.56666666666666","367.53333333333336","367.53333333333336","367.53333333333336","487.2","487.2","487.2","","","","420.76666666666665","420.76666666666665","420.76666666666665","426.9","426.9","426.9","","",""
"26830","","","","","","","","","","","","","","","","359.03333333333336","359.03333333333336","359.03333333333336","","","","","","","","","","","","","484.7","484.7","484.7","","","","","","","","",""
"26976","","","","","","","","","","","","","493.7","493.7","493.7","","","","481.3333333333333","481.3333333333333","481.3333333333333","365.7","365.7","365.7","421.23333333333335","421.23333333333335","421.23333333333335","429.1","429.1","429.1","","","","410.96666666666664","410.96666666666664","410.96666666666664","607.9333333333333","607.9333333333333","607.9333333333333","","",""
"27245","","","","","","","","","","","","","","","","","","","","","","","","","","","","","","","","","","","","","","","","235.9","235.9","235.9"
"27591","","","","","","","","","","","","","","","","442.03333333333336","442.03333333333336","442.03333333333336","504.9","504.9","504.9","540.7333333333333","540.7333333333333","540.7333333333333","","","","355.6666666666667","355.6666666666667","355.6666666666667","379.46666666666664","379.46666666666664","379.46666666666664","374.76666666666665","374.76666666666665","374.76666666666665","459.9","459.9","459.9","","",""
"27606","","","","","","","","","","","","","485.6333333333333","485.6333333333333","485.6333333333333","","","","","","","","","","372.06666666666666","372.06666666666666","372.06666666666666","","","","","","","","","","","","","","",""
"28202","","","","","","","","","","","","","","","","","","","430.5","430.5","430.5","426.6666666666667","426.6666666666667","426.6666666666667","","","","371.06666666666666","371.06666666666666","371.06666666666666","","","","433.6666666666667","433.6666666666667","433.6666666666667","412.7","412.7","412.7","","",""
"28248","","","","","","","","","","","","","","","","","","","","","","","","","","","","","","","","","","","","","","","","326.96666666666664","326.96666666666664","326.96666666666664"
"28356","","","","","","","","","","","","","","","","475.8666666666667","475.8666666666667","475.8666666666667","","","","","","","","","","","","","313.1333333333333","313.1333333333333","313.1333333333333","","","","","","","","",""
"28367","","","","","","","","","","","","","450.26666666666665","450.26666666666665","450.26666666666665","","","","","","","","","","408.93333333333334","408.93333333333334","408.93333333333334","","","","","","","","","","","","","","",""
"28627","","","","","","","645.6666666666666","645.6666666666666","645.6666666666666","583.2","583.2","583.2","","","","","","","","","","","","","","","","","","","","","","","","","","","","","",""
"28813","","","","","","","","","","","","","","","","","","","313.7","313.7","313.7","494.26666666666665","494.26666666666665","494.26666666666665","","","","422.03333333333336","422.03333333333336","422.03333333333336","","","","332.06666666666666","332.06666666666666","332.06666666666666","309.4","309.4","309.4","","",""
"29117","","","","","","","","","","","","","","","","303.8333333333333","303.8333333333333","303.8333333333333","","","","","","","","","","","","","390","390","390","","","","","","","","",""
"29128","","","","","","","","","","","","","520.0666666666667","520.0666666666667","520.0666666666667","","","","","","","","","","394.6","394.6","394.6","","","","","","","","","","","","","","",""
"29259","","","","","","","","","","","","","","","","","","","","","","","","","","","","","","","","","","","","","","","","296.26666666666665","296.26666666666665","296.26666666666665"
"29424","","","","","","","","","","","","","","","","","","","517.1333333333333","517.1333333333333","517.1333333333333","388.43333333333334","388.43333333333334","388.43333333333334","","","","503.26666666666665","503.26666666666665","503.26666666666665","","","","391.76666666666665","391.76666666666665","391.76666666666665","378.26666666666665","378.26666666666665","378.26666666666665","","",""
"29878","","","","","","","","","","","","","","","","486.3666666666667","486.3666666666667","486.3666666666667","","","","","","","","","","","","","435.46666666666664","435.46666666666664","435.46666666666664","","","","","","","","",""
"29889","","","","","","","","","","","","","601.5","601.5","601.5","","","","","","","","","","427.1333333333333","427.1333333333333","427.1333333333333","","","","","","","","","","","","","","",""
"29939","642.3666666666667","642.3666666666667","642.3666666666667","451.8666666666667","451.8666666666667","451.8666666666667","","","","","","","","","","","","","","","","","","","","","","","","","","","","","","","","","","","",""
"30035","","","","","","","","","","","","","","","","","","","439.9","439.9","439.9","488.73333333333335","488.73333333333335","488.73333333333335","","","","491.96666666666664","491.96666666666664","491.96666666666664","","","","419.46666666666664","419.46666666666664","419.46666666666664","467.76666666666665","467.76666666666665","467.76666666666665","","",""
"30322","","","","","","","","","","","","","","","","","","","","","","","","","","","","","","","","","","","","","","","","328.43333333333334","328.43333333333334","328.43333333333334"
"30639","","","","","","","","","","","","","","","","483.46666666666664","483.46666666666664","483.46666666666664","","","","","","","","","","","","","488.4","488.4","488.4","","","","","","","","",""
"30649","","","","","","","","","","","","","","","","","","","322.6","322.6","322.6","642.9","642.9","642.9","","","","366.1333333333333","366.1333333333333","366.1333333333333","","","","419.4","419.4","419.4","491.26666666666665","491.26666666666665","491.26666666666665","","",""
"30650","","","","","","","","","","","","","479.73333333333335","479.73333333333335","479.73333333333335","","","","","","","","","","333.6666666666667","333.6666666666667","333.6666666666667","","","","","","","","","","","","","","",""
"31260","","","","","","","","","","","","","","","","","","","549.5666666666667","549.5666666666667","549.5666666666667","301.8333333333333","301.8333333333333","301.8333333333333","","","","428.4","428.4","428.4","","","","370.5","370.5","370.5","324.3","324.3","324.3","","",""
"31385","","","","","","","","","","","","","","","","","","","","","","","","","","","","","","","","","","","","","","","","298","298","298"
"31400","","","","","","","","","","","","","","","","452.03333333333336","452.03333333333336","452.03333333333336","","","","","","","","","","","","","313.23333333333335","313.23333333333335","313.23333333333335","","","","","","","","",""
"31414","","","","","","","","","","","","","328.8666666666667","328.8666666666667","328.8666666666667","","","","","","","","","","312.03333333333336","312.03333333333336","312.03333333333336","","","","","","","","","","","","","","",""
"31871","","","","","","","","","","","","","","","","","","","404.76666666666665","404.76666666666665","404.76666666666665","466.8","466.8","466.8","","","","463.9","463.9","463.9","","","","495.56666666666666","495.56666666666666","495.56666666666666","505.9","505.9","505.9","","",""
"32164","","","","","","","","","","","","","","","","268.8333333333333","268.8333333333333","268.8333333333333","","","","","","","","","","","","","245.9","245.9","245.9","","","","","","","","",""
"32175","","","","","","","","","","","","","368.26666666666665","368.26666666666665","368.26666666666665","","","","","","","","","","415.8333333333333","415.8333333333333","415.8333333333333","","","","","","","","","","","","","","",""
"32448","","","","","","","","","","","","","","","","","","","","","","","","","","","","","","","","","","","","","","","","323","323","323"
"32482","","","","","","","","","","","","","","","","","","","436.4","436.4","436.4","593.7666666666667","593.7666666666667","593.7666666666667","","","","350.23333333333335","350.23333333333335","350.23333333333335","","","","164.13333333333333","164.13333333333333","164.13333333333333","469.23333333333335","469.23333333333335","469.23333333333335","","",""
"32925","","","","","","","","","","","","","","","","346.43333333333334","346.43333333333334","346.43333333333334","","","","","","","","","","","","","415.06666666666666","415.06666666666666","415.06666666666666","","","","","","","","",""
"32936","","","","","","","","","","","","","428.03333333333336","428.03333333333336","428.03333333333336","","","","","","","","","","239.63333333333333","239.63333333333333","239.63333333333333","","","","","","","","","","","","","","",""
"33093","","","","","","","","","","","","","","","","","","","486.26666666666665","486.26666666666665","486.26666666666665","484.03333333333336","484.03333333333336","484.03333333333336","","","","493.6","493.6","493.6","","","","423.1333333333333","423.1333333333333","423.1333333333333","467.4","467.4","467.4","","",""
"33511","","","","","","","","","","","","","","","","","","","","","","","","","","","","","","","","","","","","","","","","518.0666666666667","518.0666666666667","518.0666666666667"
"33686","","","","","","","","","","","","","","","","373.1666666666667","373.1666666666667","373.1666666666667","","","","","","","","","","","","","452.4","452.4","452.4","","","","","","","","",""
"33697","","","","","","","","","","","","","358.3666666666667","358.3666666666667","358.3666666666667","","","","","","","","","","587.4333333333333","587.4333333333333","587.4333333333333","","","","","","","","","","","","","","",""
"33708","","","","","","","","","","","","","","","","","","","534.4","534.4","534.4","383.4","383.4","383.4","","","","","","","","","","","","","","","","","",""
"33723","","","","","","","","","","","","","","","","","","","","","","","","","","","","360.8","360.8","360.8","","","","470.73333333333335","470.73333333333335","470.73333333333335","393.3","393.3","393.3","","",""
"34155","585.6666666666666","585.6666666666666","585.6666666666666","583.8333333333334","583.8333333333334","583.8333333333334","","","","","","","","","","","","","","","","","","","","","","","","","","","","","","","","","","","",""
"34239","","","","","","","646.8","646.8","646.8","423.6666666666667","423.6666666666667","423.6666666666667","","","","","","","","","","","","","","","","","","","","","","","","","","","","","",""
"34319","","","","","","","","","","","","","","","","","","","643","643","643","392.8","392.8","392.8","","","","","","","","","","","","","","","","","",""
"34447","","","","","","","","","","","","","","","","545.1","545.1","545.1","","","","","","","","","","","","","517.1333333333333","517.1333333333333","517.1333333333333","","","","","","","","",""
"34458","","","","","","","","","","","","","344.76666666666665","344.76666666666665","344.76666666666665","","","","","","","","","","542.3","542.3","542.3","","","","","","","","","","","","","","",""
"34484","","","","","","","","","","","","","","","","","","","","","","","","","","","","378.2","378.2","378.2","","","","442.8","442.8","442.8","647.5","647.5","647.5","","",""
"34930","","","","","","","","","","","","","","","","","","","462.26666666666665","462.26666666666665","462.26666666666665","548.7","548.7","548.7","","","","","","","","","","","","","","","","","",""
"35208","","","","","","","","","","","","","","","","313.23333333333335","313.23333333333335","313.23333333333335","","","","","","","","","","","","","377.3333333333333","377.3333333333333","377.3333333333333","","","","","","","","",""
"35223","","","","","","","","","","","","","463.76666666666665","463.76666666666665","463.76666666666665","","","","","","","","","","472.1333333333333","472.1333333333333","472.1333333333333","","","","","","","","","","","","","","",""
"35245","","","","","","","","","","","","","","","","","","","","","","","","","","","","364.1","364.1","364.1","","","","301.56666666666666","301.56666666666666","301.56666666666666","497.76666666666665","497.76666666666665","497.76666666666665","","",""
"35541","","","","","","","","","","","","","","","","","","","424.8333333333333","424.8333333333333","424.8333333333333","500.53333333333336","500.53333333333336","500.53333333333336","","","","","","","","","","","","","","","","","",""
"35973","","","","","","","","","","","","","","","","426.46666666666664","426.46666666666664","426.46666666666664","","","","","","","","","","","","","467.06666666666666","467.06666666666666","467.06666666666666","","","","","","","","",""
"35984","","","","","","","","","","","","","335.56666666666666","335.56666666666666","335.56666666666666","","","","","","","","","","601.2","601.2","601.2","","","","","","","","","","","","","","",""
"36006","","","","","","","","","","","","","","","","","","","","","","","","","","","","372.1","372.1","372.1","","","","432.43333333333334","432.43333333333334","432.43333333333334","418.4","418.4","418.4","","",""
"36152","","","","","","","","","","","","","","","","","","","458.3","458.3","458.3","432.73333333333335","432.73333333333335","432.73333333333335","","","","","","","","","","","","","","","","","",""
"36734","","","","","","","","","","","","","","","","495.03333333333336","495.03333333333336","495.03333333333336","","","","","","","","","","","","","272.03333333333336","272.03333333333336","272.03333333333336","","","","","","","","",""
"36745","","","","","","","","","","","","","395.96666666666664","395.96666666666664","395.96666666666664","","","","","","","","","","445.53333333333336","445.53333333333336","445.53333333333336","","","","","","","","","","","","","","",""
"36766","","","","","","","","","","","","","","","","","","","566.3","566.3","566.3","474.56666666666666","474.56666666666666","474.56666666666666","","","","","","","","","","","","","","","","","",""
"36767","","","","","","","","","","","","","","","","","","","","","","","","","","","","485.73333333333335","485.73333333333335","485.73333333333335","","","","388.53333333333336","388.53333333333336","388.53333333333336","404.3666666666667","404.3666666666667","404.3666666666667","","",""
"37377","","","","","","","","","","","","","","","","","","","390.8666666666667","390.8666666666667","390.8666666666667","548.6666666666666","548.6666666666666","548.6666666666666","","","","","","","","","","","","","","","","","",""
"37495","","","","","","","","","","","","","","","","527.8666666666667","527.8666666666667","527.8666666666667","","","","","","","","","","","","","520.3666666666667","520.3666666666667","520.3666666666667","","","","","","","","",""
"37506","","","","","","","","","","","","","406.73333333333335","406.73333333333335","406.73333333333335","","","","","","","","","","326.6666666666667","326.6666666666667","326.6666666666667","","","","","","","","","","","","","","",""
"37531","","","","","","","","","","","","","","","","","","","","","","","","","","","","492.3333333333333","492.3333333333333","492.3333333333333","","","","424.53333333333336","424.53333333333336","424.53333333333336","373.3","373.3","373.3","","",""
"37988","","","","","","","","","","","","","","","","","","","439.23333333333335","439.23333333333335","439.23333333333335","564.8333333333334","564.8333333333334","564.8333333333334","","","","","","","","","","","","","","","","","",""
"38256","","","","","","","","","","","","","","","","401.06666666666666","401.06666666666666","401.06666666666666","","","","","","","","","","","","","580.1666666666666","580.1666666666666","580.1666666666666","","","","","","","","",""
"38267","","","","","","","","","","","","","288.3333333333333","288.3333333333333","288.3333333333333","","","","","","","","","","564.5666666666667","564.5666666666667","564.5666666666667","","","","","","","","","","","","","","",""
"38292","","","","","","","","","","","","","","","","","","","","","","","","","","","","453","453","453","","","","396.8666666666667","396.8666666666667","396.8666666666667","457.2","457.2","457.2","","",""
"38371","679.9666666666667","679.9666666666667","679.9666666666667","481.3666666666667","481.3666666666667","481.3666666666667","","","","","","","","","","","","","","","","","","","","","","","","","","","","","","","","","","","",""
"38599","","","","","","","","","","","","","","","","","","","344.26666666666665","344.26666666666665","344.26666666666665","555.5666666666667","555.5666666666667","555.5666666666667","","","","","","","","","","","","","","","","","",""
"39017","","","","","","","","","","","","","","","","377.3666666666667","377.3666666666667","377.3666666666667","","","","","","","","","","","","","507.3333333333333","507.3333333333333","507.3333333333333","","","","","","","","",""
"39031","","","","","","","","","","","","","503.7","503.7","503.7","","","","","","","","","","437.6666666666667","437.6666666666667","437.6666666666667","","","","","","","","","","","","","","",""
"39053","","","","","","","","","","","","","","","","","","","","","","","","","","","","576.2","576.2","576.2","","","","377.1666666666667","377.1666666666667","377.1666666666667","441.3333333333333","441.3333333333333","441.3333333333333","","",""
"39210","","","","","","","","","","","","","","","","","","","316.56666666666666","316.56666666666666","316.56666666666666","495.73333333333335","495.73333333333335","495.73333333333335","","","","","","","","","","","","","","","","","",""
"39781","","","","","","","","","","","","","","","","510.23333333333335","510.23333333333335","510.23333333333335","","","","","","","","","","","","","408.4","408.4","408.4","","","","","","","","",""
"39792","","","","","","","","","","","","","593.8666666666667","593.8666666666667","593.8666666666667","","","","","","","","","","386.73333333333335","386.73333333333335","386.73333333333335","","","","","","","","","","","","","","",""
"39814","","","","","","","","","","","","","","","","","","","","","","","","","","","","522.9666666666667","522.9666666666667","522.9666666666667","","","","473.6","473.6","473.6","356.56666666666666","356.56666666666666","356.56666666666666","","",""
"39825","","","","","","","","","","","","","","","","","","","","","","522.4","522.4","522.4","","","","","","","","","","","","","","","","","",""
"39840","","","","","","","","","","","","","","","","","","","513.2666666666667","513.2666666666667","513.2666666666667","","","","","","","","","","","","","","","","","","","","",""
"39851","","","","","","","483.43333333333334","483.43333333333334","483.43333333333334","548.3","548.3","548.3","","","","","","","","","","","","","","","","","","","","","","","","","","","","","",""
"40436","","","","","","","","","","","","","","","","","","","","","","365.73333333333335","365.73333333333335","365.73333333333335","","","","","","","","","","","","","","","","","",""
"40542","","","","","","","","","","","","","","","","326.43333333333334","326.43333333333334","326.43333333333334","","","","","","","","","","","","","441.23333333333335","441.23333333333335","441.23333333333335","","","","","","","","",""
"40553","","","","","","","","","","","","","468.1666666666667","468.1666666666667","468.1666666666667","","","","","","","","","","461.46666666666664","461.46666666666664","461.46666666666664","","","","","","","","","","","","","","",""
"40575","","","","","","","","","","","","","","","","","","","","","","","","","","","","457.76666666666665","457.76666666666665","457.76666666666665","","","","410.56666666666666","410.56666666666666","410.56666666666666","448.8","448.8","448.8","","",""
"40601","","","","","","","","","","","","","","","","","","","489.2","489.2","489.2","","","","","","","","","","","","","","","","","","","","",""
"41047","","","","","","","","","","","","","","","","","","","","","","479.3","479.3","479.3","","","","","","","","","","","","","","","","","",""
"41303","","","","","","","","","","","","","","","","477.06666666666666","477.06666666666666","477.06666666666666","","","","","","","","","","","","","449.23333333333335","449.23333333333335","449.23333333333335","","","","","","","","",""
"41314","","","","","","","","","","","","","452.4","452.4","452.4","","","","","","","","","","427.7","427.7","427.7","","","","","","","","","","","","","","",""
"41340","","","","","","","","","","","","","","","","","","","","","","","","","","","","382.7","382.7","382.7","","","","564.1333333333333","564.1333333333333","564.1333333333333","593.8","593.8","593.8","","",""
"41362","","","","","","","","","","","","","","","","","","","435.1","435.1","435.1","","","","","","","","","","","","","","","","","","","","",""
"41658","","","","","","","","","","","","","","","","","","","","","","375.6","375.6","375.6","","","","","","","","","","","","","","","","","",""
"42064","","","","","","","","","","","","","","","","531.7","531.7","531.7","","","","","","","","","","","","","548.7333333333333","548.7333333333333","548.7333333333333","","","","","","","","",""
"42075","","","","","","","","","","","","","397","397","397","","","","","","","","","","450.1","450.1","450.1","","","","","","","","","","","","","","",""
"42101","","","","","","","","","","","","","","","","","","","","","","","","","","","","362.6","362.6","362.6","","","","563.2333333333333","563.2333333333333","563.2333333333333","494.1666666666667","494.1666666666667","494.1666666666667","","",""
"42123","","","","","","","","","","","","","","","","","","","512.8","512.8","512.8","","","","","","","","","","","","","","","","","","","","",""
"42269","","","","","","","","","","","","","","","","","","","","","","537.0333333333333","537.0333333333333","537.0333333333333","","","","","","","","","","","","","","","","","",""
"42591","587.2","587.2","587.2","517.7","517.7","517.7","","","","","","","","","","","","","","","","","","","","","","","","","","","","","","","","","","","",""
"42825","","","","","","","","","","","","","","","","412.1333333333333","412.1333333333333","412.1333333333333","","","","","","","","","","","","","514.1333333333333","514.1333333333333","514.1333333333333","","","","","","","","",""
"42840","","","","","","","","","","","","","319.6666666666667","319.6666666666667","319.6666666666667","","","","","","","","","","366.53333333333336","366.53333333333336","366.53333333333336","","","","","","","","","","","","","","",""
"42862","","","","","","","","","","","","","","","","","","","","","","","","","","","","507.5","507.5","507.5","","","","355.9","355.9","355.9","547.4666666666667","547.4666666666667","547.4666666666667","","",""
"42883","","","","","","","","","","","","","","","","","","","","","","449.6","449.6","449.6","","","","","","","","","","","","","","","","","",""
"42884","","","","","","","","","","","","","","","","","","","401.1","401.1","401.1","","","","","","","","","","","","","","","","","","","","",""
"43494","","","","","","","","","","","","","","","","","","","","","","367.7","367.7","367.7","","","","","","","","","","","","","","","","","",""
"43590","","","","","","","","","","","","","","","","437.4","437.4","437.4","","","","","","","","","","","","","371.3","371.3","371.3","","","","","","","","",""
"43601","","","","","","","","","","","","","601.1","601.1","601.1","","","","","","","","","","369.76666666666665","369.76666666666665","369.76666666666665","","","","","","","","","","","","","","",""
"43623","","","","","","","","","","","","","","","","","","","","","","","","","","","","237.4","237.4","237.4","","","","391.6666666666667","391.6666666666667","391.6666666666667","452.46666666666664","452.46666666666664","452.46666666666664","","",""
"43648","","","","","","","","","","","","","","","","","","","475.6333333333333","475.6333333333333","475.6333333333333","","","","","","","","","","","","","","","","","","","","",""
"44105","","","","","","","","","","","","","","","","","","","","","","293.8666666666667","293.8666666666667","293.8666666666667","","","","","","","","","","","","","","","","","",""
"44351","","","","","","","","","","","","","","","","276.53333333333336","276.53333333333336","276.53333333333336","","","","","","","","","","","","","433","433","433","","","","","","","","",""
"44362","","","","","","","","","","","","","296.26666666666665","296.26666666666665","296.26666666666665","","","","","","","","","","413.6333333333333","413.6333333333333","413.6333333333333","","","","","","","","","","","","","","",""
"44384","","","","","","","","","","","","","","","","","","","","","","","","","","","","469.53333333333336","469.53333333333336","469.53333333333336","","","","383.3333333333333","383.3333333333333","383.3333333333333","618.4333333333333","618.4333333333333","618.4333333333333","","",""
"44409","","","","","","","","","","","","","","","","","","","401.96666666666664","401.96666666666664","401.96666666666664","","","","","","","","","","","","","","","","","","","","",""
"44716","","","","","","","","","","","","","","","","","","","","","","511.6","511.6","511.6","","","","","","","","","","","","","","","","","",""
"45112","","","","","","","","","","","","","","","","540.3666666666667","540.3666666666667","540.3666666666667","","","","","","","","","","","","","437.26666666666665","437.26666666666665","437.26666666666665","","","","","","","","",""
"45123","","","","","","","","","","","","","466.93333333333334","466.93333333333334","466.93333333333334","","","","","","","","","","451.6666666666667","451.6666666666667","451.6666666666667","","","","","","","","","","","","","","",""
"45148","","","","","","","","","","","","","","","","","","","","","","","","","","","","281.1333333333333","281.1333333333333","281.1333333333333","","","","404.23333333333335","404.23333333333335","404.23333333333335","279.56666666666666","279.56666666666666","279.56666666666666","","",""
"45170","","","","","","","","","","","","","","","","","","","531.2666666666667","531.2666666666667","531.2666666666667","","","","","","","","","","","","","","","","","","","","",""
"45327","","","","","","","","","","","","","","","","","","","","","","542.6333333333333","542.6333333333333","542.6333333333333","","","","","","","","","","","","","","","","","",""
"45463","","","","","","","455.1666666666667","455.1666666666667","455.1666666666667","614.4666666666667","614.4666666666667","614.4666666666667","","","","","","","","","","","","","","","","","","","","","","","","","","","","","",""
"45873","","","","","","","","","","","","","","","","484.4","484.4","484.4","","","","","","","","","","","","","501.8","501.8","501.8","","","","","","","","",""
"45884","","","","","","","","","","","","","410.23333333333335","410.23333333333335","410.23333333333335","","","","","","","","","","427.8666666666667","427.8666666666667","427.8666666666667","","","","","","","","","","","","","","",""
"45909","","","","","","","","","","","","","","","","","","","","","","","","","","","","422.96666666666664","422.96666666666664","422.96666666666664","","","","268.2","268.2","268.2","539.1333333333333","539.1333333333333","539.1333333333333","","",""
"45931","","","","","","","","","","","","","","","","","","","506","506","506","","","","","","","","","","","","","","","","","","","","",""
"45957","","","","","","","","","","","","","","","","","","","","","","446.23333333333335","446.23333333333335","446.23333333333335","","","","","","","","","","","","","","","","","",""
"46634","","","","","","","","","","","","","","","","577.3666666666667","577.3666666666667","577.3666666666667","","","","","","","","","","","","","638.9666666666667","638.9666666666667","638.9666666666667","","","","","","","","",""
"46648","","","","","","","","","","","","","486.8333333333333","486.8333333333333","486.8333333333333","","","","","","","","","","411.26666666666665","411.26666666666665","411.26666666666665","","","","","","","","","","","","","","",""
"46670","","","","","","","","","","","","","","","","","","","","","","","","","","","","364.46666666666664","364.46666666666664","364.46666666666664","","","","392.6666666666667","392.6666666666667","392.6666666666667","468.93333333333334","468.93333333333334","468.93333333333334","","",""
"46692","","","","","","","","","","","","","","","","","","","474.23333333333335","474.23333333333335","474.23333333333335","","","","","","","","","","","","","","","","","","","","",""
"46718","","","","","","","","","","","","","","","","","","","","","","459.8666666666667","459.8666666666667","459.8666666666667","","","","","","","","","","","","","","","","","",""
"46807","542.8","542.8","542.8","389.5","389.5","389.5","","","","","","","","","","","","","","","","","","","","","","","","","","","","","","","","","","","",""
"47398","","","","","","","","","","","","","","","","472.96666666666664","472.96666666666664","472.96666666666664","","","","","","","","","","","","","494","494","494","","","","","","","","",""
"47409","","","","","","","","","","","","","456.6333333333333","456.6333333333333","456.6333333333333","","","","","","","","","","448.8333333333333","448.8333333333333","448.8333333333333","","","","","","","","","","","","","","",""
"47431","","","","","","","","","","","","","","","","","","","","","","","","","","","","336.9","336.9","336.9","","","","442.6333333333333","442.6333333333333","442.6333333333333","368.06666666666666","368.06666666666666","368.06666666666666","","",""
"47457","","","","","","","","","","","","","","","","","","","387.3333333333333","387.3333333333333","387.3333333333333","","","","","","","","","","","","","","","","","","","","",""
"47479","","","","","","","","","","","","","","","","","","","","","","386.6","386.6","386.6","","","","","","","","","","","","","","","","","",""
"48159","","","","","","","","","","","","","","","","475.96666666666664","475.96666666666664","475.96666666666664","","","","","","","","","","","","","440.26666666666665","440.26666666666665","440.26666666666665","","","","","","","","",""
"48170","","","","","","","","","","","","","350.23333333333335","350.23333333333335","350.23333333333335","","","","","","","","","","404.73333333333335","404.73333333333335","404.73333333333335","","","","","","","","","","","","","","",""
"48192","","","","","","","","","","","","","","","","","","","","","","","","","","","","539.2","539.2","539.2","","","","332.96666666666664","332.96666666666664","332.96666666666664","549.7666666666667","549.7666666666667","549.7666666666667","","",""
"48218","","","","","","","","","","","","","","","","","","","582.7666666666667","582.7666666666667","582.7666666666667","","","","","","","","","","","","","","","","","","","","",""
"48240","","","","","","","","","","","","","","","","","","","","","","389.76666666666665","389.76666666666665","389.76666666666665","","","","","","","","","","","","","","","","","",""
"48920","","","","","","","","","","","","","","","","503.93333333333334","503.93333333333334","503.93333333333334","","","","","","","","","","","","","589.6","589.6","589.6","","","","","","","","",""
"48931","","","","","","","","","","","","","504.76666666666665","504.76666666666665","504.76666666666665","","","","","","","","","","444.6","444.6","444.6","","","","","","","","","","","","","","",""
"48957","","","","","","","","","","","","","","","","","","","","","","","","","","","","437.8333333333333","437.8333333333333","437.8333333333333","","","","342.73333333333335","342.73333333333335","342.73333333333335","438.93333333333334","438.93333333333334","438.93333333333334","","",""
"48979","","","","","","","","","","","","","","","","","","","379.53333333333336","379.53333333333336","379.53333333333336","","","","","","","","","","","","","","","","","","","","",""
"49001","","","","","","","","","","","","","","","","","","","","","","411.3666666666667","411.3666666666667","411.3666666666667","","","","","","","","","","","","","","","","","",""
"49681","","","","","","","","","","","","","","","","470.06666666666666","470.06666666666666","470.06666666666666","","","","","","","","","","","","","549.0666666666667","549.0666666666667","549.0666666666667","","","","","","","","",""
"49692","","","","","","","","","","","","","356.03333333333336","356.03333333333336","356.03333333333336","","","","","","","","","","212.93333333333334","212.93333333333334","212.93333333333334","","","","","","","","","","","","","","",""
"49718","","","","","","","","","","","","","","","","","","","","","","","","","","","","367.56666666666666","367.56666666666666","367.56666666666666","","","","483.5","483.5","483.5","552.5333333333333","552.5333333333333","552.5333333333333","","",""
"49740","","","","","","","","","","","","","","","","","","","387.5","387.5","387.5","","","","","","","","","","","","","","","","","","","","",""
"49765","","","","","","","","","","","","","","","","","","","","","","481.03333333333336","481.03333333333336","481.03333333333336","","","","","","","","","","","","","","","","","",""
"50442","","","","","","","","","","","","","","","","734.4","734.4","734.4","","","","","","","","","","","","","512.1666666666666","512.1666666666666","512.1666666666666","","","","","","","","",""
"50457","","","","","","","","","","","","","433.8666666666667","433.8666666666667","433.8666666666667","","","","","","","","","","447.1666666666667","447.1666666666667","447.1666666666667","","","","","","","","","","","","","","",""
"50479","","","","","","","","","","","","","","","","","","","","","","","","","","","","395.1666666666667","395.1666666666667","395.1666666666667","","","","391.93333333333334","391.93333333333334","391.93333333333334","377.56666666666666","377.56666666666666","377.56666666666666","","",""
"50501","","","","","","","","","","","","","","","","","","","459.8","459.8","459.8","","","","","","","","","","","","","","","","","","","","",""
"50526","","","","","","","","","","","","","","","","","","","","","","529.1","529.1","529.1","","","","","","","","","","","","","","","","","",""
"51023","677.2","677.2","677.2","484.76666666666665","484.76666666666665","484.76666666666665","","","","","","","","","","","","","","","","","","","","","","","","","","","","","","","","","","","",""
"51075","","","","","","","512.9666666666667","512.9666666666667","512.9666666666667","485.7","485.7","485.7","","","","","","","","","","","","","","","","","","","","","","","","","","","","","",""
"51207","","","","","","","","","","","","","","","","337.8666666666667","337.8666666666667","337.8666666666667","","","","","","","","","","","","","441.1333333333333","441.1333333333333","441.1333333333333","","","","","","","","",""
"51218","","","","","","","","","","","","","446.03333333333336","446.03333333333336","446.03333333333336","","","","","","","","","","352.06666666666666","352.06666666666666","352.06666666666666","","","","","","","","","","","","","","",""
"51240","","","","","","","","","","","","","","","","","","","","","","","","","","","","575.4666666666667","575.4666666666667","575.4666666666667","","","","466.96666666666664","466.96666666666664","466.96666666666664","328.5","328.5","328.5","","",""
"51265","","","","","","","","","","","","","","","","","","","461.3333333333333","461.3333333333333","461.3333333333333","","","","","","","","","","","","","","","","","","","","",""
"51287","","","","","","","","","","","","","","","","","","","","","","330.6666666666667","330.6666666666667","330.6666666666667","","","","","","","","","","","","","","","","","",""
"51968","","","","","","","","","","","","","","","","448.53333333333336","448.53333333333336","448.53333333333336","","","","","","","","","","","","","499.5","499.5","499.5","","","","","","","","",""
"51979","","","","","","","","","","","","","428.6333333333333","428.6333333333333","428.6333333333333","","","","","","","","","","395.43333333333334","395.43333333333334","395.43333333333334","","","","","","","","","","","","","","",""
"52001","","","","","","","","","","","","","","","","","","","","","","","","","","","","383.1","383.1","383.1","","","","508.9","508.9","508.9","559.9333333333333","559.9333333333333","559.9333333333333","","",""
"52026","","","","","","","","","","","","","","","","","","","406.43333333333334","406.43333333333334","406.43333333333334","","","","","","","","","","","","","","","","","","","","",""
"52048","","","","","","","","","","","","","","","","","","","","","","407.73333333333335","407.73333333333335","407.73333333333335","","","","","","","","","","","","","","","","","",""
"52729","","","","","","","","","","","","","","","","376.1333333333333","376.1333333333333","376.1333333333333","","","","","","","","","","","","","425.8666666666667","425.8666666666667","425.8666666666667","","","","","","","","",""
"52740","","","","","","","","","","","","","493.3333333333333","493.3333333333333","493.3333333333333","","","","","","","","","","390.2","390.2","390.2","","","","","","","","","","","","","","",""
"52765","","","","","","","","","","","","","","","","","","","","","","","","","","","","362.43333333333334","362.43333333333334","362.43333333333334","","","","467.8333333333333","467.8333333333333","467.8333333333333","357.6","357.6","357.6","","",""
"52787","","","","","","","","","","","","","","","","","","","315.1333333333333","315.1333333333333","315.1333333333333","","","","","","","","","","","","","","","","","","","","",""
"52809","","","","","","","","","","","","","","","","","","","","","","405.8333333333333","405.8333333333333","405.8333333333333","","","","","","","","","","","","","","","","","",""
"53490","","","","","","","","","","","","","","","","578.5666666666667","578.5666666666667","578.5666666666667","","","","","","","","","","","","","309.6","309.6","309.6","","","","","","","","",""
"53501","","","","","","","","","","","","","495","495","495","","","","","","","","","","490.1333333333333","490.1333333333333","490.1333333333333","","","","","","","","","","","","","","",""
"53526","","","","","","","","","","","","","","","","","","","","","","","","","","","","542.4","542.4","542.4","","","","537.9333333333333","537.9333333333333","537.9333333333333","312.6333333333333","312.6333333333333","312.6333333333333","","",""
"53548","","","","","","","","","","","","","","","","","","","327.7","327.7","327.7","","","","","","","","","","","","","","","","","","","","",""
"53574","","","","","","","","","","","","","","","","","","","","","","370.73333333333335","370.73333333333335","370.73333333333335","","","","","","","","","","","","","","","","","",""
"54251","","","","","","","","","","","","","","","","428.1333333333333","428.1333333333333","428.1333333333333","","","","","","","","","","","","","344.03333333333336","344.03333333333336","344.03333333333336","","","","","","","","",""
"54265","","","","","","","","","","","","","372.53333333333336","372.53333333333336","372.53333333333336","","","","","","","","","","494.2","494.2","494.2","","","","","","","","","","","","","","",""
"54287","","","","","","","","","","","","","","","","","","","","","","","","","","","","594.5","594.5","594.5","","","","512.5","512.5","512.5","431.9","431.9","431.9","","",""
"54309","","","","","","","","","","","","","","","","","","","474.23333333333335","474.23333333333335","474.23333333333335","","","","","","","","","","","","","","","","","","","","",""
"54335","","","","","","","","","","","","","","","","","","","","","","587","587","587","","","","","","","","","","","","","","","","","",""
"55015","","","","","","","","","","","","","","","","419.5","419.5","419.5","","","","","","","","","","","","","456.7","456.7","456.7","","","","","","","","",""
"55026","","","","","","","","","","","","","515.8666666666667","515.8666666666667","515.8666666666667","","","","","","","","","","404.46666666666664","404.46666666666664","404.46666666666664","","","","","","","","","","","","","","",""
"55048","","","","","","","","","","","","","","","","","","","","","","","","","","","","350.93333333333334","350.93333333333334","350.93333333333334","","","","378.03333333333336","378.03333333333336","378.03333333333336","631.9","631.9","631.9","","",""
"55074","","","","","","","","","","","","","","","","","","","373.6333333333333","373.6333333333333","373.6333333333333","","","","","","","","","","","","","","","","","","","","",""
"55096","","","","","","","","","","","","","","","","","","","","","","355.3","355.3","355.3","","","","","","","","","","","","","","","","","",""
"55239","549.7666666666667","549.7666666666667","549.7666666666667","353.06666666666666","353.06666666666666","353.06666666666666","","","","","","","","","","","","","","","","","","","","","","","","","","","","","","","","","","","",""
"55776","","","","","","","","","","","","","","","","480.96666666666664","480.96666666666664","480.96666666666664","","","","","","","","","","","","","509.8333333333333","509.8333333333333","509.8333333333333","","","","","","","","",""
"55787","","","","","","","","","","","","","411.1","411.1","411.1","","","","","","","","","","583.2","583.2","583.2","","","","","","","","","","","","","","",""
"55809","","","","","","","","","","","","","","","","","","","","","","","","","","","","575.5666666666667","575.5666666666667","575.5666666666667","","","","362.3666666666667","362.3666666666667","362.3666666666667","513.2333333333333","513.2333333333333","513.2333333333333","","",""
"55835","","","","","","","","","","","","","","","","","","","486.7","486.7","486.7","","","","","","","","","","","","","","","","","","","","",""
"55857","","","","","","","","","","","","","","","","","","","","","","447.3666666666667","447.3666666666667","447.3666666666667","","","","","","","","","","","","","","","","","",""
"56537","","","","","","","","","","","","","","","","528.3666666666667","528.3666666666667","528.3666666666667","","","","","","","","","","","","","554.6333333333333","554.6333333333333","554.6333333333333","","","","","","","","",""
"56548","","","","","","","","","","","","","456.1333333333333","456.1333333333333","456.1333333333333","","","","","","","","","","379.3666666666667","379.3666666666667","379.3666666666667","","","","","","","","","","","","","","",""
"56574","","","","","","","","","","","","","","","","","","","","","","","","","","","","409.96666666666664","409.96666666666664","409.96666666666664","","","","395.6","395.6","395.6","472.6","472.6","472.6","","",""
"56596","","","","","","","","","","","","","","","","","","","438.1","438.1","438.1","","","","","","","","","","","","","","","","","","","","",""
"56618","","","","","","","","","","","","","","","","","","","","","","450.6333333333333","450.6333333333333","450.6333333333333","","","","","","","","","","","","","","","","","",""
"56690","","","","","","","423.6","423.6","423.6","652.4","652.4","652.4","","","","","","","","","","","","","","","","","","","","","","","","","","","","","",""
"57298","","","","","","","","","","","","","","","","334.2","334.2","334.2","","","","","","","","","","","","","402.46666666666664","402.46666666666664","402.46666666666664","","","","","","","","",""
"57309","","","","","","","","","","","","","423.26666666666665","423.26666666666665","423.26666666666665","","","","","","","","","","417.53333333333336","417.53333333333336","417.53333333333336","","","","","","","","","","","","","","",""
"57335","","","","","","","","","","","","","","","","","","","","","","","","","","","","263.6","263.6","263.6","","","","360.8666666666667","360.8666666666667","360.8666666666667","270.26666666666665","270.26666666666665","270.26666666666665","","",""
"57357","","","","","","","","","","","","","","","","","","","405.3666666666667","405.3666666666667","405.3666666666667","","","","","","","","","","","","","","","","","","","","",""
"57382","","","","","","","","","","","","","","","","","","","","","","498","498","498","","","","","","","","","","","","","","","","","",""
"58059","","","","","","","","","","","","","","","","381.06666666666666","381.06666666666666","381.06666666666666","","","","","","","","","","","","","489.8","489.8","489.8","","","","","","","","",""
"58074","","","","","","","","","","","","","619.2333333333333","619.2333333333333","619.2333333333333","","","","","","","","","","309.23333333333335","309.23333333333335","309.23333333333335","","","","","","","","","","","","","","",""
"58096","","","","","","","","","","","","","","","","","","","","","","","","","","","","435.53333333333336","435.53333333333336","435.53333333333336","","","","541.5666666666667","541.5666666666667","541.5666666666667","466.03333333333336","466.03333333333336","466.03333333333336","","",""
"58118","","","","","","","","","","","","","","","","","","","408.23333333333335","408.23333333333335","408.23333333333335","","","","","","","","","","","","","","","","","","","","",""
"58143","","","","","","","","","","","","","","","","","","","","","","563.2666666666667","563.2666666666667","563.2666666666667","","","","","","","","","","","","","","","","","",""
"58824","","","","","","","","","","","","","","","","497.8333333333333","497.8333333333333","497.8333333333333","","","","","","","","","","","","","520.1333333333333","520.1333333333333","520.1333333333333","","","","","","","","",""
"58835","","","","","","","","","","","","","448.6","448.6","448.6","","","","","","","","","","495.8333333333333","495.8333333333333","495.8333333333333","","","","","","","","","","","","","","",""
"58857","","","","","","","","","","","","","","","","","","","","","","","","","","","","374.03333333333336","374.03333333333336","374.03333333333336","","","","496.03333333333336","496.03333333333336","496.03333333333336","425.6","425.6","425.6","","",""
"58882","","","","","","","","","","","","","","","","","","","408.8666666666667","408.8666666666667","408.8666666666667","","","","","","","","","","","","","","","","","","","","",""
"58904","","","","","","","","","","","","","","","","","","","","","","608.4","608.4","608.4","","","","","","","","","","","","","","","","","",""
"59455","386.53333333333336","386.53333333333336","386.53333333333336","549.6333333333333","549.6333333333333","549.6333333333333","","","","","","","","","","","","","","","","","","","","","","","","","","","","","","","","","","","",""
"59585","","","","","","","","","","","","","","","","323.8333333333333","323.8333333333333","323.8333333333333","","","","","","","","","","","","","328.93333333333334","328.93333333333334","328.93333333333334","","","","","","","","",""
"59596","","","","","","","","","","","","","404.8","404.8","404.8","","","","","","","","","","559.7666666666667","559.7666666666667","559.7666666666667","","","","","","","","","","","","","","",""
"59618","","","","","","","","","","","","","","","","","","","","","","","","","","","","469.9","469.9","469.9","","","","362.3666666666667","362.3666666666667","362.3666666666667","428.03333333333336","428.03333333333336","428.03333333333336","","",""
"59643","","","","","","","","","","","","","","","","","","","377.5","377.5","377.5","","","","","","","","","","","","","","","","","","","","",""
"59665","","","","","","","","","","","","","","","","","","","","","","300.8666666666667","300.8666666666667","300.8666666666667","","","","","","","","","","","","","","","","","",""
"60346","","","","","","","","","","","","","","","","538.9666666666667","538.9666666666667","538.9666666666667","","","","","","","","","","","","","518.9","518.9","518.9","","","","","","","","",""
"60357","","","","","","","","","","","","","442.8666666666667","442.8666666666667","442.8666666666667","","","","","","","","","","379.2","379.2","379.2","","","","","","","","","","","","","","",""
"60382","","","","","","","","","","","","","","","","","","","","","","","","","","","","533.7","533.7","533.7","","","","499.56666666666666","499.56666666666666","499.56666666666666","329.6333333333333","329.6333333333333","329.6333333333333","","",""
"60404","","","","","","","","","","","","","","","","","","","504.46666666666664","504.46666666666664","504.46666666666664","","","","","","","","","","","","","","","","","","","","",""
"60426","","","","","","","","","","","","","","","","","","","","","","453.1","453.1","453.1","","","","","","","","","","","","","","","","","",""
"61107","","","","","","","","","","","","","","","","470.6333333333333","470.6333333333333","470.6333333333333","","","","","","","","","","","","","746.1666666666666","746.1666666666666","746.1666666666666","","","","","","","","",""
"61118","","","","","","","","","","","","","390.1333333333333","390.1333333333333","390.1333333333333","","","","","","","","","","477.43333333333334","477.43333333333334","477.43333333333334","","","","","","","","","","","","","","",""
"61143","","","","","","","","","","","","","","","","","","","","","","","","","","","","408.93333333333334","408.93333333333334","408.93333333333334","","","","369.7","369.7","369.7","507.8333333333333","507.8333333333333","507.8333333333333","","",""
"61165","","","","","","","","","","","","","","","","","","","567.2333333333333","567.2333333333333","567.2333333333333","","","","","","","","","","","","","","","","","","","","",""
"61191","","","","","","","","","","","","","","","","","","","","","","396.43333333333334","396.43333333333334","396.43333333333334","","","","","","","","","","","","","","","","","",""
"61868","","","","","","","","","","","","","","","","335.1333333333333","335.1333333333333","335.1333333333333","","","","","","","","","","","","","540.9333333333333","540.9333333333333","540.9333333333333","","","","","","","","",""
"61882","","","","","","","","","","","","","447.4","447.4","447.4","","","","","","","","","","","","","","","","","","","","","","","","","","",""
"61897","","","","","","","","","","","","","","","","","","","","","","","","","338.76666666666665","338.76666666666665","338.76666666666665","","","","","","","","","","","","","","",""
"61904","","","","","","","","","","","","","","","","","","","","","","","","","","","","456.46666666666664","456.46666666666664","456.46666666666664","","","","434.8","434.8","434.8","406.2","406.2","406.2","","",""
"61926","","","","","","","","","","","","","","","","","","","466.1","466.1","466.1","","","","","","","","","","","","","","","","","","","","",""
"61952","","","","","","","","","","","","","","","","","","","","","","422.6333333333333","422.6333333333333","422.6333333333333","","","","","","","","","","","","","","","","","",""
"62302","","","","","","","546.5","546.5","546.5","419.93333333333334","419.93333333333334","419.93333333333334","","","","","","","","","","","","","","","","","","","","","","","","","","","","","",""
"62632","","","","","","","","","","","","","","","","","","","","","","","","","","","","","","","471.26666666666665","471.26666666666665","471.26666666666665","","","","","","","","",""
"62643","","","","","","","","","","","","","417.8333333333333","417.8333333333333","417.8333333333333","","","","","","","","","","","","","","","","","","","","","","","","","","",""
"62647","","","","","","","","","","","","","","","","389.56666666666666","389.56666666666666","389.56666666666666","","","","","","","","","","","","","","","","","","","","","","","",""
"62665","","","","","","","","","","","","","","","","","","","","","","","","","","","","340.76666666666665","340.76666666666665","340.76666666666665","","","","337.4","337.4","337.4","416.8333333333333","416.8333333333333","416.8333333333333","","",""
"62691","","","","","","","","","","","","","","","","","","","473.6","473.6","473.6","","","","","","","","","","","","","","","","","","","","",""
"62713","","","","","","","","","","","","","","","","","","","","","","488.23333333333335","488.23333333333335","488.23333333333335","","","","","","","","","","","","","","","","","",""
"62808","","","","","","","","","","","","","","","","","","","","","","","","","433.56666666666666","433.56666666666666","433.56666666666666","","","","","","","","","","","","","","",""
"63393","","","","","","","","","","","","","","","","","","","","","","","","","","","","","","","453.8333333333333","453.8333333333333","453.8333333333333","","","","","","","","",""
"63404","","","","","","","","","","","","","434.43333333333334","434.43333333333334","434.43333333333334","","","","","","","","","","","","","","","","","","","","","","","","","","",""
"63426","","","","","","","","","","","","","","","","","","","","","","","","","","","","489.93333333333334","489.93333333333334","489.93333333333334","","","","484.6333333333333","484.6333333333333","484.6333333333333","427.03333333333336","427.03333333333336","427.03333333333336","","",""
"63452","","","","","","","","","","","","","","","","","","","631.3","631.3","631.3","","","","","","","","","","","","","","","","","","","","",""
"63474","","","","","","","","","","","","","","","","","","","","","","504.4","504.4","504.4","","","","","","","","","","","","","","","","","",""
"63558","","","","","","","","","","","","","","","","565.7","565.7","565.7","","","","","","","","","","","","","","","","","","","","","","","",""
"63674","677.1","677.1","677.1","677.9333333333333","677.9333333333333","677.9333333333333","","","","","","","","","","","","","","","","","","","","","","","","","","","","","","","","","","","",""
"63719","","","","","","","","","","","","","","","","","","","","","","","","","485.9","485.9","485.9","","","","","","","","","","","","","","",""
"64154","","","","","","","","","","","","","","","","","","","","","","","","","","","","","","","334.76666666666665","334.76666666666665","334.76666666666665","","","","","","","","",""
"64165","","","","","","","","","","","","","434.3666666666667","434.3666666666667","434.3666666666667","","","","","","","","","","","","","","","","","","","","","","","","","","",""
"64191","","","","","","","","","","","","","","","","","","","","","","","","","","","","450.8","450.8","450.8","","","","389.03333333333336","389.03333333333336","389.03333333333336","324.1333333333333","324.1333333333333","324.1333333333333","","",""
"64213","","","","","","","","","","","","","","","","","","","538","538","538","","","","","","","","","","","","","","","","","","","","",""
"64235","","","","","","","","","","","","","","","","","","","","","","388.6","388.6","388.6","","","","","","","","","","","","","","","","","",""
"64469","","","","","","","","","","","","","","","","375.56666666666666","375.56666666666666","375.56666666666666","","","","","","","","","","","","","","","","","","","","","","","",""
"64630","","","","","","","","","","","","","","","","","","","","","","","","","382.8","382.8","382.8","","","","","","","","","","","","","","",""
"64915","","","","","","","","","","","","","","","","","","","","","","","","","","","","","","","509.96666666666664","509.96666666666664","509.96666666666664","","","","","","","","",""
"64926","","","","","","","","","","","","","385.1","385.1","385.1","","","","","","","","","","","","","","","","","","","","","","","","","","",""
"64952","","","","","","","","","","","","","","","","","","","","","","","","","","","","469.8333333333333","469.8333333333333","469.8333333333333","","","","325.73333333333335","325.73333333333335","325.73333333333335","563.7666666666667","563.7666666666667","563.7666666666667","","",""
"64974","","","","","","","","","","","","","","","","","","","527.9","527.9","527.9","","","","","","","","","","","","","","","","","","","","",""
"64999","","","","","","","","","","","","","","","","","","","","","","437.8666666666667","437.8666666666667","437.8666666666667","","","","","","","","","","","","","","","","","",""
"65380","","","","","","","","","","","","","","","","469.96666666666664","469.96666666666664","469.96666666666664","","","","","","","","","","","","","","","","","","","","","","","",""
"65541","","","","","","","","","","","","","","","","","","","","","","","","","498.43333333333334","498.43333333333334","498.43333333333334","","","","","","","","","","","","","","",""
"65676","","","","","","","","","","","","","","","","","","","","","","","","","","","","","","","515.9666666666667","515.9666666666667","515.9666666666667","","","","","","","","",""
"65706","","","","","","","","","","","","","391.93333333333334","391.93333333333334","391.93333333333334","","","","","","","","","","","","","","","","","","","","","","","","","","",""
"65713","","","","","","","","","","","","","","","","","","","","","","","","","","","","456.56666666666666","456.56666666666666","456.56666666666666","","","","378.1","378.1","378.1","405.6","405.6","405.6","","",""
"65735","","","","","","","","","","","","","","","","","","","447.6","447.6","447.6","","","","","","","","","","","","","","","","","","","","",""
"65760","","","","","","","","","","","","","","","","","","","","","","604.2","604.2","604.2","","","","","","","","","","","","","","","","","",""
"66291","","","","","","","","","","","","","","","","428.93333333333334","428.93333333333334","428.93333333333334","","","","","","","","","","","","","","","","","","","","","","","",""
"66441","","","","","","","","","","","","","","","","","","","","","","","","","","","","","","","449.23333333333335","449.23333333333335","449.23333333333335","","","","","","","","",""
"66456","","","","","","","","","","","","","","","","","","","","","","","","","398.3333333333333","398.3333333333333","398.3333333333333","","","","","","","","","","","","","","",""
"66474","","","","","","","","","","","","","","","","","","","","","","","","","","","","530","530","530","","","","489","489","489","509.93333333333334","509.93333333333334","509.93333333333334","","",""
"66499","","","","","","","","","","","","","","","","","","","392.6666666666667","392.6666666666667","392.6666666666667","","","","","","","","","","","","","","","","","","","","",""
"66521","","","","","","","","","","","","","","","","","","","","","","356.8666666666667","356.8666666666667","356.8666666666667","","","","","","","","","","","","","","","","","",""
"66617","","","","","","","","","","","","","453.3333333333333","453.3333333333333","453.3333333333333","","","","","","","","","","","","","","","","","","","","","","","","","","",""
"67202","","","","","","","","","","","","","","","","","","","","","","","","","","","","","","","403.3","403.3","403.3","","","","","","","","",""
"67206","","","","","","","","","","","","","","","","430.76666666666665","430.76666666666665","430.76666666666665","","","","","","","","","","","","","","","","","","","","","","","",""
"67235","","","","","","","","","","","","","","","","","","","","","","","","","","","","319.1666666666667","319.1666666666667","319.1666666666667","","","","475.9","475.9","475.9","394.8333333333333","394.8333333333333","394.8333333333333","","",""
"67260","","","","","","","","","","","","","","","","","","","382.6","382.6","382.6","","","","","","","","","","","","","","","","","","","","",""
"67282","","","","","","","","","","","","","","","","","","","","","","275.46666666666664","275.46666666666664","275.46666666666664","","","","","","","","","","","","","","","","","",""
"67367","","","","","","","","","","","","","","","","","","","","","","","","","578.2666666666667","578.2666666666667","578.2666666666667","","","","","","","","","","","","","","",""
"67528","","","","","","","","","","","","","410.03333333333336","410.03333333333336","410.03333333333336","","","","","","","","","","","","","","","","","","","","","","","","","","",""
"67890","514.7666666666667","514.7666666666667","514.7666666666667","579.7","579.7","579.7","","","","","","","","","","","","","","","","","","","","","","","","","","","","","","","","","","","",""
"67913","","","","","","","388.76666666666665","388.76666666666665","388.76666666666665","614.2666666666667","614.2666666666667","614.2666666666667","","","","","","","","","","","","","","","","","","","","","","","","","","","","","",""
"67963","","","","","","","","","","","","","","","","","","","","","","","","","","","","","","","433.3333333333333","433.3333333333333","433.3333333333333","","","","","","","","",""
"67999","","","","","","","","","","","","","","","","","","","","","","","","","","","","383.3666666666667","383.3666666666667","383.3666666666667","","","","","","","430.6","430.6","430.6","","",""
"68014","","","","","","","","","","","","","","","","","","","","","","","","","","","","","","","","","","521.3","521.3","521.3","","","","","",""
"68021","","","","","","","","","","","","","","","","","","","481.3666666666667","481.3666666666667","481.3666666666667","","","","","","","","","","","","","","","","","","","","",""
"68043","","","","","","","","","","","","","","","","","","","","","","479.3","479.3","479.3","","","","","","","","","","","","","","","","","",""
"68117","","","","","","","","","","","","","","","","401.23333333333335","401.23333333333335","401.23333333333335","","","","","","","","","","","","","","","","","","","","","","","",""
"68278","","","","","","","","","","","","","","","","","","","","","","","","","502.3333333333333","502.3333333333333","502.3333333333333","","","","","","","","","","","","","","",""
"68439","","","","","","","","","","","","","513.3333333333334","513.3333333333334","513.3333333333334","","","","","","","","","","","","","","","","","","","","","","","","","","",""
"68724","","","","","","","","","","","","","","","","","","","","","","","","","","","","","","","387.06666666666666","387.06666666666666","387.06666666666666","","","","","","","","",""
"68760","","","","","","","","","","","","","","","","","","","","","","","","","","","","494.2","494.2","494.2","","","","","","","431.06666666666666","431.06666666666666","431.06666666666666","","",""
"68782","","","","","","","","","","","","","","","","","","","272.6666666666667","272.6666666666667","272.6666666666667","","","","","","","","","","","","","","","","","","","","",""
"68808","","","","","","","","","","","","","","","","","","","","","","493.53333333333336","493.53333333333336","493.53333333333336","","","","","","","","","","","","","","","","","",""
"68925","","","","","","","","","","","","","","","","","","","","","","","","","","","","","","","","","","441.6666666666667","441.6666666666667","441.6666666666667","","","","","",""
"69028","","","","","","","","","","","","","","","","595.2","595.2","595.2","","","","","","","","","","","","","","","","","","","","","","","",""
"69189","","","","","","","","","","","","","","","","","","","","","","","","","571.6","571.6","571.6","","","","","","","","","","","","","","",""
"69350","","","","","","","","","","","","","596.2","596.2","596.2","","","","","","","","","","","","","","","","","","","","","","","","","","",""
"69485","","","","","","","","","","","","","","","","","","","","","","","","","","","","","","","418.1666666666667","418.1666666666667","418.1666666666667","","","","","","","","",""
"69521","","","","","","","","","","","","","","","","","","","","","","","","","","","","360.93333333333334","360.93333333333334","360.93333333333334","","","","","","","400.46666666666664","400.46666666666664","400.46666666666664","","",""
"69543","","","","","","","","","","","","","","","","","","","629.1333333333333","629.1333333333333","629.1333333333333","","","","","","","","","","","","","","","","","","","","",""
"69569","","","","","","","","","","","","","","","","","","","","","","539.9666666666667","539.9666666666667","539.9666666666667","","","","","","","","","","","","","","","","","",""
"69836","","","","","","","","","","","","","","","","","","","","","","","","","","","","","","","","","","393.3","393.3","393.3","","","","","",""
"69939","","","","","","","","","","","","","","","","404.7","404.7","404.7","","","","","","","","","","","","","","","","","","","","","","","",""
"70100","","","","","","","","","","","","","","","","","","","","","","","","","296.43333333333334","296.43333333333334","296.43333333333334","","","","","","","","","","","","","","",""
"70249","","","","","","","","","","","","","","","","","","","","","","","","","","","","","","","371.2","371.2","371.2","","","","","","","","",""
"70264","","","","","","","","","","","","","334.4","334.4","334.4","","","","","","","","","","","","","","","","","","","","","","","","","","",""
"70282","","","","","","","","","","","","","","","","","","","","","","","","","","","","491.1666666666667","491.1666666666667","491.1666666666667","","","","","","","323.7","323.7","323.7","","",""
"70308","","","","","","","","","","","","","","","","","","","360.96666666666664","360.96666666666664","360.96666666666664","","","","","","","","","","","","","","","","","","","","",""
"70330","","","","","","","","","","","","","","","","","","","","","","464","464","464","","","","","","","","","","","","","","","","","",""
"70747","","","","","","","","","","","","","","","","","","","","","","","","","","","","","","","","","","349.6333333333333","349.6333333333333","349.6333333333333","","","","","",""
"70850","","","","","","","","","","","","","","","","356.26666666666665","356.26666666666665","356.26666666666665","","","","","","","","","","","","","","","","","","","","","","","",""
"71010","","","","","","","","","","","","","","","","","","","","","","","","","","","","","","","329.53333333333336","329.53333333333336","329.53333333333336","","","","","","","","",""
"71014","","","","","","","","","","","","","","","","","","","","","","","","","581.6","581.6","581.6","","","","","","","","","","","","","","",""
"71043","","","","","","","","","","","","","","","","","","","","","","","","","","","","430.3","430.3","430.3","","","","","","","465.26666666666665","465.26666666666665","465.26666666666665","","",""
"71069","","","","","","","","","","","","","","","","","","","463.3666666666667","463.3666666666667","463.3666666666667","","","","","","","","","","","","","","","","","","","","",""
"71091","","","","","","","","","","","","","","","","","","","","","","293.3333333333333","293.3333333333333","293.3333333333333","","","","","","","","","","","","","","","","","",""
"71175","","","","","","","","","","","","","304.6333333333333","304.6333333333333","304.6333333333333","","","","","","","","","","","","","","","","","","","","","","","","","","",""
"71658","","","","","","","","","","","","","","","","","","","","","","","","","","","","","","","","","","438.26666666666665","438.26666666666665","438.26666666666665","","","","","",""
"71764","","","","","","","","","","","","","","","","430.53333333333336","430.53333333333336","430.53333333333336","","","","","","","","","","","","","","","","","","","","","","","",""
"71771","","","","","","","","","","","","","","","","","","","","","","","","","","","","","","","510.3333333333333","510.3333333333333","510.3333333333333","","","","","","","","",""
"71808","","","","","","","","","","","","","","","","","","","","","","","","","","","","403.1666666666667","403.1666666666667","403.1666666666667","","","","","","","540.5666666666667","540.5666666666667","540.5666666666667","","",""
"71830","","","","","","","","","","","","","","","","","","","323.1666666666667","323.1666666666667","323.1666666666667","","","","","","","","","","","","","","","","","","","","",""
"71852","","","","","","","","","","","","","","","","","","","","","","406.26666666666665","406.26666666666665","406.26666666666665","","","","","","","","","","","","","","","","","",""
"71925","","","","","","","","","","","","","","","","","","","","","","","","","348.6333333333333","348.6333333333333","348.6333333333333","","","","","","","","","","","","","","",""
"72086","","","","","","","","","","","","","513.2","513.2","513.2","","","","","","","","","","","","","","","","","","","","","","","","","","",""
"72106","515.7666666666667","515.7666666666667","515.7666666666667","454.3666666666667","454.3666666666667","454.3666666666667","","","","","","","","","","","","","","","","","","","","","","","","","","","","","","","","","","","",""
"72532","","","","","","","","","","","","","","","","","","","","","","","","","","","","","","","576.2333333333333","576.2333333333333","576.2333333333333","","","","","","","","",""
"72569","","","","","","","","","","","","","","","","","","","","","","","","","","","","506.26666666666665","506.26666666666665","506.26666666666665","","","","","","","464.6333333333333","464.6333333333333","464.6333333333333","","",""
"72573","","","","","","","","","","","","","","","","","","","","","","","","","","","","","","","","","","391.1","391.1","391.1","","","","","",""
"72591","","","","","","","","","","","","","","","","","","","640.7666666666667","640.7666666666667","640.7666666666667","","","","","","","","","","","","","","","","","","","","",""
"72616","","","","","","","","","","","","","","","","","","","","","","557.5666666666667","557.5666666666667","557.5666666666667","","","","","","","","","","","","","","","","","",""
"72675","","","","","","","","","","","","","","","","486.56666666666666","486.56666666666666","486.56666666666666","","","","","","","","","","","","","","","","","","","","","","","",""
"72836","","","","","","","","","","","","","","","","","","","","","","","","","368.3333333333333","368.3333333333333","368.3333333333333","","","","","","","","","","","","","","",""
"72997","","","","","","","","","","","","","452.76666666666665","452.76666666666665","452.76666666666665","","","","","","","","","","","","","","","","","","","","","","","","","","",""
"73293","","","","","","","","","","","","","","","","","","","","","","","","","","","","","","","616.6333333333333","616.6333333333333","616.6333333333333","","","","","","","","",""
"73330","","","","","","","","","","","","","","","","","","","","","","","","","","","","438.3666666666667","438.3666666666667","438.3666666666667","","","","","","","495.23333333333335","495.23333333333335","495.23333333333335","","",""
"73352","","","","","","","","","","","","","","","","","","","545.8333333333334","545.8333333333334","545.8333333333334","","","","","","","","","","","","","","","","","","","","",""
"73377","","","","","","","","","","","","","","","","","","","","","","424.4","424.4","424.4","","","","","","","","","","","","","","","","","",""
"73484","","","","","","","","","","","","","","","","","","","","","","","","","","","","","","","","","","397.1","397.1","397.1","","","","","",""
"73525","","","","","","","519.2666666666667","519.2666666666667","519.2666666666667","386.93333333333334","386.93333333333334","386.93333333333334","","","","","","","","","","","","","","","","","","","","","","","","","","","","","",""
"73586","","","","","","","","","","","","","","","","401","401","401","","","","","","","","","","","","","","","","","","","","","","","",""
"73747","","","","","","","","","","","","","","","","","","","","","","","","","564.7","564.7","564.7","","","","","","","","","","","","","","",""
"73908","","","","","","","","","","","","","519.3","519.3","519.3","","","","","","","","","","","","","","","","","","","","","","","","","","",""
"74073","","","","","","","","","","","","","","","","","","","","","","","","","","","","","","","641.5","641.5","641.5","","","","","","","","",""
"74091","","","","","","","","","","","","","","","","","","","","","","","","","","","","436.2","436.2","436.2","","","","","","","409.1666666666667","409.1666666666667","409.1666666666667","","",""
"74116","","","","","","","","","","","","","","","","","","","347.5","347.5","347.5","","","","","","","","","","","","","","","","","","","","",""
"74138","","","","","","","","","","","","","","","","","","","","","","359.56666666666666","359.56666666666666","359.56666666666666","","","","","","","","","","","","","","","","","",""
"74395","","","","","","","","","","","","","","","","","","","","","","","","","","","","","","","","","","410.3333333333333","410.3333333333333","410.3333333333333","","","","","",""
"74497","","","","","","","","","","","","","","","","468.8666666666667","468.8666666666667","468.8666666666667","","","","","","","","","","","","","","","","","","","","","","","",""
"74658","","","","","","","","","","","","","","","","","","","","","","","","","385.6666666666667","385.6666666666667","385.6666666666667","","","","","","","","","","","","","","",""
"74823","","","","","","","","","","","","","537.2666666666667","537.2666666666667","537.2666666666667","","","","","","","","","","","","","","","","","","","","","","","","","","",""
"74852","","","","","","","","","","","","","","","","","","","","","","","","","","","","456.26666666666665","456.26666666666665","456.26666666666665","","","","","","","580.2666666666667","580.2666666666667","580.2666666666667","","",""
"74877","","","","","","","","","","","","","","","","","","","471.6","471.6","471.6","","","","","","","","","","","","","","","","","","","","",""
"74899","","","","","","","","","","","","","","","","","","","","","","309.2","309.2","309.2","","","","","","","","","","","","","","","","","",""
"74984","","","","","","","","","","","","","","","","","","","","","","","","","","","","","","","538.8","538.8","538.8","","","","","","","","",""
"75306","","","","","","","","","","","","","","","","","","","","","","","","","","","","","","","","","","425.1666666666667","425.1666666666667","425.1666666666667","","","","","",""
"75408","","","","","","","","","","","","","","","","378.56666666666666","378.56666666666666","378.56666666666666","","","","","","","","","","","","","","","","","","","","","","","",""
"75573","","","","","","","","","","","","","","","","","","","","","","","","","362.3333333333333","362.3333333333333","362.3333333333333","","","","","","","","","","","","","","",""
"75616","","","","","","","","","","","","","","","","","","","","","","","","","","","","","","","","","","","","","428.5","428.5","428.5","","",""
"75631","","","","","","","","","","","","","","","","","","","","","","","","","","","","263","263","263","","","","","","","","","","","",""
"75638","","","","","","","","","","","","","","","","","","","460.26666666666665","460.26666666666665","460.26666666666665","","","","","","","","","","","","","","","","","","","","",""
"75660","","","","","","","","","","","","","","","","","","","","","","410.03333333333336","410.03333333333336","410.03333333333336","","","","","","","","","","","","","","","","","",""
"75734","","","","","","","","","","","","","250.66666666666666","250.66666666666666","250.66666666666666","","","","","","","","","","","","","","","","","","","","","","","","","","",""
"75895","","","","","","","","","","","","","","","","","","","","","","","","","","","","","","","482.96666666666664","482.96666666666664","482.96666666666664","","","","","","","","",""
"76217","","","","","","","","","","","","","","","","","","","","","","","","","","","","","","","","","","404","404","404","","","","","",""
"76322","452.03333333333336","452.03333333333336","452.03333333333336","583.3666666666667","583.3666666666667","583.3666666666667","","","","","","","","","","","","","","","","","","","","","","","","","","","","","","","","","","","",""
"76323","","","","","","","","","","","","","","","","427.9","427.9","427.9","","","","","","","","","","","","","","","","","","","","","","","",""
"76377","","","","","","","","","","","","","","","","","","","","","","","","","","","","","","","","","","","","","449.76666666666665","449.76666666666665","449.76666666666665","","",""
"76399","","","","","","","","","","","","","","","","","","","536.3666666666667","536.3666666666667","536.3666666666667","","","","","","","","","","","","","","","","","","","","",""
"76425","","","","","","","","","","","","","","","","","","","","","","377.76666666666665","377.76666666666665","377.76666666666665","","","","","","","","","","","","","","","","","",""
"76484","","","","","","","","","","","","","","","","","","","","","","","","","208.43333333333334","208.43333333333334","208.43333333333334","","","","","","","","","","","","","","",""
"76542","","","","","","","","","","","","","","","","","","","","","","","","","","","","521.2","521.2","521.2","","","","","","","","","","","",""
"76645","","","","","","","","","","","","","488.43333333333334","488.43333333333334","488.43333333333334","","","","","","","","","","","","","","","","","","","","","","","","","","",""
"76806","","","","","","","","","","","","","","","","","","","","","","","","","","","","","","","536.8333333333334","536.8333333333334","536.8333333333334","","","","","","","","",""
"77131","","","","","","","","","","","","","","","","","","","","","","","","","","","","","","","","","","366.4","366.4","366.4","","","","","",""
"77138","","","","","","","","","","","","","","","","","","","","","","","","","","","","","","","","","","","","","439.3","439.3","439.3","","",""
"77160","","","","","","","","","","","","","","","","","","","513.8333333333334","513.8333333333334","513.8333333333334","","","","","","","","","","","","","","","","","","","","",""
"77186","","","","","","","","","","","","","","","","","","","","","","528.5333333333333","528.5333333333333","528.5333333333333","","","","","","","","","","","","","","","","","",""
"77234","","","","","","","","","","","","","","","","473.6666666666667","473.6666666666667","473.6666666666667","","","","","","","","","","","","","","","","","","","","","","","",""
"77395","","","","","","","","","","","","","","","","","","","","","","","","","555.4666666666667","555.4666666666667","555.4666666666667","","","","","","","","","","","","","","",""
"77453","","","","","","","","","","","","","","","","","","","","","","","","","","","","345.26666666666665","345.26666666666665","345.26666666666665","","","","","","","","","","","",""
"77556","","","","","","","","","","","","","488.4","488.4","488.4","","","","","","","","","","","","","","","","","","","","","","","","","","",""
"77717","","","","","","","","","","","","","","","","","","","","","","","","","","","","","","","424.5","424.5","424.5","","","","","","","","",""
"77899","","","","","","","","","","","","","","","","","","","","","","","","","","","","","","","","","","","","","379.26666666666665","379.26666666666665","379.26666666666665","","",""
"77925","","","","","","","","","","","","","","","","","","","564.8","564.8","564.8","","","","","","","","","","","","","","","","","","","","",""
"77947","","","","","","","","","","","","","","","","","","","","","","374.46666666666664","374.46666666666664","374.46666666666664","","","","","","","","","","","","","","","","","",""
"78042","","","","","","","","","","","","","","","","","","","","","","","","","","","","","","","","","","381.73333333333335","381.73333333333335","381.73333333333335","","","","","",""
"78145","","","","","","","","","","","","","","","","336.6666666666667","336.6666666666667","336.6666666666667","","","","","","","","","","","","","","","","","","","","","","","",""
"78306","","","","","","","","","","","","","","","","","","","","","","","","","412.2","412.2","412.2","","","","","","","","","","","","","","",""
"78364","","","","","","","","","","","","","","","","","","","","","","","","","","","","420.2","420.2","420.2","","","","","","","","","","","",""
"78467","","","","","","","","","","","","","465.76666666666665","465.76666666666665","465.76666666666665","","","","","","","","","","","","","","","","","","","","","","","","","","",""
"78631","","","","","","","","","","","","","","","","","","","","","","","","","","","","","","","355.3","355.3","355.3","","","","","","","","",""
"78660","","","","","","","","","","","","","","","","","","","","","","","","","","","","","","","","","","","","","278.93333333333334","278.93333333333334","278.93333333333334","","",""
"78686","","","","","","","","","","","","","","","","","","","428.53333333333336","428.53333333333336","428.53333333333336","","","","","","","","","","","","","","","","","","","","",""
"78708","","","","","","","","","","","","","","","","","","","","","","396.3666666666667","396.3666666666667","396.3666666666667","","","","","","","","","","","","","","","","","",""
"78953","","","","","","","","","","","","","","","","","","","","","","","","","","","","","","","","","","270.8666666666667","270.8666666666667","270.8666666666667","","","","","",""
"79056","","","","","","","","","","","","","","","","354.26666666666665","354.26666666666665","354.26666666666665","","","","","","","","","","","","","","","","","","","","","","","",""
"79137","","","","","","","549.1","549.1","549.1","609.9333333333333","609.9333333333333","609.9333333333333","","","","","","","","","","","","","","","","","","","","","","","","","","","","","",""
"79217","","","","","","","","","","","","","","","","","","","","","","","","","409.93333333333334","409.93333333333334","409.93333333333334","","","","","","","","","","","","","","",""
"79275","","","","","","","","","","","","","","","","","","","","","","","","","","","","344.8","344.8","344.8","","","","","","","","","","","",""
"79381","","","","","","","","","","","","","420.8","420.8","420.8","","","","","","","","","","","","","","","","","","","","","","","","","","",""
"79425","","","","","","","","","","","","","","","","","","","","","","","","","","","","","","","","","","","","","493.46666666666664","493.46666666666664","493.46666666666664","","",""
"79447","","","","","","","","","","","","","","","","","","","448.03333333333336","448.03333333333336","448.03333333333336","","","","","","","","","","","","","","","","","","","","",""
"79469","","","","","","","","","","","","","","","","","","","","","","455.46666666666664","455.46666666666664","455.46666666666664","","","","","","","","","","","","","","","","","",""
"79542","","","","","","","","","","","","","","","","","","","","","","","","","","","","","","","353.93333333333334","353.93333333333334","353.93333333333334","","","","","","","","",""
"79864","","","","","","","","","","","","","","","","","","","","","","","","","","","","","","","","","","336.6666666666667","336.6666666666667","336.6666666666667","","","","","",""
"79967","","","","","","","","","","","","","","","","374.03333333333336","374.03333333333336","374.03333333333336","","","","","","","","","","","","","","","","","","","","","","","",""
"80131","","","","","","","","","","","","","","","","","","","","","","","","","319.1","319.1","319.1","","","","","","","","","","","","","","",""
"80186","","","","","","","","","","","","","","","","","","","","","","","","","","","","","","","","","","","","","409.8666666666667","409.8666666666667","409.8666666666667","","",""
"80190","","","","","","","","","","","","","","","","","","","","","","","","","","","","523.2","523.2","523.2","","","","","","","","","","","",""
"80208","","","","","","","","","","","","","","","","","","","499.93333333333334","499.93333333333334","499.93333333333334","","","","","","","","","","","","","","","","","","","","",""
"80248","","","","","","","","","","","","","","","","","","","","","","551.3666666666667","551.3666666666667","551.3666666666667","","","","","","","","","","","","","","","","","",""
"80292","","","","","","","","","","","","","581.4","581.4","581.4","","","","","","","","","","","","","","","","","","","","","","","","","","",""
"80453","","","","","","","","","","","","","","","","","","","","","","","","","","","","","","","570.4","570.4","570.4","","","","","","","","",""
"80538","475.53333333333336","475.53333333333336","475.53333333333336","385.1","385.1","385.1","","","","","","","","","","","","","","","","","","","","","","","","","","","","","","","","","","","",""
"80775","","","","","","","","","","","","","","","","","","","","","","","","","","","","","","","","","","276.93333333333334","276.93333333333334","276.93333333333334","","","","","",""
"80881","","","","","","","","","","","","","","","","408.23333333333335","408.23333333333335","408.23333333333335","","","","","","","","","","","","","","","","","","","","","","","",""
"80947","","","","","","","","","","","","","","","","","","","","","","","","","","","","","","","","","","","","","377.03333333333336","377.03333333333336","377.03333333333336","","",""
"80969","","","","","","","","","","","","","","","","","","","470.6333333333333","470.6333333333333","470.6333333333333","","","","","","","","","","","","","","","","","","","","",""
"81042","","","","","","","","","","","","","","","","","","","","","","","","","448.46666666666664","448.46666666666664","448.46666666666664","","","","","","","","","","","","","","",""
"81101","","","","","","","","","","","","","","","","","","","","","","","","","","","","526","526","526","","","","","","","","","","","",""
"81159","","","","","","","","","","","","","","","","","","","","","","473.6666666666667","473.6666666666667","473.6666666666667","","","","","","","","","","","","","","","","","",""
"81203","","","","","","","","","","","","","424.6","424.6","424.6","","","","","","","","","","","","","","","","","","","","","","","","","","",""
"81364","","","","","","","","","","","","","","","","","","","","","","","","","","","","","","","346.8","346.8","346.8","","","","","","","","",""
"81690","","","","","","","","","","","","","","","","","","","","","","","","","","","","","","","","","","319.3666666666667","319.3666666666667","319.3666666666667","","","","","",""
"81708","","","","","","","","","","","","","","","","","","","","","","","","","","","","","","","","","","","","","453.8333333333333","453.8333333333333","453.8333333333333","","",""
"81733","","","","","","","","","","","","","","","","","","","493.8","493.8","493.8","","","","","","","","","","","","","","","","","","","","",""
"81792","","","","","","","","","","","","","","","","380.2","380.2","380.2","","","","","","","","","","","","","","","","","","","","","","","",""
"81953","","","","","","","","","","","","","","","","","","","","","","","","","417.06666666666666","417.06666666666666","417.06666666666666","","","","","","","","","","","","","","",""
"82012","","","","","","","","","","","","","","","","","","","","","","","","","","","","504.1","504.1","504.1","","","","","","","","","","","",""
"82070","","","","","","","","","","","","","","","","","","","","","","507","507","507","","","","","","","","","","","","","","","","","",""
"82114","","","","","","","","","","","","","222.06666666666666","222.06666666666666","222.06666666666666","","","","","","","","","","","","","","","","","","","","","","","","","","",""
"82275","","","","","","","","","","","","","","","","","","","","","","","","","","","","","","","531.7333333333333","531.7333333333333","531.7333333333333","","","","","","","","",""
"82469","","","","","","","","","","","","","","","","","","","","","","","","","","","","","","","","","","","","","410.3333333333333","410.3333333333333","410.3333333333333","","",""
"82494","","","","","","","","","","","","","","","","","","","453.76666666666665","453.76666666666665","453.76666666666665","","","","","","","","","","","","","","","","","","","","",""
"82601","","","","","","","","","","","","","","","","","","","","","","","","","","","","","","","","","","376.6333333333333","376.6333333333333","376.6333333333333","","","","","",""
"82703","","","","","","","","","","","","","","","","332","332","332","","","","","","","","","","","","","","","","","","","","","","","",""
"82864","","","","","","","","","","","","","","","","","","","","","","","","","480.1333333333333","480.1333333333333","480.1333333333333","","","","","","","","","","","","","","",""
"82923","","","","","","","","","","","","","","","","","","","","","","","","","","","","529.1333333333333","529.1333333333333","529.1333333333333","","","","","","","","","","","",""
"82981","","","","","","","","","","","","","","","","","","","","","","429.26666666666665","429.26666666666665","429.26666666666665","","","","","","","","","","","","","","","","","",""
"83025","","","","","","","","","","","","","457.43333333333334","457.43333333333334","457.43333333333334","","","","","","","","","","","","","","","","","","","","","","","","","","",""
"83190","","","","","","","","","","","","","","","","","","","","","","","","","","","","","","","413.1","413.1","413.1","","","","","","","","",""
"83248","","","","","","","","","","","","","","","","","","","","","","","","","","","","","","","","","","","","","528.6333333333333","528.6333333333333","528.6333333333333","","",""
"83255","","","","","","","","","","","","","","","","","","","418.1333333333333","418.1333333333333","418.1333333333333","","","","","","","","","","","","","","","","","","","","",""
"83512","","","","","","","","","","","","","","","","","","","","","","","","","","","","","","","","","","490.26666666666665","490.26666666666665","490.26666666666665","","","","","",""
"83614","","","","","","","","","","","","","","","","428.8666666666667","428.8666666666667","428.8666666666667","","","","","","","","","","","","","","","","","","","","","","","",""
"83775","","","","","","","","","","","","","","","","","","","","","","","","","429.03333333333336","429.03333333333336","429.03333333333336","","","","","","","","","","","","","","",""
"83834","","","","","","","","","","","","","","","","","","","","","","","","","","","","411.3333333333333","411.3333333333333","411.3333333333333","","","","","","","","","","","",""
"83892","","","","","","","","","","","","","","","","","","","","","","522.9","522.9","522.9","","","","","","","","","","","","","","","","","",""
"83940","","","","","","","","","","","","","283","283","283","","","","","","","","","","","","","","","","","","","","","","","","","","",""
"84016","","","","","","","","","","","","","","","","","","","312.03333333333336","312.03333333333336","312.03333333333336","","","","","","","","","","","","","","","","","","","","",""
"84101","","","","","","","","","","","","","","","","","","","","","","","","","","","","","","","441.3","441.3","441.3","","","","","","","","",""
"84159","","","","","","","","","","","","","","","","","","","","","","","","","","","","","","","","","","","","","532.0333333333333","532.0333333333333","532.0333333333333","","",""
"84423","","","","","","","","","","","","","","","","","","","","","","","","","","","","","","","","","","470.8333333333333","470.8333333333333","470.8333333333333","","","","","",""
"84525","","","","","","","","","","","","","","","","413.56666666666666","413.56666666666666","413.56666666666666","","","","","","","","","","","","","","","","","","","","","","","",""
"84690","","","","","","","","","","","","","","","","","","","","","","","","","429.6666666666667","429.6666666666667","429.6666666666667","","","","","","","","","","","","","","",""
"84748","","","","","","","","","","","","","","","","","","","","","","","","","","","","324.3666666666667","324.3666666666667","324.3666666666667","","","","","","","","","","","",""
"84753","","","","","","","581.0333333333333","581.0333333333333","581.0333333333333","551.9333333333333","551.9333333333333","551.9333333333333","","","","","","","","","","","","","","","","","","","","","","","","","","","","","",""
"84758","581.5","581.5","581.5","388.1","388.1","388.1","","","","","","","","","","","","","","","","","","","","","","","","","","","","","","","","","","","",""
"84777","","","","","","","","","","","","","","","","","","","456.8666666666667","456.8666666666667","456.8666666666667","","","","","","","","","","","","","","","","","","","","",""
"84807","","","","","","","","","","","","","","","","","","","","","","528.3","528.3","528.3","","","","","","","","","","","","","","","","","",""
"84851","","","","","","","","","","","","","493.6","493.6","493.6","","","","","","","","","","","","","","","","","","","","","","","","","","",""
"85012","","","","","","","","","","","","","","","","","","","","","","","","","","","","","","","448.8666666666667","448.8666666666667","448.8666666666667","","","","","","","","",""
"85070","","","","","","","","","","","","","","","","","","","","","","","","","","","","","","","","","","","","","525.2333333333333","525.2333333333333","525.2333333333333","","",""
"85334","","","","","","","","","","","","","","","","","","","","","","","","","","","","","","","","","","470.8666666666667","470.8666666666667","470.8666666666667","","","","","",""
"85440","","","","","","","","","","","","","","","","323.93333333333334","323.93333333333334","323.93333333333334","","","","","","","","","","","","","","","","","","","","","","","",""
"85542","","","","","","","","","","","","","","","","","","","274.3","274.3","274.3","","","","","","","","","","","","","","","","","","","","",""
"85601","","","","","","","","","","","","","","","","","","","","","","","","","382.3","382.3","382.3","","","","","","","","","","","","","","",""
"85659","","","","","","","","","","","","","","","","","","","","","","","","","","","","379.76666666666665","379.76666666666665","379.76666666666665","","","","","","","","","","","",""
"85718","","","","","","","","","","","","","","","","","","","","","","447.8333333333333","447.8333333333333","447.8333333333333","","","","","","","","","","","","","","","","","",""
"85762","","","","","","","","","","","","","421.23333333333335","421.23333333333335","421.23333333333335","","","","","","","","","","","","","","","","","","","","","","","","","","",""
"85923","","","","","","","","","","","","","","","","","","","","","","","","","","","","","","","537.9","537.9","537.9","","","","","","","","",""
"85981","","","","","","","","","","","","","","","","","","","","","","","","","","","","","","","","","","","","","599.0666666666667","599.0666666666667","599.0666666666667","","",""
"86248","","","","","","","","","","","","","","","","","","","","","","","","","","","","","","","","","","512.2333333333333","512.2333333333333","512.2333333333333","","","","","",""
"86303","","","","","","","","","","","","","","","","","","","533","533","533","","","","","","","","","","","","","","","","","","","","",""
"86351","","","","","","","","","","","","","","","","357.73333333333335","357.73333333333335","357.73333333333335","","","","","","","","","","","","","","","","","","","","","","","",""
"86512","","","","","","","","","","","","","","","","","","","","","","","","","414.43333333333334","414.43333333333334","414.43333333333334","","","","","","","","","","","","","","",""
"86570","","","","","","","","","","","","","","","","","","","","","","","","","","","","413.8666666666667","413.8666666666667","413.8666666666667","","","","","","","","","","","",""
"86629","","","","","","","","","","","","","","","","","","","","","","470.56666666666666","470.56666666666666","470.56666666666666","","","","","","","","","","","","","","","","","",""
"86673","","","","","","","","","","","","","621.6333333333333","621.6333333333333","621.6333333333333","","","","","","","","","","","","","","","","","","","","","","","","","","",""
"86834","","","","","","","","","","","","","","","","","","","","","","","","","","","","","","","527","527","527","","","","","","","","",""
"86892","","","","","","","","","","","","","","","","","","","","","","","","","","","","","","","","","","","","","426.6","426.6","426.6","","",""
"87064","","","","","","","","","","","","","","","","","","","332.1333333333333","332.1333333333333","332.1333333333333","","","","","","","","","","","","","","","","","","","","",""
"87159","","","","","","","","","","","","","","","","","","","","","","","","","","","","","","","","","","398.03333333333336","398.03333333333336","398.03333333333336","","","","","",""
"87262","","","","","","","","","","","","","","","","386.8333333333333","386.8333333333333","386.8333333333333","","","","","","","","","","","","","","","","","","","","","","","",""
"87423","","","","","","","","","","","","","","","","","","","","","","","","","246.26666666666668","246.26666666666668","246.26666666666668","","","","","","","","","","","","","","",""
"87481","","","","","","","","","","","","","","","","","","","","","","","","","","","","419.8","419.8","419.8","","","","","","","","","","","",""
"87540","","","","","","","","","","","","","","","","","","","","","","450.03333333333336","450.03333333333336","450.03333333333336","","","","","","","","","","","","","","","","","",""
"87584","","","","","","","","","","","","","432.8","432.8","432.8","","","","","","","","","","","","","","","","","","","","","","","","","","",""
"87748","","","","","","","","","","","","","","","","","","","","","","","","","","","","","","","339.73333333333335","339.73333333333335","339.73333333333335","","","","","","","","",""
"87807","","","","","","","","","","","","","","","","","","","","","","","","","","","","","","","","","","","","","455","455","455","","",""
"87825","","","","","","","","","","","","","","","","","","","294.76666666666665","294.76666666666665","294.76666666666665","","","","","","","","","","","","","","","","","","","","",""
"88070","","","","","","","","","","","","","","","","","","","","","","","","","","","","","","","","","","307.9","307.9","307.9","","","","","",""
"88173","","","","","","","","","","","","","","","","486.1666666666667","486.1666666666667","486.1666666666667","","","","","","","","","","","","","","","","","","","","","","","",""
"88334","","","","","","","","","","","","","","","","","","","","","","","","","442.6","442.6","442.6","","","","","","","","","","","","","","",""
"88392","","","","","","","","","","","","","","","","","","","","","","","","","","","","452.23333333333335","452.23333333333335","452.23333333333335","","","","","","","","","","","",""
"88451","","","","","","","","","","","","","","","","","","","","","","462.56666666666666","462.56666666666666","462.56666666666666","","","","","","","","","","","","","","","","","",""
"88498","","","","","","","","","","","","","448.5","448.5","448.5","","","","","","","","","","","","","","","","","","","","","","","","","","",""
"88586","","","","","","","","","","","","","","","","","","","409.1","409.1","409.1","","","","","","","","","","","","","","","","","","","","",""
"88659","","","","","","","","","","","","","","","","","","","","","","","","","","","","","","","507.8666666666667","507.8666666666667","507.8666666666667","","","","","","","","",""
"88718","","","","","","","","","","","","","","","","","","","","","","","","","","","","","","","","","","","","","316.5","316.5","316.5","","",""
"88974","514.7333333333333","514.7333333333333","514.7333333333333","514.2333333333333","514.2333333333333","514.2333333333333","","","","","","","","","","","","","","","","","","","","","","","","","","","","","","","","","","","",""
"88981","","","","","","","","","","","","","","","","","","","","","","","","","","","","","","","","","","416.56666666666666","416.56666666666666","416.56666666666666","","","","","",""
"89084","","","","","","","","","","","","","","","","416.6333333333333","416.6333333333333","416.6333333333333","","","","","","","","","","","","","","","","","","","","","","","",""
"89248","","","","","","","","","","","","","","","","","","","","","","","","","636.2666666666667","636.2666666666667","636.2666666666667","","","","","","","","","","","","","","",""
"89307","","","","","","","","","","","","","","","","","","","","","","","","","","","","355.93333333333334","355.93333333333334","355.93333333333334","","","","","","","","","","","",""
"89365","","","","","","","","","","","","","","","","","","","588.7333333333333","588.7333333333333","588.7333333333333","553.2333333333333","553.2333333333333","553.2333333333333","","","","","","","","","","","","","","","","","",""
"89409","","","","","","","","","","","","","357.03333333333336","357.03333333333336","357.03333333333336","","","","","","","","","","","","","","","","","","","","","","","","","","",""
"89570","","","","","","","","","","","","","","","","","","","","","","","","","","","","","","","514.9","514.9","514.9","","","","","","","","",""
"89629","","","","","","","","","","","","","","","","","","","","","","","","","","","","","","","","","","","","","481.1333333333333","481.1333333333333","481.1333333333333","","",""
"89892","","","","","","","","","","","","","","","","","","","","","","","","","","","","","","","","","","422.3333333333333","422.3333333333333","422.3333333333333","","","","","",""
"89998","","","","","","","","","","","","","","","","465.6666666666667","465.6666666666667","465.6666666666667","","","","","","","","","","","","","","","","","","","","","","","",""
"90159","","","","","","","","","","","","","","","","","","","","","","","","","330.3","330.3","330.3","","","","","","","","","","","","","","",""
"90218","","","","","","","","","","","","","","","","","","","","","","","","","","","","382.3","382.3","382.3","","","","","","","","","","","",""
"90276","","","","","","","","","","","","","","","","","","","441.3333333333333","441.3333333333333","441.3333333333333","486.53333333333336","486.53333333333336","486.53333333333336","","","","","","","","","","","","","","","","","",""
"90320","","","","","","","","","","","","","433.23333333333335","433.23333333333335","433.23333333333335","","","","","","","","","","","","","","","","","","","","","","","","","","",""
"90365","","","","","","","617.3333333333334","617.3333333333334","617.3333333333334","451.8","451.8","451.8","","","","","","","","","","","","","","","","","","","","","","","","","","","","","",""
"90481","","","","","","","","","","","","","","","","","","","","","","","","","","","","","","","454.46666666666664","454.46666666666664","454.46666666666664","","","","","","","","",""
"90540","","","","","","","","","","","","","","","","","","","","","","","","","","","","","","","","","","","","","308.43333333333334","308.43333333333334","308.43333333333334","","",""
"90807","","","","","","","","","","","","","","","","","","","","","","","","","","","","","","","","","","345.53333333333336","345.53333333333336","345.53333333333336","","","","","",""
"90909","","","","","","","","","","","","","","","","373.93333333333334","373.93333333333334","373.93333333333334","","","","","","","","","","","","","","","","","","","","","","","",""
"91070","","","","","","","","","","","","","","","","","","","","","","","","","451.06666666666666","451.06666666666666","451.06666666666666","","","","","","","","","","","","","","",""
"91129","","","","","","","","","","","","","","","","","","","","","","","","","","","","493.06666666666666","493.06666666666666","493.06666666666666","","","","","","","","","","","",""
"91187","","","","","","","","","","","","","","","","","","","387.5","387.5","387.5","446.76666666666665","446.76666666666665","446.76666666666665","","","","","","","","","","","","","","","","","",""
"91231","","","","","","","","","","","","","492.53333333333336","492.53333333333336","492.53333333333336","","","","","","","","","","","","","","","","","","","","","","","","","","",""
"91392","","","","","","","","","","","","","","","","","","","","","","","","","","","","","","","442.3333333333333","442.3333333333333","442.3333333333333","","","","","","","","",""
"91451","","","","","","","","","","","","","","","","","","","","","","","","","","","","","","","","","","","","","463.3","463.3","463.3","","",""
"91718","","","","","","","","","","","","","","","","","","","","","","","","","","","","","","","","","","538","538","538","","","","","",""
"91820","","","","","","","","","","","","","","","","523.3666666666667","523.3666666666667","523.3666666666667","","","","","","","","","","","","","","","","","","","","","","","",""
"91981","","","","","","","","","","","","","","","","","","","","","","","","","347.46666666666664","347.46666666666664","347.46666666666664","","","","","","","","","","","","","","",""
"92040","","","","","","","","","","","","","","","","","","","","","","","","","","","","348.46666666666664","348.46666666666664","348.46666666666664","","","","","","","","","","","",""
"92098","","","","","","","","","","","","","","","","","","","421.6","421.6","421.6","288.23333333333335","288.23333333333335","288.23333333333335","","","","","","","","","","","","","","","","","",""
"92142","","","","","","","","","","","","","481.43333333333334","481.43333333333334","481.43333333333334","","","","","","","","","","","","","","","","","","","","","","","","","","",""
"92307","","","","","","","","","","","","","","","","","","","","","","","","","","","","","","","488.73333333333335","488.73333333333335","488.73333333333335","","","","","","","","",""
"92365","","","","","","","","","","","","","","","","","","","","","","","","","","","","","","","","","","","","","387.1","387.1","387.1","","",""
"92629","","","","","","","","","","","","","","","","","","","","","","","","","","","","","","","","","","706.8666666666667","706.8666666666667","706.8666666666667","","","","","",""
"92731","","","","","","","","","","","","","","","","522.4333333333333","522.4333333333333","522.4333333333333","","","","","","","","","","","","","","","","","","","","","","","",""
"92892","","","","","","","","","","","","","","","","","","","","","","","","","494.1","494.1","494.1","","","","","","","","","","","","","","",""
"92951","","","","","","","","","","","","","","","","","","","","","","","","","","","","571","571","571","","","","","","","","","","","",""
"93009","","","","","","","","","","","","","","","","","","","544.9333333333333","544.9333333333333","544.9333333333333","348.2","348.2","348.2","","","","","","","","","","","","","","","","","",""
"93057","","","","","","","","","","","","","403.3333333333333","403.3333333333333","403.3333333333333","","","","","","","","","","","","","","","","","","","","","","","","","","",""
"93190","422.6666666666667","422.6666666666667","422.6666666666667","711.1666666666666","711.1666666666666","711.1666666666666","","","","","","","","","","","","","","","","","","","","","","","","","","","","","","","","","","","",""
"93218","","","","","","","","","","","","","","","","","","","","","","","","","","","","","","","543.6","543.6","543.6","","","","","","","","",""
"93276","","","","","","","","","","","","","","","","","","","","","","","","","","","","","","","","","","","","","517.6666666666666","517.6666666666666","517.6666666666666","","",""
"93540","","","","","","","","","","","","","","","","","","","","","","","","","","","","","","","","","","386.3333333333333","386.3333333333333","386.3333333333333","","","","","",""
"93642","","","","","","","","","","","","","","","","372.1666666666667","372.1666666666667","372.1666666666667","","","","","","","","","","","","","","","","","","","","","","","",""
"93807","","","","","","","","","","","","","","","","","","","","","","","","","460","460","460","","","","","","","","","","","","","","",""
"93865","","","","","","","","","","","","","","","","","","","","","","","","","","","","465.8666666666667","465.8666666666667","465.8666666666667","","","","","","","","","","","",""
"93924","","","","","","","","","","","","","","","","","","","372.1","372.1","372.1","457.7","457.7","457.7","","","","","","","","","","","","","","","","","",""
"93968","","","","","","","","","","","","","510.76666666666665","510.76666666666665","510.76666666666665","","","","","","","","","","","","","","","","","","","","","","","","","","",""
"94129","","","","","","","","","","","","","","","","","","","","","","","","","","","","","","","370","370","370","","","","","","","","",""
"94187","","","","","","","","","","","","","","","","","","","","","","","","","","","","","","","","","","","","","455.8333333333333","455.8333333333333","455.8333333333333","","",""
"94451","","","","","","","","","","","","","","","","","","","","","","","","","","","","","","","","","","458.3333333333333","458.3333333333333","458.3333333333333","","","","","",""
"94557","","","","","","","","","","","","","","","","276.06666666666666","276.06666666666666","276.06666666666666","","","","","","","","","","","","","","","","","","","","","","","",""
"94718","","","","","","","","","","","","","","","","","","","","","","","","","285.2","285.2","285.2","","","","","","","","","","","","","","",""
"94776","","","","","","","","","","","","","","","","","","","","","","","","","","","","303.6333333333333","303.6333333333333","303.6333333333333","","","","","","","","","","","",""
"94835","","","","","","","","","","","","","","","","","","","419.6333333333333","419.6333333333333","419.6333333333333","440","440","440","","","","","","","","","","","","","","","","","",""
"94879","","","","","","","","","","","","","461.8333333333333","461.8333333333333","461.8333333333333","","","","","","","","","","","","","","","","","","","","","","","","","","",""
"95040","","","","","","","","","","","","","","","","","","","","","","","","","","","","","","","581.3666666666667","581.3666666666667","581.3666666666667","","","","","","","","",""
"95098","","","","","","","","","","","","","","","","","","","","","","","","","","","","","","","","","","","","","474.3","474.3","474.3","","",""
"95365","","","","","","","","","","","","","","","","","","","","","","","","","","","","","","","","","","371.6333333333333","371.6333333333333","371.6333333333333","","","","","",""
"95468","","","","","","","","","","","","","","","","356.93333333333334","356.93333333333334","356.93333333333334","","","","","","","","","","","","","","","","","","","","","","","",""
"95629","","","","","","","","","","","","","","","","","","","","","","","","","429.73333333333335","429.73333333333335","429.73333333333335","","","","","","","","","","","","","","",""
"95687","","","","","","","","","","","","","","","","","","","","","","","","","","","","598.6666666666666","598.6666666666666","598.6666666666666","","","","","","","","","","","",""
"95746","","","","","","","","","","","","","","","","","","","417.3666666666667","417.3666666666667","417.3666666666667","413.03333333333336","413.03333333333336","413.03333333333336","","","","","","","","","","","","","","","","","",""
"95790","","","","","","","","","","","","","518.2","518.2","518.2","","","","","","","","","","","","","","","","","","","","","","","","","","",""
"95951","","","","","","","","","","","","","","","","","","","","","","","","","","","","","","","312.7","312.7","312.7","","","","","","","","",""
"95977","","","","","","","682.8","682.8","682.8","582.6","582.6","582.6","","","","","","","","","","","","","","","","","","","","","","","","","","","","","",""
"96009","","","","","","","","","","","","","","","","","","","","","","","","","","","","","","","","","","","","","315.23333333333335","315.23333333333335","315.23333333333335","","",""
"96276","","","","","","","","","","","","","","","","","","","","","","","","","","","","","","","","","","296.5","296.5","296.5","","","","","",""
"96379","","","","","","","","","","","","","","","","449.06666666666666","449.06666666666666","449.06666666666666","","","","","","","","","","","","","","","","","","","","","","","",""
"96540","","","","","","","","","","","","","","","","","","","","","","","","","375.3333333333333","375.3333333333333","375.3333333333333","","","","","","","","","","","","","","",""
"96598","","","","","","","","","","","","","","","","","","","","","","","","","","","","429.9","429.9","429.9","","","","","","","","","","","",""
"96657","","","","","","","","","","","","","","","","","","","327.43333333333334","327.43333333333334","327.43333333333334","339.1666666666667","339.1666666666667","339.1666666666667","","","","","","","","","","","","","","","","","",""
"96701","","","","","","","","","","","","","446.4","446.4","446.4","","","","","","","","","","","","","","","","","","","","","","","","","","",""
"96865","","","","","","","","","","","","","","","","","","","","","","","","","","","","","","","383.3666666666667","383.3666666666667","383.3666666666667","","","","","","","","",""
"96924","","","","","","","","","","","","","","","","","","","","","","","","","","","","","","","","","","","","","463.3666666666667","463.3666666666667","463.3666666666667","","",""
"97187","","","","","","","","","","","","","","","","","","","","","","","","","","","","","","","","","","361.6","361.6","361.6","","","","","",""
"97290","","","","","","","","","","","","","","","","498.6333333333333","498.6333333333333","498.6333333333333","","","","","","","","","","","","","","","","","","","","","","","",""
"97406","376.3333333333333","376.3333333333333","376.3333333333333","519.8333333333334","519.8333333333334","519.8333333333334","","","","","","","","","","","","","","","","","","","","","","","","","","","","","","","","","","","",""
"97451","","","","","","","","","","","","","","","","","","","","","","","","","274.73333333333335","274.73333333333335","274.73333333333335","","","","","","","","","","","","","","",""
"97509","","","","","","","","","","","","","","","","","","","","","","","","","","","","376.8666666666667","376.8666666666667","376.8666666666667","","","","","","","","","","","",""
"97568","","","","","","","","","","","","","","","","","","","432.8333333333333","432.8333333333333","432.8333333333333","567.9666666666667","567.9666666666667","567.9666666666667","","","","","","","","","","","","","","","","","",""
"97615","","","","","","","","","","","","","487.3666666666667","487.3666666666667","487.3666666666667","","","","","","","","","","","","","","","","","","","","","","","","","","",""
"97776","","","","","","","","","","","","","","","","","","","","","","","","","","","","","","","479.3666666666667","479.3666666666667","479.3666666666667","","","","","","","","",""
"97835","","","","","","","","","","","","","","","","","","","","","","","","","","","","","","","","","","","","","541.2","541.2","541.2","","",""
"98098","","","","","","","","","","","","","","","","","","","","","","","","","","","","","","","","","","413.2","413.2","413.2","","","","","",""
"98201","","","","","","","","","","","","","","","","423.6666666666667","423.6666666666667","423.6666666666667","","","","","","","","","","","","","","","","","","","","","","","",""
"98365","","","","","","","","","","","","","","","","","","","","","","","","","302.03333333333336","302.03333333333336","302.03333333333336","","","","","","","","","","","","","","",""
"98424","","","","","","","","","","","","","","","","","","","","","","","","","","","","351.1","351.1","351.1","","","","","","","","","","","",""
"98482","","","","","","","","","","","","","","","","","","","392.9","392.9","392.9","426.23333333333335","426.23333333333335","426.23333333333335","","","","","","","","","","","","","","","","","",""
"98526","","","","","","","","","","","","","409.8333333333333","409.8333333333333","409.8333333333333","","","","","","","","","","","","","","","","","","","","","","","","","","",""
"98687","","","","","","","","","","","","","","","","","","","","","","","","","","","","","","","497.43333333333334","497.43333333333334","497.43333333333334","","","","","","","","",""
"98746","","","","","","","","","","","","","","","","","","","","","","","","","","","","","","","","","","","","","400.3","400.3","400.3","","",""
"99009","","","","","","","","","","","","","","","","","","","","","","","","","","","","","","","","","","248.66666666666666","248.66666666666666","248.66666666666666","","","","","",""
"99130","","","","","","","","","","","","","","","","286.1666666666667","286.1666666666667","286.1666666666667","","","","","","","","","","","","","","","","","","","","","","","",""
"99276","","","","","","","","","","","","","","","","","","","","","","","","","503.96666666666664","503.96666666666664","503.96666666666664","","","","","","","","","","","","","","",""
"99335","","","","","","","","","","","","","","","","","","","","","","","","","","","","473.8666666666667","473.8666666666667","473.8666666666667","","","","","","","","","","","",""
"99393","","","","","","","","","","","","","","","","","","","532.3666666666667","532.3666666666667","532.3666666666667","380.8666666666667","380.8666666666667","380.8666666666667","","","","","","","","","","","","","","","","","",""
"99437","","","","","","","","","","","","","455.7","455.7","455.7","","","","","","","","","","","","","","","","","","","","","","","","","","",""
"99598","","","","","","","","","","","","","","","","","","","","","","","","","","","","","","","538","538","538","","","","","","","","",""
"99657","","","","","","","","","","","","","","","","","","","","","","","","","","","","","","","","","","","","","386.8","386.8","386.8","","",""
"99939","","","","","","","","","","","","","","","","","","","","","","","","","","","","","","","","","","519.5","519.5","519.5","","","","","",""
"100187","","","","","","","","","","","","","","","","","","","","","","","","","410.4","410.4","410.4","","","","","","","","","","","","","","",""
"100191","","","","","","","","","","","","","","","","459.1666666666667","459.1666666666667","459.1666666666667","","","","","","","","","","","","","","","","","","","","","","","",""
"100246","","","","","","","","","","","","","","","","","","","","","","","","","","","","467.6666666666667","467.6666666666667","467.6666666666667","","","","","","","","","","","",""
"100304","","","","","","","","","","","","","","","","","","","345.2","345.2","345.2","501.8333333333333","501.8333333333333","501.8333333333333","","","","","","","","","","","","","","","","","",""
"100348","","","","","","","","","","","","","523.7666666666667","523.7666666666667","523.7666666666667","","","","","","","","","","","","","","","","","","","","","","","","","","",""
"100509","","","","","","","","","","","","","","","","","","","","","","","","","","","","","","","431.43333333333334","431.43333333333334","431.43333333333334","","","","","","","","",""
"100568","","","","","","","","","","","","","","","","","","","","","","","","","","","","","","","","","","","","","334.03333333333336","334.03333333333336","334.03333333333336","","",""
"101000","","","","","","","","","","","","","","","","","","","","","","","","","","","","","","","","","","432.1","432.1","432.1","","","","","",""
"101098","","","","","","","","","","","","","","","","","","","","","","","","","421.23333333333335","421.23333333333335","421.23333333333335","","","","","","","","","","","","","","",""
"101157","","","","","","","","","","","","","","","","","","","","","","","","","","","","520.3666666666667","520.3666666666667","520.3666666666667","","","","","","","","","","","",""
"101215","","","","","","","","","","","","","","","","","","","606.4","606.4","606.4","335.9","335.9","335.9","","","","","","","","","","","","","","","","","",""
"101252","","","","","","","","","","","","","","","","476.76666666666665","476.76666666666665","476.76666666666665","","","","","","","","","","","","","","","","","","","","","","","",""
"101259","","","","","","","","","","","","","487.5","487.5","487.5","","","","","","","","","","","","","","","","","","","","","","","","","","",""
"101424","","","","","","","","","","","","","","","","","","","","","","","","","","","","","","","322.8666666666667","322.8666666666667","322.8666666666667","","","","","","","","",""
"101482","","","","","","","","","","","","","","","","","","","","","","","","","","","","","","","","","","","","","264.53333333333336","264.53333333333336","264.53333333333336","","",""
"101589","","","","","","","741.0666666666667","741.0666666666667","741.0666666666667","552.9333333333333","552.9333333333333","552.9333333333333","","","","","","","","","","","","","","","","","","","","","","","","","","","","","",""
"101622","419.93333333333334","419.93333333333334","419.93333333333334","518.8333333333334","518.8333333333334","518.8333333333334","","","","","","","","","","","","","","","","","","","","","","","","","","","","","","","","","","","",""
"102009","","","","","","","","","","","","","","","","","","","","","","","","","387.26666666666665","387.26666666666665","387.26666666666665","","","","","","","","","","","","","","",""
"102061","","","","","","","","","","","","","","","","","","","","","","","","","","","","","","","","","","451.6666666666667","451.6666666666667","451.6666666666667","","","","","",""
"102068","","","","","","","","","","","","","","","","","","","","","","","","","","","","521.0333333333333","521.0333333333333","521.0333333333333","","","","","","","","","","","",""
"102126","","","","","","","","","","","","","","","","","","","531.0666666666667","531.0666666666667","531.0666666666667","448.9","448.9","448.9","","","","","","","","","","","","","","","","","",""
"102189","","","","","","","","","","","","","271.23333333333335","271.23333333333335","271.23333333333335","","","","","","","","","","","","","","","","","","","","","","","","","","",""
"102313","","","","","","","","","","","","","","","","379.56666666666666","379.56666666666666","379.56666666666666","","","","","","","","","","","","","","","","","","","","","","","",""
"102335","","","","","","","","","","","","","","","","","","","","","","","","","","","","","","","474.3333333333333","474.3333333333333","474.3333333333333","","","","","","","","",""
"102393","","","","","","","","","","","","","","","","","","","","","","","","","","","","","","","","","","","","","422.56666666666666","422.56666666666666","422.56666666666666","","",""
"102924","","","","","","","","","","","","","","","","","","","","","","","","","324.73333333333335","324.73333333333335","324.73333333333335","","","","","","","","","","","","","","",""
"102982","","","","","","","","","","","","","","","","","","","","","","","","","","","","324.7","324.7","324.7","","","","","","","","","","","",""
"103041","","","","","","","","","","","","","","","","","","","472","472","472","440.8","440.8","440.8","","","","","","","","","","","","","","","","","",""
"103122","","","","","","","","","","","","","","","","","","","","","","","","","","","","","","","","","","299.96666666666664","299.96666666666664","299.96666666666664","","","","","",""
"103246","","","","","","","","","","","","","","","","","","","","","","","","","","","","","","","380.26666666666665","380.26666666666665","380.26666666666665","","","","","","","","",""
"103250","","","","","","","","","","","","","369.46666666666664","369.46666666666664","369.46666666666664","","","","","","","","","","","","","","","","","","","","","","","","","","",""
"103304","","","","","","","","","","","","","","","","","","","","","","","","","","","","","","","","","","","","","249.13333333333333","249.13333333333333","249.13333333333333","","",""
"103374","","","","","","","","","","","","","","","","351.8333333333333","351.8333333333333","351.8333333333333","","","","","","","","","","","","","","","","","","","","","","","",""
"103835","","","","","","","","","","","","","","","","","","","","","","","","","378.7","378.7","378.7","","","","","","","","","","","","","","",""
"103893","","","","","","","","","","","","","","","","","","","","","","","","","","","","440.56666666666666","440.56666666666666","440.56666666666666","","","","","","","","","","","",""
"103952","","","","","","","","","","","","","","","","","","","447.43333333333334","447.43333333333334","447.43333333333334","339.6","339.6","339.6","","","","","","","","","","","","","","","","","",""
"104157","","","","","","","","","","","","","","","","","","","","","","","","","","","","","","","505.46666666666664","505.46666666666664","505.46666666666664","","","","","","","","",""
"104183","","","","","","","","","","","","","","","","","","","","","","","","","","","","","","","","","","411.96666666666664","411.96666666666664","411.96666666666664","","","","","",""
"104215","","","","","","","","","","","","","","","","","","","","","","","","","","","","","","","","","","","","","421.46666666666664","421.46666666666664","421.46666666666664","","",""
"104311","","","","","","","","","","","","","384.1","384.1","384.1","","","","","","","","","","","","","","","","","","","","","","","","","","",""
"104439","","","","","","","","","","","","","","","","377.1333333333333","377.1333333333333","377.1333333333333","","","","","","","","","","","","","","","","","","","","","","","",""
"104746","","","","","","","","","","","","","","","","","","","","","","","","","445","445","445","","","","","","","","","","","","","","",""
"104804","","","","","","","","","","","","","","","","","","","","","","","","","","","","414.3","414.3","414.3","","","","","","","","","","","",""
"104863","","","","","","","","","","","","","","","","","","","448.7","448.7","448.7","360.43333333333334","360.43333333333334","360.43333333333334","","","","","","","","","","","","","","","","","",""
"105068","","","","","","","","","","","","","","","","","","","","","","","","","","","","","","","517.2666666666667","517.2666666666667","517.2666666666667","","","","","","","","",""
"105126","","","","","","","","","","","","","","","","","","","","","","","","","","","","","","","","","","","","","357.8","357.8","357.8","","",""
"105247","","","","","","","","","","","","","","","","","","","","","","","","","","","","","","","","","","394.06666666666666","394.06666666666666","394.06666666666666","","","","","",""
"105372","","","","","","","","","","","","","465.26666666666665","465.26666666666665","465.26666666666665","","","","","","","","","","","","","","","","","","","","","","","","","","",""
"105500","","","","","","","","","","","","","","","","506.4","506.4","506.4","","","","","","","","","","","","","","","","","","","","","","","",""
"105657","","","","","","","","","","","","","","","","","","","","","","","","","438.73333333333335","438.73333333333335","438.73333333333335","","","","","","","","","","","","","","",""
"105715","","","","","","","","","","","","","","","","","","","","","","","","","","","","417.96666666666664","417.96666666666664","417.96666666666664","","","","","","","","","","","",""
"105774","","","","","","","","","","","","","","","","","","","450.3333333333333","450.3333333333333","450.3333333333333","522.2","522.2","522.2","","","","","","","","","","","","","","","","","",""
"105841","485.3","485.3","485.3","711.9666666666667","711.9666666666667","711.9666666666667","","","","","","","","","","","","","","","","","","","","","","","","","","","","","","","","","","","",""
"105982","","","","","","","","","","","","","","","","","","","","","","","","","","","","","","","569.7333333333333","569.7333333333333","569.7333333333333","","","","","","","","",""
"106041","","","","","","","","","","","","","","","","","","","","","","","","","","","","","","","","","","","","","458.6666666666667","458.6666666666667","458.6666666666667","","",""
"106308","","","","","","","","","","","","","","","","","","","","","","","","","","","","","","","","","","358.6","358.6","358.6","","","","","",""
"106433","","","","","","","","","","","","","352.53333333333336","352.53333333333336","352.53333333333336","","","","","","","","","","","","","","","","","","","","","","","","","","",""
"106561","","","","","","","","","","","","","","","","324.2","324.2","324.2","","","","","","","","","","","","","","","","","","","","","","","",""
"106568","","","","","","","","","","","","","","","","","","","","","","","","","333.03333333333336","333.03333333333336","333.03333333333336","","","","","","","","","","","","","","",""
"106626","","","","","","","","","","","","","","","","","","","","","","","","","","","","492.1333333333333","492.1333333333333","492.1333333333333","","","","","","","","","","","",""
"106685","","","","","","","","","","","","","","","","","","","496.56666666666666","496.56666666666666","496.56666666666666","438.1","438.1","438.1","","","","","","","","","","","","","","","","","",""
"106893","","","","","","","","","","","","","","","","","","","","","","","","","","","","","","","459.43333333333334","459.43333333333334","459.43333333333334","","","","","","","","",""
"106952","","","","","","","","","","","","","","","","","","","","","","","","","","","","","","","","","","","","","298.8333333333333","298.8333333333333","298.8333333333333","","",""
"107201","","","","","","","454.43333333333334","454.43333333333334","454.43333333333334","580.8666666666667","580.8666666666667","580.8666666666667","","","","","","","","","","","","","","","","","","","","","","","","","","","","","",""
"107369","","","","","","","","","","","","","","","","","","","","","","","","","","","","","","","","","","378.1","378.1","378.1","","","","","",""
"107482","","","","","","","","","","","","","","","","","","","","","","","","","370.9","370.9","370.9","","","","","","","","","","","","","","",""
"107497","","","","","","","","","","","","","361","361","361","","","","","","","","","","","","","","","","","","","","","","","","","","",""
"107541","","","","","","","","","","","","","","","","","","","","","","","","","","","","334.3333333333333","334.3333333333333","334.3333333333333","","","","","","","","","","","",""
"107599","","","","","","","","","","","","","","","","","","","404.06666666666666","404.06666666666666","404.06666666666666","428.56666666666666","428.56666666666666","428.56666666666666","","","","","","","","","","","","","","","","","",""
"107622","","","","","","","","","","","","","","","","236","236","236","","","","","","","","","","","","","","","","","","","","","","","",""
"107804","","","","","","","","","","","","","","","","","","","","","","","","","","","","","","","500.2","500.2","500.2","","","","","","","","",""
"107863","","","","","","","","","","","","","","","","","","","","","","","","","","","","","","","","","","","","","409.2","409.2","409.2","","",""
"108393","","","","","","","","","","","","","","","","","","","","","","","","","510.1666666666667","510.1666666666667","510.1666666666667","","","","","","","","","","","","","","",""
"108430","","","","","","","","","","","","","","","","","","","","","","","","","","","","","","","","","","511.26666666666665","511.26666666666665","511.26666666666665","","","","","",""
"108452","","","","","","","","","","","","","","","","","","","","","","","","","","","","418.3","418.3","418.3","","","","","","","","","","","",""
"108510","","","","","","","","","","","","","","","","","","","392.9","392.9","392.9","353.56666666666666","353.56666666666666","353.56666666666666","","","","","","","","","","","","","","","","","",""
"108558","","","","","","","","","","","","","480.4","480.4","480.4","","","","","","","","","","","","","","","","","","","","","","","","","","",""
"108683","","","","","","","","","","","","","","","","497.3333333333333","497.3333333333333","497.3333333333333","","","","","","","","","","","","","","","","","","","","","","","",""
"108715","","","","","","","","","","","","","","","","","","","","","","","","","","","","","","","516.8","516.8","516.8","","","","","","","","",""
"108774","","","","","","","","","","","","","","","","","","","","","","","","","","","","","","","","","","","","","464.06666666666666","464.06666666666666","464.06666666666666","","",""
"109304","","","","","","","","","","","","","","","","","","","","","","","","","373.6","373.6","373.6","","","","","","","","","","","","","","",""
"109363","","","","","","","","","","","","","","","","","","","","","","","","","","","","483.4","483.4","483.4","","","","","","","","","","","",""
"109421","","","","","","","","","","","","","","","","","","","392.8","392.8","392.8","480.6666666666667","480.6666666666667","480.6666666666667","","","","","","","","","","","","","","","","","",""
"109491","","","","","","","","","","","","","","","","","","","","","","","","","","","","","","","","","","355.46666666666664","355.46666666666664","355.46666666666664","","","","","",""
"109619","","","","","","","","","","","","","613.3666666666667","613.3666666666667","613.3666666666667","","","","","","","","","","","","","","","","","","","","","","","","","","",""
"109626","","","","","","","","","","","","","","","","","","","","","","","","","","","","","","","520.5333333333333","520.5333333333333","520.5333333333333","","","","","","","","",""
"109685","","","","","","","","","","","","","","","","","","","","","","","","","","","","","","","","","","","","","443.23333333333335","443.23333333333335","443.23333333333335","","",""
"109747","","","","","","","","","","","","","","","","416.6333333333333","416.6333333333333","416.6333333333333","","","","","","","","","","","","","","","","","","","","","","","",""
"110057","371.1666666666667","371.1666666666667","371.1666666666667","420.1333333333333","420.1333333333333","420.1333333333333","","","","","","","","","","","","","","","","","","","","","","","","","","","","","","","","","","","",""
"110215","","","","","","","","","","","","","","","","","","","","","","","","","516.6","516.6","516.6","","","","","","","","","","","","","","",""
"110274","","","","","","","","","","","","","","","","","","","","","","","","","","","","367.6666666666667","367.6666666666667","367.6666666666667","","","","","","","","","","","",""
"110332","","","","","","","","","","","","","","","","","","","420.56666666666666","420.56666666666666","420.56666666666666","472.4","472.4","472.4","","","","","","","","","","","","","","","","","",""
"110541","","","","","","","","","","","","","","","","","","","","","","","","","","","","","","","499.23333333333335","499.23333333333335","499.23333333333335","","","","","","","","",""
"110556","","","","","","","","","","","","","","","","","","","","","","","","","","","","","","","","","","480.3333333333333","480.3333333333333","480.3333333333333","","","","","",""
"110599","","","","","","","","","","","","","","","","","","","","","","","","","","","","","","","","","","","","","402.6666666666667","402.6666666666667","402.6666666666667","","",""
"110680","","","","","","","","","","","","","381.03333333333336","381.03333333333336","381.03333333333336","","","","","","","","","","","","","","","","","","","","","","","","","","",""
"110808","","","","","","","","","","","","","","","","629.4666666666667","629.4666666666667","629.4666666666667","","","","","","","","","","","","","","","","","","","","","","","",""
"111126","","","","","","","","","","","","","","","","","","","","","","","","","388.43333333333334","388.43333333333334","388.43333333333334","","","","","","","","","","","","","","",""
"111185","","","","","","","","","","","","","","","","","","","","","","","","","","","","568.2","568.2","568.2","","","","","","","","","","","",""
"111243","","","","","","","","","","","","","","","","","","","327.26666666666665","327.26666666666665","327.26666666666665","520.5333333333333","520.5333333333333","520.5333333333333","","","","","","","","","","","","","","","","","",""
"111452","","","","","","","","","","","","","","","","","","","","","","","","","","","","","","","345.46666666666664","345.46666666666664","345.46666666666664","","","","","","","","",""
"111510","","","","","","","","","","","","","","","","","","","","","","","","","","","","","","","","","","","","","283.23333333333335","283.23333333333335","283.23333333333335","","",""
"111617","","","","","","","","","","","","","","","","","","","","","","","","","","","","","","","","","","295.3333333333333","295.3333333333333","295.3333333333333","","","","","",""
"111741","","","","","","","","","","","","","399.8","399.8","399.8","","","","","","","","","","","","","","","","","","","","","","","","","","",""
"111869","","","","","","","","","","","","","","","","439.26666666666665","439.26666666666665","439.26666666666665","","","","","","","","","","","","","","","","","","","","","","","",""
"112056","","","","","","","","","","","","","","","","","","","","","","","","","431.43333333333334","431.43333333333334","431.43333333333334","","","","","","","","","","","","","","",""
"112114","","","","","","","","","","","","","","","","","","","","","","","","","","","","485.9","485.9","485.9","","","","","","","","","","","",""
"112158","","","","","","","","","","","","","","","","","","","366.7","366.7","366.7","635.9","635.9","635.9","","","","","","","","","","","","","","","","","",""
"112363","","","","","","","","","","","","","","","","","","","","","","","","","","","","","","","471.96666666666664","471.96666666666664","471.96666666666664","","","","","","","","",""
"112421","","","","","","","","","","","","","","","","","","","","","","","","","","","","","","","","","","","","","350.03333333333336","350.03333333333336","350.03333333333336","","",""
"112678","","","","","","","","","","","","","","","","","","","","","","","","","","","","","","","","","","473.3","473.3","473.3","","","","","",""
"112806","","","","","","","","","","","","","448.93333333333334","448.93333333333334","448.93333333333334","","","","","","","","","","","","","","","","","","","","","","","","","","",""
"112816","","","","","","","423.06666666666666","423.06666666666666","423.06666666666666","453.8","453.8","453.8","","","","","","","","","","","","","","","","","","","","","","","","","","","","","",""
"112930","","","","","","","","","","","","","","","","359.9","359.9","359.9","","","","","","","","","","","","","","","","","","","","","","","",""
"113069","","","","","","","","","","","","","","","","","","","417.03333333333336","417.03333333333336","417.03333333333336","438.6666666666667","438.6666666666667","438.6666666666667","","","","","","","","","","","","","","","","","",""
"113117","","","","","","","","","","","","","","","","","","","","","","","","","433.46666666666664","433.46666666666664","433.46666666666664","","","","","","","","","","","","","","",""
"113175","","","","","","","","","","","","","","","","","","","","","","","","","","","","295.53333333333336","295.53333333333336","295.53333333333336","","","","","","","","","","","",""
"113274","","","","","","","","","","","","","","","","","","","","","","","","","","","","","","","422.9","422.9","422.9","","","","","","","","",""
"113332","","","","","","","","","","","","","","","","","","","","","","","","","","","","","","","","","","","","","375.6","375.6","375.6","","",""
"113739","","","","","","","","","","","","","","","","","","","","","","","","","","","","","","","","","","478.3333333333333","478.3333333333333","478.3333333333333","","","","","",""
"113867","","","","","","","","","","","","","460","460","460","","","","","","","","","","","","","","","","","","","","","","","","","","",""
"113980","","","","","","","","","","","","","","","","","","","587.9333333333333","587.9333333333333","587.9333333333333","522.7333333333333","522.7333333333333","522.7333333333333","","","","","","","","","","","","","","","","","",""
"113991","","","","","","","","","","","","","","","","296.06666666666666","296.06666666666666","296.06666666666666","","","","","","","","","","","","","","","","","","","","","","","",""
"114178","","","","","","","","","","","","","","","","","","","","","","","","","396.8333333333333","396.8333333333333","396.8333333333333","","","","","","","","","","","","","","",""
"114185","","","","","","","","","","","","","","","","","","","","","","","","","","","","","","","284.2","284.2","284.2","","","","","","","","",""
"114236","","","","","","","","","","","","","","","","","","","","","","","","","","","","376","376","376","","","","","","","","","","","",""
"114243","","","","","","","","","","","","","","","","","","","","","","","","","","","","","","","","","","","","","512.8333333333334","512.8333333333334","512.8333333333334","","",""
"114273","582.8666666666667","582.8666666666667","582.8666666666667","582.5666666666667","582.5666666666667","582.5666666666667","","","","","","","","","","","","","","","","","","","","","","","","","","","","","","","","","","","",""
"114800","","","","","","","","","","","","","","","","","","","","","","","","","","","","","","","","","","363.03333333333336","363.03333333333336","363.03333333333336","","","","","",""
"114891","","","","","","","","","","","","","","","","","","","400.1333333333333","400.1333333333333","400.1333333333333","339.7","339.7","339.7","","","","","","","","","","","","","","","","","",""
"114928","","","","","","","","","","","","","444.56666666666666","444.56666666666666","444.56666666666666","","","","","","","","","","","","","","","","","","","","","","","","","","",""
"115056","","","","","","","","","","","","","","","","373.2","373.2","373.2","","","","","","","","","","","","","","","","","","","","","","","",""
"115099","","","","","","","","","","","","","","","","","","","","","","","","","","","","","","","272.7","272.7","272.7","","","","","","","","",""
"115158","","","","","","","","","","","","","","","","","","","","","","","","","","","","","","","","","","","","","357.3666666666667","357.3666666666667","357.3666666666667","","",""
"115239","","","","","","","","","","","","","","","","","","","","","","","","","370.8333333333333","370.8333333333333","370.8333333333333","","","","","","","","","","","","","","",""
"115297","","","","","","","","","","","","","","","","","","","","","","","","","","","","340.5","340.5","340.5","","","","","","","","","","","",""
"115802","","","","","","","","","","","","","","","","","","","445.3","445.3","445.3","341.6333333333333","341.6333333333333","341.6333333333333","","","","","","","","","","","","","","","","","",""
"115864","","","","","","","","","","","","","","","","","","","","","","","","","","","","","","","","","","361.2","361.2","361.2","","","","","",""
"115989","","","","","","","","","","","","","322.26666666666665","322.26666666666665","322.26666666666665","","","","","","","","","","","","","","","","","","","","","","","","","","",""
"116010","","","","","","","","","","","","","","","","","","","","","","","","","","","","","","","369.8333333333333","369.8333333333333","369.8333333333333","","","","","","","","",""
"116069","","","","","","","","","","","","","","","","","","","","","","","","","","","","","","","","","","","","","415.2","415.2","415.2","","",""
"116117","","","","","","","","","","","","","","","","476.93333333333334","476.93333333333334","476.93333333333334","","","","","","","","","","","","","","","","","","","","","","","",""
"116300","","","","","","","","","","","","","","","","","","","","","","","","","441.9","441.9","441.9","","","","","","","","","","","","","","",""
"116358","","","","","","","","","","","","","","","","","","","","","","","","","","","","368.53333333333336","368.53333333333336","368.53333333333336","","","","","","","","","","","",""
"116716","","","","","","","","","","","","","","","","","","","559.4666666666667","559.4666666666667","559.4666666666667","330.6333333333333","330.6333333333333","330.6333333333333","","","","","","","","","","","","","","","","","",""
"116921","","","","","","","","","","","","","","","","","","","","","","","","","","","","","","","538.8","538.8","538.8","","","","","","","","",""
"116925","","","","","","","","","","","","","","","","","","","","","","","","","","","","","","","","","","474.5","474.5","474.5","","","","","",""
"116980","","","","","","","","","","","","","","","","","","","","","","","","","","","","","","","","","","","","","442.3","442.3","442.3","","",""
"117050","","","","","","","","","","","","","434.6333333333333","434.6333333333333","434.6333333333333","","","","","","","","","","","","","","","","","","","","","","","","","","",""
"117178","","","","","","","","","","","","","","","","370.1","370.1","370.1","","","","","","","","","","","","","","","","","","","","","","","",""
"117364","","","","","","","","","","","","","","","","","","","","","","","","","429.73333333333335","429.73333333333335","429.73333333333335","","","","","","","","","","","","","","",""
"117423","","","","","","","","","","","","","","","","","","","","","","","","","","","","512.2333333333333","512.2333333333333","512.2333333333333","","","","","","","","","","","",""
"117627","","","","","","","","","","","","","","","","","","","328.76666666666665","328.76666666666665","328.76666666666665","457.3333333333333","457.3333333333333","457.3333333333333","","","","","","","","","","","","","","","","","",""
"117832","","","","","","","","","","","","","","","","","","","","","","","","","","","","","","","729.9333333333333","729.9333333333333","729.9333333333333","","","","","","","","",""
"117891","","","","","","","","","","","","","","","","","","","","","","","","","","","","","","","","","","","","","385.53333333333336","385.53333333333336","385.53333333333336","","",""
"117986","","","","","","","","","","","","","","","","","","","","","","","","","","","","","","","","","","300.2","300.2","300.2","","","","","",""
"118114","","","","","","","","","","","","","466.06666666666666","466.06666666666666","466.06666666666666","","","","","","","","","","","","","","","","","","","","","","","","","","",""
"118239","","","","","","","","","","","","","","","","513.1666666666666","513.1666666666666","513.1666666666666","","","","","","","","","","","","","","","","","","","","","","","",""
"118425","","","","","","","","","","","","","","","","","","","","","","","","","538.7333333333333","538.7333333333333","538.7333333333333","","","","","","","","","","","","","","",""
"118428","","","","","","","546.3","546.3","546.3","548.1666666666666","548.1666666666666","548.1666666666666","","","","","","","","","","","","","","","","","","","","","","","","","","","","","",""
"118484","","","","","","","","","","","","","","","","","","","","","","","","","","","","547.7","547.7","547.7","","","","","","","","","","","",""
"118489","475.23333333333335","475.23333333333335","475.23333333333335","615.4","615.4","615.4","","","","","","","","","","","","","","","","","","","","","","","","","","","","","","","","","","","",""
"118538","","","","","","","","","","","","","","","","","","","532.0333333333333","532.0333333333333","532.0333333333333","546.3333333333334","546.3333333333334","546.3333333333334","","","","","","","","","","","","","","","","","",""
"118743","","","","","","","","","","","","","","","","","","","","","","","","","","","","","","","379.96666666666664","379.96666666666664","379.96666666666664","","","","","","","","",""
"118802","","","","","","","","","","","","","","","","","","","","","","","","","","","","","","","","","","","","","561.5666666666667","561.5666666666667","561.5666666666667","","",""
"119047","","","","","","","","","","","","","","","","","","","","","","","","","","","","","","","","","","430.23333333333335","430.23333333333335","430.23333333333335","","","","","",""
"119175","","","","","","","","","","","","","497.5","497.5","497.5","","","","","","","","","","","","","","","","","","","","","","","","","","",""
"119300","","","","","","","","","","","","","","","","357.2","357.2","357.2","","","","","","","","","","","","","","","","","","","","","","","",""
"119449","","","","","","","","","","","","","","","","","","","484.1333333333333","484.1333333333333","484.1333333333333","487.3","487.3","487.3","","","","","","","","","","","","","","","","","",""
"119486","","","","","","","","","","","","","","","","","","","","","","","","","358.8","358.8","358.8","","","","","","","","","","","","","","",""
"119545","","","","","","","","","","","","","","","","","","","","","","","","","","","","559.5","559.5","559.5","","","","","","","","","","","",""
"119658","","","","","","","","","","","","","","","","","","","","","","","","","","","","","","","346.06666666666666","346.06666666666666","346.06666666666666","","","","","","","","",""
"119716","","","","","","","","","","","","","","","","","","","","","","","","","","","","","","","","","","","","","488.6666666666667","488.6666666666667","488.6666666666667","","",""
"120108","","","","","","","","","","","","","","","","","","","","","","","","","","","","","","","","","","416.56666666666666","416.56666666666666","416.56666666666666","","","","","",""
"120236","","","","","","","","","","","","","568.7333333333333","568.7333333333333","568.7333333333333","","","","","","","","","","","","","","","","","","","","","","","","","","",""
"120360","","","","","","","","","","","","","","","","","","","288.96666666666664","288.96666666666664","288.96666666666664","456.1","456.1","456.1","","","","","","","","","","","","","","","","","",""
"120364","","","","","","","","","","","","","","","","453.43333333333334","453.43333333333334","453.43333333333334","","","","","","","","","","","","","","","","","","","","","","","",""
"120547","","","","","","","","","","","","","","","","","","","","","","","","","561.5","561.5","561.5","","","","","","","","","","","","","","",""
"120569","","","","","","","","","","","","","","","","","","","","","","","","","","","","","","","385.03333333333336","385.03333333333336","385.03333333333336","","","","","","","","",""
"120606","","","","","","","","","","","","","","","","","","","","","","","","","","","","582.5","582.5","582.5","","","","","","","","","","","",""
"120627","","","","","","","","","","","","","","","","","","","","","","","","","","","","","","","","","","","","","342.3666666666667","342.3666666666667","342.3666666666667","","",""
"121173","","","","","","","","","","","","","","","","","","","","","","","","","","","","","","","","","","503","503","503","","","","","",""
"121275","","","","","","","","","","","","","","","","","","","443.43333333333334","443.43333333333334","443.43333333333334","526.7666666666667","526.7666666666667","526.7666666666667","","","","","","","","","","","","","","","","","",""
"121297","","","","","","","","","","","","","612","612","612","","","","","","","","","","","","","","","","","","","","","","","","","","",""
"121425","","","","","","","","","","","","","","","","398.56666666666666","398.56666666666666","398.56666666666666","","","","","","","","","","","","","","","","","","","","","","","",""
"121480","","","","","","","","","","","","","","","","","","","","","","","","","","","","","","","414.9","414.9","414.9","","","","","","","","",""
"121538","","","","","","","","","","","","","","","","","","","","","","","","","","","","","","","","","","","","","368.73333333333335","368.73333333333335","368.73333333333335","","",""
"121608","","","","","","","","","","","","","","","","","","","","","","","","","382.3","382.3","382.3","","","","","","","","","","","","","","",""
"121667","","","","","","","","","","","","","","","","","","","","","","","","","","","","408.4","408.4","408.4","","","","","","","","","","","",""
"122186","","","","","","","","","","","","","","","","","","","419.4","419.4","419.4","421.2","421.2","421.2","","","","","","","","","","","","","","","","","",""
"122234","","","","","","","","","","","","","","","","","","","","","","","","","","","","","","","","","","486.06666666666666","486.06666666666666","486.06666666666666","","","","","",""
"122358","","","","","","","","","","","","","407.8333333333333","407.8333333333333","407.8333333333333","","","","","","","","","","","","","","","","","","","","","","","","","","",""
"122391","","","","","","","","","","","","","","","","","","","","","","","","","","","","","","","346","346","346","","","","","","","","",""
"122449","","","","","","","","","","","","","","","","","","","","","","","","","","","","","","","","","","","","","459.7","459.7","459.7","","",""
"122486","","","","","","","","","","","","","","","","374.43333333333334","374.43333333333334","374.43333333333334","","","","","","","","","","","","","","","","","","","","","","","",""
"122673","","","","","","","","","","","","","","","","","","","","","","","","","522.8333333333334","522.8333333333334","522.8333333333334","","","","","","","","","","","","","","",""
"122705","747.6","747.6","747.6","518.3666666666667","518.3666666666667","518.3666666666667","","","","","","","","","","","","","","","","","","","","","","","","","","","","","","","","","","","",""
"122731","","","","","","","","","","","","","","","","","","","","","","","","","","","","573.8333333333334","573.8333333333334","573.8333333333334","","","","","","","","","","","",""
"123097","","","","","","","","","","","","","","","","","","","439.1666666666667","439.1666666666667","439.1666666666667","471.3","471.3","471.3","","","","","","","","","","","","","","","","","",""
"123295","","","","","","","","","","","","","","","","","","","","","","","","","","","","","","","","","","410.7","410.7","410.7","","","","","",""
"123302","","","","","","","","","","","","","","","","","","","","","","","","","","","","","","","546.6666666666666","546.6666666666666","546.6666666666666","","","","","","","","",""
"123360","","","","","","","","","","","","","","","","","","","","","","","","","","","","","","","","","","","","","381.26666666666665","381.26666666666665","381.26666666666665","","",""
"123423","","","","","","","","","","","","","325.03333333333336","325.03333333333336","325.03333333333336","","","","","","","","","","","","","","","","","","","","","","","","","","",""
"123547","","","","","","","","","","","","","","","","264.43333333333334","264.43333333333334","264.43333333333334","","","","","","","","","","","","","","","","","","","","","","","",""
"123734","","","","","","","","","","","","","","","","","","","","","","","","","512.9","512.9","512.9","","","","","","","","","","","","","","",""
"123792","","","","","","","","","","","","","","","","","","","","","","","","","","","","434.1","434.1","434.1","","","","","","","","","","","",""
"124008","","","","","","","","","","","","","","","","","","","468.26666666666665","468.26666666666665","468.26666666666665","489.7","489.7","489.7","","","","","","","","","","","","","","","","","",""
"124040","","","","","","","549.8333333333334","549.8333333333334","549.8333333333334","616.5666666666667","616.5666666666667","616.5666666666667","","","","","","","","","","","","","","","","","","","","","","","","","","","","","",""
"124216","","","","","","","","","","","","","","","","","","","","","","","","","","","","","","","453.43333333333334","453.43333333333334","453.43333333333334","","","","","","","","",""
"124275","","","","","","","","","","","","","","","","","","","","","","","","","","","","","","","","","","","","","422.8666666666667","422.8666666666667","422.8666666666667","","",""
"124356","","","","","","","","","","","","","","","","","","","","","","","","","","","","","","","","","","364.8666666666667","364.8666666666667","364.8666666666667","","","","","",""
"124484","","","","","","","","","","","","","456.9","456.9","456.9","","","","","","","","","","","","","","","","","","","","","","","","","","",""
"124608","","","","","","","","","","","","","","","","322.2","322.2","322.2","","","","","","","","","","","","","","","","","","","","","","","",""
"124795","","","","","","","","","","","","","","","","","","","","","","","","","332.6","332.6","332.6","","","","","","","","","","","","","","",""
"124853","","","","","","","","","","","","","","","","","","","","","","","","","","","","540.9","540.9","540.9","","","","","","","","","","","",""
"124919","","","","","","","","","","","","","","","","","","","381.1","381.1","381.1","498.6","498.6","498.6","","","","","","","","","","","","","","","","","",""
"125127","","","","","","","","","","","","","","","","","","","","","","","","","","","","","","","418.46666666666664","418.46666666666664","418.46666666666664","","","","","","","","",""
"125186","","","","","","","","","","","","","","","","","","","","","","","","","","","","","","","","","","","","","383.96666666666664","383.96666666666664","383.96666666666664","","",""
"125417","","","","","","","","","","","","","","","","","","","","","","","","","","","","","","","","","","352.1666666666667","352.1666666666667","352.1666666666667","","","","","",""
"125545","","","","","","","","","","","","","339.06666666666666","339.06666666666666","339.06666666666666","","","","","","","","","","","","","","","","","","","","","","","","","","",""
"125673","","","","","","","","","","","","","","","","338.76666666666665","338.76666666666665","338.76666666666665","","","","","","","","","","","","","","","","","","","","","","","",""
"125833","","","","","","","","","","","","","","","","","","","432.4","432.4","432.4","431.4","431.4","431.4","","","","","","","","","","","","","","","","","",""
"125856","","","","","","","","","","","","","","","","","","","","","","","","","325.8666666666667","325.8666666666667","325.8666666666667","","","","","","","","","","","","","","",""
"125914","","","","","","","","","","","","","","","","","","","","","","","","","","","","547","547","547","","","","","","","","","","","",""
"126038","","","","","","","","","","","","","","","","","","","","","","","","","","","","","","","509.4","509.4","509.4","","","","","","","","",""
"126097","","","","","","","","","","","","","","","","","","","","","","","","","","","","","","","","","","","","","445.9","445.9","445.9","","",""
"126481","","","","","","","","","","","","","","","","","","","","","","","","","","","","","","","","","","528.4666666666667","528.4666666666667","528.4666666666667","","","","","",""
"126606","","","","","","","","","","","","","499.8","499.8","499.8","","","","","","","","","","","","","","","","","","","","","","","","","","",""
"126734","","","","","","","","","","","","","","","","524.5","524.5","524.5","","","","","","","","","","","","","","","","","","","","","","","",""
"126744","","","","","","","","","","","","","","","","","","","481.73333333333335","481.73333333333335","481.73333333333335","497.56666666666666","497.56666666666666","497.56666666666666","","","","","","","","","","","","","","","","","",""
"126917","","","","","","","","","","","","","","","","","","","","","","","","","562.6333333333333","562.6333333333333","562.6333333333333","","","","","","","","","","","","","","",""
"126925","263.76666666666665","263.76666666666665","263.76666666666665","552.8333333333334","552.8333333333334","552.8333333333334","","","","","","","","","","","","","","","","","","","","","","","","","","","","","","","","","","","",""
"126949","","","","","","","","","","","","","","","","","","","","","","","","","","","","","","","403.2","403.2","403.2","","","","","","","","",""
"126975","","","","","","","","","","","","","","","","","","","","","","","","","","","","454.5","454.5","454.5","","","","","","","","","","","",""
"127008","","","","","","","","","","","","","","","","","","","","","","","","","","","","","","","","","","","","","519.9666666666667","519.9666666666667","519.9666666666667","","",""
"127542","","","","","","","","","","","","","","","","","","","","","","","","","","","","","","","","","","462.43333333333334","462.43333333333334","462.43333333333334","","","","","",""
"127655","","","","","","","","","","","","","","","","","","","379.43333333333334","379.43333333333334","379.43333333333334","466.23333333333335","466.23333333333335","466.23333333333335","","","","","","","","","","","","","","","","","",""
"127667","","","","","","","","","","","","","454.3666666666667","454.3666666666667","454.3666666666667","","","","","","","","","","","","","","","","","","","","","","","","","","",""
"127795","","","","","","","","","","","","","","","","499.06666666666666","499.06666666666666","499.06666666666666","","","","","","","","","","","","","","","","","","","","","","","",""
"127860","","","","","","","","","","","","","","","","","","","","","","","","","","","","","","","462.96666666666664","462.96666666666664","462.96666666666664","","","","","","","","",""
"127919","","","","","","","","","","","","","","","","","","","","","","","","","","","","","","","","","","","","","427.03333333333336","427.03333333333336","427.03333333333336","","",""
"127981","","","","","","","","","","","","","","","","","","","","","","","","","408.23333333333335","408.23333333333335","408.23333333333335","","","","","","","","","","","","","","",""
"128040","","","","","","","","","","","","","","","","","","","","","","","","","","","","292.76666666666665","292.76666666666665","292.76666666666665","","","","","","","","","","","",""
"128566","","","","","","","","","","","","","","","","","","","362.5","362.5","362.5","353.3","353.3","353.3","","","","","","","","","","","","","","","","","",""
"128603","","","","","","","","","","","","","","","","","","","","","","","","","","","","","","","","","","548.9333333333333","548.9333333333333","548.9333333333333","","","","","",""
"128731","","","","","","","","","","","","","623.4333333333333","623.4333333333333","623.4333333333333","","","","","","","","","","","","","","","","","","","","","","","","","","",""
"128775","","","","","","","","","","","","","","","","","","","","","","","","","","","","","","","454.9","454.9","454.9","","","","","","","","",""
"128848","","","","","","","","","","","","","","","","","","","","","","","","","","","","","","","","","","","","","381.23333333333335","381.23333333333335","381.23333333333335","","",""
"128856","","","","","","","","","","","","","","","","386.6666666666667","386.6666666666667","386.6666666666667","","","","","","","","","","","","","","","","","","","","","","","",""
"129042","","","","","","","","","","","","","","","","","","","","","","","","","372.73333333333335","372.73333333333335","372.73333333333335","","","","","","","","","","","","","","",""
"129101","","","","","","","","","","","","","","","","","","","","","","","","","","","","398.53333333333336","398.53333333333336","398.53333333333336","","","","","","","","","","","",""
"129477","","","","","","","","","","","","","","","","","","","327.56666666666666","327.56666666666666","327.56666666666666","460.6666666666667","460.6666666666667","460.6666666666667","","","","","","","","","","","","","","","","","",""
"129651","","","","","","","617.2666666666667","617.2666666666667","617.2666666666667","583.2666666666667","583.2666666666667","583.2666666666667","","","","","","","","","","","","","","","","","","","","","","","","","","","","","",""
"129664","","","","","","","","","","","","","","","","","","","","","","","","","","","","","","","","","","356.4","356.4","356.4","","","","","",""
"129686","","","","","","","","","","","","","","","","","","","","","","","","","","","","","","","560.0333333333333","560.0333333333333","560.0333333333333","","","","","","","","",""
"129792","","","","","","","","","","","","","396.8","396.8","396.8","","","","","","","","","","","","","","","","","","","","","","","","","","",""
"129909","","","","","","","","","","","","","","","","","","","","","","","","","","","","","","","","","","","","","476.2","476.2","476.2","","",""
"129917","","","","","","","","","","","","","","","","363","363","363","","","","","","","","","","","","","","","","","","","","","","","",""
"130103","","","","","","","","","","","","","","","","","","","","","","","","","504.46666666666664","504.46666666666664","504.46666666666664","","","","","","","","","","","","","","",""
"130162","","","","","","","","","","","","","","","","","","","","","","","","","","","","478.7","478.7","478.7","","","","","","","","","","","",""
"130392","","","","","","","","","","","","","","","","","","","417.1","417.1","417.1","465","465","465","","","","","","","","","","","","","","","","","",""
"130597","","","","","","","","","","","","","","","","","","","","","","","","","","","","","","","462.26666666666665","462.26666666666665","462.26666666666665","","","","","","","","",""
"130725","","","","","","","","","","","","","","","","","","","","","","","","","","","","","","","","","","377.7","377.7","377.7","","","","","",""
"130853","","","","","","","","","","","","","439.4","439.4","439.4","","","","","","","","","","","","","","","","","","","","","","","","","","",""
"130970","","","","","","","","","","","","","","","","","","","","","","","","","","","","","","","","","","","","","377.3666666666667","377.3666666666667","377.3666666666667","","",""
"130981","","","","","","","","","","","","","","","","330","330","330","","","","","","","","","","","","","","","","","","","","","","","",""
"131141","521.4","521.4","521.4","611.7666666666667","611.7666666666667","611.7666666666667","","","","","","","","","","","","","","","","","","","","","","","","","","","","","","","","","","","",""
"131164","","","","","","","","","","","","","","","","","","","","","","","","","440.96666666666664","440.96666666666664","440.96666666666664","","","","","","","","","","","","","","",""
"131223","","","","","","","","","","","","","","","","","","","","","","","","","","","","491.1666666666667","491.1666666666667","491.1666666666667","","","","","","","","","","","",""
"131303","","","","","","","","","","","","","","","","","","","407.1666666666667","407.1666666666667","407.1666666666667","445.3333333333333","445.3333333333333","445.3333333333333","","","","","","","","","","","","","","","","","",""
"131508","","","","","","","","","","","","","","","","","","","","","","","","","","","","","","","418.1","418.1","418.1","","","","","","","","",""
"131790","","","","","","","","","","","","","","","","","","","","","","","","","","","","","","","","","","409.1","409.1","409.1","","","","","",""
"131914","","","","","","","","","","","","","334.43333333333334","334.43333333333334","334.43333333333334","","","","","","","","","","","","","","","","","","","","","","","","","","",""
"132031","","","","","","","","","","","","","","","","","","","","","","","","","","","","","","","","","","","","","381.4","381.4","381.4","","",""
"132042","","","","","","","","","","","","","","","","446.7","446.7","446.7","","","","","","","","","","","","","","","","","","","","","","","",""
"132214","","","","","","","","","","","","","","","","","","","350.96666666666664","350.96666666666664","350.96666666666664","366.1","366.1","366.1","","","","","","","","","","","","","","","","","",""
"132225","","","","","","","","","","","","","","","","","","","","","","","","","339.3666666666667","339.3666666666667","339.3666666666667","","","","","","","","","","","","","","",""
"132284","","","","","","","","","","","","","","","","","","","","","","","","","","","","497","497","497","","","","","","","","","","","",""
"132419","","","","","","","","","","","","","","","","","","","","","","","","","","","","","","","410","410","410","","","","","","","","",""
"132851","","","","","","","","","","","","","","","","","","","","","","","","","","","","","","","","","","429.96666666666664","429.96666666666664","429.96666666666664","","","","","",""
"132975","","","","","","","","","","","","","344.43333333333334","344.43333333333334","344.43333333333334","","","","","","","","","","","","","","","","","","","","","","","","","","",""
"133092","","","","","","","","","","","","","","","","","","","","","","","","","","","","","","","","","","","","","515.5666666666667","515.5666666666667","515.5666666666667","","",""
"133103","","","","","","","","","","","","","","","","366.8666666666667","366.8666666666667","366.8666666666667","","","","","","","","","","","","","","","","","","","","","","","",""
"133125","","","","","","","","","","","","","","","","","","","442.2","442.2","442.2","353.03333333333336","353.03333333333336","353.03333333333336","","","","","","","","","","","","","","","","","",""
"133290","","","","","","","","","","","","","","","","","","","","","","","","","340.9","340.9","340.9","","","","","","","","","","","","","","",""
"133348","","","","","","","","","","","","","","","","","","","","","","","","","","","","352.8333333333333","352.8333333333333","352.8333333333333","397.6","397.6","397.6","","","","","","","","",""
"133912","","","","","","","","","","","","","","","","","","","","","","","","","","","","","","","","","","309.73333333333335","309.73333333333335","309.73333333333335","","","","","",""
"134036","","","","","","","","","","","","","","","","","","","418.5","418.5","418.5","387.43333333333334","387.43333333333334","387.43333333333334","","","","","","","","","","","","","","","","","",""
"134040","","","","","","","","","","","","","463.26666666666665","463.26666666666665","463.26666666666665","","","","","","","","","","","","","","","","","","","","","","","","","","",""
"134157","","","","","","","","","","","","","","","","","","","","","","","","","","","","","","","","","","","","","417.76666666666665","417.76666666666665","417.76666666666665","","",""
"134164","","","","","","","","","","","","","","","","452.1666666666667","452.1666666666667","452.1666666666667","","","","","","","","","","","","","","","","","","","","","","","",""
"134351","","","","","","","","","","","","","","","","","","","","","","","","","220.56666666666666","220.56666666666666","220.56666666666666","","","","","","","","","","","","","","",""
"134409","","","","","","","","","","","","","","","","","","","","","","","","","","","","458.7","458.7","458.7","464.76666666666665","464.76666666666665","464.76666666666665","","","","","","","","",""
"134950","","","","","","","","","","","","","","","","","","","386.8","386.8","386.8","","","","","","","","","","","","","","","","","","","","",""
"134965","","","","","","","","","","","","","","","","","","","","","","381.73333333333335","381.73333333333335","381.73333333333335","","","","","","","","","","","","","","","","","",""
"134973","","","","","","","","","","","","","","","","","","","","","","","","","","","","","","","","","","251.43333333333334","251.43333333333334","251.43333333333334","","","","","",""
"135101","","","","","","","","","","","","","444.93333333333334","444.93333333333334","444.93333333333334","","","","","","","","","","","","","","","","","","","","","","","","","","",""
"135218","","","","","","","","","","","","","","","","","","","","","","","","","","","","","","","","","","","","","448.1","448.1","448.1","","",""
"135225","","","","","","","","","","","","","","","","485.46666666666664","485.46666666666664","485.46666666666664","","","","","","","","","","","","","","","","","","","","","","","",""
"135263","","","","","","","584.2333333333333","584.2333333333333","584.2333333333333","484.3","484.3","484.3","","","","","","","","","","","","","","","","","","","","","","","","","","","","","",""
"135357","614.3666666666667","614.3666666666667","614.3666666666667","387.93333333333334","387.93333333333334","387.93333333333334","","","","","","","","","","","","","","","","","","","","","","","","","","","","","","","","","","","",""
"135412","","","","","","","","","","","","","","","","","","","","","","","","","413.26666666666665","413.26666666666665","413.26666666666665","","","","","","","","","","","","","","",""
"135470","","","","","","","","","","","","","","","","","","","","","","","","","","","","444.96666666666664","444.96666666666664","444.96666666666664","386.73333333333335","386.73333333333335","386.73333333333335","","","","","","","","",""
"135861","","","","","","","","","","","","","","","","","","","379.46666666666664","379.46666666666664","379.46666666666664","","","","","","","","","","","","","","","","","","","","",""
"136026","","","","","","","","","","","","","","","","","","","","","","286.1","286.1","286.1","","","","","","","","","","","","","","","","","",""
"136034","","","","","","","","","","","","","","","","","","","","","","","","","","","","","","","","","","546.2666666666667","546.2666666666667","546.2666666666667","","","","","",""
"136162","","","","","","","","","","","","","307.6666666666667","307.6666666666667","307.6666666666667","","","","","","","","","","","","","","","","","","","","","","","","","","",""
"136279","","","","","","","","","","","","","","","","","","","","","","","","","","","","","","","","","","","","","464.8","464.8","464.8","","",""
"136290","","","","","","","","","","","","","","","","400.93333333333334","400.93333333333334","400.93333333333334","","","","","","","","","","","","","","","","","","","","","","","",""
"136473","","","","","","","","","","","","","","","","","","","","","","","","","485.1","485.1","485.1","","","","","","","","","","","","","","",""
"136531","","","","","","","","","","","","","","","","","","","","","","","","","","","","422.93333333333334","422.93333333333334","422.93333333333334","364.8","364.8","364.8","","","","","","","","",""
"136772","","","","","","","","","","","","","","","","","","","527.5333333333333","527.5333333333333","527.5333333333333","","","","","","","","","","","","","","","","","","","","",""
"137087","","","","","","","","","","","","","","","","","","","","","","415.93333333333334","415.93333333333334","415.93333333333334","","","","","","","","","","","","","","","","","",""
"137098","","","","","","","","","","","","","","","","","","","","","","","","","","","","","","","","","","488.8333333333333","488.8333333333333","488.8333333333333","","","","","",""
"137223","","","","","","","","","","","","","615.0666666666667","615.0666666666667","615.0666666666667","","","","","","","","","","","","","","","","","","","","","","","","","","",""
"137340","","","","","","","","","","","","","","","","","","","","","","","","","","","","","","","","","","","","","447.8666666666667","447.8666666666667","447.8666666666667","","",""
"137351","","","","","","","","","","","","","","","","394.56666666666666","394.56666666666666","394.56666666666666","","","","","","","","","","","","","","","","","","","","","","","",""
"137534","","","","","","","","","","","","","","","","","","","","","","","","","399.1666666666667","399.1666666666667","399.1666666666667","","","","","","","","","","","","","","",""
"137592","","","","","","","","","","","","","","","","","","","","","","","","","","","","483.53333333333336","483.53333333333336","483.53333333333336","403.23333333333335","403.23333333333335","403.23333333333335","","","","","","","","",""
"137683","","","","","","","","","","","","","","","","","","","468.1","468.1","468.1","","","","","","","","","","","","","","","","","","","","",""
"138148","","","","","","","","","","","","","","","","","","","","","","451.1333333333333","451.1333333333333","451.1333333333333","","","","","","","","","","","","","","","","","",""
"138159","","","","","","","","","","","","","","","","","","","","","","","","","","","","","","","","","","533.6","533.6","533.6","","","","","",""
"138284","","","","","","","","","","","","","397.7","397.7","397.7","","","","","","","","","","","","","","","","","","","","","","","","","","",""
"138401","","","","","","","","","","","","","","","","","","","","","","","","","","","","","","","","","","","","","513.9333333333333","513.9333333333333","513.9333333333333","","",""
"138412","","","","","","","","","","","","","","","","499","499","499","","","","","","","","","","","","","","","","","","","","","","","",""
"138594","","","","","","","","","","","","","","","","","","","552.4666666666667","552.4666666666667","552.4666666666667","","","","","","","","","","","","","","","","","","","","",""
"138598","","","","","","","","","","","","","","","","","","","","","","","","","288.3333333333333","288.3333333333333","288.3333333333333","","","","","","","","","","","","","","",""
"138657","","","","","","","","","","","","","","","","","","","","","","","","","","","","337.06666666666666","337.06666666666666","337.06666666666666","431.4","431.4","431.4","","","","","","","","",""
"139209","","","","","","","","","","","","","","","","","","","","","","265.1666666666667","265.1666666666667","265.1666666666667","","","","","","","","","","","","","","","","","",""
"139220","","","","","","","","","","","","","","","","","","","","","","","","","","","","","","","","","","419.23333333333335","419.23333333333335","419.23333333333335","","","","","",""
"139348","","","","","","","","","","","","","448.8333333333333","448.8333333333333","448.8333333333333","","","","","","","","","","","","","","","","","","","","","","","","","","",""
"139465","","","","","","","","","","","","","","","","","","","","","","","","","","","","","","","","","","","","","414.1333333333333","414.1333333333333","414.1333333333333","","",""
"139473","","","","","","","","","","","","","","","","546.9333333333333","546.9333333333333","546.9333333333333","","","","","","","","","","","","","","","","","","","","","","","",""
"139524","","","","","","","","","","","","","","","","","","","349.6333333333333","349.6333333333333","349.6333333333333","","","","","","","","","","","","","","","","","","","","",""
"139573","473.3","473.3","473.3","580.5666666666667","580.5666666666667","580.5666666666667","","","","","","","","","","","","","","","","","","","","","","","","","","","","","","","","","","","",""
"139659","","","","","","","","","","","","","","","","","","","","","","","","","480.8666666666667","480.8666666666667","480.8666666666667","","","","","","","","","","","","","","",""
"139718","","","","","","","","","","","","","","","","","","","","","","","","","","","","488.5","488.5","488.5","315.1666666666667","315.1666666666667","315.1666666666667","","","","","","","","",""
"140274","","","","","","","","","","","","","","","","","","","","","","495.8666666666667","495.8666666666667","495.8666666666667","","","","","","","","","","","","","","","","","",""
"140281","","","","","","","","","","","","","","","","","","","","","","","","","","","","","","","","","","313.8333333333333","313.8333333333333","313.8333333333333","","","","","",""
"140409","","","","","","","","","","","","","342.76666666666665","342.76666666666665","342.76666666666665","","","","","","","","","","","","","","","","","","","","","","","","","","",""
"140526","","","","","","","","","","","","","","","","","","","","","","","","","","","","","","","","","","","","","328.56666666666666","328.56666666666666","328.56666666666666","","",""
"140534","","","","","","","","","","","","","","","","410.7","410.7","410.7","","","","","","","","","","","","","","","","","","","","","","","",""
"140585","","","","","","","","","","","","","","","","","","","435.43333333333334","435.43333333333334","435.43333333333334","","","","","","","","","","","","","","","","","","","","",""
"140720","","","","","","","","","","","","","","","","","","","","","","","","","396.23333333333335","396.23333333333335","396.23333333333335","","","","","","","","","","","","","","",""
"140779","","","","","","","","","","","","","","","","","","","","","","","","","","","","373.1333333333333","373.1333333333333","373.1333333333333","565.4","565.4","565.4","","","","","","","","",""
"140879","","","","","","","484.1333333333333","484.1333333333333","484.1333333333333","581.5666666666667","581.5666666666667","581.5666666666667","","","","","","","","","","","","","","","","","","","","","","","","","","","","","",""
"141335","","","","","","","","","","","","","","","","","","","","","","404.6333333333333","404.6333333333333","404.6333333333333","","","","","","","","","","","","","","","","","",""
"141342","","","","","","","","","","","","","","","","","","","","","","","","","","","","","","","","","","404","404","404","","","","","",""
"141470","","","","","","","","","","","","","489.1666666666667","489.1666666666667","489.1666666666667","","","","","","","","","","","","","","","","","","","","","","","","","","",""
"141587","","","","","","","","","","","","","","","","","","","","","","","","","","","","","","","","","","","","","241.43333333333334","241.43333333333334","241.43333333333334","","",""
"141598","","","","","","","","","","","","","","","","439.96666666666664","439.96666666666664","439.96666666666664","","","","","","","","","","","","","","","","","","","","","","","",""
"141646","","","","","","","","","","","","","","","","","","","350.5","350.5","350.5","","","","","","","","","","","","","","","","","","","","",""
"141781","","","","","","","","","","","","","","","","","","","","","","","","","408.3","408.3","408.3","","","","","","","","","","","","","","",""
"141840","","","","","","","","","","","","","","","","","","","","","","","","","","","","517.9","517.9","517.9","277.03333333333336","277.03333333333336","277.03333333333336","","","","","","","","",""
"142396","","","","","","","","","","","","","","","","","","","","","","219.06666666666666","219.06666666666666","219.06666666666666","","","","","","","","","","","","","","","","","",""
"142407","","","","","","","","","","","","","","","","","","","","","","","","","","","","","","","","","","519.1333333333333","519.1333333333333","519.1333333333333","","","","","",""
"142531","","","","","","","","","","","","","462.76666666666665","462.76666666666665","462.76666666666665","","","","","","","","","","","","","","","","","","","","","","","","","","",""
"142648","","","","","","","","","","","","","","","","","","","","","","","","","","","","","","","","","","","","","468.96666666666664","468.96666666666664","468.96666666666664","","",""
"142659","","","","","","","","","","","","","","","","343.56666666666666","343.56666666666666","343.56666666666666","","","","","","","","","","","","","","","","","","","","","","","",""
"142707","","","","","","","","","","","","","","","","","","","470.4","470.4","470.4","","","","","","","","","","","","","","","","","","","","",""
"142842","","","","","","","","","","","","","","","","","","","","","","","","","348.93333333333334","348.93333333333334","348.93333333333334","","","","","","","","","","","","","","",""
"142901","","","","","","","","","","","","","","","","","","","","","","","","","","","","553.2333333333333","553.2333333333333","553.2333333333333","451.4","451.4","451.4","","","","","","","","",""
"143457","","","","","","","","","","","","","","","","","","","","","","422.1","422.1","422.1","","","","","","","","","","","","","","","","","",""
"143468","","","","","","","","","","","","","","","","","","","","","","","","","","","","","","","","","","507.3","507.3","507.3","","","","","",""
"143592","","","","","","","","","","","","","564.2666666666667","564.2666666666667","564.2666666666667","","","","","","","","","","","","","","","","","","","","","","","","","","",""
"143709","","","","","","","","","","","","","","","","","","","","","","","","","","","","","","","","","","","","","322.1666666666667","322.1666666666667","322.1666666666667","","",""
"143720","","","","","","","","","","","","","","","","424.6","424.6","424.6","","","","","","","","","","","","","","","","","","","","","","","",""
"143768","","","","","","","","","","","","","","","","","","","469","469","469","","","","","","","","","","","","","","","","","","","","",""
"143789","676","676","676","486.6","486.6","486.6","","","","","","","","","","","","","","","","","","","","","","","","","","","","","","","","","","","",""
"143907","","","","","","","","","","","","","","","","","","","","","","","","","478.56666666666666","478.56666666666666","478.56666666666666","","","","","","","","","","","","","","",""
"143965","","","","","","","","","","","","","","","","","","","","","","","","","","","","368.26666666666665","368.26666666666665","368.26666666666665","404.46666666666664","404.46666666666664","404.46666666666664","","","","","","","","",""
"144518","","","","","","","","","","","","","","","","","","","","","","433.23333333333335","433.23333333333335","433.23333333333335","","","","","","","","","","","","","","","","","",""
"144529","","","","","","","","","","","","","","","","","","","","","","","","","","","","","","","","","","507.6","507.6","507.6","","","","","",""
"144657","","","","","","","","","","","","","314.56666666666666","314.56666666666666","314.56666666666666","","","","","","","","","","","","","","","","","","","","","","","","","","",""
"144774","","","","","","","","","","","","","","","","","","","","","","","","","","","","","","","","","","","","","349.6333333333333","349.6333333333333","349.6333333333333","","",""
"144781","","","","","","","","","","","","","","","","551","551","551","","","","","","","","","","","","","","","","","","","","","","","",""
"144968","","","","","","","","","","","","","","","","","","","","","","","","","477.2","477.2","477.2","","","","","","","","","","","","","","",""
"145026","","","","","","","","","","","","","","","","","","","","","","","","","","","","396.6666666666667","396.6666666666667","396.6666666666667","317.8666666666667","317.8666666666667","317.8666666666667","","","","","","","","",""
"145590","","","","","","","","","","","","","","","","","","","","","","","","","","","","","","","","","","455.76666666666665","455.76666666666665","455.76666666666665","","","","","",""
"145718","","","","","","","","","","","","","375.73333333333335","375.73333333333335","375.73333333333335","","","","","","","","","","","","","","","","","","","","","","","","","","",""
"145835","","","","","","","","","","","","","","","","","","","","","","","","","","","","","","","","","","","","","462.8333333333333","462.8333333333333","462.8333333333333","","",""
"145842","","","","","","","","","","","","","","","","267.3666666666667","267.3666666666667","267.3666666666667","","","","","","","","","","","","","","","","","","","","","","","",""
"146029","","","","","","","","","","","","","","","","","","","","","","","","","441.8","441.8","441.8","","","","","","","","","","","","","","",""
"146087","","","","","","","","","","","","","","","","","","","","","","","","","","","","356.06666666666666","356.06666666666666","356.06666666666666","311.56666666666666","311.56666666666666","311.56666666666666","","","","","","","","",""
"146491","","","","","","","649.2333333333333","649.2333333333333","649.2333333333333","489.4","489.4","489.4","","","","","","","","","","","","","","","","","","","","","","","","","","","","","",""
"146651","","","","","","","","","","","","","","","","","","","","","","","","","","","","","","","","","","329.06666666666666","329.06666666666666","329.06666666666666","","","","","",""
"146779","","","","","","","","","","","","","532.2333333333333","532.2333333333333","532.2333333333333","","","","","","","","","","","","","","","","","","","","","","","","","","",""
"146896","","","","","","","","","","","","","","","","","","","","","","","","","","","","","","","","","","","","","458.93333333333334","458.93333333333334","458.93333333333334","","",""
"146907","","","","","","","","","","","","","","","","418.96666666666664","418.96666666666664","418.96666666666664","","","","","","","","","","","","","","","","","","","","","","","",""
"147090","","","","","","","","","","","","","","","","","","","","","","","","","513.4333333333333","513.4333333333333","513.4333333333333","","","","","","","","","","","","","","",""
"147148","","","","","","","","","","","","","","","","","","","","","","","","","","","","414.3","414.3","414.3","403.93333333333334","403.93333333333334","403.93333333333334","","","","","","","","",""
"147730","","","","","","","","","","","","","","","","","","","","","","","","","","","","","","","","","","413.73333333333335","413.73333333333335","413.73333333333335","","","","","",""
"147840","","","","","","","","","","","","","431.8666666666667","431.8666666666667","431.8666666666667","","","","","","","","","","","","","","","","","","","","","","","","","","",""
"147957","","","","","","","","","","","","","","","","","","","","","","","","","","","","","","","","","","","","","452.1666666666667","452.1666666666667","452.1666666666667","","",""
"147968","","","","","","","","","","","","","","","","445.73333333333335","445.73333333333335","445.73333333333335","","","","","","","","","","","","","","","","","","","","","","","",""
"148008","455.4","455.4","455.4","453.8","453.8","453.8","","","","","","","","","","","","","","","","","","","","","","","","","","","","","","","","","","","",""
"148151","","","","","","","","","","","","","","","","","","","","","","","","","365.06666666666666","365.06666666666666","365.06666666666666","","","","","","","","","","","","","","",""
"148209","","","","","","","","","","","","","","","","","","","","","","","","","","","","356.3","356.3","356.3","406.06666666666666","406.06666666666666","406.06666666666666","","","","","","","","",""
"148901","","","","","","","","","","","","","459.03333333333336","459.03333333333336","459.03333333333336","","","","","","","","","","","","","","","","","","","","","","","","","","",""
"148941","","","","","","","","","","","","","","","","","","","","","","","","","","","","","","","","","","307.6","307.6","307.6","","","","","",""
"149018","","","","","","","","","","","","","","","","","","","","","","","","","","","","","","","","","","","","","450.1333333333333","450.1333333333333","450.1333333333333","","",""
"149029","","","","","","","","","","","","","","","","463.96666666666664","463.96666666666664","463.96666666666664","","","","","","","","","","","","","","","","","","","","","","","",""
"149215","","","","","","","","","","","","","","","","","","","","","","","","","251.8","251.8","251.8","","","","","","","","","","","","","","",""
"149274","","","","","","","","","","","","","","","","","","","","","","","","","","","","551.1333333333333","551.1333333333333","551.1333333333333","410.4","410.4","410.4","","","","","","","","",""
"149965","","","","","","","","","","","","","342.4","342.4","342.4","","","","","","","","","","","","","","","","","","","","","","","","","","",""
"150090","","","","","","","","","","","","","","","","392.6666666666667","392.6666666666667","392.6666666666667","","","","","","","","","","","","","","","","","","","","","","","",""
"150152","","","","","","","","","","","","","","","","","","","","","","","","","","","","","","","","","","389.43333333333334","389.43333333333334","389.43333333333334","","","","","",""
"150276","","","","","","","","","","","","","","","","","","","","","","","","","488.1","488.1","488.1","","","","","","","","","","","","","","",""
"150335","","","","","","","","","","","","","","","","","","","","","","","","","","","","496.1","496.1","496.1","389.1333333333333","389.1333333333333","389.1333333333333","","","","","","","","",""
"151026","","","","","","","","","","","","","525.7666666666667","525.7666666666667","525.7666666666667","","","","","","","","","","","","","","","","","","","","","","","","","","",""
"151151","","","","","","","","","","","","","","","","507.43333333333334","507.43333333333334","507.43333333333334","","","","","","","","","","","","","","","","","","","","","","","",""
"151337","","","","","","","","","","","","","","","","","","","","","","","","","411.6333333333333","411.6333333333333","411.6333333333333","","","","","","","","","","","","","","",""
"151363","","","","","","","","","","","","","","","","","","","","","","","","","","","","","","","","","","507.2","507.2","507.2","","","","","",""
"151396","","","","","","","","","","","","","","","","","","","","","","","","","","","","362.1666666666667","362.1666666666667","362.1666666666667","406.56666666666666","406.56666666666666","406.56666666666666","","","","","","","","",""
"152087","","","","","","","","","","","","","427.4","427.4","427.4","","","","","","","","","","","","","","","","","","","","","","","","","","",""
"152103","","","","","","","678.6333333333333","678.6333333333333","678.6333333333333","646.3","646.3","646.3","","","","","","","","","","","","","","","","","","","","","","","","","","","","","",""
"152215","","","","","","","","","","","","","","","","524.2666666666667","524.2666666666667","524.2666666666667","","","","","","","","","","","","","","","","","","","","","","","",""
"152224","584.7","584.7","584.7","582","582","582","","","","","","","","","","","","","","","","","","","","","","","","","","","","","","","","","","","",""
"152398","","","","","","","","","","","","","","","","","","","","","","","","","399.4","399.4","399.4","","","","","","","","","","","","","","",""
"152457","","","","","","","","","","","","","","","","","","","","","","","","","","","","425.1333333333333","425.1333333333333","425.1333333333333","387.56666666666666","387.56666666666666","387.56666666666666","","","","","","","","",""
"152574","","","","","","","","","","","","","","","","","","","","","","","","","","","","","","","","","","396.06666666666666","396.06666666666666","396.06666666666666","","","","","",""
"153148","","","","","","","","","","","","","448.8","448.8","448.8","","","","","","","","","","","","","","","","","","","","","","","","","","",""
"153276","","","","","","","","","","","","","","","","327.4","327.4","327.4","","","","","","","","","","","","","","","","","","","","","","","",""
"153459","","","","","","","","","","","","","","","","","","","","","","","","","467.7","467.7","467.7","","","","","","","","","","","","","","",""
"153518","","","","","","","","","","","","","","","","","","","","","","","","","","","","451.8","451.8","451.8","481.5","481.5","481.5","","","","","","","","",""
"153789","","","","","","","","","","","","","","","","","","","","","","","","","","","","","","","","","","554","554","554","","","","","",""
"154209","","","","","","","","","","","","","338.9","338.9","338.9","","","","","","","","","","","","","","","","","","","","","","","","","","",""
"154337","","","","","","","","","","","","","","","","449.1666666666667","449.1666666666667","449.1666666666667","","","","","","","","","","","","","","","","","","","","","","","",""
"154524","","","","","","","","","","","","","","","","","","","","","","","","","269.23333333333335","269.23333333333335","269.23333333333335","","","","","","","","","","","","","","",""
"155000","","","","","","","","","","","","","","","","","","","","","","","","","","","","","","","","","","489.23333333333335","489.23333333333335","489.23333333333335","","","","","",""
"155289","","","","","","","","","","","","","439.23333333333335","439.23333333333335","439.23333333333335","","","","","","","","","","","","","","","","","","","","","","","","","","",""
"155398","","","","","","","","","","","","","","","","241.1","241.1","241.1","","","","","","","","","","","","","","","","","","","","","","","",""
"155585","","","","","","","","","","","","","","","","","","","","","","","","","360.76666666666665","360.76666666666665","360.76666666666665","","","","","","","","","","","","","","",""
"156211","","","","","","","","","","","","","","","","","","","","","","","","","","","","","","","","","","265.06666666666666","265.06666666666666","265.06666666666666","","","","","",""
"156440","417.1333333333333","417.1333333333333","417.1333333333333","291.76666666666665","291.76666666666665","291.76666666666665","","","","","","","","","","","","","","","","","","","","","","","","","","","","","","","","","","","",""
"156459","","","","","","","","","","","","","","","","403.93333333333334","403.93333333333334","403.93333333333334","","","","","","","","","","","","","","","","","","","","","","","",""
"156500","","","","","","","","","","","","","502.6333333333333","502.6333333333333","502.6333333333333","","","","","","","","","","","","","","","","","","","","","","","","","","",""
"156646","","","","","","","","","","","","","","","","","","","","","","","","","499.06666666666666","499.06666666666666","499.06666666666666","","","","","","","","","","","","","","",""
"157422","","","","","","","","","","","","","","","","","","","","","","","","","","","","","","","","","","445.6","445.6","445.6","","","","","",""
"157524","","","","","","","","","","","","","","","","428.03333333333336","428.03333333333336","428.03333333333336","","","","","","","","","","","","","","","","","","","","","","","",""
"157707","","","","","","","","","","","","","","","","","","","","","","","","","528.1","528.1","528.1","","","","","","","","","","","","","","",""
"157711","","","","","","","","","","","","","301.46666666666664","301.46666666666664","301.46666666666664","","","","","","","","","","","","","","","","","","","","","","","","","","",""
"157715","","","","","","","551.8333333333334","551.8333333333334","551.8333333333334","518.2333333333333","518.2333333333333","518.2333333333333","","","","","","","","","","","","","","","","","","","","","","","","","","","","","",""
"158585","","","","","","","","","","","","","","","","354.43333333333334","354.43333333333334","354.43333333333334","","","","","","","","","","","","","","","","","","","","","","","",""
"158633","","","","","","","","","","","","","","","","","","","","","","","","","","","","","","","","","","309.93333333333334","309.93333333333334","309.93333333333334","","","","","",""
"158768","","","","","","","","","","","","","","","","","","","","","","","","","320","320","320","","","","","","","","","","","","","","",""
"158922","","","","","","","","","","","","","423.3333333333333","423.3333333333333","423.3333333333333","","","","","","","","","","","","","","","","","","","","","","","","","","",""
"159646","","","","","","","","","","","","","","","","446.93333333333334","446.93333333333334","446.93333333333334","","","","","","","","","","","","","","","","","","","","","","","",""
"160133","","","","","","","","","","","","","448.1","448.1","448.1","","","","","","","","","","","","","","","","","","","","","","","","","","",""
"160656","483.8666666666667","483.8666666666667","483.8666666666667","613.2333333333333","613.2333333333333","613.2333333333333","","","","","","","","","","","","","","","","","","","","","","","","","","","","","","","","","","","",""
"160707","","","","","","","","","","","","","","","","446.26666666666665","446.26666666666665","446.26666666666665","","","","","","","","","","","","","","","","","","","","","","","",""
"161768","","","","","","","","","","","","","","","","365","365","365","","","","","","","","","","","","","","","","","","","","","","","",""
"163327","","","","","","","487.1333333333333","487.1333333333333","487.1333333333333","485.46666666666664","485.46666666666664","485.46666666666664","","","","","","","","","","","","","","","","","","","","","","","","","","","","","",""
"164872","479.7","479.7","479.7","545.6333333333333","545.6333333333333","545.6333333333333","","","","","","","","","","","","","","","","","","","","","","","","","","","","","","","","","","","",""
"168942","","","","","","","517.5","517.5","517.5","581.2","581.2","581.2","","","","","","","","","","","","","","","","","","","","","","","","","","","","","",""
"169092","551.1","551.1","551.1","550.6666666666666","550.6666666666666","550.6666666666666","","","","","","","","","","","","","","","","","","","","","","","","","","","","","","","","","","","",""
"173308","259.1","259.1","259.1","485.6","485.6","485.6","","","","","","","","","","","","","","","","","","","","","","","","","","","","","","","","","","","",""
"174554","","","","","","","581.6","581.6","581.6","486.4","486.4","486.4","","","","","","","","","","","","","","","","","","","","","","","","","","","","","",""
"177524","453.1","453.1","453.1","515.0666666666667","515.0666666666667","515.0666666666667","","","","","","","","","","","","","","","","","","","","","","","","","","","","","","","","","","","",""
"180166","","","","","","","548.5666666666667","548.5666666666667","548.5666666666667","513.4333333333333","513.4333333333333","513.4333333333333","","","","","","","","","","","","","","","","","","","","","","","","","","","","","",""
"181740","581.5666666666667","581.5666666666667","581.5666666666667","615.7","615.7","615.7","","","","","","","","","","","","","","","","","","","","","","","","","","","","","","","","","","","",""
"185778","","","","","","","417.5","417.5","417.5","546.4666666666667","546.4666666666667","546.4666666666667","","","","","","","","","","","","","","","","","","","","","","","","","","","","","",""
"185956","557.5666666666667","557.5666666666667","557.5666666666667","623.3333333333334","623.3333333333334","623.3333333333334","","","","","","","","","","","","","","","","","","","","","","","","","","","","","","","","","","","",""
"190172","551.1","551.1","551.1","612.6","612.6","612.6","","","","","","","","","","","","","","","","","","","","","","","","","","","","","","","","","","","",""
"191389","","","","","","","550.7333333333333","550.7333333333333","550.7333333333333","586.7","586.7","586.7","","","","","","","","","","","","","","","","","","","","","","","","","","","","","",""
"194388","584.3","584.3","584.3","481.73333333333335","481.73333333333335","481.73333333333335","","","","","","","","","","","","","","","","","","","","","","","","","","","","","","","","","","","",""
"197005","","","","","","","516.7","516.7","516.7","617.3666666666667","617.3666666666667","617.3666666666667","","","","","","","","","","","","","","","","","","","","","","","","","","","","","",""
"198604","","","","580.6","580.6","580.6","","","","","","","","","","","","","","","","","","","","","","","","","","","","","","","","","","","",""
"202617","","","","","","","458.6333333333333","458.6333333333333","458.6333333333333","384.1","384.1","384.1","","","","","","","","","","","","","","","","","","","","","","","","","","","","","",""
"202820","","","","483.5","483.5","483.5","","","","","","","","","","","","","","","","","","","","","","","","","","","","","","","","","","","",""
"207036","","","","454.1666666666667","454.1666666666667","454.1666666666667","","","","","","","","","","","","","","","","","","","","","","","","","","","","","","","","","","","",""
"208229","","","","","","","546.4333333333333","546.4333333333333","546.4333333333333","614.0333333333333","614.0333333333333","614.0333333333333","","","","","","","","","","","","","","","","","","","","","","","","","","","","","",""
"211254","","","","614.6666666666666","614.6666666666666","614.6666666666666","","","","","","","","","","","","","","","","","","","","","","","","","","","","","","","","","","","",""
"213841","","","","","","","419.93333333333334","419.93333333333334","419.93333333333334","545.9666666666667","545.9666666666667","545.9666666666667","","","","","","","","","","","","","","","","","","","","","","","","","","","","","",""
"215470","","","","550","550","550","","","","","","","","","","","","","","","","","","","","","","","","","","","","","","","","","","","",""
"219453","","","","","","","483.6","483.6","483.6","419.8","419.8","419.8","","","","","","","","","","","","","","","","","","","","","","","","","","","","","",""
"219686","","","","678.2666666666667","678.2666666666667","678.2666666666667","","","","","","","","","","","","","","","","","","","","","","","","","","","","","","","","","","","",""
"223902","","","","389.2","389.2","389.2","","","","","","","","","","","","","","","","","","","","","","","","","","","","","","","","","","","",""
"225068","","","","","","","649.4666666666667","649.4666666666667","649.4666666666667","485.1333333333333","485.1333333333333","485.1333333333333","","","","","","","","","","","","","","","","","","","","","","","","","","","","","",""
"228118","","","","518.8333333333334","518.8333333333334","518.8333333333334","","","","","","","","","","","","","","","","","","","","","","","","","","","","","","","","","","","",""
"230680","","","","","","","481.5","481.5","481.5","421.5","421.5","421.5","","","","","","","","","","","","","","","","","","","","","","","","","","","","","",""
"232336","","","","676.6","676.6","676.6","","","","","","","","","","","","","","","","","","","","","","","","","","","","","","","","","","","",""
"236292","","","","","","","620","620","620","746.1","746.1","746.1","","","","","","","","","","","","","","","","","","","","","","","","","","","","","",""
"236552","","","","617.6666666666666","617.6666666666666","617.6666666666666","","","","","","","","","","","","","","","","","","","","","","","","","","","","","","","","","","","",""
"240768","","","","486.1666666666667","486.1666666666667","486.1666666666667","","","","","","","","","","","","","","","","","","","","","","","","","","","","","","","","","","","",""
"241904","","","","","","","614.9333333333333","614.9333333333333","614.9333333333333","418.2","418.2","418.2","","","","","","","","","","","","","","","","","","","","","","","","","","","","","",""
"244984","","","","648.1","648.1","648.1","","","","","","","","","","","","","","","","","","","","","","","","","","","","","","","","","","","",""
"247516","","","","","","","581.3","581.3","581.3","609.9666666666667","609.9666666666667","609.9666666666667","","","","","","","","","","","","","","","","","","","","","","","","","","","","","",""
"249200","","","","549.7333333333333","549.7333333333333","549.7333333333333","","","","","","","","","","","","","","","","","","","","","","","","","","","","","","","","","","","",""
"253131","","","","","","","386.8333333333333","386.8333333333333","386.8333333333333","587.6666666666666","587.6666666666666","587.6666666666666","","","","","","","","","","","","","","","","","","","","","","","","","","","","","",""
"253418","","","","483.56666666666666","483.56666666666666","483.56666666666666","","","","","","","","","","","","","","","","","","","","","","","","","","","","","","","","","","","",""
"257634","","","","481.4","481.4","481.4","","","","","","","","","","","","","","","","","","","","","","","","","","","","","","","","","","","",""
"258743","","","","","","","453.3333333333333","453.3333333333333","453.3333333333333","486.96666666666664","486.96666666666664","486.96666666666664","","","","","","","","","","","","","","","","","","","","","","","","","","","","","",""
"261850","","","","516.8","516.8","516.8","","","","","","","","","","","","","","","","","","","","","","","","","","","","","","","","","","","",""
"264355","","","","","","","","","","647.8","647.8","647.8","","","","","","","","","","","","","","","","","","","","","","","","","","","","","",""
"266066","","","","646.0333333333333","646.0333333333333","646.0333333333333","","","","","","","","","","","","","","","","","","","","","","","","","","","","","","","","","","","",""
"269967","","","","","","","","","","549.5333333333333","549.5333333333333","549.5333333333333","","","","","","","","","","","","","","","","","","","","","","","","","","","","","",""
"270282","","","","649.5666666666667","649.5666666666667","649.5666666666667","","","","","","","","","","","","","","","","","","","","","","","","","","","","","","","","","","","",""
"274500","","","","356.7","356.7","356.7","","","","","","","","","","","","","","","","","","","","","","","","","","","","","","","","","","","",""
"275579","","","","","","","","","","584.1666666666666","584.1666666666666","584.1666666666666","","","","","","","","","","","","","","","","","","","","","","","","","","","","","",""
"278716","","","","422.73333333333335","422.73333333333335","422.73333333333335","","","","","","","","","","","","","","","","","","","","","","","","","","","","","","","","","","","",""
"281194","","","","","","","","","","482.8","482.8","482.8","","","","","","","","","","","","","","","","","","","","","","","","","","","","","",""
"282932","","","","465.76666666666665","465.76666666666665","465.76666666666665","","","","","","","","","","","","","","","","","","","","","","","","","","","","","","","","","","","",""
"286806","","","","","","","","","","586.2333333333333","586.2333333333333","586.2333333333333","","","","","","","","","","","","","","","","","","","","","","","","","","","","","",""
"287148","","","","515.2666666666667","515.2666666666667","515.2666666666667","","","","","","","","","","","","","","","","","","","","","","","","","","","","","","","","","","","",""
"291364","","","","554.3666666666667","554.3666666666667","554.3666666666667","","","","","","","","","","","","","","","","","","","","","","","","","","","","","","","","","","","",""
"292418","","","","","","","","","","454.73333333333335","454.73333333333335","454.73333333333335","","","","","","","","","","","","","","","","","","","","","","","","","","","","","",""
"298030","","","","","","","","","","484.53333333333336","484.53333333333336","484.53333333333336","","","","","","","","","","","","","","","","","","","","","","","","","","","","","",""
"303642","","","","","","","","","","585.2333333333333","585.2333333333333","585.2333333333333","","","","","","","","","","","","","","","","","","","","","","","","","","","","","",""
"309258","","","","","","","","","","452.8333333333333","452.8333333333333","452.8333333333333","","","","","","","","","","","","","","","","","","","","","","","","","","","","","",""
"314869","","","","","","","","","","547.5","547.5","547.5","","","","","","","","","","","","","","","","","","","","","","","","","","","","","",""
"320481","","","","","","","","","","584.1","584.1","584.1","","","","","","","","","","","","","","","","","","","","","","","","","","","","","",""
"326093","","","","","","","","","","617.6","617.6","617.6","","","","","","","","","","","","","","","","","","","","","","","","","","","","","",""
"331705","","","","","","","","","","581.7333333333333","581.7333333333333","581.7333333333333","","","","","","","","","","","","","","","","","","","","","","","","","","","","","",""
"337320","","","","","","","","","","481.96666666666664","481.96666666666664","481.96666666666664","","","","","","","","","","","","","","","","","","","","","","","","","","","","","",""
"342932","","","","","","","","","","514.7333333333333","514.7333333333333","514.7333333333333","","","","","","","","","","","","","","","","","","","","","","","","","","","","","",""
"348544","","","","","","","","","","614.6","614.6","614.6","","","","","","","","","","","","","","","","","","","","","","","","","","","","","",""
"354156","","","","","","","","","","649.4333333333333","649.4333333333333","649.4333333333333","","","","","","","","","","","","","","","","","","","","","","","","","","","","","",""
"359768","","","","","","","","","","711.0333333333333","711.0333333333333","711.0333333333333","","","","","","","","","","","","","","","","","","","","","","","","","","","","","",""
"365384","","","","","","","","","","451.4","451.4","451.4","","","","","","","","","","","","","","","","","","","","","","","","","","","","","",""
"370996","","","","","","","","","","580.2","580.2","580.2","","","","","","","","","","","","","","","","","","","","","","","","","","","","","",""
"376607","","","","","","","","","","614.2666666666667","614.2666666666667","614.2666666666667","","","","","","","","","","","","","","","","","","","","","","","","","","","","","",""
"382219","","","","","","","","","","582.5333333333333","582.5333333333333","582.5333333333333","","","","","","","","","","","","","","","","","","","","","","","","","","","","","",""
"387831","","","","","","","","","","616.8333333333334","616.8333333333334","616.8333333333334","","","","","","","","","","","","","","","","","","","","","","","","","","","","","",""
"393446","","","","","","","","","","645.6666666666666","645.6666666666666","645.6666666666666","","","","","","","","","","","","","","","","","","","","","","","","","","","","","",""
"399058","","","","","","","","","","581.9333333333333","581.9333333333333","581.9333333333333","","","","","","","","","","","","","","","","","","","","","","","","","","","","","",""
"404670","","","","","","","","","","583.4","583.4","583.4","","","","","","","","","","","","","","","","","","","","","","","","","","","","","",""
"410282","","","","","","","","","","546.9666666666667","546.9666666666667","546.9666666666667","","","","","","","","","","","","","","","","","","","","","","","","","","","","","",""
"415894","","","","","","","","","","324.3666666666667","324.3666666666667","324.3666666666667","","","","","","","","","","","","","","","","","","","","","","","","","","","","","",""
"421510","","","","","","","","","","485.3","485.3","485.3","","","","","","","","","","","","","","","","","","","","","","","","","","","","","",""
"427122","","","","","","","","","","680.8666666666667","680.8666666666667","680.8666666666667","","","","","","","","","","","","","","","","","","","","","","","","","","","","","",""
"432734","","","","","","","","","","385.4","385.4","385.4","","","","","","","","","","","","","","","","","","","","","","","","","","","","","",""
"438345","","","","","","","","","","612.1333333333333","612.1333333333333","612.1333333333333","","","","","","","","","","","","","","","","","","","","","","","","","","","","","",""
"443957","","","","","","","","","","580.9333333333333","580.9333333333333","580.9333333333333","","","","","","","","","","","","","","","","","","","","","","","","","","","","","",""
"449572","","","","","","","","","","486.5","486.5","486.5","","","","","","","","","","","","","","","","","","","","","","","","","","","","","",""
"455184","","","","","","","","","","450.3666666666667","450.3666666666667","450.3666666666667","","","","","","","","","","","","","","","","","","","","","","","","","","","","","",""
"460796","","","","","","","","","","418.6","418.6","418.6","","","","","","","","","","","","","","","","","","","","","","","","","","","","","",""
"466408","","","","","","","","","","355.6","355.6","355.6","","","","","","","","","","","","","","","","","","","","","","","","","","","","","",""
"472020","","","","","","","","","","615.5333333333333","615.5333333333333","615.5333333333333","","","","","","","","","","","","","","","","","","","","","","","","","","","","","",""
"477636","","","","","","","","","","385.2","385.2","385.2","","","","","","","","","","","","","","","","","","","","","","","","","","","","","",""
"483248","","","","","","","","","","645.1666666666666","645.1666666666666","645.1666666666666","","","","","","","","","","","","","","","","","","","","","","","","","","","","","",""
"488860","","","","","","","","","","515.8","515.8","515.8","","","","","","","","","","","","","","","","","","","","","","","","","","","","","",""
"494472","","","","","","","","","","613.9","613.9","613.9","","","","","","","","","","","","","","","","","","","","","","","","","","","","","",""
"500083","","","","","","","","","","586.4","586.4","586.4","","","","","","","","","","","","","","","","","","","","","","","","","","","","","",""
"505698","","","","","","","","","","455.56666666666666","455.56666666666666","455.56666666666666","","","","","","","","","","","","","","","","","","","","","","","","","","","","","",""
"511310","","","","","","","","","","678.8666666666667","678.8666666666667","678.8666666666667","","","","","","","","","","","","","","","","","","","","","","","","","","","","","",""
"516922","","","","","","","","","","582.4","582.4","582.4","","","","","","","","","","","","","","","","","","","","","","","","","","","","","",""
"522534","","","","","","","","","","583.4333333333333","583.4333333333333","583.4333333333333","","","","","","","","","","","","","","","","","","","","","","","","","","","","","",""
"528146","","","","","","","","","","646.4","646.4","646.4","","","","","","","","","","","","","","","","","","","","","","","","","","","","","",""
"533762","","","","","","","","","","421.26666666666665","421.26666666666665","421.26666666666665","","","","","","","","","","","","","","","","","","","","","","","","","","","","","",""
"539374","","","","","","","","","","351.2","351.2","351.2","","","","","","","","","","","","","","","","","","","","","","","","","","","","","",""
"544986","","","","","","","","","","618.0666666666667","618.0666666666667","618.0666666666667","","","","","","","","","","","","","","","","","","","","","","","","","","","","","",""
"550598","","","","","","","","","","547.5333333333333","547.5333333333333","547.5333333333333","","","","","","","","","","","","","","","","","","","","","","","","","","","","","",""
"556210","","","","","","","","","","419.23333333333335","419.23333333333335","419.23333333333335","","","","","","","","","","","","","","","","","","","","","","","","","","","","","",""
"561824","","","","","","","","","","519.0333333333333","519.0333333333333","519.0333333333333","","","","","","","","","","","","","","","","","","","","","","","","","","","","","",""
"567436","","","","","","","","","","513.7666666666667","513.7666666666667","513.7666666666667","","","","","","","","","","","","","","","","","","","","","","","","","","","","","",""
"573048","","","","","","","","","","355.1333333333333","355.1333333333333","355.1333333333333","","","","","","","","","","","","","","","","","","","","","","","","","","","","","",""
"578660","","","","","","","","","","483.73333333333335","483.73333333333335","483.73333333333335","","","","","","","","","","","","","","","","","","","","","","","","","","","","","",""
"584272","","","","","","","","","","448.1333333333333","448.1333333333333","448.1333333333333","","","","","","","","","","","","","","","","","","","","","","","","","","","","","",""
"589888","","","","","","","","","","643.9333333333333","643.9333333333333","643.9333333333333","","","","","","","","","","","","","","","","","","","","","","","","","","","","","",""
"595500","","","","","","","","","","645.9666666666667","645.9666666666667","645.9666666666667","","","","","","","","","","","","","","","","","","","","","","","","","","","","","",""
"601112","","","","","","","","","","515.0333333333333","515.0333333333333","515.0333333333333","","","","","","","","","","","","","","","","","","","","","","","","","","","","","",""
"606724","","","","","","","","","","617.1","617.1","617.1","","","","","","","","","","","","","","","","","","","","","","","","","","","","","",""
"612336","","","","","","","","","","644.3333333333334","644.3333333333334","644.3333333333334","","","","","","","","","","","","","","","","","","","","","","","","","","","","","",""
"617951","","","","","","","","","","486.1","486.1","486.1","","","","","","","","","","","","","","","","","","","","","","","","","","","","","",""
"623562","","","","","","","","","","548.8666666666667","548.8666666666667","548.8666666666667","","","","","","","","","","","","","","","","","","","","","","","","","","","","","",""
"629174","","","","","","","","","","615.7","615.7","615.7","","","","","","","","","","","","","","","","","","","","","","","","","","","","","",""
"634786","","","","","","","","","","453.3","453.3","453.3","","","","","","","","","","","","","","","","","","","","","","","","","","","","","",""
"640398","","","","","","","","","","680.4","680.4","680.4","","","","","","","","","","","","","","","","","","","","","","","","","","","","","",""
"646014","","","","","","","","","","517.0666666666667","517.0666666666667","517.0666666666667","","","","","","","","","","","","","","","","","","","","","","","","","","","","","",""
"651626","","","","","","","","","","486.56666666666666","486.56666666666666","486.56666666666666","","","","","","","","","","","","","","","","","","","","","","","","","","","","","",""
"657238","","","","","","","","","","612.9333333333333","612.9333333333333","612.9333333333333","","","","","","","","","","","","","","","","","","","","","","","","","","","","","",""
"662850","","","","","","","","","","550.5","550.5","550.5","","","","","","","","","","","","","","","","","","","","","","","","","","","","","",""
"668462","","","","","","","","","","487.76666666666665","487.76666666666665","487.76666666666665","","","","","","","","","","","","","","","","","","","","","","","","","","","","","",""
"674077","","","","","","","","","","711.1666666666666","711.1666666666666","711.1666666666666","","","","","","","","","","","","","","","","","","","","","","","","","","","","","",""
"679689","","","","","","","","","","612.1","612.1","612.1","","","","","","","","","","","","","","","","","","","","","","","","","","","","","",""
"685300","","","","","","","","","","681.3","681.3","681.3","","","","","","","","","","","","","","","","","","","","","","","","","","","","","",""
"690912","","","","","","","","","","450.4","450.4","450.4","","","","","","","","","","","","","","","","","","","","","","","","","","","","","",""
"696524","","","","","","","","","","517.7333333333333","517.7333333333333","517.7333333333333","","","","","","","","","","","","","","","","","","","","","","","","","","","","","",""
"702140","","","","","","","","","","580.3333333333334","580.3333333333334","580.3333333333334","","","","","","","","","","","","","","","","","","","","","","","","","","","","","",""
"707752","","","","","","","","","","547.9666666666667","547.9666666666667","547.9666666666667","","","","","","","","","","","","","","","","","","","","","","","","","","","","","",""
"713364","","","","","","","","","","551.6","551.6","551.6","","","","","","","","","","","","","","","","","","","","","","","","","","","","","",""
"718976","","","","","","","","","","485.46666666666664","485.46666666666664","485.46666666666664","","","","","","","","","","","","","","","","","","","","","","","","","","","","","",""
"724588","","","","","","","","","","463.7","463.7","463.7","","","","","","","","","","","","","","","","","","","","","","","","","","","","","",""
"730203","","","","","","","","","","423.53333333333336","423.53333333333336","423.53333333333336","","","","","","","","","","","","","","","","","","","","","","","","","","","","","",""
"735815","","","","","","","","","","516.6333333333333","516.6333333333333","516.6333333333333","","","","","","","","","","","","","","","","","","","","","","","","","","","","","",""