{"global_step": 229999, "_timestamp": 1727968899.1030147, "test/env_step": 115092.0, "test/n_collected_episodes": 10.0, "test/n_collected_steps": 569.0, "test/collect_time": 0.26428723335266113, "test/collect_speed": 2152.960693359375, "test/returns_stat/mean": 48.42020034790039, "test/returns_stat/std": 16.676513671875, "test/returns_stat/max": 82.34583282470703, "test/returns_stat/min": 23.075088500976562, "test/lens_stat/mean": 56.900001525878906, "test/lens_stat/std": 22.585172653198242, "test/lens_stat/max": 111.0, "test/lens_stat/min": 27.0, "_runtime": 3578.6688776016235, "_step": 239, "update/gradient_step": 229999.0, "update/train_time": 0.01452326774597168, "update/smoothed_loss/actor_loss": -13.251052856445312, "update/smoothed_loss/critic1_loss": 1.1166733503341675, "update/smoothed_loss/critic2_loss": 1.1201919317245483, "update/smoothed_loss/alpha": 0.0, "update/actor_loss": -13.135113716125488, "update/critic1_loss": 1.9329993724822998, "update/critic2_loss": 1.755353569984436, "update/alpha": 0.0, "train/env_step": 114552.0, "train/n_collected_episodes": 1.0, "train/n_collected_steps": 12.0, "train/collect_time": 0.004449605941772461, "train/collect_speed": 2696.867919921875, "train/returns_stat/mean": 109.23622131347656, "train/returns_stat/std": 0.0, "train/returns_stat/max": 109.23622131347656, "train/returns_stat/min": 109.23622131347656, "train/lens_stat/mean": 132.0, "train/lens_stat/std": 0.0, "train/lens_stat/max": 132.0, "train/lens_stat/min": 132.0, "info/epoch": 23.0, "info/gradient_step": 230184.0, "info/best_reward": 71.3835678100586, "info/best_reward_std": 53.797237396240234, "info/train_step": 115092.0, "info/train_episode": 2319.0, "info/test_step": 12029.0, "info/test_episode": 240.0, "info/timing/total_time": 3573.58837890625, "info/timing/train_time": 3567.978759765625, "info/timing/train_time_collect": 41.89889144897461, "info/timing/train_time_update": 3290.027587890625, "info/timing/test_time": 5.609701156616211, "info/timing/update_speed": 32.256919860839844, "_wandb": {"runtime": 3582}}